layout,distance_ignore_cross_hand,distance_scorer_average_travel,distance_scorer_keystroke_count,distance_scorer_max_travel,distance_scorer_min_travel,distance_scorer_primary,distance_scorer_total_travel,distance_text_length,dvorak9_available_comfort_combinations,dvorak9_available_speed_combinations,dvorak9_ignore_cross_hand,dvorak9_scorer_columns,dvorak9_scorer_comfort_weighted_score,dvorak9_scorer_dont_cross_home,dvorak9_scorer_fingers,dvorak9_scorer_frequency_weighted_score,dvorak9_scorer_hands,dvorak9_scorer_home_row,dvorak9_scorer_primary,dvorak9_scorer_pure_dvorak_score,dvorak9_scorer_same_row,dvorak9_scorer_skip_fingers,dvorak9_scorer_speed_weighted_score,dvorak9_scorer_strong_fingers,dvorak9_scorer_strum,dvorak9_theoretical_maximum,engram_alphabet_coverage_24key,engram_alphabet_coverage_32key,engram_home_block_coverage,engram_ignore_cross_hand,engram_layout_size_24key,engram_layout_size_32key,engram_scorer_item_component,engram_scorer_item_component_24key,engram_scorer_item_component_32key,engram_scorer_item_pair_component,engram_scorer_item_pair_component_24key,engram_scorer_item_pair_component_32key,engram_scorer_primary,engram_scorer_total_score_24key,engram_scorer_total_score_32key
layout1,0.000000,13.240339,5.000000,23.600847,0.000000,0.986933,66.201695,5.000000,405.000000,512.000000,0.000000,0.769493,0.139469,0.955593,0.895456,0.672539,0.537102,0.457628,0.103103,0.609118,0.411306,0.694405,0.103103,0.595948,0.735922,1.000000,0.807692,1.000000,0.807692,0.000000,21.000000,26.000000,0.085192,0.105476,0.085192,0.086142,0.099618,0.086142,0.007339,0.010507,0.007339
layout10,0.000000,18.957533,5.000000,34.669872,0.000000,0.981395,94.787665,5.000000,405.000000,512.000000,0.000000,0.806822,0.139499,0.950187,0.875406,0.672686,0.558041,0.482987,0.103126,0.608039,0.382771,0.669754,0.103126,0.595934,0.732269,1.000000,0.807692,1.000000,0.807692,0.000000,21.000000,26.000000,0.089264,0.110518,0.089264,0.087443,0.109496,0.087443,0.007806,0.012101,0.007806
layout100,0.000000,19.383520,5.000000,34.669872,0.000000,0.980985,96.917602,5.000000,405.000000,512.000000,0.000000,0.794939,0.136687,0.965517,0.881638,0.659124,0.483723,0.508833,0.101047,0.607955,0.383088,0.626420,0.101047,0.586082,0.701875,1.000000,0.807692,1.000000,0.807692,0.000000,21.000000,26.000000,0.086817,0.107488,0.086817,0.085901,0.104592,0.085901,0.007458,0.011242,0.007458
layout100_common,0.000000,19.383520,5.000000,34.669872,0.000000,0.980985,96.917602,5.000000,405.000000,512.000000,0.000000,0.794939,0.136687,0.965517,0.881638,0.659124,0.483723,0.508833,0.101047,0.607955,0.383088,0.626420,0.101047,0.586082,0.701875,1.000000,0.807692,1.000000,0.807692,0.000000,21.000000,26.000000,0.086817,0.107488,0.086817,0.085901,0.104592,0.085901,0.007458,0.011242,0.007458
layout101,0.000000,19.383520,5.000000,34.669872,0.000000,0.980985,96.917602,5.000000,405.000000,512.000000,0.000000,0.800313,0.136297,0.952488,0.876246,0.657243,0.499023,0.492136,0.100758,0.608952,0.380164,0.630789,0.100758,0.591018,0.693013,1.000000,0.807692,1.000000,0.807692,0.000000,21.000000,26.000000,0.086333,0.106888,0.086333,0.083499,0.101559,0.083499,0.007209,0.010855,0.007209
layout101_common,0.000000,19.383520,5.000000,34.669872,0.000000,0.980985,96.917602,5.000000,405.000000,512.000000,0.000000,0.800313,0.136297,0.952488,0.876246,0.657243,0.499023,0.492136,0.100758,0.608952,0.380164,0.630789,0.100758,0.591018,0.693013,1.000000,0.807692,1.000000,0.807692,0.000000,21.000000,26.000000,0.086333,0.106888,0.086333,0.083499,0.101559,0.083499,0.007209,0.010855,0.007209
layout102,0.000000,18.957533,5.000000,34.669872,0.000000,0.981395,94.787665,5.000000,405.000000,512.000000,0.000000,0.787463,0.140442,0.950112,0.893806,0.677233,0.545545,0.492623,0.103823,0.608288,0.382519,0.690785,0.103823,0.599940,0.752304,1.000000,0.807692,1.000000,0.807692,0.000000,21.000000,26.000000,0.088890,0.110054,0.088890,0.086245,0.104470,0.086245,0.007666,0.011497,0.007666
layout102_common,0.000000,18.957533,5.000000,34.669872,0.000000,0.981395,94.787665,5.000000,405.000000,512.000000,0.000000,0.787463,0.140442,0.950112,0.893806,0.677233,0.545545,0.492623,0.103823,0.608288,0.382519,0.690785,0.103823,0.599940,0.752304,1.000000,0.807692,1.000000,0.807692,0.000000,21.000000,26.000000,0.088890,0.110054,0.088890,0.086245,0.104470,0.086245,0.007666,0.011497,0.007666
layout103,0.000000,18.957533,5.000000,34.669872,0.000000,0.981395,94.787665,5.000000,405.000000,512.000000,0.000000,0.797294,0.141297,0.958310,0.898297,0.681354,0.553816,0.492846,0.104455,0.609118,0.407658,0.694861,0.104455,0.587363,0.741743,1.000000,0.807692,1.000000,0.807692,0.000000,21.000000,26.000000,0.089418,0.110708,0.089418,0.087355,0.105893,0.087355,0.007811,0.011723,0.007811
layout103_common,0.000000,18.957533,5.000000,34.669872,0.000000,0.981395,94.787665,5.000000,405.000000,512.000000,0.000000,0.797294,0.141297,0.958310,0.898297,0.681354,0.553816,0.492846,0.104455,0.609118,0.407658,0.694861,0.104455,0.587363,0.741743,1.000000,0.807692,1.000000,0.807692,0.000000,21.000000,26.000000,0.089418,0.110708,0.089418,0.087355,0.105893,0.087355,0.007811,0.011723,0.007811
layout104,0.000000,24.861390,5.000000,50.990195,0.000000,0.975742,124.306949,5.000000,405.000000,512.000000,0.000000,0.793306,0.141554,0.955702,0.891491,0.682593,0.556761,0.489976,0.104645,0.609118,0.395418,0.692569,0.104645,0.614750,0.753366,1.000000,0.807692,1.000000,0.807692,0.000000,21.000000,26.000000,0.089129,0.110350,0.089129,0.085005,0.103034,0.085005,0.007576,0.011370,0.007576
layout104_common,0.000000,24.861390,5.000000,50.990195,0.000000,0.975742,124.306949,5.000000,405.000000,512.000000,0.000000,0.793306,0.141554,0.955702,0.891491,0.682593,0.556761,0.489976,0.104645,0.609118,0.395418,0.692569,0.104645,0.614750,0.753366,1.000000,0.807692,1.000000,0.807692,0.000000,21.000000,26.000000,0.089129,0.110350,0.089129,0.085005,0.103034,0.085005,0.007576,0.011370,0.007576
layout105,0.000000,12.023559,5.000000,21.470911,0.000000,0.988119,60.117793,5.000000,405.000000,512.000000,0.000000,0.790178,0.141902,0.956116,0.896193,0.684274,0.554701,0.496259,0.104902,0.609118,0.416916,0.697948,0.104902,0.594479,0.755674,1.000000,0.807692,1.000000,0.807692,0.000000,21.000000,26.000000,0.090301,0.111801,0.090301,0.085918,0.103808,0.085918,0.007759,0.011606,0.007759
layout105_common,0.000000,12.023559,5.000000,21.470911,0.000000,0.988119,60.117793,5.000000,405.000000,512.000000,0.000000,0.790178,0.141902,0.956116,0.896193,0.684274,0.554701,0.496259,0.104902,0.609118,0.416916,0.697948,0.104902,0.594479,0.755674,1.000000,0.807692,1.000000,0.807692,0.000000,21.000000,26.000000,0.090301,0.111801,0.090301,0.085918,0.103808,0.085918,0.007759,0.011606,0.007759
layout108,0.000000,11.658753,5.000000,19.646883,0.000000,0.988476,58.293765,5.000000,405.000000,512.000000,0.000000,0.790178,0.142326,0.954708,0.894897,0.686318,0.554701,0.499808,0.105216,0.608537,0.416091,0.697034,0.105216,0.612741,0.756702,1.000000,0.807692,1.000000,0.807692,0.000000,21.000000,26.000000,0.091298,0.113036,0.091298,0.086799,0.105140,0.086799,0.007925,0.011885,0.007925
layout108_common,0.000000,11.658753,5.000000,19.646883,0.000000,0.988476,58.293765,5.000000,405.000000,512.000000,0.000000,0.790178,0.142326,0.954708,0.894897,0.686318,0.554701,0.499808,0.105216,0.608537,0.416091,0.697034,0.105216,0.612741,0.756702,1.000000,0.807692,1.000000,0.807692,0.000000,21.000000,26.000000,0.091298,0.113036,0.091298,0.086799,0.105140,0.086799,0.007925,0.011885,0.007925
layout10_common,0.000000,18.957533,5.000000,34.669872,0.000000,0.981395,94.787665,5.000000,405.000000,512.000000,0.000000,0.806822,0.139499,0.950187,0.875406,0.672686,0.558041,0.482987,0.103126,0.608039,0.382771,0.669754,0.103126,0.595934,0.732269,1.000000,0.807692,1.000000,0.807692,0.000000,21.000000,26.000000,0.089264,0.110518,0.089264,0.087443,0.109496,0.087443,0.007806,0.012101,0.007806
layout11,0.000000,11.658753,5.000000,19.646883,0.000000,0.988476,58.293765,5.000000,405.000000,512.000000,0.000000,0.801794,0.136884,0.956586,0.873327,0.660073,0.518818,0.496016,0.101192,0.608869,0.360177,0.647295,0.101192,0.571240,0.715407,1.000000,0.807692,1.000000,0.807692,0.000000,21.000000,26.000000,0.089566,0.110891,0.089566,0.084741,0.102874,0.084741,0.007590,0.011408,0.007590
layout118,0.000000,19.322339,5.000000,34.669872,0.000000,0.981044,96.611693,5.000000,405.000000,512.000000,0.000000,0.803317,0.135745,0.952622,0.863504,0.654585,0.524152,0.475188,0.100351,0.608869,0.360262,0.637137,0.100351,0.576631,0.698455,1.000000,0.807692,1.000000,0.807692,0.000000,21.000000,26.000000,0.087902,0.108830,0.087902,0.083797,0.101617,0.083797,0.007366,0.011059,0.007366
layout118_common,0.000000,19.322339,5.000000,34.669872,0.000000,0.981044,96.611693,5.000000,405.000000,512.000000,0.000000,0.803317,0.135745,0.952622,0.863504,0.654585,0.524152,0.475188,0.100351,0.608869,0.360262,0.637137,0.100351,0.576631,0.698455,1.000000,0.807692,1.000000,0.807692,0.000000,21.000000,26.000000,0.087902,0.108830,0.087902,0.083797,0.101617,0.083797,0.007366,0.011059,0.007366
layout11_common,0.000000,11.658753,5.000000,19.646883,0.000000,0.988476,58.293765,5.000000,405.000000,512.000000,0.000000,0.801794,0.136884,0.956586,0.873327,0.660073,0.518818,0.496016,0.101192,0.608869,0.360177,0.647295,0.101192,0.571240,0.715407,1.000000,0.807692,1.000000,0.807692,0.000000,21.000000,26.000000,0.089566,0.110891,0.089566,0.084741,0.102874,0.084741,0.007590,0.011408,0.007590
layout12,0.000000,11.658753,5.000000,19.646883,0.000000,0.988476,58.293765,5.000000,405.000000,512.000000,0.000000,0.787745,0.135983,0.946371,0.873694,0.655729,0.504010,0.481966,0.100526,0.608869,0.366605,0.645041,0.100526,0.585290,0.710844,1.000000,0.807692,1.000000,0.807692,0.000000,21.000000,26.000000,0.089129,0.110350,0.089129,0.083127,0.097152,0.083127,0.007409,0.010721,0.007409
layout120,0.000000,24.861390,5.000000,50.990195,0.000000,0.975742,124.306949,5.000000,405.000000,512.000000,0.000000,0.793306,0.141578,0.955223,0.893057,0.682712,0.556761,0.489976,0.104663,0.609699,0.399829,0.694358,0.104663,0.609354,0.752548,1.000000,0.807692,1.000000,0.807692,0.000000,21.000000,26.000000,0.089093,0.110306,0.089093,0.084446,0.102173,0.084446,0.007524,0.011270,0.007524
layout120_common,0.000000,24.861390,5.000000,50.990195,0.000000,0.975742,124.306949,5.000000,405.000000,512.000000,0.000000,0.793306,0.141578,0.955223,0.893057,0.682712,0.556761,0.489976,0.104663,0.609699,0.399829,0.694358,0.104663,0.609354,0.752548,1.000000,0.807692,1.000000,0.807692,0.000000,21.000000,26.000000,0.089093,0.110306,0.089093,0.084446,0.102173,0.084446,0.007524,0.011270,0.007524
layout122,0.000000,12.023559,5.000000,21.470911,0.000000,0.988119,60.117793,5.000000,405.000000,512.000000,0.000000,0.802937,0.143200,0.958145,0.900620,0.690533,0.573422,0.496259,0.105862,0.609865,0.416916,0.703461,0.105862,0.594479,0.768555,1.000000,0.807692,1.000000,0.807692,0.000000,21.000000,26.000000,0.090710,0.112307,0.090710,0.086255,0.105252,0.086255,0.007824,0.011821,0.007824
layout122_common,0.000000,12.023559,5.000000,21.470911,0.000000,0.988119,60.117793,5.000000,405.000000,512.000000,0.000000,0.802937,0.143200,0.958145,0.900620,0.690533,0.573422,0.496259,0.105862,0.609865,0.416916,0.703461,0.105862,0.594479,0.768555,1.000000,0.807692,1.000000,0.807692,0.000000,21.000000,26.000000,0.090710,0.112307,0.090710,0.086255,0.105252,0.086255,0.007824,0.011821,0.007824
layout123,0.000000,24.861390,5.000000,50.990195,0.000000,0.975742,124.306949,5.000000,405.000000,512.000000,0.000000,0.800313,0.141779,0.951868,0.895435,0.683680,0.560982,0.492623,0.104811,0.608869,0.392117,0.696835,0.104811,0.609354,0.753591,1.000000,0.807692,1.000000,0.807692,0.000000,21.000000,26.000000,0.089054,0.110257,0.089054,0.086653,0.106928,0.086653,0.007717,0.011790,0.007717
layout123_common,0.000000,24.861390,5.000000,50.990195,0.000000,0.975742,124.306949,5.000000,405.000000,512.000000,0.000000,0.800313,0.141779,0.951868,0.895435,0.683680,0.560982,0.492623,0.104811,0.608869,0.392117,0.696835,0.104811,0.609354,0.753591,1.000000,0.807692,1.000000,0.807692,0.000000,21.000000,26.000000,0.089054,0.110257,0.089054,0.086653,0.106928,0.086653,0.007717,0.011790,0.007717
layout126,0.000000,18.957533,5.000000,34.669872,0.000000,0.981395,94.787665,5.000000,405.000000,512.000000,0.000000,0.786765,0.141362,0.954465,0.899700,0.681669,0.559002,0.492623,0.104503,0.608869,0.385072,0.706362,0.104503,0.594544,0.756489,1.000000,0.807692,1.000000,0.807692,0.000000,21.000000,26.000000,0.088727,0.109852,0.088727,0.086761,0.104105,0.086761,0.007698,0.011436,0.007698
layout126_common,0.000000,18.957533,5.000000,34.669872,0.000000,0.981395,94.787665,5.000000,405.000000,512.000000,0.000000,0.786765,0.141362,0.954465,0.899700,0.681669,0.559002,0.492623,0.104503,0.608869,0.385072,0.706362,0.104503,0.594544,0.756489,1.000000,0.807692,1.000000,0.807692,0.000000,21.000000,26.000000,0.088727,0.109852,0.088727,0.086761,0.104105,0.086761,0.007698,0.011436,0.007698
layout128,0.000000,18.957533,5.000000,34.669872,0.000000,0.981395,94.787665,5.000000,405.000000,512.000000,0.000000,0.786765,0.141672,0.955738,0.898332,0.683163,0.566853,0.489976,0.104732,0.609118,0.387584,0.701702,0.104732,0.599940,0.761578,1.000000,0.807692,1.000000,0.807692,0.000000,21.000000,26.000000,0.088804,0.109948,0.088804,0.085520,0.101603,0.085520,0.007595,0.011171,0.007595
layout128_common,0.000000,18.957533,5.000000,34.669872,0.000000,0.981395,94.787665,5.000000,405.000000,512.000000,0.000000,0.786765,0.141672,0.955738,0.898332,0.683163,0.566853,0.489976,0.104732,0.609118,0.387584,0.701702,0.104732,0.599940,0.761578,1.000000,0.807692,1.000000,0.807692,0.000000,21.000000,26.000000,0.088804,0.109948,0.088804,0.085520,0.101603,0.085520,0.007595,0.011171,0.007595
layout12_common,0.000000,11.658753,5.000000,19.646883,0.000000,0.988476,58.293765,5.000000,405.000000,512.000000,0.000000,0.787745,0.135983,0.946371,0.873694,0.655729,0.504010,0.481966,0.100526,0.608869,0.366605,0.645041,0.100526,0.585290,0.710844,1.000000,0.807692,1.000000,0.807692,0.000000,21.000000,26.000000,0.089129,0.110350,0.089129,0.083127,0.097152,0.083127,0.007409,0.010721,0.007409
layout13,0.000000,19.383520,5.000000,34.669872,0.000000,0.980985,96.917602,5.000000,405.000000,512.000000,0.000000,0.797992,0.137393,0.972945,0.880871,0.662528,0.502499,0.508833,0.101569,0.609782,0.383142,0.634904,0.101569,0.575553,0.706013,1.000000,0.807692,1.000000,0.807692,0.000000,21.000000,26.000000,0.086380,0.106946,0.086380,0.084568,0.101881,0.084568,0.007305,0.010896,0.007305
layout130,0.000000,18.957533,5.000000,34.669872,0.000000,0.981395,94.787665,5.000000,405.000000,512.000000,0.000000,0.780921,0.141293,0.953962,0.898889,0.681337,0.559002,0.492623,0.104452,0.608288,0.382519,0.704950,0.104452,0.599940,0.759222,1.000000,0.807692,1.000000,0.807692,0.000000,21.000000,26.000000,0.088660,0.109769,0.088660,0.087281,0.103249,0.087281,0.007738,0.011334,0.007738
layout130_common,0.000000,18.957533,5.000000,34.669872,0.000000,0.981395,94.787665,5.000000,405.000000,512.000000,0.000000,0.780921,0.141293,0.953962,0.898889,0.681337,0.559002,0.492623,0.104452,0.608288,0.382519,0.704950,0.104452,0.599940,0.759222,1.000000,0.807692,1.000000,0.807692,0.000000,21.000000,26.000000,0.088660,0.109769,0.088660,0.087281,0.103249,0.087281,0.007738,0.011334,0.007738
layout134,0.000000,24.861390,5.000000,50.990195,0.000000,0.975742,124.306949,5.000000,405.000000,512.000000,0.000000,0.797294,0.142147,0.959618,0.893746,0.685454,0.566853,0.489976,0.105083,0.609699,0.407459,0.702772,0.105083,0.598824,0.752543,1.000000,0.807692,1.000000,0.807692,0.000000,21.000000,26.000000,0.088888,0.110052,0.088888,0.086474,0.104366,0.086474,0.007687,0.011486,0.007687
layout134_common,0.000000,24.861390,5.000000,50.990195,0.000000,0.975742,124.306949,5.000000,405.000000,512.000000,0.000000,0.797294,0.142147,0.959618,0.893746,0.685454,0.566853,0.489976,0.105083,0.609699,0.407459,0.702772,0.105083,0.598824,0.752543,1.000000,0.807692,1.000000,0.807692,0.000000,21.000000,26.000000,0.088888,0.110052,0.088888,0.086474,0.104366,0.086474,0.007687,0.011486,0.007687
layout136,0.000000,18.957533,5.000000,34.669872,0.000000,0.981395,94.787665,5.000000,405.000000,512.000000,0.000000,0.786765,0.141269,0.956121,0.897321,0.681220,0.553816,0.492846,0.104434,0.608537,0.401595,0.694765,0.104434,0.603288,0.744463,1.000000,0.807692,1.000000,0.807692,0.000000,21.000000,26.000000,0.089428,0.110720,0.089428,0.086565,0.103383,0.086565,0.007741,0.011447,0.007741
layout136_common,0.000000,18.957533,5.000000,34.669872,0.000000,0.981395,94.787665,5.000000,405.000000,512.000000,0.000000,0.786765,0.141269,0.956121,0.897321,0.681220,0.553816,0.492846,0.104434,0.608537,0.401595,0.694765,0.104434,0.603288,0.744463,1.000000,0.807692,1.000000,0.807692,0.000000,21.000000,26.000000,0.089428,0.110720,0.089428,0.086565,0.103383,0.086565,0.007741,0.011447,0.007741
layout13_common,0.000000,19.383520,5.000000,34.669872,0.000000,0.980985,96.917602,5.000000,405.000000,512.000000,0.000000,0.797992,0.137393,0.972945,0.880871,0.662528,0.502499,0.508833,0.101569,0.609782,0.383142,0.634904,0.101569,0.575553,0.706013,1.000000,0.807692,1.000000,0.807692,0.000000,21.000000,26.000000,0.086380,0.106946,0.086380,0.084568,0.101881,0.084568,0.007305,0.010896,0.007305
layout1_common,0.000000,13.240339,5.000000,23.600847,0.000000,0.986933,66.201695,5.000000,405.000000,512.000000,0.000000,0.769493,0.139469,0.955593,0.895456,0.672539,0.537102,0.457628,0.103103,0.609118,0.411306,0.694405,0.103103,0.595948,0.735922,1.000000,0.807692,1.000000,0.807692,0.000000,21.000000,26.000000,0.085192,0.105476,0.085192,0.086142,0.099618,0.086142,0.007339,0.010507,0.007339
layout2,0.000000,18.957533,5.000000,34.669872,0.000000,0.981395,94.787665,5.000000,405.000000,512.000000,0.000000,0.799524,0.140240,0.957639,0.876170,0.676260,0.566901,0.494561,0.103674,0.609616,0.377453,0.676906,0.103674,0.597001,0.740187,1.000000,0.807692,1.000000,0.807692,0.000000,21.000000,26.000000,0.089423,0.110714,0.089423,0.085746,0.103234,0.085746,0.007668,0.011430,0.007668
layout22,0.000000,19.383520,5.000000,34.669872,0.000000,0.980985,96.917602,5.000000,405.000000,512.000000,0.000000,0.813043,0.135632,0.950422,0.870514,0.654037,0.499023,0.480562,0.100267,0.608537,0.373288,0.622914,0.100267,0.592063,0.684508,1.000000,0.807692,1.000000,0.807692,0.000000,21.000000,26.000000,0.086253,0.106789,0.086253,0.084038,0.104347,0.084038,0.007249,0.011143,0.007249
layout22_common,0.000000,19.383520,5.000000,34.669872,0.000000,0.980985,96.917602,5.000000,405.000000,512.000000,0.000000,0.813043,0.135632,0.950422,0.870514,0.654037,0.499023,0.480562,0.100267,0.608537,0.373288,0.622914,0.100267,0.592063,0.684508,1.000000,0.807692,1.000000,0.807692,0.000000,21.000000,26.000000,0.086253,0.106789,0.086253,0.084038,0.104347,0.084038,0.007249,0.011143,0.007249
layout24,0.000000,19.383520,5.000000,34.669872,0.000000,0.980985,96.917602,5.000000,405.000000,512.000000,0.000000,0.803317,0.135888,0.949927,0.875837,0.655273,0.501700,0.482195,0.100456,0.608537,0.367385,0.622270,0.100456,0.602592,0.692237,1.000000,0.807692,1.000000,0.807692,0.000000,21.000000,26.000000,0.086632,0.107259,0.086632,0.083994,0.102527,0.083994,0.007277,0.010997,0.007277
layout24_common,0.000000,19.383520,5.000000,34.669872,0.000000,0.980985,96.917602,5.000000,405.000000,512.000000,0.000000,0.803317,0.135888,0.949927,0.875837,0.655273,0.501700,0.482195,0.100456,0.608537,0.367385,0.622270,0.100456,0.602592,0.692237,1.000000,0.807692,1.000000,0.807692,0.000000,21.000000,26.000000,0.086632,0.107259,0.086632,0.083994,0.102527,0.083994,0.007277,0.010997,0.007277
layout26,0.000000,19.383520,5.000000,34.669872,0.000000,0.980985,96.917602,5.000000,405.000000,512.000000,0.000000,0.807668,0.135777,0.956455,0.872286,0.654737,0.501700,0.494612,0.100374,0.608537,0.360133,0.623601,0.100374,0.592063,0.684117,1.000000,0.807692,1.000000,0.807692,0.000000,21.000000,26.000000,0.086599,0.107218,0.086599,0.084802,0.104286,0.084802,0.007344,0.011181,0.007344
layout26_common,0.000000,19.383520,5.000000,34.669872,0.000000,0.980985,96.917602,5.000000,405.000000,512.000000,0.000000,0.807668,0.135777,0.956455,0.872286,0.654737,0.501700,0.494612,0.100374,0.608537,0.360133,0.623601,0.100374,0.592063,0.684117,1.000000,0.807692,1.000000,0.807692,0.000000,21.000000,26.000000,0.086599,0.107218,0.086599,0.084802,0.104286,0.084802,0.007344,0.011181,0.007344
layout2_common,0.000000,18.957533,5.000000,34.669872,0.000000,0.981395,94.787665,5.000000,405.000000,512.000000,0.000000,0.799524,0.140240,0.957639,0.876170,0.676260,0.566901,0.494561,0.103674,0.609616,0.377453,0.676906,0.103674,0.597001,0.740187,1.000000,0.807692,1.000000,0.807692,0.000000,21.000000,26.000000,0.089423,0.110714,0.089423,0.085746,0.103234,0.085746,0.007668,0.011430,0.007668
layout3,0.000000,18.957533,5.000000,34.669872,0.000000,0.981395,94.787665,5.000000,405.000000,512.000000,0.000000,0.799524,0.140153,0.956428,0.879477,0.675840,0.566901,0.494561,0.103609,0.609865,0.378302,0.680791,0.103609,0.588669,0.737911,1.000000,0.807692,1.000000,0.807692,0.000000,21.000000,26.000000,0.089358,0.110634,0.089358,0.085565,0.102958,0.085565,0.007646,0.011391,0.007646
layout31,0.000000,19.383520,5.000000,34.669872,0.000000,0.980985,96.917602,5.000000,405.000000,512.000000,0.000000,0.794939,0.136315,0.958347,0.881638,0.657332,0.483723,0.508833,0.100772,0.608122,0.374126,0.626420,0.100772,0.586082,0.701875,1.000000,0.807692,1.000000,0.807692,0.000000,21.000000,26.000000,0.086817,0.107487,0.086817,0.085637,0.104184,0.085637,0.007435,0.011198,0.007435
layout31_common,0.000000,19.383520,5.000000,34.669872,0.000000,0.980985,96.917602,5.000000,405.000000,512.000000,0.000000,0.794939,0.136315,0.958347,0.881638,0.657332,0.483723,0.508833,0.100772,0.608122,0.374126,0.626420,0.100772,0.586082,0.701875,1.000000,0.807692,1.000000,0.807692,0.000000,21.000000,26.000000,0.086817,0.107487,0.086817,0.085637,0.104184,0.085637,0.007435,0.011198,0.007435
layout32,0.000000,19.383520,5.000000,34.669872,0.000000,0.980985,96.917602,5.000000,405.000000,512.000000,0.000000,0.794939,0.136524,0.962287,0.881638,0.658340,0.483723,0.496416,0.100927,0.607955,0.391682,0.626420,0.100927,0.586082,0.701875,1.000000,0.807692,1.000000,0.807692,0.000000,21.000000,26.000000,0.086718,0.107365,0.086718,0.085652,0.104207,0.085652,0.007428,0.011188,0.007428
layout32_common,0.000000,19.383520,5.000000,34.669872,0.000000,0.980985,96.917602,5.000000,405.000000,512.000000,0.000000,0.794939,0.136524,0.962287,0.881638,0.658340,0.483723,0.496416,0.100927,0.607955,0.391682,0.626420,0.100927,0.586082,0.701875,1.000000,0.807692,1.000000,0.807692,0.000000,21.000000,26.000000,0.086718,0.107365,0.086718,0.085652,0.104207,0.085652,0.007428,0.011188,0.007428
layout34,0.000000,18.957533,5.000000,34.669872,0.000000,0.981395,94.787665,5.000000,405.000000,512.000000,0.000000,0.793306,0.140577,0.950112,0.893806,0.677882,0.545545,0.492623,0.103922,0.608288,0.382519,0.690785,0.103922,0.599940,0.752304,1.000000,0.807692,1.000000,0.807692,0.000000,21.000000,26.000000,0.088993,0.110182,0.088993,0.086280,0.105814,0.086280,0.007678,0.011659,0.007678
layout34_common,0.000000,18.957533,5.000000,34.669872,0.000000,0.981395,94.787665,5.000000,405.000000,512.000000,0.000000,0.793306,0.140577,0.950112,0.893806,0.677882,0.545545,0.492623,0.103922,0.608288,0.382519,0.690785,0.103922,0.599940,0.752304,1.000000,0.807692,1.000000,0.807692,0.000000,21.000000,26.000000,0.088993,0.110182,0.088993,0.086280,0.105814,0.086280,0.007678,0.011659,0.007678
layout35,0.000000,19.322339,5.000000,34.669872,0.000000,0.981044,96.611693,5.000000,405.000000,512.000000,0.000000,0.807668,0.135363,0.951871,0.858641,0.652740,0.524152,0.475188,0.100068,0.608537,0.364897,0.631154,0.100068,0.572280,0.688808,1.000000,0.807692,1.000000,0.807692,0.000000,21.000000,26.000000,0.087901,0.108830,0.087901,0.085059,0.103557,0.085059,0.007477,0.011270,0.007477
layout35_common,0.000000,19.322339,5.000000,34.669872,0.000000,0.981044,96.611693,5.000000,405.000000,512.000000,0.000000,0.807668,0.135363,0.951871,0.858641,0.652740,0.524152,0.475188,0.100068,0.608537,0.364897,0.631154,0.100068,0.572280,0.688808,1.000000,0.807692,1.000000,0.807692,0.000000,21.000000,26.000000,0.087901,0.108830,0.087901,0.085059,0.103557,0.085059,0.007477,0.011270,0.007477
layout37,0.000000,11.658753,5.000000,19.646883,0.000000,0.988476,58.293765,5.000000,405.000000,512.000000,0.000000,0.802937,0.143259,0.959624,0.893978,0.690819,0.573422,0.501213,0.105906,0.609865,0.405662,0.704781,0.105906,0.605940,0.769814,1.000000,0.807692,1.000000,0.807692,0.000000,21.000000,26.000000,0.091435,0.113205,0.091435,0.086484,0.105606,0.086484,0.007908,0.011955,0.007908
layout37_common,0.000000,11.658753,5.000000,19.646883,0.000000,0.988476,58.293765,5.000000,405.000000,512.000000,0.000000,0.802937,0.143259,0.959624,0.893978,0.690819,0.573422,0.501213,0.105906,0.609865,0.405662,0.704781,0.105906,0.605940,0.769814,1.000000,0.807692,1.000000,0.807692,0.000000,21.000000,26.000000,0.091435,0.113205,0.091435,0.086484,0.105606,0.086484,0.007908,0.011955,0.007908
layout38,0.000000,11.658753,5.000000,19.646883,0.000000,0.988476,58.293765,5.000000,405.000000,512.000000,0.000000,0.802937,0.143246,0.959947,0.892570,0.690754,0.573422,0.501213,0.105896,0.609284,0.401275,0.703069,0.105896,0.611336,0.771013,1.000000,0.807692,1.000000,0.807692,0.000000,21.000000,26.000000,0.091470,0.113249,0.091470,0.087062,0.106471,0.087062,0.007964,0.012058,0.007964
layout38_common,0.000000,11.658753,5.000000,19.646883,0.000000,0.988476,58.293765,5.000000,405.000000,512.000000,0.000000,0.802937,0.143246,0.959947,0.892570,0.690754,0.573422,0.501213,0.105896,0.609284,0.401275,0.703069,0.105896,0.611336,0.771013,1.000000,0.807692,1.000000,0.807692,0.000000,21.000000,26.000000,0.091470,0.113249,0.091470,0.087062,0.106471,0.087062,0.007964,0.012058,0.007964
layout3_common,0.000000,18.957533,5.000000,34.669872,0.000000,0.981395,94.787665,5.000000,405.000000,512.000000,0.000000,0.799524,0.140153,0.956428,0.879477,0.675840,0.566901,0.494561,0.103609,0.609865,0.378302,0.680791,0.103609,0.588669,0.737911,1.000000,0.807692,1.000000,0.807692,0.000000,21.000000,26.000000,0.089358,0.110634,0.089358,0.085565,0.102958,0.085565,0.007646,0.011391,0.007646
layout40,0.000000,12.023559,5.000000,21.470911,0.000000,0.988119,60.117793,5.000000,405.000000,512.000000,0.000000,0.790178,0.142005,0.955613,0.895610,0.684772,0.554701,0.496259,0.104979,0.608537,0.415147,0.696650,0.104979,0.599875,0.758915,1.000000,0.807692,1.000000,0.807692,0.000000,21.000000,26.000000,0.090337,0.111845,0.090337,0.086496,0.104672,0.086496,0.007814,0.011707,0.007814
layout40_common,0.000000,12.023559,5.000000,21.470911,0.000000,0.988119,60.117793,5.000000,405.000000,512.000000,0.000000,0.790178,0.142005,0.955613,0.895610,0.684772,0.554701,0.496259,0.104979,0.608537,0.415147,0.696650,0.104979,0.599875,0.758915,1.000000,0.807692,1.000000,0.807692,0.000000,21.000000,26.000000,0.090337,0.111845,0.090337,0.086496,0.104672,0.086496,0.007814,0.011707,0.007814
layout41,0.000000,11.658753,5.000000,19.646883,0.000000,0.988476,58.293765,5.000000,405.000000,512.000000,0.000000,0.790178,0.142292,0.955083,0.895639,0.686152,0.554232,0.502455,0.105190,0.607374,0.407905,0.702580,0.105190,0.612741,0.754555,1.000000,0.807692,1.000000,0.807692,0.000000,21.000000,26.000000,0.091256,0.112984,0.091256,0.088976,0.108630,0.088976,0.008120,0.012273,0.008120
layout41_common,0.000000,11.658753,5.000000,19.646883,0.000000,0.988476,58.293765,5.000000,405.000000,512.000000,0.000000,0.790178,0.142292,0.955083,0.895639,0.686152,0.554232,0.502455,0.105190,0.607374,0.407905,0.702580,0.105190,0.612741,0.754555,1.000000,0.807692,1.000000,0.807692,0.000000,21.000000,26.000000,0.091256,0.112984,0.091256,0.088976,0.108630,0.088976,0.008120,0.012273,0.008120
layout42,0.000000,11.658753,5.000000,19.646883,0.000000,0.988476,58.293765,5.000000,405.000000,512.000000,0.000000,0.790178,0.141946,0.954090,0.896332,0.684484,0.554232,0.502455,0.104935,0.608288,0.403451,0.701623,0.104935,0.607345,0.750655,1.000000,0.807692,1.000000,0.807692,0.000000,21.000000,26.000000,0.091081,0.112767,0.091081,0.088446,0.107839,0.088446,0.008056,0.012161,0.008056
layout42_common,0.000000,11.658753,5.000000,19.646883,0.000000,0.988476,58.293765,5.000000,405.000000,512.000000,0.000000,0.790178,0.141946,0.954090,0.896332,0.684484,0.554232,0.502455,0.104935,0.608288,0.403451,0.701623,0.104935,0.607345,0.750655,1.000000,0.807692,1.000000,0.807692,0.000000,21.000000,26.000000,0.091081,0.112767,0.091081,0.088446,0.107839,0.088446,0.008056,0.012161,0.008056
layout43,0.000000,12.023559,5.000000,21.470911,0.000000,0.988119,60.117793,5.000000,405.000000,512.000000,0.000000,0.802937,0.143247,0.958468,0.899211,0.690758,0.573422,0.496259,0.105896,0.609284,0.415147,0.701750,0.105896,0.599875,0.769754,1.000000,0.807692,1.000000,0.807692,0.000000,21.000000,26.000000,0.090746,0.112352,0.090746,0.086833,0.106117,0.086833,0.007880,0.011922,0.007880
layout43_common,0.000000,12.023559,5.000000,21.470911,0.000000,0.988119,60.117793,5.000000,405.000000,512.000000,0.000000,0.802937,0.143247,0.958468,0.899211,0.690758,0.573422,0.496259,0.105896,0.609284,0.415147,0.701750,0.105896,0.599875,0.769754,1.000000,0.807692,1.000000,0.807692,0.000000,21.000000,26.000000,0.090746,0.112352,0.090746,0.086833,0.106117,0.086833,0.007880,0.011922,0.007880
layout44,0.000000,11.658753,5.000000,19.646883,0.000000,0.988476,58.293765,5.000000,405.000000,512.000000,0.000000,0.790178,0.141973,0.953586,0.895521,0.684617,0.554232,0.502455,0.104955,0.607706,0.398894,0.700210,0.104955,0.612741,0.753733,1.000000,0.807692,1.000000,0.807692,0.000000,21.000000,26.000000,0.091117,0.112811,0.091117,0.089019,0.108697,0.089019,0.008111,0.012262,0.008111
layout44_common,0.000000,11.658753,5.000000,19.646883,0.000000,0.988476,58.293765,5.000000,405.000000,512.000000,0.000000,0.790178,0.141973,0.953586,0.895521,0.684617,0.554232,0.502455,0.104955,0.607706,0.398894,0.700210,0.104955,0.612741,0.753733,1.000000,0.807692,1.000000,0.807692,0.000000,21.000000,26.000000,0.091117,0.112811,0.091117,0.089019,0.108697,0.089019,0.008111,0.012262,0.008111
layout45,0.000000,11.658753,5.000000,19.646883,0.000000,0.988476,58.293765,5.000000,405.000000,512.000000,0.000000,0.790178,0.142215,0.955083,0.895521,0.685784,0.554232,0.502455,0.105134,0.607374,0.407905,0.700210,0.105134,0.612741,0.753733,1.000000,0.807692,1.000000,0.807692,0.000000,21.000000,26.000000,0.091120,0.112815,0.091120,0.089044,0.108734,0.089044,0.008114,0.012267,0.008114
layout45_common,0.000000,11.658753,5.000000,19.646883,0.000000,0.988476,58.293765,5.000000,405.000000,512.000000,0.000000,0.790178,0.142215,0.955083,0.895521,0.685784,0.554232,0.502455,0.105134,0.607374,0.407905,0.700210,0.105134,0.612741,0.753733,1.000000,0.807692,1.000000,0.807692,0.000000,21.000000,26.000000,0.091120,0.112815,0.091120,0.089044,0.108734,0.089044,0.008114,0.012267,0.008114
layout46,0.000000,11.658753,5.000000,19.646883,0.000000,0.988476,58.293765,5.000000,405.000000,512.000000,0.000000,0.790178,0.142259,0.954708,0.894964,0.685994,0.554701,0.499808,0.105166,0.608537,0.416091,0.694665,0.105166,0.612741,0.756094,1.000000,0.807692,1.000000,0.807692,0.000000,21.000000,26.000000,0.091162,0.112867,0.091162,0.086868,0.105248,0.086868,0.007919,0.011879,0.007919
layout46_common,0.000000,11.658753,5.000000,19.646883,0.000000,0.988476,58.293765,5.000000,405.000000,512.000000,0.000000,0.790178,0.142259,0.954708,0.894964,0.685994,0.554701,0.499808,0.105166,0.608537,0.416091,0.694665,0.105166,0.612741,0.756094,1.000000,0.807692,1.000000,0.807692,0.000000,21.000000,26.000000,0.091162,0.112867,0.091162,0.086868,0.105248,0.086868,0.007919,0.011879,0.007919
layout47,0.000000,12.449546,5.000000,23.600847,0.000000,0.987704,62.247730,5.000000,405.000000,512.000000,0.000000,0.787541,0.139534,0.953551,0.899253,0.672854,0.537102,0.453044,0.103152,0.608869,0.400694,0.687090,0.103152,0.595948,0.741465,1.000000,0.807692,1.000000,0.807692,0.000000,21.000000,26.000000,0.085608,0.105991,0.085608,0.086623,0.103037,0.086623,0.007416,0.010921,0.007416
layout47_common,0.000000,12.449546,5.000000,23.600847,0.000000,0.987704,62.247730,5.000000,405.000000,512.000000,0.000000,0.787541,0.139534,0.953551,0.899253,0.672854,0.537102,0.453044,0.103152,0.608869,0.400694,0.687090,0.103152,0.595948,0.741465,1.000000,0.807692,1.000000,0.807692,0.000000,21.000000,26.000000,0.085608,0.105991,0.085608,0.086623,0.103037,0.086623,0.007416,0.010921,0.007416
layout48,0.000000,12.449546,5.000000,23.600847,0.000000,0.987704,62.247730,5.000000,405.000000,512.000000,0.000000,0.779367,0.139760,0.951338,0.898019,0.673943,0.542968,0.453044,0.103319,0.608869,0.400694,0.699111,0.103319,0.595948,0.744999,1.000000,0.807692,1.000000,0.807692,0.000000,21.000000,26.000000,0.085273,0.105576,0.085273,0.086483,0.101082,0.086483,0.007375,0.010672,0.007375
layout48_common,0.000000,12.449546,5.000000,23.600847,0.000000,0.987704,62.247730,5.000000,405.000000,512.000000,0.000000,0.779367,0.139760,0.951338,0.898019,0.673943,0.542968,0.453044,0.103319,0.608869,0.400694,0.699111,0.103319,0.595948,0.744999,1.000000,0.807692,1.000000,0.807692,0.000000,21.000000,26.000000,0.085273,0.105576,0.085273,0.086483,0.101082,0.086483,0.007375,0.010672,0.007375
layout49,0.000000,12.449546,5.000000,23.600847,0.000000,0.987704,62.247730,5.000000,405.000000,512.000000,0.000000,0.779367,0.140157,0.953380,0.898019,0.675858,0.542968,0.457628,0.103612,0.609118,0.411306,0.699111,0.103612,0.595948,0.744999,1.000000,0.807692,1.000000,0.807692,0.000000,21.000000,26.000000,0.085395,0.105727,0.085395,0.086249,0.100720,0.086249,0.007365,0.010649,0.007365
layout49_common,0.000000,12.449546,5.000000,23.600847,0.000000,0.987704,62.247730,5.000000,405.000000,512.000000,0.000000,0.779367,0.140157,0.953380,0.898019,0.675858,0.542968,0.457628,0.103612,0.609118,0.411306,0.699111,0.103612,0.595948,0.744999,1.000000,0.807692,1.000000,0.807692,0.000000,21.000000,26.000000,0.085395,0.105727,0.085395,0.086249,0.100720,0.086249,0.007365,0.010649,0.007365
layout51,0.000000,11.658753,5.000000,19.646883,0.000000,0.988476,58.293765,5.000000,405.000000,512.000000,0.000000,0.790178,0.142171,0.955587,0.896332,0.685569,0.554232,0.502455,0.105101,0.607955,0.411711,0.701623,0.105101,0.607345,0.750655,1.000000,0.807692,1.000000,0.807692,0.000000,21.000000,26.000000,0.091084,0.112771,0.091084,0.088470,0.107876,0.088470,0.008058,0.012165,0.008058
layout51_common,0.000000,11.658753,5.000000,19.646883,0.000000,0.988476,58.293765,5.000000,405.000000,512.000000,0.000000,0.790178,0.142171,0.955587,0.896332,0.685569,0.554232,0.502455,0.105101,0.607955,0.411711,0.701623,0.105101,0.607345,0.750655,1.000000,0.807692,1.000000,0.807692,0.000000,21.000000,26.000000,0.091084,0.112771,0.091084,0.088470,0.107876,0.088470,0.008058,0.012165,0.008058
layout57,0.000000,24.861390,5.000000,50.990195,0.000000,0.975742,124.306949,5.000000,405.000000,512.000000,0.000000,0.800313,0.141969,0.953962,0.892247,0.684598,0.568113,0.489976,0.104952,0.609699,0.397272,0.695113,0.104952,0.609354,0.755031,1.000000,0.807692,1.000000,0.807692,0.000000,21.000000,26.000000,0.089095,0.110308,0.089095,0.084826,0.103572,0.084826,0.007558,0.011425,0.007558
layout57_common,0.000000,24.861390,5.000000,50.990195,0.000000,0.975742,124.306949,5.000000,405.000000,512.000000,0.000000,0.800313,0.141969,0.953962,0.892247,0.684598,0.568113,0.489976,0.104952,0.609699,0.397272,0.695113,0.104952,0.609354,0.755031,1.000000,0.807692,1.000000,0.807692,0.000000,21.000000,26.000000,0.089095,0.110308,0.089095,0.084826,0.103572,0.084826,0.007558,0.011425,0.007558
layout58,0.000000,24.861390,5.000000,50.990195,0.000000,0.975742,124.306949,5.000000,405.000000,512.000000,0.000000,0.800313,0.141951,0.954634,0.890489,0.684511,0.568113,0.489976,0.104939,0.609118,0.393247,0.693227,0.104939,0.614750,0.755846,1.000000,0.807692,1.000000,0.807692,0.000000,21.000000,26.000000,0.089131,0.110352,0.089131,0.085384,0.104433,0.085384,0.007610,0.011524,0.007610
layout58_common,0.000000,24.861390,5.000000,50.990195,0.000000,0.975742,124.306949,5.000000,405.000000,512.000000,0.000000,0.800313,0.141951,0.954634,0.890489,0.684511,0.568113,0.489976,0.104939,0.609118,0.393247,0.693227,0.104939,0.614750,0.755846,1.000000,0.807692,1.000000,0.807692,0.000000,21.000000,26.000000,0.089131,0.110352,0.089131,0.085384,0.104433,0.085384,0.007610,0.011524,0.007610
layout62,0.000000,18.957533,5.000000,34.669872,0.000000,0.981395,94.787665,5.000000,405.000000,512.000000,0.000000,0.786765,0.141428,0.953962,0.898889,0.681986,0.559002,0.492623,0.104552,0.608288,0.382519,0.704950,0.104552,0.599940,0.759222,1.000000,0.807692,1.000000,0.807692,0.000000,21.000000,26.000000,0.088763,0.109897,0.088763,0.087316,0.104959,0.087316,0.007750,0.011535,0.007750
layout62_common,0.000000,18.957533,5.000000,34.669872,0.000000,0.981395,94.787665,5.000000,405.000000,512.000000,0.000000,0.786765,0.141428,0.953962,0.898889,0.681986,0.559002,0.492623,0.104552,0.608288,0.382519,0.704950,0.104552,0.599940,0.759222,1.000000,0.807692,1.000000,0.807692,0.000000,21.000000,26.000000,0.088763,0.109897,0.088763,0.087316,0.104959,0.087316,0.007750,0.011535,0.007750
layout64,0.000000,24.861390,5.000000,50.990195,0.000000,0.975742,124.306949,5.000000,405.000000,512.000000,0.000000,0.786765,0.141969,0.957429,0.892770,0.684595,0.566853,0.489976,0.104952,0.609118,0.395418,0.702307,0.104952,0.614750,0.755091,1.000000,0.807692,1.000000,0.807692,0.000000,21.000000,26.000000,0.088899,0.110065,0.088899,0.085622,0.101761,0.085622,0.007612,0.011200,0.007612
layout64_common,0.000000,24.861390,5.000000,50.990195,0.000000,0.975742,124.306949,5.000000,405.000000,512.000000,0.000000,0.786765,0.141969,0.957429,0.892770,0.684595,0.566853,0.489976,0.104952,0.609118,0.395418,0.702307,0.104952,0.614750,0.755091,1.000000,0.807692,1.000000,0.807692,0.000000,21.000000,26.000000,0.088899,0.110065,0.088899,0.085622,0.101761,0.085622,0.007612,0.011200,0.007612
layout65,0.000000,18.957533,5.000000,34.669872,0.000000,0.981395,94.787665,5.000000,405.000000,512.000000,0.000000,0.799524,0.141851,0.955511,0.896267,0.684026,0.566901,0.497800,0.104864,0.609865,0.396858,0.691756,0.104864,0.599480,0.752138,1.000000,0.807692,1.000000,0.807692,0.000000,21.000000,26.000000,0.090022,0.111456,0.090022,0.085815,0.103344,0.085815,0.007725,0.011518,0.007725
layout65_common,0.000000,18.957533,5.000000,34.669872,0.000000,0.981395,94.787665,5.000000,405.000000,512.000000,0.000000,0.799524,0.141851,0.955511,0.896267,0.684026,0.566901,0.497800,0.104864,0.609865,0.396858,0.691756,0.104864,0.599480,0.752138,1.000000,0.807692,1.000000,0.807692,0.000000,21.000000,26.000000,0.090022,0.111456,0.090022,0.085815,0.103344,0.085815,0.007725,0.011518,0.007725
layout66,0.000000,18.957533,5.000000,34.669872,0.000000,0.981395,94.787665,5.000000,405.000000,512.000000,0.000000,0.799524,0.141877,0.955834,0.894858,0.684151,0.566901,0.497800,0.104884,0.609284,0.394390,0.690045,0.104884,0.604876,0.753134,1.000000,0.807692,1.000000,0.807692,0.000000,21.000000,26.000000,0.090058,0.111501,0.090058,0.086374,0.104207,0.086374,0.007779,0.011619,0.007779
layout66_common,0.000000,18.957533,5.000000,34.669872,0.000000,0.981395,94.787665,5.000000,405.000000,512.000000,0.000000,0.799524,0.141877,0.955834,0.894858,0.684151,0.566901,0.497800,0.104884,0.609284,0.394390,0.690045,0.104884,0.604876,0.753134,1.000000,0.807692,1.000000,0.807692,0.000000,21.000000,26.000000,0.090058,0.111501,0.090058,0.086374,0.104207,0.086374,0.007779,0.011619,0.007779
layout68,0.000000,24.861390,5.000000,50.990195,0.000000,0.975742,124.306949,5.000000,405.000000,512.000000,0.000000,0.797294,0.142231,0.959618,0.893265,0.685859,0.566853,0.489976,0.105145,0.609782,0.407459,0.704308,0.105145,0.598824,0.755132,1.000000,0.807692,1.000000,0.807692,0.000000,21.000000,26.000000,0.088909,0.110078,0.088909,0.086322,0.104173,0.086322,0.007675,0.011467,0.007675
layout68_common,0.000000,24.861390,5.000000,50.990195,0.000000,0.975742,124.306949,5.000000,405.000000,512.000000,0.000000,0.797294,0.142231,0.959618,0.893265,0.685859,0.566853,0.489976,0.105145,0.609782,0.407459,0.704308,0.105145,0.598824,0.755132,1.000000,0.807692,1.000000,0.807692,0.000000,21.000000,26.000000,0.088909,0.110078,0.088909,0.086322,0.104173,0.086322,0.007675,0.011467,0.007675
layout69,0.000000,24.861390,5.000000,50.990195,0.000000,0.975742,124.306949,5.000000,405.000000,512.000000,0.000000,0.786765,0.141934,0.957933,0.893353,0.684429,0.566853,0.489976,0.104926,0.609699,0.399829,0.703605,0.104926,0.609354,0.752195,1.000000,0.807692,1.000000,0.807692,0.000000,21.000000,26.000000,0.088863,0.110021,0.088863,0.085064,0.100901,0.085064,0.007559,0.011101,0.007559
layout69_common,0.000000,24.861390,5.000000,50.990195,0.000000,0.975742,124.306949,5.000000,405.000000,512.000000,0.000000,0.786765,0.141934,0.957933,0.893353,0.684429,0.566853,0.489976,0.104926,0.609699,0.399829,0.703605,0.104926,0.609354,0.752195,1.000000,0.807692,1.000000,0.807692,0.000000,21.000000,26.000000,0.088863,0.110021,0.088863,0.085064,0.100901,0.085064,0.007559,0.011101,0.007559
layout70,0.000000,18.957533,5.000000,34.669872,0.000000,0.981395,94.787665,5.000000,405.000000,512.000000,0.000000,0.798444,0.139306,0.950187,0.875406,0.671755,0.558041,0.482987,0.102983,0.608039,0.382771,0.669754,0.102983,0.595934,0.732269,1.000000,0.807692,1.000000,0.807692,0.000000,21.000000,26.000000,0.089069,0.110276,0.089069,0.087052,0.107721,0.087052,0.007754,0.011879,0.007754
layout70_common,0.000000,18.957533,5.000000,34.669872,0.000000,0.981395,94.787665,5.000000,405.000000,512.000000,0.000000,0.798444,0.139306,0.950187,0.875406,0.671755,0.558041,0.482987,0.102983,0.608039,0.382771,0.669754,0.102983,0.595934,0.732269,1.000000,0.807692,1.000000,0.807692,0.000000,21.000000,26.000000,0.089069,0.110276,0.089069,0.087052,0.107721,0.087052,0.007754,0.011879,0.007754
layout76,0.000000,18.957533,5.000000,34.669872,0.000000,0.981395,94.787665,5.000000,405.000000,512.000000,0.000000,0.793306,0.140570,0.949633,0.895600,0.677851,0.545545,0.492623,0.103918,0.608869,0.385072,0.692689,0.103918,0.594544,0.751649,1.000000,0.807692,1.000000,0.807692,0.000000,21.000000,26.000000,0.088957,0.110137,0.088957,0.085726,0.104959,0.085726,0.007626,0.011560,0.007626
layout76_common,0.000000,18.957533,5.000000,34.669872,0.000000,0.981395,94.787665,5.000000,405.000000,512.000000,0.000000,0.793306,0.140570,0.949633,0.895600,0.677851,0.545545,0.492623,0.103918,0.608869,0.385072,0.692689,0.103918,0.594544,0.751649,1.000000,0.807692,1.000000,0.807692,0.000000,21.000000,26.000000,0.088957,0.110137,0.088957,0.085726,0.104959,0.085726,0.007626,0.011560,0.007626
layout77,0.000000,18.957533,5.000000,34.669872,0.000000,0.981395,94.787665,5.000000,405.000000,512.000000,0.000000,0.800313,0.139811,0.957446,0.875336,0.674192,0.555513,0.494561,0.103357,0.608703,0.383698,0.668684,0.103357,0.597001,0.735172,1.000000,0.807692,1.000000,0.807692,0.000000,21.000000,26.000000,0.089413,0.110702,0.089413,0.085617,0.104925,0.085617,0.007655,0.011615,0.007655
layout77_common,0.000000,18.957533,5.000000,34.669872,0.000000,0.981395,94.787665,5.000000,405.000000,512.000000,0.000000,0.800313,0.139811,0.957446,0.875336,0.674192,0.555513,0.494561,0.103357,0.608703,0.383698,0.668684,0.103357,0.597001,0.735172,1.000000,0.807692,1.000000,0.807692,0.000000,21.000000,26.000000,0.089413,0.110702,0.089413,0.085617,0.104925,0.085617,0.007655,0.011615,0.007655
layout78,0.000000,24.861390,5.000000,50.990195,0.000000,0.975742,124.306949,5.000000,405.000000,512.000000,0.000000,0.800313,0.140723,0.963987,0.877927,0.678588,0.555513,0.494561,0.104031,0.608703,0.395743,0.672704,0.104031,0.606875,0.739671,1.000000,0.807692,1.000000,0.807692,0.000000,21.000000,26.000000,0.089687,0.111041,0.089687,0.085701,0.105056,0.085701,0.007686,0.011665,0.007686
layout78_common,0.000000,24.861390,5.000000,50.990195,0.000000,0.975742,124.306949,5.000000,405.000000,512.000000,0.000000,0.800313,0.140723,0.963987,0.877927,0.678588,0.555513,0.494561,0.104031,0.608703,0.395743,0.672704,0.104031,0.606875,0.739671,1.000000,0.807692,1.000000,0.807692,0.000000,21.000000,26.000000,0.089687,0.111041,0.089687,0.085701,0.105056,0.085701,0.007686,0.011665,0.007686
layout79,0.000000,18.957533,5.000000,34.669872,0.000000,0.981395,94.787665,5.000000,405.000000,512.000000,0.000000,0.799524,0.139873,0.954652,0.880437,0.674489,0.560032,0.497208,0.103402,0.609035,0.373398,0.680054,0.103402,0.588669,0.736428,1.000000,0.807692,1.000000,0.807692,0.000000,21.000000,26.000000,0.089317,0.110583,0.089317,0.087362,0.106293,0.087362,0.007803,0.011754,0.007803
layout79_common,0.000000,18.957533,5.000000,34.669872,0.000000,0.981395,94.787665,5.000000,405.000000,512.000000,0.000000,0.799524,0.139873,0.954652,0.880437,0.674489,0.560032,0.497208,0.103402,0.609035,0.373398,0.680054,0.103402,0.588669,0.736428,1.000000,0.807692,1.000000,0.807692,0.000000,21.000000,26.000000,0.089317,0.110583,0.089317,0.087362,0.106293,0.087362,0.007803,0.011754,0.007803
layout8,0.000000,18.957533,5.000000,34.669872,0.000000,0.981395,94.787665,5.000000,405.000000,512.000000,0.000000,0.800313,0.139481,0.954508,0.880110,0.672597,0.549014,0.497208,0.103112,0.608122,0.379557,0.672163,0.103112,0.588669,0.731831,1.000000,0.807692,1.000000,0.807692,0.000000,21.000000,26.000000,0.089307,0.110570,0.089307,0.087273,0.108020,0.087273,0.007794,0.011944,0.007794
layout82,0.000000,19.383520,5.000000,34.669872,0.000000,0.980985,96.917602,5.000000,405.000000,512.000000,0.000000,0.805469,0.136432,0.966481,0.881393,0.657894,0.483723,0.508833,0.100858,0.608288,0.381899,0.621303,0.100858,0.575553,0.696397,1.000000,0.807692,1.000000,0.807692,0.000000,21.000000,26.000000,0.086703,0.107347,0.086703,0.086757,0.107097,0.086757,0.007522,0.011497,0.007522
layout82_common,0.000000,19.383520,5.000000,34.669872,0.000000,0.980985,96.917602,5.000000,405.000000,512.000000,0.000000,0.805469,0.136432,0.966481,0.881393,0.657894,0.483723,0.508833,0.100858,0.608288,0.381899,0.621303,0.100858,0.575553,0.696397,1.000000,0.807692,1.000000,0.807692,0.000000,21.000000,26.000000,0.086703,0.107347,0.086703,0.086757,0.107097,0.086757,0.007522,0.011497,0.007522
layout83,0.000000,18.957533,5.000000,34.669872,0.000000,0.981395,94.787665,5.000000,405.000000,512.000000,0.000000,0.800313,0.139718,0.956100,0.878779,0.673743,0.555513,0.494561,0.103288,0.608952,0.384276,0.672530,0.103288,0.588669,0.732944,1.000000,0.807692,1.000000,0.807692,0.000000,21.000000,26.000000,0.089348,0.110621,0.089348,0.085436,0.104649,0.085436,0.007634,0.011576,0.007634
layout83_common,0.000000,18.957533,5.000000,34.669872,0.000000,0.981395,94.787665,5.000000,405.000000,512.000000,0.000000,0.800313,0.139718,0.956100,0.878779,0.673743,0.555513,0.494561,0.103288,0.608952,0.384276,0.672530,0.103288,0.588669,0.732944,1.000000,0.807692,1.000000,0.807692,0.000000,21.000000,26.000000,0.089348,0.110621,0.089348,0.085436,0.104649,0.085436,0.007634,0.011576,0.007634
layout84,0.000000,19.383520,5.000000,34.669872,0.000000,0.980985,96.917602,5.000000,405.000000,512.000000,0.000000,0.794939,0.136348,0.962574,0.881059,0.657490,0.483723,0.508833,0.100796,0.608288,0.376735,0.622187,0.100796,0.586082,0.701282,1.000000,0.807692,1.000000,0.807692,0.000000,21.000000,26.000000,0.086678,0.107316,0.086678,0.086049,0.104821,0.086049,0.007459,0.011249,0.007459
layout84_common,0.000000,19.383520,5.000000,34.669872,0.000000,0.980985,96.917602,5.000000,405.000000,512.000000,0.000000,0.794939,0.136348,0.962574,0.881059,0.657490,0.483723,0.508833,0.100796,0.608288,0.376735,0.622187,0.100796,0.586082,0.701282,1.000000,0.807692,1.000000,0.807692,0.000000,21.000000,26.000000,0.086678,0.107316,0.086678,0.086049,0.104821,0.086049,0.007459,0.011249,0.007459
layout85,0.000000,19.322339,5.000000,34.669872,0.000000,0.981044,96.611693,5.000000,405.000000,512.000000,0.000000,0.807668,0.135745,0.951775,0.862522,0.654581,0.524152,0.475188,0.100350,0.608537,0.365546,0.629875,0.100350,0.582809,0.691692,1.000000,0.807692,1.000000,0.807692,0.000000,21.000000,26.000000,0.088033,0.108993,0.088033,0.085178,0.103593,0.085178,0.007498,0.011291,0.007498
layout85_common,0.000000,19.322339,5.000000,34.669872,0.000000,0.981044,96.611693,5.000000,405.000000,512.000000,0.000000,0.807668,0.135745,0.951775,0.862522,0.654581,0.524152,0.475188,0.100350,0.608537,0.365546,0.629875,0.100350,0.582809,0.691692,1.000000,0.807692,1.000000,0.807692,0.000000,21.000000,26.000000,0.088033,0.108993,0.088033,0.085178,0.103593,0.085178,0.007498,0.011291,0.007498
layout86,0.000000,19.383520,5.000000,34.669872,0.000000,0.980985,96.917602,5.000000,405.000000,512.000000,0.000000,0.787463,0.137078,0.968250,0.877581,0.661013,0.497642,0.508833,0.101336,0.609118,0.379715,0.633091,0.101336,0.586082,0.710465,1.000000,0.807692,1.000000,0.807692,0.000000,21.000000,26.000000,0.086540,0.107145,0.086540,0.084964,0.101584,0.084964,0.007353,0.010884,0.007353
layout86_common,0.000000,19.383520,5.000000,34.669872,0.000000,0.980985,96.917602,5.000000,405.000000,512.000000,0.000000,0.787463,0.137078,0.968250,0.877581,0.661013,0.497642,0.508833,0.101336,0.609118,0.379715,0.633091,0.101336,0.586082,0.710465,1.000000,0.807692,1.000000,0.807692,0.000000,21.000000,26.000000,0.086540,0.107145,0.086540,0.084964,0.101584,0.084964,0.007353,0.010884,0.007353
layout88,0.000000,19.322339,5.000000,34.669872,0.000000,0.981044,96.611693,5.000000,405.000000,512.000000,0.000000,0.803317,0.135824,0.951775,0.863359,0.654962,0.524152,0.475188,0.100409,0.608537,0.365546,0.631583,0.100409,0.582809,0.696932,1.000000,0.807692,1.000000,0.807692,0.000000,21.000000,26.000000,0.088034,0.108995,0.088034,0.084159,0.101656,0.084159,0.007409,0.011080,0.007409
layout88_common,0.000000,19.322339,5.000000,34.669872,0.000000,0.981044,96.611693,5.000000,405.000000,512.000000,0.000000,0.803317,0.135824,0.951775,0.863359,0.654962,0.524152,0.475188,0.100409,0.608537,0.365546,0.631583,0.100409,0.582809,0.696932,1.000000,0.807692,1.000000,0.807692,0.000000,21.000000,26.000000,0.088034,0.108995,0.088034,0.084159,0.101656,0.084159,0.007409,0.011080,0.007409
layout8_common,0.000000,18.957533,5.000000,34.669872,0.000000,0.981395,94.787665,5.000000,405.000000,512.000000,0.000000,0.800313,0.139481,0.954508,0.880110,0.672597,0.549014,0.497208,0.103112,0.608122,0.379557,0.672163,0.103112,0.588669,0.731831,1.000000,0.807692,1.000000,0.807692,0.000000,21.000000,26.000000,0.089307,0.110570,0.089307,0.087273,0.108020,0.087273,0.007794,0.011944,0.007794
layout90,0.000000,19.383520,5.000000,34.669872,0.000000,0.980985,96.917602,5.000000,405.000000,512.000000,0.000000,0.807668,0.135571,0.951699,0.872286,0.653742,0.501700,0.482195,0.100222,0.608537,0.368352,0.623601,0.100222,0.592063,0.684117,1.000000,0.807692,1.000000,0.807692,0.000000,21.000000,26.000000,0.086499,0.107094,0.086499,0.084624,0.104011,0.084624,0.007320,0.011139,0.007320
layout90_common,0.000000,19.383520,5.000000,34.669872,0.000000,0.980985,96.917602,5.000000,405.000000,512.000000,0.000000,0.807668,0.135571,0.951699,0.872286,0.653742,0.501700,0.482195,0.100222,0.608537,0.368352,0.623601,0.100222,0.592063,0.684117,1.000000,0.807692,1.000000,0.807692,0.000000,21.000000,26.000000,0.086499,0.107094,0.086499,0.084624,0.104011,0.084624,0.007320,0.011139,0.007320
layout93,0.000000,19.383520,5.000000,34.669872,0.000000,0.980985,96.917602,5.000000,405.000000,512.000000,0.000000,0.794939,0.136132,0.959343,0.881059,0.656448,0.483723,0.496416,0.100636,0.608288,0.382996,0.622187,0.100636,0.586082,0.701282,1.000000,0.807692,1.000000,0.807692,0.000000,21.000000,26.000000,0.086578,0.107192,0.086578,0.085800,0.104436,0.085800,0.007428,0.011195,0.007428
layout93_common,0.000000,19.383520,5.000000,34.669872,0.000000,0.980985,96.917602,5.000000,405.000000,512.000000,0.000000,0.794939,0.136132,0.959343,0.881059,0.656448,0.483723,0.496416,0.100636,0.608288,0.382996,0.622187,0.100636,0.586082,0.701282,1.000000,0.807692,1.000000,0.807692,0.000000,21.000000,26.000000,0.086578,0.107192,0.086578,0.085800,0.104436,0.085800,0.007428,0.011195,0.007428
layout94,0.000000,19.383520,5.000000,34.669872,0.000000,0.980985,96.917602,5.000000,405.000000,512.000000,0.000000,0.800313,0.135644,0.948536,0.876029,0.654098,0.485132,0.494783,0.100276,0.608122,0.371975,0.625805,0.100276,0.591018,0.693294,1.000000,0.807692,1.000000,0.807692,0.000000,21.000000,26.000000,0.086292,0.106837,0.086292,0.084746,0.104018,0.084746,0.007313,0.011113,0.007313
layout94_common,0.000000,19.383520,5.000000,34.669872,0.000000,0.980985,96.917602,5.000000,405.000000,512.000000,0.000000,0.800313,0.135644,0.948536,0.876029,0.654098,0.485132,0.494783,0.100276,0.608122,0.371975,0.625805,0.100276,0.591018,0.693294,1.000000,0.807692,1.000000,0.807692,0.000000,21.000000,26.000000,0.086292,0.106837,0.086292,0.084746,0.104018,0.084746,0.007313,0.011113,0.007313
layout95,0.000000,19.383520,5.000000,34.669872,0.000000,0.980985,96.917602,5.000000,405.000000,512.000000,0.000000,0.794939,0.135555,0.947624,0.879839,0.653669,0.483723,0.496416,0.100210,0.608122,0.373192,0.624374,0.100210,0.591018,0.691894,1.000000,0.807692,1.000000,0.807692,0.000000,21.000000,26.000000,0.086538,0.107142,0.086538,0.085214,0.103530,0.085214,0.007374,0.011092,0.007374
layout95_common,0.000000,19.383520,5.000000,34.669872,0.000000,0.980985,96.917602,5.000000,405.000000,512.000000,0.000000,0.794939,0.135555,0.947624,0.879839,0.653669,0.483723,0.496416,0.100210,0.608122,0.373192,0.624374,0.100210,0.591018,0.691894,1.000000,0.807692,1.000000,0.807692,0.000000,21.000000,26.000000,0.086538,0.107142,0.086538,0.085214,0.103530,0.085214,0.007374,0.011092,0.007374
layout96,0.000000,19.383520,5.000000,34.669872,0.000000,0.980985,96.917602,5.000000,405.000000,512.000000,0.000000,0.794939,0.135767,0.950855,0.879839,0.654688,0.483723,0.508833,0.100367,0.608122,0.366719,0.624374,0.100367,0.591018,0.691894,1.000000,0.807692,1.000000,0.807692,0.000000,21.000000,26.000000,0.086638,0.107266,0.086638,0.085463,0.103914,0.085463,0.007404,0.011146,0.007404
layout96_common,0.000000,19.383520,5.000000,34.669872,0.000000,0.980985,96.917602,5.000000,405.000000,512.000000,0.000000,0.794939,0.135767,0.950855,0.879839,0.654688,0.483723,0.508833,0.100367,0.608122,0.366719,0.624374,0.100367,0.591018,0.691894,1.000000,0.807692,1.000000,0.807692,0.000000,21.000000,26.000000,0.086638,0.107266,0.086638,0.085463,0.103914,0.085463,0.007404,0.011146,0.007404
layout97,0.000000,19.383520,5.000000,34.669872,0.000000,0.980985,96.917602,5.000000,405.000000,512.000000,0.000000,0.794939,0.136076,0.955116,0.881638,0.656178,0.483723,0.496416,0.100595,0.608122,0.379394,0.626420,0.100595,0.586082,0.701875,1.000000,0.807692,1.000000,0.807692,0.000000,21.000000,26.000000,0.086717,0.107364,0.086717,0.085388,0.103799,0.085388,0.007405,0.011144,0.007405
layout97_common,0.000000,19.383520,5.000000,34.669872,0.000000,0.980985,96.917602,5.000000,405.000000,512.000000,0.000000,0.794939,0.136076,0.955116,0.881638,0.656178,0.483723,0.496416,0.100595,0.608122,0.379394,0.626420,0.100595,0.586082,0.701875,1.000000,0.807692,1.000000,0.807692,0.000000,21.000000,26.000000,0.086717,0.107364,0.086717,0.085388,0.103799,0.085388,0.007405,0.011144,0.007405
