user_id,trialId,expectedKey,typedKey,isCorrect,keydownTime
unknown,intro-trial-1,v,v,true,41064.00
unknown,intro-trial-1, ,f,false,42395.30
unknown,intro-trial-1, ,r,false,42610.40
unknown,intro-trial-1, , ,true,44735.80
unknown,intro-trial-1,f,f,true,45036.00
unknown,intro-trial-1,r,r,true,45215.10
unknown,intro-trial-1, , ,true,45760.60
unknown,intro-trial-1,f,w,false,46039.20
unknown,intro-trial-1,f, ,false,46370.00
unknown,intro-trial-1,f,v,false,47476.10
unknown,intro-trial-1,f,r,false,47901.70
unknown,intro-trial-1,f, ,false,48658.10
unknown,intro-trial-1,f,v,false,48886.30
unknown,intro-trial-1,f,r,false,49119.80
unknown,intro-trial-1,f, ,false,49552.10
unknown,intro-trial-1,f,q,false,49819.60
unknown,intro-trial-1,f, ,false,50158.00
unknown,intro-trial-1,f,f,true,50660.30
unknown,intro-trial-1,r,r,true,52723.70
unknown,intro-trial-1, , ,true,53865.70
unknown,intro-trial-1,w,v,false,54538.90
unknown,intro-trial-1,w,r,false,55314.50
unknown,intro-trial-1,w, ,false,55755.50
unknown,intro-trial-1,w,f,false,56141.50
unknown,intro-trial-1,w,r,false,56374.30
unknown,intro-trial-1,w, ,false,57245.90
unknown,intro-trial-1,w,v,false,57473.10
unknown,intro-trial-1,w,r,false,57858.50
unknown,intro-trial-1,w, ,false,61606.00
unknown,intro-trial-1,w, ,false,71772.50
unknown,intro-trial-1,w,w,true,72023.50
unknown,intro-trial-1, , ,true,72804.20
unknown,intro-trial-1,v,v,true,73849.70
unknown,intro-trial-1,r,r,true,74039.40
unknown,intro-trial-1, , ,true,74498.70
unknown,intro-trial-1,v,v,true,74796.20
unknown,intro-trial-1,r,r,true,75122.90
unknown,intro-trial-1, , ,true,75445.20
unknown,intro-trial-1,q,q,true,75727.20
unknown,intro-trial-1, , ,true,76103.90
unknown,intro-trial-1,f,f,true,76607.50
unknown,intro-trial-1,r,r,true,76795.80
unknown,intro-trial-1, , ,true,77031.70
unknown,intro-trial-1,v,v,true,77840.40
unknown,intro-trial-1,r,r,true,78869.80
unknown,intro-trial-1, , ,true,79296.60
unknown,intro-trial-1,f,f,true,79640.60
unknown,intro-trial-1,r,r,true,79833.10
unknown,intro-trial-1, , ,true,80014.30
unknown,intro-trial-1,v,v,true,80808.60
unknown,intro-trial-1,r,r,true,82035.20
unknown,main-trial-1,l,s,false,94656.70
unknown,main-trial-1,l,a,false,94899.70
unknown,main-trial-1,l,s,false,97610.70
unknown,main-trial-1,l, ,false,98690.70
unknown,main-trial-1,l,s,false,99105.70
unknown,main-trial-1,l,a,false,99364.80
unknown,main-trial-1,l,l,true,104083.90
unknown,main-trial-1, , ,true,104895.50
unknown,main-trial-1,s,s,true,105268.20
unknown,main-trial-1,a,a,true,105448.00
unknown,main-trial-1, , ,true,105939.30
unknown,main-trial-1,s,s,true,106257.10
unknown,main-trial-1,a,a,true,106376.70
unknown,main-trial-1, , ,true,106729.20
unknown,main-trial-1,i,i,true,107019.20
unknown,main-trial-1, , ,true,107280.70
unknown,main-trial-1,w,w,true,108038.50
unknown,main-trial-1,r,r,true,108232.10
unknown,main-trial-1, , ,true,108539.10
unknown,main-trial-1,w,w,true,108824.80
unknown,main-trial-1,r,r,true,108977.40
unknown,main-trial-1, , ,true,109623.40
unknown,main-trial-1,e,e,true,110243.20
unknown,main-trial-1, , ,true,110563.70
unknown,main-trial-1,s,s,true,110852.60
unknown,main-trial-1,a,a,true,111015.70
unknown,main-trial-1, , ,true,111174.50
unknown,main-trial-1,w,w,true,111504.10
unknown,main-trial-1,r,r,true,111713.70
unknown,main-trial-1, , ,true,112036.10
unknown,main-trial-1,s,s,true,112252.00
unknown,main-trial-1,a,a,true,112369.50
unknown,main-trial-1, , ,true,112489.80
unknown,main-trial-1,w,w,true,112854.20
unknown,main-trial-1,r,r,true,113111.90
unknown,main-trial-1,,s,false,119412.00
unknown,main-trial-2,i,i,true,125039.60
unknown,main-trial-2, , ,true,125850.30
unknown,main-trial-2,s,s,true,126273.20
unknown,main-trial-2,e,e,true,126505.20
unknown,main-trial-2, , ,true,126742.20
unknown,main-trial-2,s,s,true,126972.90
unknown,main-trial-2,e,e,true,127098.90
unknown,main-trial-2, , ,true,127278.10
unknown,main-trial-2,s,s,true,127617.20
unknown,main-trial-2, , ,true,128097.90
unknown,main-trial-2,w,w,true,128797.70
unknown,main-trial-2,f,f,true,129104.80
unknown,main-trial-2, , ,true,129365.80
unknown,main-trial-2,w,w,true,129638.50
unknown,main-trial-2,f,f,true,129847.10
unknown,main-trial-2, , ,true,130299.80
unknown,main-trial-2,b,b,true,131902.90
unknown,main-trial-2, , ,true,132209.70
unknown,main-trial-2,s,s,true,132603.50
unknown,main-trial-2,e,e,true,132752.80
unknown,main-trial-2, , ,true,132918.00
unknown,main-trial-2,w,w,true,133687.00
unknown,main-trial-2,f,f,true,134233.80
unknown,main-trial-2, , ,true,134529.00
unknown,main-trial-2,s,s,true,134992.70
unknown,main-trial-2,e,e,true,135238.60
unknown,main-trial-2, , ,true,135569.20
unknown,main-trial-2,w,w,true,135954.80
unknown,main-trial-2,f,r,false,136328.00
unknown,main-trial-2,f,f,true,137694.30
unknown,main-trial-3,c,c,true,143579.70
unknown,main-trial-3, , ,true,144287.10
unknown,main-trial-3,f,f,true,144464.40
unknown,main-trial-3,e,e,true,144753.80
unknown,main-trial-3, , ,true,145322.90
unknown,main-trial-3,f,f,true,145493.20
unknown,main-trial-3,e,e,true,145741.30
unknown,main-trial-3, , ,true,145977.70
unknown,main-trial-3,y,y,true,146260.10
unknown,main-trial-3, , ,true,146645.10
unknown,main-trial-3,d,d,true,146990.90
unknown,main-trial-3,r,r,true,147187.20
unknown,main-trial-3, , ,true,147371.10
unknown,main-trial-3,d,d,true,147698.90
unknown,main-trial-3,r,r,true,148011.80
unknown,main-trial-3, , ,true,148310.70
unknown,main-trial-3,b,b,true,148567.20
unknown,main-trial-3, , ,true,148807.70
unknown,main-trial-3,f,f,true,149149.00
unknown,main-trial-3,e,e,true,149367.50
unknown,main-trial-3, , ,true,149616.90
unknown,main-trial-3,d,d,true,150005.10
unknown,main-trial-3,r,r,true,150161.30
unknown,main-trial-3, , ,true,150310.00
unknown,main-trial-3,f,f,true,150724.00
unknown,main-trial-3,e,e,true,151001.90
unknown,main-trial-3, , ,true,151226.10
unknown,main-trial-3,d,d,true,151720.40
unknown,main-trial-3,r,f,false,151895.70
unknown,main-trial-3,r,r,true,152520.30
unknown,main-trial-4,c,c,true,160849.60
unknown,main-trial-4, , ,true,161181.70
unknown,main-trial-4,d,d,true,161804.20
unknown,main-trial-4,v,v,true,162032.70
unknown,main-trial-4, , ,true,162191.80
unknown,main-trial-4,d,d,true,162628.00
unknown,main-trial-4,v,v,true,162911.50
unknown,main-trial-4, , ,true,163149.60
unknown,main-trial-4,l,s,false,163638.70
unknown,main-trial-4,l,a,false,163821.70
unknown,main-trial-4,l, ,false,163971.60
unknown,main-trial-4,l, ,false,164979.70
unknown,main-trial-4,l,s,false,166757.00
unknown,main-trial-4,l, ,false,167276.50
unknown,main-trial-4,l,s,false,169213.20
unknown,main-trial-4,l,a,false,169514.10
unknown,main-trial-4,l,v,false,172662.00
unknown,main-trial-4,l, ,false,173021.40
unknown,main-trial-4,l, ,false,178180.40
unknown,main-trial-4,l,s,false,178836.90
unknown,main-trial-4,l,a,false,179217.50
unknown,main-trial-4,l,d,false,181262.10
unknown,main-trial-4,l,v,false,181976.20
unknown,main-trial-4,l, ,false,182107.20
unknown,main-trial-4,l,s,false,182451.80
unknown,main-trial-4,l,a,false,182690.60
unknown,main-trial-4,l, ,false,182983.70
unknown,main-trial-4,l, ,false,186918.70
unknown,main-trial-4,l,s,false,187549.10
unknown,main-trial-4,l,a,false,187809.20
unknown,main-trial-4,l, ,false,188071.20
unknown,main-trial-4,l,s,false,188300.90
unknown,main-trial-4,l,a,false,188575.10
unknown,main-trial-4,l, ,false,188844.80
unknown,main-trial-4,l,i,false,189286.50
unknown,main-trial-4,l,o,false,189829.80
unknown,main-trial-4,l, ,false,190301.30
unknown,main-trial-4,l,s,false,193654.90
unknown,main-trial-4,l, ,false,194271.60
unknown,main-trial-4,l,s,false,194637.20
unknown,main-trial-4,l,a,false,194818.90
unknown,main-trial-4,l, ,false,195264.10
unknown,main-trial-4,l,d,false,202338.30
unknown,main-trial-4,l,v,false,202536.30
unknown,main-trial-4,l, ,false,202895.30
unknown,main-trial-4,l,s,false,203323.80
unknown,main-trial-4,l,a,false,203606.60
unknown,main-trial-4,l, ,false,204014.90
unknown,main-trial-4,l,s,false,205036.00
unknown,main-trial-4,l,a,false,205313.80
unknown,main-trial-4,l, ,false,205449.50
unknown,main-trial-4,l,o,false,205827.20
unknown,main-trial-4,l, ,false,206085.90
unknown,main-trial-4,l,d,false,206337.60
unknown,main-trial-4,l,v,false,206598.20
unknown,main-trial-4,l, ,false,207163.90
unknown,main-trial-4,l,s,false,208814.50
unknown,main-trial-4,l,a,false,209029.20
unknown,main-trial-4,l, ,false,209347.20
unknown,main-trial-4,l,c,false,210803.30
unknown,main-trial-4,l, ,false,211591.20
unknown,main-trial-4,l,d,false,212033.90
unknown,main-trial-4,l,v,false,212269.80
unknown,main-trial-4,l, ,false,212502.20
unknown,main-trial-4,l,d,false,212782.60
unknown,main-trial-4,l,v,false,213384.60
unknown,main-trial-4,l, ,false,213655.90
unknown,main-trial-4,l,s,false,214022.40
unknown,main-trial-4,l,a,false,214238.70
unknown,main-trial-4,l, ,false,214549.70
unknown,main-trial-4,l,s,false,214783.40
unknown,main-trial-4,l,a,false,215006.90
unknown,main-trial-4,l, ,false,215112.80
unknown,main-trial-4,l, ,false,216027.60
unknown,main-trial-4,l,l,true,226597.00
unknown,main-trial-4, ,s,false,228017.50
unknown,main-trial-4, ,a,false,228319.80
unknown,main-trial-4, ,s,false,228854.30
unknown,main-trial-4, ,a,false,229076.30
unknown,main-trial-4, ,s,false,233301.90
unknown,main-trial-4, ,a,false,233479.80
unknown,main-trial-4, ,s,false,236173.30
unknown,main-trial-4, ,a,false,236377.40
unknown,main-trial-4, , ,true,238520.90
unknown,main-trial-4,s,s,true,238828.50
unknown,main-trial-4,a,a,true,239019.90
unknown,main-trial-4, , ,true,239164.60
unknown,main-trial-4,s,s,true,240609.70
unknown,main-trial-4,a,a,true,240934.50
unknown,main-trial-4, , ,true,241251.20
unknown,main-trial-4,o,o,true,241689.20
unknown,main-trial-4, , ,true,242009.50
unknown,main-trial-4,d,d,true,242429.20
unknown,main-trial-4,v,v,true,242644.30
unknown,main-trial-4, , ,true,242920.10
unknown,main-trial-4,s,s,true,243230.80
unknown,main-trial-4,a,a,true,243471.20
unknown,main-trial-4, , ,true,243765.80
unknown,main-trial-4,d,d,true,244086.70
unknown,main-trial-4,v,v,true,244482.40
unknown,main-trial-4, , ,true,244777.60
unknown,main-trial-4,s,s,true,244996.30
unknown,main-trial-4,a,a,true,245107.50
unknown,main-trial-4,,a,false,246926.00
unknown,main-trial-4,,s,false,250676.20
unknown,main-trial-5,o,o,true,257436.90
unknown,main-trial-5, , ,true,257905.70
unknown,main-trial-5,a,a,true,258179.90
unknown,main-trial-5,d,d,true,258368.10
unknown,main-trial-5, , ,true,258727.70
unknown,main-trial-5,a,a,true,259145.80
unknown,main-trial-5,d,d,true,259387.90
unknown,main-trial-5, , ,true,259648.70
unknown,main-trial-5,z,z,true,260766.00
unknown,main-trial-5, , ,true,261070.70
unknown,main-trial-5,f,f,true,261538.70
unknown,main-trial-5,d,d,true,261740.80
unknown,main-trial-5, , ,true,261868.70
unknown,main-trial-5,f,f,true,262077.60
unknown,main-trial-5,d,d,true,262318.80
unknown,main-trial-5, , ,true,262542.70
unknown,main-trial-5,p,p,true,262928.70
unknown,main-trial-5, , ,true,263174.90
unknown,main-trial-5,a,a,true,263446.70
unknown,main-trial-5,d,d,true,263666.90
unknown,main-trial-5, , ,true,263883.80
unknown,main-trial-5,f,f,true,264193.90
unknown,main-trial-5,d,d,true,264432.40
unknown,main-trial-5, , ,true,264665.90
unknown,main-trial-5,a,a,true,265035.80
unknown,main-trial-5,d,d,true,265543.80
unknown,main-trial-5, , ,true,265705.40
unknown,main-trial-5,f,f,true,265918.80
unknown,main-trial-5,d,d,true,266343.50
unknown,main-trial-6,g,g,true,272605.40
unknown,main-trial-6, , ,true,273051.90
unknown,main-trial-6,e,e,true,273332.00
unknown,main-trial-6,w,w,true,273558.40
unknown,main-trial-6, , ,true,274109.50
unknown,main-trial-6,e,w,false,274359.30
unknown,main-trial-6,e,e,true,274720.60
unknown,main-trial-6,w,e,false,275392.40
unknown,main-trial-6,w,w,true,275753.80
unknown,main-trial-6, , ,true,276687.60
unknown,main-trial-6,v,v,true,276871.20
unknown,main-trial-6, , ,true,277115.80
unknown,main-trial-6,q,q,true,278090.10
unknown,main-trial-6,e,e,true,278364.70
unknown,main-trial-6, , ,true,278547.50
unknown,main-trial-6,q,q,true,278845.20
unknown,main-trial-6,e,e,true,279111.80
unknown,main-trial-6, , ,true,279261.40
unknown,main-trial-6,t,t,true,279555.70
unknown,main-trial-6, , ,true,279803.50
unknown,main-trial-6,e,e,true,280303.40
unknown,main-trial-6,w,w,true,280611.10
unknown,main-trial-6, , ,true,280909.70
unknown,main-trial-6,q,q,true,281332.50
unknown,main-trial-6,e,e,true,281543.90
unknown,main-trial-6, , ,true,281706.50
unknown,main-trial-6,e,e,true,282700.80
unknown,main-trial-6,w,w,true,282964.30
unknown,main-trial-6, , ,true,283325.30
unknown,main-trial-6,q,q,true,283847.10
unknown,main-trial-6,e,e,true,284117.60
unknown,main-trial-6,,w,false,287455.60
unknown,main-trial-7,x,x,true,291594.10
unknown,main-trial-7, , ,true,292204.30
unknown,main-trial-7,a,a,true,292574.10
unknown,main-trial-7,f,f,true,292720.70
unknown,main-trial-7, , ,true,292848.40
unknown,main-trial-7,a,a,true,293082.70
unknown,main-trial-7,f,f,true,293274.80
unknown,main-trial-7, , ,true,293415.20
unknown,main-trial-7,v,v,true,293822.30
unknown,main-trial-7, , ,true,293984.10
unknown,main-trial-7,s,s,true,294310.40
unknown,main-trial-7,d,d,true,294545.20
unknown,main-trial-7, , ,true,294676.10
unknown,main-trial-7,s,s,true,294970.10
unknown,main-trial-7,d,d,true,295190.20
unknown,main-trial-7, , ,true,295332.40
unknown,main-trial-7,g,g,true,295998.30
unknown,main-trial-7, , ,true,296231.90
unknown,main-trial-7,a,a,true,296679.00
unknown,main-trial-7,f,f,true,296861.00
unknown,main-trial-7, , ,true,297067.90
unknown,main-trial-7,s,s,true,297611.60
unknown,main-trial-7,d,e,false,297892.90
unknown,main-trial-7,d,d,true,298153.20
unknown,main-trial-7, , ,true,298526.90
unknown,main-trial-7,a,a,true,298741.50
unknown,main-trial-7,f,f,true,298999.90
unknown,main-trial-7, , ,true,299139.40
unknown,main-trial-7,s,s,true,299389.20
unknown,main-trial-7,d,d,true,299875.90
unknown,main-trial-8,n,n,true,306951.50
unknown,main-trial-8, , ,true,307443.10
unknown,main-trial-8,s,s,true,308289.10
unknown,main-trial-8,d,d,true,308523.30
unknown,main-trial-8, , ,true,308623.00
unknown,main-trial-8,s,s,true,308847.60
unknown,main-trial-8,d,d,true,309064.20
unknown,main-trial-8, , ,true,309182.80
unknown,main-trial-8,l,l,true,312167.20
unknown,main-trial-8, , ,true,312973.60
unknown,main-trial-8,a,a,true,313200.40
unknown,main-trial-8,f,f,true,313382.60
unknown,main-trial-8, , ,true,313524.50
unknown,main-trial-8,a,t,false,313701.80
unknown,main-trial-8,a,a,true,314353.80
unknown,main-trial-8,f,f,true,314536.70
unknown,main-trial-8, , ,true,314674.50
unknown,main-trial-8,f,f,true,314955.10
unknown,main-trial-8, , ,true,315094.80
unknown,main-trial-8,s,s,true,315403.10
unknown,main-trial-8,d,d,true,315641.10
unknown,main-trial-8, , ,true,315790.80
unknown,main-trial-8,a,a,true,316249.00
unknown,main-trial-8,f,f,true,316440.40
unknown,main-trial-8, , ,true,316622.20
unknown,main-trial-8,s,s,true,317798.00
unknown,main-trial-8,d,d,true,317996.40
unknown,main-trial-8, , ,true,318446.70
unknown,main-trial-8,a,a,true,318749.30
unknown,main-trial-8,f,f,true,318942.00
unknown,main-trial-9,q,q,true,324994.90
unknown,main-trial-9, , ,true,325642.40
unknown,main-trial-9,f,f,true,326469.40
unknown,main-trial-9,d,d,true,326653.40
unknown,main-trial-9, , ,true,326803.60
unknown,main-trial-9,f,f,true,327140.40
unknown,main-trial-9,d,d,true,327294.30
unknown,main-trial-9, , ,true,327421.70
unknown,main-trial-9,m,m,true,327746.80
unknown,main-trial-9, , ,true,327889.20
unknown,main-trial-9,s,s,true,328197.70
unknown,main-trial-9,d,d,true,328367.40
unknown,main-trial-9, , ,true,328504.90
unknown,main-trial-9,s,s,true,328761.00
unknown,main-trial-9,d,d,true,329106.30
unknown,main-trial-9, , ,true,329367.30
unknown,main-trial-9,m,m,true,329647.80
unknown,main-trial-9, , ,true,329803.30
unknown,main-trial-9,f,f,true,330083.60
unknown,main-trial-9,d,d,true,330266.70
unknown,main-trial-9, , ,true,330399.30
unknown,main-trial-9,s,s,true,330706.60
unknown,main-trial-9,d,d,true,330965.40
unknown,main-trial-9, , ,true,331133.40
unknown,main-trial-9,f,f,true,331395.20
unknown,main-trial-9,d,d,true,331631.20
unknown,main-trial-9, , ,true,331769.70
unknown,main-trial-9,s,s,true,332018.80
unknown,main-trial-9,d,d,true,332223.70
unknown,main-trial-10,v,v,true,337732.70
unknown,main-trial-10, , ,true,337893.30
unknown,main-trial-10,d,d,true,338850.40
unknown,main-trial-10,r,r,true,339022.50
unknown,main-trial-10, , ,true,339122.90
unknown,main-trial-10,d,d,true,339372.30
unknown,main-trial-10,r,r,true,339671.90
unknown,main-trial-10, , ,true,339846.80
unknown,main-trial-10,m,m,true,340115.20
unknown,main-trial-10, , ,true,340282.70
unknown,main-trial-10,f,f,true,340510.20
unknown,main-trial-10,e,e,true,340718.60
unknown,main-trial-10, , ,true,341167.10
unknown,main-trial-10,f,f,true,341400.00
unknown,main-trial-10,e,e,true,341610.00
unknown,main-trial-10, , ,true,341740.40
unknown,main-trial-10,e,e,true,343069.40
unknown,main-trial-10, , ,true,343211.90
unknown,main-trial-10,d,d,true,343530.10
unknown,main-trial-10,r,r,true,343889.50
unknown,main-trial-10, , ,true,344639.90
unknown,main-trial-10,f,f,true,344842.50
unknown,main-trial-10,e,e,true,345003.00
unknown,main-trial-10, , ,true,345521.30
unknown,main-trial-10,d,d,true,345856.30
unknown,main-trial-10,r,f,false,346087.40
unknown,main-trial-10,r,r,true,346602.30
unknown,main-trial-10, , ,true,346828.50
unknown,main-trial-10,f,f,true,347045.00
unknown,main-trial-10,e,e,true,347207.20
unknown,main-trial-11,g,g,true,351446.20
unknown,main-trial-11, , ,true,351622.20
unknown,main-trial-11,w,w,true,351922.00
unknown,main-trial-11,d,d,true,352167.20
unknown,main-trial-11, , ,true,352520.10
unknown,main-trial-11,w,w,true,352834.50
unknown,main-trial-11,d,d,true,353220.40
unknown,main-trial-11, , ,true,353384.40
unknown,main-trial-11,o,o,true,353646.60
unknown,main-trial-11, , ,true,353782.40
unknown,main-trial-11,f,f,true,354032.50
unknown,main-trial-11,r,r,true,354238.10
unknown,main-trial-11, , ,true,354425.90
unknown,main-trial-11,f,f,true,354688.50
unknown,main-trial-11,r,r,true,354884.70
unknown,main-trial-11, , ,true,355031.90
unknown,main-trial-11,y,y,true,355379.50
unknown,main-trial-11, , ,true,355559.10
unknown,main-trial-11,w,w,true,356578.80
unknown,main-trial-11,d,d,true,356792.60
unknown,main-trial-11, , ,true,356910.40
unknown,main-trial-11,f,f,true,357178.80
unknown,main-trial-11,r,r,true,357378.90
unknown,main-trial-11, , ,true,357543.20
unknown,main-trial-11,w,w,true,358004.10
unknown,main-trial-11,d,d,true,358279.80
unknown,main-trial-11, , ,true,358471.60
unknown,main-trial-11,f,f,true,358698.10
unknown,main-trial-11,r,r,true,358876.40
unknown,main-trial-12,j,j,true,362759.70
unknown,main-trial-12, , ,true,362927.30
unknown,main-trial-12,s,s,true,363170.40
unknown,main-trial-12,f,f,true,363475.30
unknown,main-trial-12, , ,true,363630.90
unknown,main-trial-12,s,s,true,363842.00
unknown,main-trial-12,f,f,true,364108.10
unknown,main-trial-12, , ,true,364270.40
unknown,main-trial-12,o,o,true,364577.40
unknown,main-trial-12, , ,true,364681.10
unknown,main-trial-12,e,e,true,364961.80
unknown,main-trial-12,r,r,true,365145.30
unknown,main-trial-12, , ,true,365321.40
unknown,main-trial-12,e,e,true,365628.80
unknown,main-trial-12,r,r,true,365853.70
unknown,main-trial-12, , ,true,366072.20
unknown,main-trial-12,i,i,true,366348.50
unknown,main-trial-12, , ,true,366559.10
unknown,main-trial-12,s,s,true,366805.90
unknown,main-trial-12,f,f,true,367047.10
unknown,main-trial-12, , ,true,367221.90
unknown,main-trial-12,e,e,true,367547.20
unknown,main-trial-12,r,r,true,367720.30
unknown,main-trial-12, , ,true,367858.30
unknown,main-trial-12,s,s,true,368126.30
unknown,main-trial-12,f,f,true,368434.40
unknown,main-trial-12, , ,true,369157.10
unknown,main-trial-12,e,e,true,369853.00
unknown,main-trial-12,r,r,true,370093.60
unknown,main-trial-13,v,v,true,374578.20
unknown,main-trial-13, , ,true,374781.60
unknown,main-trial-13,w,w,true,375914.60
unknown,main-trial-13,w,w,true,376184.40
unknown,main-trial-13, , ,true,376431.80
unknown,main-trial-13,w,w,true,376741.30
unknown,main-trial-13,w,w,true,376907.00
unknown,main-trial-13, , ,true,377160.30
unknown,main-trial-13,n,n,true,377692.60
unknown,main-trial-13, , ,true,377904.80
unknown,main-trial-13,a,a,true,378140.70
unknown,main-trial-13,a,a,true,378293.40
unknown,main-trial-13, , ,true,378425.90
unknown,main-trial-13,a,a,true,378751.40
unknown,main-trial-13,a, ,false,378867.20
unknown,main-trial-13,a, ,false,379004.10
unknown,main-trial-13,a, ,false,380324.60
unknown,main-trial-13,a,a,true,380702.30
unknown,main-trial-13, , ,true,380980.40
unknown,main-trial-13,f,f,true,381246.80
unknown,main-trial-13, , ,true,381477.20
unknown,main-trial-13,w,w,true,381797.30
unknown,main-trial-13,w,w,true,381972.20
unknown,main-trial-13, , ,true,382372.60
unknown,main-trial-13,a,a,true,382821.40
unknown,main-trial-13,a,a,true,382983.00
unknown,main-trial-13, , ,true,383116.80
unknown,main-trial-13,w,f,false,383341.60
unknown,main-trial-13,w,f,false,383523.60
unknown,main-trial-13,w,w,true,383797.00
unknown,main-trial-13,w,w,true,383981.70
unknown,main-trial-13, , ,true,384185.90
unknown,main-trial-13,a,a,true,384479.60
unknown,main-trial-13,a,a,true,384668.70
unknown,main-trial-14,u,u,true,388718.50
unknown,main-trial-14, , ,true,389110.30
unknown,main-trial-14,f,f,true,389594.40
unknown,main-trial-14,s,s,true,389778.40
unknown,main-trial-14, , ,true,389883.50
unknown,main-trial-14,f,f,true,390168.00
unknown,main-trial-14,s,s,true,390381.60
unknown,main-trial-14, , ,true,390514.20
unknown,main-trial-14,s,s,true,390738.80
unknown,main-trial-14, , ,true,390849.60
unknown,main-trial-14,r,r,true,391124.10
unknown,main-trial-14,e,e,true,391317.30
unknown,main-trial-14, , ,true,391462.10
unknown,main-trial-14,r,r,true,391739.50
unknown,main-trial-14,e,e,true,391968.20
unknown,main-trial-14, , ,true,392076.10
unknown,main-trial-14,f,f,true,392501.70
unknown,main-trial-14, , ,true,392729.90
unknown,main-trial-14,f,f,true,392999.00
unknown,main-trial-14,s,s,true,393190.50
unknown,main-trial-14, , ,true,393468.70
unknown,main-trial-14,r,r,true,393747.80
unknown,main-trial-14,e,e,true,393969.90
unknown,main-trial-14, , ,true,394121.20
unknown,main-trial-14,f,f,true,394324.40
unknown,main-trial-14,s,s,true,394511.50
unknown,main-trial-14, , ,true,394671.20
unknown,main-trial-14,r,r,true,394950.60
unknown,main-trial-14,e,e,true,395108.50
unknown,main-trial-15,m,m,true,398692.90
unknown,main-trial-15, , ,true,398864.80
unknown,main-trial-15,e,e,true,399874.00
unknown,main-trial-15,w,w,true,400056.30
unknown,main-trial-15, , ,true,400169.50
unknown,main-trial-15,e,e,true,400582.10
unknown,main-trial-15,w,w,true,400791.40
unknown,main-trial-15, , ,true,400944.20
unknown,main-trial-15,s,s,true,401177.70
unknown,main-trial-15, , ,true,401275.00
unknown,main-trial-15,f,f,true,401560.70
unknown,main-trial-15,v,v,true,401860.70
unknown,main-trial-15, , ,true,402057.90
unknown,main-trial-15,f,f,true,402411.50
unknown,main-trial-15,v,v,true,402698.70
unknown,main-trial-15, , ,true,402929.40
unknown,main-trial-15,f,f,true,403309.40
unknown,main-trial-15, , ,true,403437.80
unknown,main-trial-15,e,e,true,403701.30
unknown,main-trial-15,w,w,true,403915.10
unknown,main-trial-15, , ,true,404230.50
unknown,main-trial-15,f,f,true,404634.60
unknown,main-trial-15,v,v,true,404869.20
unknown,main-trial-15, , ,true,405056.20
unknown,main-trial-15,e,e,true,405398.70
unknown,main-trial-15,w,w,true,405627.10
unknown,main-trial-15, , ,true,405925.60
unknown,main-trial-15,f,f,true,406260.30
unknown,main-trial-15,v,w,false,406514.60
unknown,main-trial-15,v,v,true,406898.40
unknown,main-trial-16,v,v,true,414349.90
unknown,main-trial-16, , ,true,414512.20
unknown,main-trial-16,a,a,true,414808.40
unknown,main-trial-16,a,a,true,414970.60
unknown,main-trial-16, , ,true,415141.30
unknown,main-trial-16,a,a,true,415408.30
unknown,main-trial-16,a,a,true,415581.50
unknown,main-trial-16, , ,true,415706.60
unknown,main-trial-16,q,q,true,415991.40
unknown,main-trial-16, , ,true,416141.10
unknown,main-trial-16,f,f,true,416433.90
unknown,main-trial-16,f,f,true,416621.50
unknown,main-trial-16, , ,true,416804.30
unknown,main-trial-16,f,f,true,417077.60
unknown,main-trial-16,f,f,true,417263.40
unknown,main-trial-16, , ,true,417389.40
unknown,main-trial-16,o,o,true,417703.00
unknown,main-trial-16, , ,true,417982.20
unknown,main-trial-16,a,a,true,418277.70
unknown,main-trial-16,a,a,true,418457.80
unknown,main-trial-16, , ,true,418606.00
unknown,main-trial-16,f,f,true,418832.60
unknown,main-trial-16,f,f,true,419014.20
unknown,main-trial-16, , ,true,419167.20
unknown,main-trial-16,a,a,true,419391.00
unknown,main-trial-16,a,a,true,419578.60
unknown,main-trial-16, , ,true,419828.40
unknown,main-trial-16,f,f,true,420007.90
unknown,main-trial-16,f,f,true,420188.70
unknown,main-trial-17,x,x,true,424213.40
unknown,main-trial-17, , ,true,424314.10
unknown,main-trial-17,d,d,true,424841.60
unknown,main-trial-17,v,v,true,425282.10
unknown,main-trial-17, , ,true,425484.10
unknown,main-trial-17,d,d,true,425809.50
unknown,main-trial-17,v,v,true,426036.80
unknown,main-trial-17, , ,true,426182.00
unknown,main-trial-17,v,a,false,426377.80
unknown,main-trial-17,v,v,true,427019.90
unknown,main-trial-17, , ,true,427253.00
unknown,main-trial-17,a,a,true,427509.30
unknown,main-trial-17,r,r,true,427682.20
unknown,main-trial-17, , ,true,427817.50
unknown,main-trial-17,a,a,true,428129.90
unknown,main-trial-17,r,r,true,428290.80
unknown,main-trial-17, , ,true,428455.50
unknown,main-trial-17,w,w,true,428839.80
unknown,main-trial-17, , ,true,429071.80
unknown,main-trial-17,d,d,true,429567.40
unknown,main-trial-17,v,v,true,429789.20
unknown,main-trial-17, , ,true,429928.90
unknown,main-trial-17,a,a,true,430185.70
unknown,main-trial-17,r,r,true,430426.90
unknown,main-trial-17, , ,true,430594.30
unknown,main-trial-17,d,d,true,430905.10
unknown,main-trial-17,v,v,true,431181.10
unknown,main-trial-17, , ,true,431385.30
unknown,main-trial-17,a,a,true,431547.90
unknown,main-trial-17,r,r,true,431726.00
unknown,main-trial-18,r,r,true,438309.50
unknown,main-trial-18, , ,true,438477.20
unknown,main-trial-18,f,f,true,438913.40
unknown,main-trial-18,v,v,true,439152.60
unknown,main-trial-18, , ,true,439304.90
unknown,main-trial-18,f,f,true,439571.30
unknown,main-trial-18,v,v,true,439886.30
unknown,main-trial-18, , ,true,440026.30
unknown,main-trial-18,w,w,true,440297.80
unknown,main-trial-18, , ,true,440426.50
unknown,main-trial-18,v,v,true,441480.50
unknown,main-trial-18,f,f,true,441736.90
unknown,main-trial-18, , ,true,441886.00
unknown,main-trial-18,v,v,true,442192.80
unknown,main-trial-18,f,f,true,442473.60
unknown,main-trial-18, , ,true,442633.50
unknown,main-trial-18,b,b,true,443019.30
unknown,main-trial-18, , ,true,443348.30
unknown,main-trial-18,f,f,true,444055.60
unknown,main-trial-18,v,v,true,444307.30
unknown,main-trial-18, , ,true,444459.40
unknown,main-trial-18,v,v,true,445834.80
unknown,main-trial-18,f,f,true,447179.90
unknown,main-trial-18, , ,true,447569.00
unknown,main-trial-18,f,f,true,448174.60
unknown,main-trial-18,v,v,true,448502.30
unknown,main-trial-18, , ,true,448783.10
unknown,main-trial-18,v,v,true,450291.40
unknown,main-trial-18,f,f,true,450485.50
unknown,main-trial-19,e,e,true,456630.40
unknown,main-trial-19, , ,true,456790.20
unknown,main-trial-19,a,a,true,458299.20
unknown,main-trial-19,r,r,true,458505.10
unknown,main-trial-19, , ,true,458633.90
unknown,main-trial-19,a,a,true,459432.40
unknown,main-trial-19,r,r,true,459708.60
unknown,main-trial-19, , ,true,459903.40
unknown,main-trial-19,f,f,true,460118.30
unknown,main-trial-19, , ,true,460213.90
unknown,main-trial-19,s,s,true,460484.70
unknown,main-trial-19,e,e,true,460719.10
unknown,main-trial-19, , ,true,460851.70
unknown,main-trial-19,s,s,true,461130.50
unknown,main-trial-19,e,e,true,461273.30
unknown,main-trial-19, , ,true,461488.60
unknown,main-trial-19,x,x,true,461929.70
unknown,main-trial-19, , ,true,462125.50
unknown,main-trial-19,a,a,true,462740.40
unknown,main-trial-19,r,r,true,463037.60
unknown,main-trial-19, , ,true,463176.00
unknown,main-trial-19,s,s,true,463392.30
unknown,main-trial-19,e,e,true,463501.50
unknown,main-trial-19, , ,true,463619.10
unknown,main-trial-19,a,a,true,463983.40
unknown,main-trial-19,r,r,true,464125.70
unknown,main-trial-19, , ,true,464258.60
unknown,main-trial-19,s,s,true,464505.90
unknown,main-trial-19,e,e,true,464637.60
unknown,main-trial-19,,s,false,469063.20
unknown,main-trial-20,r,r,true,473082.10
unknown,main-trial-20, , ,true,473219.80
unknown,main-trial-20,r,r,true,473720.40
unknown,main-trial-20,r,r,true,473902.70
unknown,main-trial-20, , ,true,474030.00
unknown,main-trial-20,r,r,true,474306.90
unknown,main-trial-20,r,r,true,474489.40
unknown,main-trial-20, , ,true,474666.90
unknown,main-trial-20,g,g,true,474861.20
unknown,main-trial-20, ,g,false,475045.60
unknown,main-trial-20, , ,true,475277.80
unknown,main-trial-20,s,s,true,475553.70
unknown,main-trial-20,s,s,true,475703.90
unknown,main-trial-20, , ,true,475820.00
unknown,main-trial-20,s,s,true,476076.60
unknown,main-trial-20,s,s,true,476248.60
unknown,main-trial-20, , ,true,476416.80
unknown,main-trial-20,p,p,true,476901.40
unknown,main-trial-20, , ,true,476998.20
unknown,main-trial-20,r,r,true,477414.60
unknown,main-trial-20,r,r,true,477586.20
unknown,main-trial-20, , ,true,477751.40
unknown,main-trial-20,s,s,true,478060.30
unknown,main-trial-20,s,s,true,478232.50
unknown,main-trial-20, , ,true,478360.10
unknown,main-trial-20,r,r,true,478560.70
unknown,main-trial-20,r,r,true,478766.60
unknown,main-trial-20, , ,true,479023.40
unknown,main-trial-20,s,s,true,479287.30
unknown,main-trial-20,s,s,true,479462.60
unknown,main-trial-21,r,r,true,485375.10
unknown,main-trial-21, , ,true,485512.60
unknown,main-trial-21,v,v,true,485820.60
unknown,main-trial-21,f,f,true,486109.60
unknown,main-trial-21, , ,true,486306.90
unknown,main-trial-21,v,v,true,486703.50
unknown,main-trial-21,f,f,true,486933.20
unknown,main-trial-21, , ,true,487077.70
unknown,main-trial-21,c,c,true,487449.60
unknown,main-trial-21, , ,true,487608.50
unknown,main-trial-21,f,f,true,487901.20
unknown,main-trial-21,v,v,true,488194.50
unknown,main-trial-21, , ,true,488430.40
unknown,main-trial-21,f,f,true,488818.10
unknown,main-trial-21,v,v,true,489083.50
unknown,main-trial-21, , ,true,489293.80
unknown,main-trial-21,n,n,true,489645.50
unknown,main-trial-21, , ,true,489894.80
unknown,main-trial-21,v,v,true,490153.40
unknown,main-trial-21,f,f,true,490404.80
unknown,main-trial-21, , ,true,490582.70
unknown,main-trial-21,f,f,true,490900.60
unknown,main-trial-21,v,v,true,491195.20
unknown,main-trial-21, , ,true,491431.80
unknown,main-trial-21,v,v,true,491965.10
unknown,main-trial-21,f,f,true,492352.00
unknown,main-trial-21, , ,true,492571.80
unknown,main-trial-21,f,f,true,492819.50
unknown,main-trial-21,v,v,true,493204.80
unknown,main-trial-22,m,m,true,502476.00
unknown,main-trial-22, , ,true,503201.30
unknown,main-trial-22,s,s,true,503564.00
unknown,main-trial-22,f,f,true,503769.60
unknown,main-trial-22, , ,true,503891.30
unknown,main-trial-22,s,s,true,504172.80
unknown,main-trial-22,f,f,true,504402.20
unknown,main-trial-22, , ,true,504498.00
unknown,main-trial-22,s,s,true,504729.50
unknown,main-trial-22, , ,true,504825.60
unknown,main-trial-22,d,d,true,505114.90
unknown,main-trial-22,f,f,true,505397.10
unknown,main-trial-22, , ,true,505474.20
unknown,main-trial-22,d,d,true,505770.00
unknown,main-trial-22,f,f,true,506039.80
unknown,main-trial-22, , ,true,506150.90
unknown,main-trial-22,r,r,true,506444.40
unknown,main-trial-22, , ,true,506646.50
unknown,main-trial-22,s,s,true,506923.10
unknown,main-trial-22,f,f,true,507157.50
unknown,main-trial-22, , ,true,507262.40
unknown,main-trial-22,d,d,true,507838.10
unknown,main-trial-22,f,f,true,508075.60
unknown,main-trial-22, , ,true,508255.20
unknown,main-trial-22,s,s,true,508576.50
unknown,main-trial-22,f,f,true,508977.90
unknown,main-trial-22, , ,true,509110.60
unknown,main-trial-22,d,d,true,509441.90
unknown,main-trial-22,f,f,true,509670.50
unknown,main-trial-23,k,k,true,514786.50
unknown,main-trial-23, , ,true,514917.90
unknown,main-trial-23,v,v,true,515233.80
unknown,main-trial-23,v,v,true,515410.80
unknown,main-trial-23, , ,true,515496.90
unknown,main-trial-23,v,v,true,515726.60
unknown,main-trial-23,v,v,true,515923.50
unknown,main-trial-23, , ,true,516199.50
unknown,main-trial-23,l,l,true,516795.80
unknown,main-trial-23, , ,true,516944.00
unknown,main-trial-23,e,e,true,517447.40
unknown,main-trial-23,e,e,true,517601.10
unknown,main-trial-23, , ,true,517707.30
unknown,main-trial-23,e,e,true,518088.90
unknown,main-trial-23,e,e,true,518279.00
unknown,main-trial-23, , ,true,518407.60
unknown,main-trial-23,t,t,true,518848.30
unknown,main-trial-23, , ,true,519076.50
unknown,main-trial-23,v,v,true,519407.70
unknown,main-trial-23,v,v,true,519654.30
unknown,main-trial-23, , ,true,519791.50
unknown,main-trial-23,e,e,true,520096.80
unknown,main-trial-23,e,e,true,520247.20
unknown,main-trial-23, , ,true,520405.60
unknown,main-trial-23,v,v,true,520705.90
unknown,main-trial-23,v,v,true,520910.20
unknown,main-trial-23, , ,true,520999.50
unknown,main-trial-23,e,e,true,521273.90
unknown,main-trial-23,e,e,true,521469.20
unknown,main-trial-24,f,f,true,536343.40
unknown,main-trial-24, , ,true,536465.60
unknown,main-trial-24,e,e,true,536870.50
unknown,main-trial-24,r,r,true,537002.90
unknown,main-trial-24, , ,true,537126.30
unknown,main-trial-24,e,e,true,537356.70
unknown,main-trial-24,r,r,true,537533.90
unknown,main-trial-24, , ,true,537728.40
unknown,main-trial-24,o,o,true,538075.60
unknown,main-trial-24, , ,true,538186.60
unknown,main-trial-24,s,s,true,538523.90
unknown,main-trial-24,f,f,true,538743.10
unknown,main-trial-24, , ,true,538902.10
unknown,main-trial-24,s,s,true,539093.70
unknown,main-trial-24,f,f,true,539381.20
unknown,main-trial-24, , ,true,539552.20
unknown,main-trial-24,q,q,true,539925.70
unknown,main-trial-24, , ,true,540114.60
unknown,main-trial-24,e,e,true,540387.70
unknown,main-trial-24,r,r,true,540498.80
unknown,main-trial-24, , ,true,540687.80
unknown,main-trial-24,s,s,true,541119.60
unknown,main-trial-24,f,f,true,541317.60
unknown,main-trial-24, , ,true,541446.50
unknown,main-trial-24,e,e,true,541658.80
unknown,main-trial-24,r,r,true,541848.00
unknown,main-trial-24, , ,true,542003.00
unknown,main-trial-24,s,s,true,542386.00
unknown,main-trial-24,f,f,true,542587.20
unknown,main-trial-25,g,g,true,546865.20
unknown,main-trial-25, , ,true,546977.60
unknown,main-trial-25,d,d,true,547256.60
unknown,main-trial-25,s,s,true,547458.80
unknown,main-trial-25, , ,true,547539.80
unknown,main-trial-25,d,d,true,547838.60
unknown,main-trial-25,s,s,true,548015.10
unknown,main-trial-25, , ,true,548115.90
unknown,main-trial-25,m,m,true,548483.80
unknown,main-trial-25, , ,true,548623.90
unknown,main-trial-25,f,f,true,548878.50
unknown,main-trial-25,a,a,true,549011.60
unknown,main-trial-25, , ,true,549126.90
unknown,main-trial-25,f,f,true,549334.30
unknown,main-trial-25,a,a,true,549434.80
unknown,main-trial-25, , ,true,549531.10
unknown,main-trial-25,q,q,true,549919.00
unknown,main-trial-25, , ,true,550142.40
unknown,main-trial-25,d,d,true,550497.40
unknown,main-trial-25,s,s,true,550724.90
unknown,main-trial-25, , ,true,550807.60
unknown,main-trial-25,f,f,true,551113.00
unknown,main-trial-25,a,a,true,551289.60
unknown,main-trial-25, , ,true,551444.10
unknown,main-trial-25,d,d,true,551671.90
unknown,main-trial-25,s,s,true,552029.00
unknown,main-trial-25, , ,true,552208.50
unknown,main-trial-25,f,f,true,552427.80
unknown,main-trial-25,a,a,true,552548.90
unknown,main-trial-26,r,r,true,558116.50
unknown,main-trial-26, , ,true,558311.00
unknown,main-trial-26,f,f,true,558805.10
unknown,main-trial-26,s,s,true,559095.80
unknown,main-trial-26, , ,true,559240.70
unknown,main-trial-26,f,f,true,559592.60
unknown,main-trial-26,s,s,true,559795.00
unknown,main-trial-26, , ,true,559928.70
unknown,main-trial-26,a,a,true,560155.00
unknown,main-trial-26, , ,true,560259.00
unknown,main-trial-26,a,a,true,560605.90
unknown,main-trial-26,s,s,true,560880.20
unknown,main-trial-26, , ,true,561021.10
unknown,main-trial-26,a,a,true,561188.70
unknown,main-trial-26,s,s,true,561361.10
unknown,main-trial-26, , ,true,561481.40
unknown,main-trial-26,i,i,true,561769.70
unknown,main-trial-26, , ,true,561895.80
unknown,main-trial-26,f,f,true,562119.70
unknown,main-trial-26,s,s,true,562291.80
unknown,main-trial-26, , ,true,562420.30
unknown,main-trial-26,a,a,true,562618.40
unknown,main-trial-26,s,s,true,562767.80
unknown,main-trial-26, , ,true,562879.20
unknown,main-trial-26,f,f,true,563366.00
unknown,main-trial-26,s,s,true,563642.30
unknown,main-trial-26, , ,true,563833.40
unknown,main-trial-26,a,a,true,564036.90
unknown,main-trial-26,s,s,true,564169.70
unknown,main-trial-27,e,e,true,569019.30
unknown,main-trial-27, , ,true,569184.90
unknown,main-trial-27,w,w,true,569411.20
unknown,main-trial-27,e,e,true,569621.80
unknown,main-trial-27, , ,true,569749.00
unknown,main-trial-27,w,w,true,569994.60
unknown,main-trial-27,e,e,true,570133.70
unknown,main-trial-27, , ,true,570271.40
unknown,main-trial-27,p,p,true,570587.60
unknown,main-trial-27, , ,true,570712.30
unknown,main-trial-27,d,d,true,570951.80
unknown,main-trial-27,a,a,true,571046.30
unknown,main-trial-27, , ,true,571157.00
unknown,main-trial-27,d,d,true,571378.50
unknown,main-trial-27,a,a,true,571484.40
unknown,main-trial-27, , ,true,571552.50
unknown,main-trial-27,j,j,true,571943.20
unknown,main-trial-27, , ,true,572137.60
unknown,main-trial-27,w,w,true,572512.40
unknown,main-trial-27,e,e,true,572655.60
unknown,main-trial-27, , ,true,572800.90
unknown,main-trial-27,d,d,true,573087.40
unknown,main-trial-27,a,a,true,573217.30
unknown,main-trial-27, , ,true,573336.70
unknown,main-trial-27,w,w,true,573565.70
unknown,main-trial-27,e,e,true,573694.40
unknown,main-trial-27, , ,true,573835.40
unknown,main-trial-27,d,d,true,574109.30
unknown,main-trial-27,a,a,true,574310.30
unknown,main-trial-28,o,o,true,593402.00
unknown,main-trial-28, , ,true,593586.80
unknown,main-trial-28,e,e,true,594575.50
unknown,main-trial-28,d,d,true,594776.60
unknown,main-trial-28, , ,true,594925.30
unknown,main-trial-28,e,e,true,595154.80
unknown,main-trial-28,d,d,true,595352.00
unknown,main-trial-28, , ,true,595421.10
unknown,main-trial-28,u,u,true,595679.80
unknown,main-trial-28, , ,true,595850.80
unknown,main-trial-28,f,f,true,596108.70
unknown,main-trial-28,e,e,true,596274.70
unknown,main-trial-28, , ,true,596415.30
unknown,main-trial-28,f,f,true,596574.10
unknown,main-trial-28,e,e,true,596873.30
unknown,main-trial-28, , ,true,597031.00
unknown,main-trial-28,y,y,true,597422.10
unknown,main-trial-28, , ,true,597604.90
unknown,main-trial-28,e,e,true,597951.80
unknown,main-trial-28,d,d,true,598151.00
unknown,main-trial-28, , ,true,598239.70
unknown,main-trial-28,f,f,true,598477.40
unknown,main-trial-28,e,e,true,598667.70
unknown,main-trial-28, , ,true,598844.60
unknown,main-trial-28,e,e,true,599222.20
unknown,main-trial-28,d,d,true,599436.40
unknown,main-trial-28, , ,true,599532.60
unknown,main-trial-28,f,f,true,599779.60
unknown,main-trial-28,e,e,true,600087.80
unknown,main-trial-29,x,x,true,604145.40
unknown,main-trial-29, , ,true,604260.30
unknown,main-trial-29,a,a,true,604448.30
unknown,main-trial-29,d,d,true,604601.90
unknown,main-trial-29, , ,true,604712.30
unknown,main-trial-29,a,a,true,604974.10
unknown,main-trial-29,d,d,true,605129.10
unknown,main-trial-29, , ,true,605254.60
unknown,main-trial-29,k,k,true,605525.60
unknown,main-trial-29, , ,true,605689.40
unknown,main-trial-29,a,a,true,605899.40
unknown,main-trial-29,s,s,true,606045.30
unknown,main-trial-29, , ,true,606167.00
unknown,main-trial-29,a,a,true,606362.00
unknown,main-trial-29,s,s,true,606519.70
unknown,main-trial-29, , ,true,606659.30
unknown,main-trial-29,l,l,true,607898.20
unknown,main-trial-29, , ,true,608186.30
unknown,main-trial-29,a,a,true,608558.20
unknown,main-trial-29,d,d,true,608766.40
unknown,main-trial-29, , ,true,608892.50
unknown,main-trial-29,a,a,true,609246.80
unknown,main-trial-29,s,s,true,609428.70
unknown,main-trial-29, , ,true,609561.40
unknown,main-trial-29,a,a,true,609742.70
unknown,main-trial-29,d,d,true,609949.50
unknown,main-trial-29, , ,true,610049.70
unknown,main-trial-29,a,a,true,610338.50
unknown,main-trial-29,s,s,true,610529.90
unknown,main-trial-30,s,s,true,621003.10
unknown,main-trial-30, , ,true,621232.60
unknown,main-trial-30,r,r,true,621644.00
unknown,main-trial-30,r,r,true,621811.00
unknown,main-trial-30, , ,true,621873.30
unknown,main-trial-30,r,r,true,622083.40
unknown,main-trial-30,r,r,true,622268.10
unknown,main-trial-30, , ,true,622369.20
unknown,main-trial-30,q,q,true,622521.50
unknown,main-trial-30, , ,true,622758.60
unknown,main-trial-30,e,e,true,623008.20
unknown,main-trial-30,e,e,true,623154.60
unknown,main-trial-30, , ,true,623228.40
unknown,main-trial-30,e,e,true,623394.70
unknown,main-trial-30,e,e,true,623566.60
unknown,main-trial-30, , ,true,623699.70
unknown,main-trial-30,y,y,true,624040.20
unknown,main-trial-30, , ,true,624220.60
unknown,main-trial-30,r,r,true,624483.20
unknown,main-trial-30,r,r,true,624639.30
unknown,main-trial-30, , ,true,624739.90
unknown,main-trial-30,e,e,true,624915.00
unknown,main-trial-30,e,e,true,625121.20
unknown,main-trial-30, ,e,false,625336.60
unknown,main-trial-30, , ,true,626239.80
unknown,main-trial-30,r,r,true,626525.90
unknown,main-trial-30,r,r,true,626690.20
unknown,main-trial-30, , ,true,626812.80
unknown,main-trial-30,e,e,true,627183.10
unknown,main-trial-30,e,e,true,627349.10
unknown,main-trial-31,g,g,true,632339.80
unknown,main-trial-31, , ,true,632513.10
unknown,main-trial-31,d,d,true,632759.60
unknown,main-trial-31,e,e,true,632924.20
unknown,main-trial-31, , ,true,633013.10
unknown,main-trial-31,d,d,true,633182.90
unknown,main-trial-31,e,e,true,633391.20
unknown,main-trial-31, , ,true,633552.20
unknown,main-trial-31,z,a,false,634062.50
unknown,main-trial-31,z,z,true,636094.80
unknown,main-trial-31, , ,true,636670.80
unknown,main-trial-31,f,f,true,637026.00
unknown,main-trial-31,r,r,true,637221.20
unknown,main-trial-31, , ,true,637408.30
unknown,main-trial-31,f,f,true,637723.50
unknown,main-trial-31,r,r,true,637941.30
unknown,main-trial-31, , ,true,638332.90
unknown,main-trial-31,i,i,true,638844.50
unknown,main-trial-31, , ,true,638959.60
unknown,main-trial-31,d,d,true,640448.30
unknown,main-trial-31,e,e,true,640614.70
unknown,main-trial-31, , ,true,640762.60
unknown,main-trial-31,f,f,true,642170.30
unknown,main-trial-31,r,r,true,642382.40
unknown,main-trial-31, , ,true,642697.80
unknown,main-trial-31,d,d,true,642869.90
unknown,main-trial-31,e,e,true,643025.90
unknown,main-trial-31, , ,true,643131.70
unknown,main-trial-31,f,f,true,643360.00
unknown,main-trial-31,r,r,true,643563.50
unknown,main-trial-32,q,q,true,647004.80
unknown,main-trial-32, , ,true,647138.30
unknown,main-trial-32,a,a,true,647432.40
unknown,main-trial-32,a,a,true,647625.70
unknown,main-trial-32, , ,true,647717.80
unknown,main-trial-32,a,a,true,648021.40
unknown,main-trial-32,a,a,true,648210.80
unknown,main-trial-32, , ,true,648339.50
unknown,main-trial-32,g,g,true,648774.30
unknown,main-trial-32, , ,true,648969.60
unknown,main-trial-32,r,r,true,649259.70
unknown,main-trial-32,r,r,true,649476.00
unknown,main-trial-32, , ,true,649591.90
unknown,main-trial-32,r,r,true,649798.40
unknown,main-trial-32,r,r,true,649991.90
unknown,main-trial-32, , ,true,650066.80
unknown,main-trial-32,l,l,true,650383.30
unknown,main-trial-32, , ,true,650506.80
unknown,main-trial-32,a,a,true,650888.40
unknown,main-trial-32,a,a,true,651101.40
unknown,main-trial-32, , ,true,651247.70
unknown,main-trial-32,r,r,true,651648.90
unknown,main-trial-32,r,r,true,651838.20
unknown,main-trial-32, , ,true,651926.30
unknown,main-trial-32,a,a,true,652147.10
unknown,main-trial-32,a,a,true,652352.60
unknown,main-trial-32, , ,true,652512.90
unknown,main-trial-32,r,r,true,652723.20
unknown,main-trial-32,r,r,true,652903.40
unknown,main-trial-33,h,h,true,661498.60
unknown,main-trial-33, , ,true,661655.30
unknown,main-trial-33,s,s,true,661919.10
unknown,main-trial-33,s,s,true,662076.00
unknown,main-trial-33, , ,true,662202.80
unknown,main-trial-33,s,s,true,662416.90
unknown,main-trial-33,s,s,true,662588.90
unknown,main-trial-33, , ,true,662709.80
unknown,main-trial-33,r,r,true,662934.60
unknown,main-trial-33, , ,true,663118.60
unknown,main-trial-33,v,v,true,663765.90
unknown,main-trial-33,v,v,true,663947.10
unknown,main-trial-33, , ,true,664087.40
unknown,main-trial-33,v,v,true,664327.70
unknown,main-trial-33,v,v,true,664530.90
unknown,main-trial-33, , ,true,664753.80
unknown,main-trial-33,n,n,true,665031.90
unknown,main-trial-33, , ,true,665153.40
unknown,main-trial-33,s,s,true,665399.50
unknown,main-trial-33,s,s,true,665567.90
unknown,main-trial-33, , ,true,665675.20
unknown,main-trial-33,v,v,true,665898.60
unknown,main-trial-33,v,v,true,666074.40
unknown,main-trial-33, , ,true,666199.20
unknown,main-trial-33,s,s,true,666483.40
unknown,main-trial-33,s,s,true,666661.90
unknown,main-trial-33, , ,true,666880.80
unknown,main-trial-33,v,v,true,667458.90
unknown,main-trial-33,v,v,true,667731.20
unknown,main-trial-34,q,q,true,675730.30
unknown,main-trial-34, , ,true,676055.20
unknown,main-trial-34,e,e,true,676375.50
unknown,main-trial-34,e,e,true,676547.20
unknown,main-trial-34, , ,true,676602.40
unknown,main-trial-34,e,e,true,676876.50
unknown,main-trial-34,e,e,true,677057.90
unknown,main-trial-34, , ,true,677248.60
unknown,main-trial-34,l,l,true,677500.70
unknown,main-trial-34, , ,true,677684.30
unknown,main-trial-34,r,r,true,678064.60
unknown,main-trial-34,r,r,true,678251.80
unknown,main-trial-34, , ,true,678322.90
unknown,main-trial-34,r,r,true,678558.30
unknown,main-trial-34,r,r,true,678741.50
unknown,main-trial-34, , ,true,678876.60
unknown,main-trial-34,l,l,true,679176.40
unknown,main-trial-34, , ,true,679365.90
unknown,main-trial-34,e,e,true,679648.20
unknown,main-trial-34,e,e,true,679844.30
unknown,main-trial-34, , ,true,679960.40
unknown,main-trial-34,r,r,true,680185.30
unknown,main-trial-34,r,r,true,680372.90
unknown,main-trial-34, , ,true,680837.80
unknown,main-trial-34,e,e,true,681052.40
unknown,main-trial-34,e,e,true,681217.90
unknown,main-trial-34, , ,true,681396.40
unknown,main-trial-34,r,r,true,681812.50
unknown,main-trial-34,r,r,true,681988.20
unknown,main-trial-35,p,p,true,686067.00
unknown,main-trial-35, , ,true,686321.90
unknown,main-trial-35,d, ,false,687567.30
unknown,main-trial-35,d,d,true,687935.00
unknown,main-trial-35,a,a,true,688066.60
unknown,main-trial-35, , ,true,688300.80
unknown,main-trial-35,d,d,true,688545.60
unknown,main-trial-35,a,a,true,688651.50
unknown,main-trial-35, , ,true,688787.30
unknown,main-trial-35,k,k,true,689187.90
unknown,main-trial-35, , ,true,689314.80
unknown,main-trial-35,w,w,true,689589.10
unknown,main-trial-35,e,e,true,689738.90
unknown,main-trial-35, , ,true,689917.10
unknown,main-trial-35,w,w,true,690114.20
unknown,main-trial-35,e,e,true,690232.20
unknown,main-trial-35, , ,true,690426.80
unknown,main-trial-35,l,d,false,690869.20
unknown,main-trial-35,l,a,false,690970.10
unknown,main-trial-35,l, ,false,691088.10
unknown,main-trial-35,l,d,false,691329.50
unknown,main-trial-35,l,a,false,691433.60
unknown,main-trial-35,l,l,true,692230.70
unknown,main-trial-35, , ,true,692397.50
unknown,main-trial-35,d,d,true,692780.00
unknown,main-trial-35,a,a,true,692947.10
unknown,main-trial-35, , ,true,693088.30
unknown,main-trial-35,w,d,false,693280.70
unknown,main-trial-35,w,w,true,694366.70
unknown,main-trial-35,e,e,true,694498.70
unknown,main-trial-35, , ,true,694688.80
unknown,main-trial-35,d,d,true,694947.50
unknown,main-trial-35,a,a,true,695071.40
unknown,main-trial-35, , ,true,695226.80
unknown,main-trial-35,w,w,true,695522.90
unknown,main-trial-35,e,e,true,695659.40
unknown,main-trial-36,m,m,true,700748.60
unknown,main-trial-36, , ,true,700944.20
unknown,main-trial-36,v,v,true,701376.40
unknown,main-trial-36,v, ,false,701635.00
unknown,main-trial-36,v,v,true,701832.70
unknown,main-trial-36, ,v,false,702013.00
unknown,main-trial-36, , ,true,702195.50
unknown,main-trial-36,v,v,true,703111.10
unknown,main-trial-36,v,v,true,703276.00
unknown,main-trial-36, , ,true,703534.80
unknown,main-trial-36,t,t,true,703937.20
unknown,main-trial-36, , ,true,704086.70
unknown,main-trial-36,a,a,true,704374.10
unknown,main-trial-36,a,a,true,704545.60
unknown,main-trial-36, , ,true,704627.90
unknown,main-trial-36,a,a,true,705029.50
unknown,main-trial-36,a,a,true,705221.10
unknown,main-trial-36, , ,true,705475.70
unknown,main-trial-36,h,h,true,705937.40
unknown,main-trial-36, , ,true,706087.40
unknown,main-trial-36,v,v,true,706462.40
unknown,main-trial-36,v,v,true,706630.50
unknown,main-trial-36, , ,true,706791.00
unknown,main-trial-36,a,a,true,707204.20
unknown,main-trial-36,a,a,true,707374.80
unknown,main-trial-36, , ,true,707620.70
unknown,main-trial-36,v,v,true,707932.20
unknown,main-trial-36,v,v,true,708147.80
unknown,main-trial-36, , ,true,708243.40
unknown,main-trial-36,a,a,true,708440.20
unknown,main-trial-36,a,a,true,708603.80
unknown,main-trial-37,i,i,true,715238.80
unknown,main-trial-37, , ,true,715655.50
unknown,main-trial-37,e,e,true,716011.40
unknown,main-trial-37,r,r,true,716144.00
unknown,main-trial-37, , ,true,716259.10
unknown,main-trial-37,e,e,true,716438.90
unknown,main-trial-37,r,r,true,716530.40
unknown,main-trial-37, , ,true,716692.50
unknown,main-trial-37,k,k,true,716960.60
unknown,main-trial-37, , ,true,717130.80
unknown,main-trial-37,a,a,true,717345.20
unknown,main-trial-37,f,f,true,717511.50
unknown,main-trial-37, , ,true,717702.80
unknown,main-trial-37,a,a,true,717915.80
unknown,main-trial-37,f,f,true,718089.40
unknown,main-trial-37, , ,true,718233.90
unknown,main-trial-37,g,g,true,718503.10
unknown,main-trial-37, , ,true,718662.00
unknown,main-trial-37,e,e,true,718910.50
unknown,main-trial-37,r,r,true,719028.30
unknown,main-trial-37, , ,true,719193.80
unknown,main-trial-37,a,a,true,719523.60
unknown,main-trial-37,f,f,true,719728.90
unknown,main-trial-37, , ,true,719829.20
unknown,main-trial-37,e,e,true,720179.20
unknown,main-trial-37,r,r,true,720308.20
unknown,main-trial-37, , ,true,720463.60
unknown,main-trial-37,a,a,true,720752.30
unknown,main-trial-37,f,f,true,720947.60
unknown,main-trial-38,v,v,true,724694.20
unknown,main-trial-38, , ,true,724942.80
unknown,main-trial-38,d,d,true,725266.40
unknown,main-trial-38,e,e,true,725471.20
unknown,main-trial-38, , ,true,725611.60
unknown,main-trial-38,d,d,true,725828.10
unknown,main-trial-38,e,e,true,725987.90
unknown,main-trial-38, , ,true,726183.40
unknown,main-trial-38,m,m,true,726509.30
unknown,main-trial-38, , ,true,726737.80
unknown,main-trial-38,v,v,true,727127.10
unknown,main-trial-38,f,f,true,727460.40
unknown,main-trial-38, , ,true,727611.00
unknown,main-trial-38,v,v,true,727848.40
unknown,main-trial-38,f,f,true,728173.60
unknown,main-trial-38, , ,true,728351.70
unknown,main-trial-38,x,x,true,728652.60
unknown,main-trial-38, , ,true,728860.30
unknown,main-trial-38,d,d,true,729068.60
unknown,main-trial-38,e,e,true,729253.60
unknown,main-trial-38, , ,true,729350.50
unknown,main-trial-38,v,v,true,729649.00
unknown,main-trial-38,f,f,true,730029.20
unknown,main-trial-38, , ,true,730152.70
unknown,main-trial-38,d,d,true,730383.60
unknown,main-trial-38,e,e,true,730577.00
unknown,main-trial-38, , ,true,730654.70
unknown,main-trial-38,v,v,true,730926.70
unknown,main-trial-38,f,f,true,731200.50
unknown,main-trial-39,g,g,true,750512.40
unknown,main-trial-39, , ,true,750728.80
unknown,main-trial-39,w,w,true,751499.70
unknown,main-trial-39,d,d,true,751685.60
unknown,main-trial-39, , ,true,751770.90
unknown,main-trial-39,w,w,true,751967.90
unknown,main-trial-39,d,d,true,752379.60
unknown,main-trial-39, , ,true,752480.40
unknown,main-trial-39,u,u,true,752728.70
unknown,main-trial-39, , ,true,752895.40
unknown,main-trial-39,d,d,true,753164.40
unknown,main-trial-39,r,r,true,753368.60
unknown,main-trial-39, , ,true,753453.10
unknown,main-trial-39,d,d,true,753650.70
unknown,main-trial-39,r,r,true,753830.60
unknown,main-trial-39, , ,true,753961.00
unknown,main-trial-39,s,s,true,754205.60
unknown,main-trial-39, , ,true,754311.60
unknown,main-trial-39,w,w,true,754619.50
unknown,main-trial-39,d,d,true,754908.90
unknown,main-trial-39, , ,true,755058.40
unknown,main-trial-39,d,d,true,755549.00
unknown,main-trial-39,r,r,true,755749.30
unknown,main-trial-39, , ,true,755890.40
unknown,main-trial-39,w,w,true,756204.20
unknown,main-trial-39,d,d,true,756669.50
unknown,main-trial-39, , ,true,756920.70
unknown,main-trial-39,d,d,true,757177.30
unknown,main-trial-39,r,r,true,757338.50
unknown,main-trial-40,h,h,true,761485.60
unknown,main-trial-40, , ,true,761776.30
unknown,main-trial-40,a,a,true,762101.20
unknown,main-trial-40,s,s,true,762263.70
unknown,main-trial-40, , ,true,762369.10
unknown,main-trial-40,a,a,true,762531.70
unknown,main-trial-40,s,s,true,762690.10
unknown,main-trial-40, , ,true,762816.10
unknown,main-trial-40,m,m,true,763105.00
unknown,main-trial-40, , ,true,763338.30
unknown,main-trial-40,f,f,true,763632.20
unknown,main-trial-40,s,s,true,763830.00
unknown,main-trial-40, , ,true,763899.00
unknown,main-trial-40,f,s,false,764093.60
unknown,main-trial-40,f,f,true,764841.00
unknown,main-trial-40,s,s,true,765066.00
unknown,main-trial-40, , ,true,765428.30
unknown,main-trial-40,q,q,true,765780.50
unknown,main-trial-40, , ,true,765955.70
unknown,main-trial-40,a,a,true,766312.00
unknown,main-trial-40,s,s,true,766457.20
unknown,main-trial-40, , ,true,766566.70
unknown,main-trial-40,f,f,true,766999.80
unknown,main-trial-40,s,s,true,767258.00
unknown,main-trial-40, , ,true,767468.10
unknown,main-trial-40,a,a,true,767791.70
unknown,main-trial-40,s,s,true,768187.70
unknown,main-trial-40, , ,true,768416.30
unknown,main-trial-40,f,f,true,769195.60
unknown,main-trial-40,s,s,true,769402.70
unknown,main-trial-41,b,b,true,772902.10
unknown,main-trial-41, , ,true,773047.00
unknown,main-trial-41,d,d,true,773318.70
unknown,main-trial-41,s,s,true,773569.70
unknown,main-trial-41, , ,true,773663.70
unknown,main-trial-41,d,d,true,774104.50
unknown,main-trial-41,s,s,true,774357.20
unknown,main-trial-41, , ,true,774534.30
unknown,main-trial-41,g,g,true,774810.70
unknown,main-trial-41, , ,true,774973.90
unknown,main-trial-41,e,e,true,775304.50
unknown,main-trial-41,f,f,true,775656.60
unknown,main-trial-41, , ,true,775829.20
unknown,main-trial-41,e,e,true,776041.00
unknown,main-trial-41,f,f,true,776272.90
unknown,main-trial-41, , ,true,776369.20
unknown,main-trial-41,y, ,false,776816.80
unknown,main-trial-41,y,y,true,777642.70
unknown,main-trial-41, , ,true,777812.60
unknown,main-trial-41,d,d,true,778365.10
unknown,main-trial-41,s,s,true,778540.90
unknown,main-trial-41, , ,true,778629.20
unknown,main-trial-41,e,e,true,778955.70
unknown,main-trial-41,f,f,true,779162.40
unknown,main-trial-41, , ,true,779298.40
unknown,main-trial-41,d,d,true,779791.50
unknown,main-trial-41,s,s,true,780052.40
unknown,main-trial-41, , ,true,780253.80
unknown,main-trial-41,e,e,true,780494.10
unknown,main-trial-41,f,f,true,780725.70
unknown,main-trial-42,w,w,true,784969.00
unknown,main-trial-42, , ,true,785160.30
unknown,main-trial-42,e,e,true,785506.30
unknown,main-trial-42,f,f,true,785740.80
unknown,main-trial-42, , ,true,785886.40
unknown,main-trial-42,e,e,true,786095.00
unknown,main-trial-42,f,d,false,786443.70
unknown,main-trial-42,f,f,true,786966.30
unknown,main-trial-42, , ,true,787298.60
unknown,main-trial-42,b,b,true,787473.60
unknown,main-trial-42, , ,true,787634.80
unknown,main-trial-42,w,w,true,787974.70
unknown,main-trial-42,e,e,true,788112.70
unknown,main-trial-42, , ,true,788218.40
unknown,main-trial-42,w,w,true,788436.30
unknown,main-trial-42,e,e,true,788566.80
unknown,main-trial-42, , ,true,788720.60
unknown,main-trial-42,d,d,true,788978.70
unknown,main-trial-42, , ,true,789102.20
unknown,main-trial-42,e,e,true,789790.00
unknown,main-trial-42,f,f,true,790019.40
unknown,main-trial-42, , ,true,790241.50
unknown,main-trial-42,w,w,true,790857.90
unknown,main-trial-42,e,e,true,790963.90
unknown,main-trial-42, , ,true,791115.40
unknown,main-trial-42,e,e,true,791475.40
unknown,main-trial-42,f,f,true,791711.00
unknown,main-trial-42, , ,true,791788.50
unknown,main-trial-42,w,w,true,792047.50
unknown,main-trial-42,e,e,true,792113.70
unknown,main-trial-43,d,d,true,795977.20
unknown,main-trial-43, , ,true,796131.90
unknown,main-trial-43,w,w,true,796508.90
unknown,main-trial-43,e,e,true,796627.80
unknown,main-trial-43, , ,true,796748.20
unknown,main-trial-43,w,w,true,796929.60
unknown,main-trial-43,e,e,true,797040.30
unknown,main-trial-43, , ,true,797190.00
unknown,main-trial-43,i,i,true,797518.90
unknown,main-trial-43, , ,true,797679.70
unknown,main-trial-43,e,e,true,797957.80
unknown,main-trial-43,f,f,true,798196.40
unknown,main-trial-43, , ,true,798344.60
unknown,main-trial-43,e,e,true,798506.80
unknown,main-trial-43,f,d,false,798739.80
unknown,main-trial-43,f,f,true,799260.70
unknown,main-trial-43, , ,true,799512.80
unknown,main-trial-43,e,w,false,799823.50
unknown,main-trial-43,e,e,true,800132.80
unknown,main-trial-43, , ,true,800465.50
unknown,main-trial-43,w,w,true,800817.30
unknown,main-trial-43,e,e,true,800931.50
unknown,main-trial-43, , ,true,801102.30
unknown,main-trial-43,e,e,true,801421.40
unknown,main-trial-43,f,f,true,801665.10
unknown,main-trial-43, , ,true,801769.60
unknown,main-trial-43,w,w,true,802069.40
unknown,main-trial-43,e,e,true,802146.10
unknown,main-trial-43, , ,true,802367.70
unknown,main-trial-43,e,e,true,803872.30
unknown,main-trial-43,f,f,true,804109.40
unknown,main-trial-44,g,g,true,807841.80
unknown,main-trial-44, , ,true,808246.20
unknown,main-trial-44,s,s,true,808558.70
unknown,main-trial-44,e,e,true,808658.80
unknown,main-trial-44, , ,true,808796.10
unknown,main-trial-44,s,s,true,808992.20
unknown,main-trial-44,e,e,true,809114.20
unknown,main-trial-44, , ,true,809248.20
unknown,main-trial-44,x,a,false,809549.00
unknown,main-trial-44,x,x,true,810051.60
unknown,main-trial-44, , ,true,810284.10
unknown,main-trial-44,a,a,true,810728.10
unknown,main-trial-44,r,r,true,810828.70
unknown,main-trial-44, , ,true,811014.60
unknown,main-trial-44,a,a,true,811230.80
unknown,main-trial-44,r,r,true,811384.00
unknown,main-trial-44, , ,true,811560.30
unknown,main-trial-44,w,w,true,811979.30
unknown,main-trial-44, , ,true,812178.30
unknown,main-trial-44,s,s,true,812671.50
unknown,main-trial-44,e,e,true,812804.20
unknown,main-trial-44, , ,true,812977.60
unknown,main-trial-44,a,a,true,813223.40
unknown,main-trial-44,r,r,true,813334.90
unknown,main-trial-44, , ,true,813513.80
unknown,main-trial-44,s,s,true,813976.80
unknown,main-trial-44,e,e,true,814103.90
unknown,main-trial-44, , ,true,814279.70
unknown,main-trial-44,a,a,true,814557.90
unknown,main-trial-44,r,r,true,814658.40
unknown,main-trial-45,n,n,true,822616.30
unknown,main-trial-45, , ,true,822733.40
unknown,main-trial-45,a,a,true,823007.60
unknown,main-trial-45,r,r,true,823113.60
unknown,main-trial-45, , ,true,823247.50
unknown,main-trial-45,a,a,true,823481.70
unknown,main-trial-45,r,r,true,823586.60
unknown,main-trial-45, , ,true,823726.10
unknown,main-trial-45,z,z,true,824105.40
unknown,main-trial-45, , ,true,824235.50
unknown,main-trial-45,d,d,true,824567.60
unknown,main-trial-45,v,v,true,825198.30
unknown,main-trial-45, , ,true,825354.20
unknown,main-trial-45,d,d,true,825795.30
unknown,main-trial-45,v,v,true,826130.20
unknown,main-trial-45, , ,true,826357.80
unknown,main-trial-45,q,q,true,826699.90
unknown,main-trial-45, , ,true,826861.20
unknown,main-trial-45,a,a,true,827067.40
unknown,main-trial-45,r,r,true,827178.80
unknown,main-trial-45, , ,true,827312.20
unknown,main-trial-45,d,d,true,827666.10
unknown,main-trial-45,v,v,true,827914.30
unknown,main-trial-45, , ,true,828059.20
unknown,main-trial-45,a,a,true,828298.50
unknown,main-trial-45,r,r,true,828427.80
unknown,main-trial-45, , ,true,828720.60
unknown,main-trial-45,d,d,true,829082.20
unknown,main-trial-45,v,v,true,829369.10
unknown,main-trial-45,, ,false,829546.60
unknown,main-trial-46,n,n,true,833976.20
unknown,main-trial-46, , ,true,834194.90
unknown,main-trial-46,f,f,true,834523.30
unknown,main-trial-46,e,e,true,834682.50
unknown,main-trial-46, , ,true,834795.90
unknown,main-trial-46,f,f,true,835012.90
unknown,main-trial-46,e,e,true,835186.40
unknown,main-trial-46, , ,true,835326.40
unknown,main-trial-46,x,x,true,835859.60
unknown,main-trial-46, , ,true,836162.10
unknown,main-trial-46,e,e,true,836633.60
unknown,main-trial-46,d,d,true,836862.80
unknown,main-trial-46, , ,true,836941.50
unknown,main-trial-46,e,e,true,837139.30
unknown,main-trial-46,d,d,true,837350.90
unknown,main-trial-46, , ,true,837447.10
unknown,main-trial-46,l,l,true,837787.50
unknown,main-trial-46, , ,true,837891.00
unknown,main-trial-46,f,f,true,838258.20
unknown,main-trial-46,e,e,true,838411.90
unknown,main-trial-46, , ,true,838560.70
unknown,main-trial-46,e,e,true,838877.10
unknown,main-trial-46,d,d,true,839084.60
unknown,main-trial-46, , ,true,839224.90
unknown,main-trial-46,f,f,true,839498.80
unknown,main-trial-46,e,e,true,839661.60
unknown,main-trial-46, , ,true,839780.50
unknown,main-trial-46,e,e,true,840053.90
unknown,main-trial-46,d,d,true,840278.30
unknown,main-trial-47,t,t,true,846640.50
unknown,main-trial-47, , ,true,846817.50
unknown,main-trial-47,w,w,true,847371.60
unknown,main-trial-47,f,f,true,847646.90
unknown,main-trial-47, , ,true,847763.40
unknown,main-trial-47,w,w,true,848041.60
unknown,main-trial-47,f,f,true,848279.30
unknown,main-trial-47, , ,true,848380.50
unknown,main-trial-47,a,a,true,848569.30
unknown,main-trial-47, , ,true,848704.50
unknown,main-trial-47,e,e,true,848961.90
unknown,main-trial-47,d,d,true,849180.60
unknown,main-trial-47, , ,true,849271.20
unknown,main-trial-47,e,e,true,849462.40
unknown,main-trial-47,d,d,true,849659.70
unknown,main-trial-47, , ,true,849756.60
unknown,main-trial-47,q,q,true,850383.70
unknown,main-trial-47, , ,true,850670.20
unknown,main-trial-47,w,w,true,851374.50
unknown,main-trial-47,f,f,true,851635.40
unknown,main-trial-47, , ,true,851741.70
unknown,main-trial-47,e,e,true,851972.40
unknown,main-trial-47,d,d,true,852197.90
unknown,main-trial-47, , ,true,852275.40
unknown,main-trial-47,w,w,true,852710.40
unknown,main-trial-47,f,f,true,852969.80
unknown,main-trial-47, , ,true,853137.40
unknown,main-trial-47,e,e,true,853378.70
unknown,main-trial-47,d,d,true,853578.40
unknown,main-trial-48,n,n,true,859769.20
unknown,main-trial-48, , ,true,860410.00
unknown,main-trial-48,f,f,true,861041.20
unknown,main-trial-48,v,v,true,861607.70
unknown,main-trial-48, , ,true,861763.80
unknown,main-trial-48,f,f,true,861994.00
unknown,main-trial-48,v,v,true,862234.50
unknown,main-trial-48, , ,true,862330.60
unknown,main-trial-48,m,m,true,862651.40
unknown,main-trial-48, , ,true,862758.20
unknown,main-trial-48,e,e,true,863030.70
unknown,main-trial-48,w,w,true,863244.30
unknown,main-trial-48, , ,true,863356.90
unknown,main-trial-48,e,e,true,864063.20
unknown,main-trial-48,w,w,true,864277.50
unknown,main-trial-48, , ,true,864414.20
unknown,main-trial-48,d,d,true,864682.40
unknown,main-trial-48, , ,true,864839.40
unknown,main-trial-48,f,f,true,865162.80
unknown,main-trial-48,v,v,true,865448.80
unknown,main-trial-48, , ,true,865693.80
unknown,main-trial-48,e,e,true,866132.60
unknown,main-trial-48,w,w,true,866364.60
unknown,main-trial-48, , ,true,866645.50
unknown,main-trial-48,f,f,true,867062.40
unknown,main-trial-48,v,v,true,867464.90
unknown,main-trial-48, , ,true,867950.70
unknown,main-trial-48,e,e,true,868233.90
unknown,main-trial-48,w,w,true,868503.40
unknown,main-trial-49,h,h,true,873678.20
unknown,main-trial-49, , ,true,873922.20
unknown,main-trial-49,d,d,true,875057.10
unknown,main-trial-49,f,f,true,875195.60
unknown,main-trial-49, , ,true,875358.30
unknown,main-trial-49,d,d,true,875651.40
unknown,main-trial-49,f,f,true,875820.80
unknown,main-trial-49, , ,true,875969.40
unknown,main-trial-49,t,t,true,876268.90
unknown,main-trial-49, , ,true,876394.20
unknown,main-trial-49,s,s,true,876711.00
unknown,main-trial-49,f,f,true,876935.00
unknown,main-trial-49, , ,true,877060.70
unknown,main-trial-49,s,s,true,877271.50
unknown,main-trial-49,f,f,true,877707.40
unknown,main-trial-49, , ,true,877909.30
unknown,main-trial-49,c,c,true,878207.60
unknown,main-trial-49, , ,true,878467.60
unknown,main-trial-49,d,d,true,878879.10
unknown,main-trial-49,f,f,true,879140.60
unknown,main-trial-49, , ,true,879276.40
unknown,main-trial-49,s,s,true,879620.00
unknown,main-trial-49,f,f,true,879969.90
unknown,main-trial-49, , ,true,880075.80
unknown,main-trial-49,d,d,true,880389.60
unknown,main-trial-49,f,f,true,880637.80
unknown,main-trial-49, , ,true,880791.00
unknown,main-trial-49,s,s,true,881112.90
unknown,main-trial-49,f,e,false,881273.80
unknown,main-trial-49,f,f,true,882112.90
unknown,main-trial-50,i,i,true,885485.40
unknown,main-trial-50, , ,true,885597.60
unknown,main-trial-50,f,f,true,886394.70
unknown,main-trial-50,r,r,true,886587.00
unknown,main-trial-50, , ,true,886703.10
unknown,main-trial-50,f,f,true,886914.80
unknown,main-trial-50,r,r,true,887105.00
unknown,main-trial-50, , ,true,887191.10
unknown,main-trial-50,g,g,true,887490.40
unknown,main-trial-50, , ,true,887662.70
unknown,main-trial-50,d,d,true,887947.30
unknown,main-trial-50,e,e,true,888123.40
unknown,main-trial-50, , ,true,888256.80
unknown,main-trial-50,d,d,true,888469.70
unknown,main-trial-50,e,d,false,888567.00
unknown,main-trial-50,e,e,true,888787.70
unknown,main-trial-50, , ,true,888904.50
unknown,main-trial-50,l,l,true,889231.10
unknown,main-trial-50, , ,true,889312.40
unknown,main-trial-50,f,f,true,889659.20
unknown,main-trial-50,r,r,true,889872.00
unknown,main-trial-50, , ,true,890032.00
unknown,main-trial-50,d,d,true,890311.10
unknown,main-trial-50,e,e,true,890528.70
unknown,main-trial-50, , ,true,890644.20
unknown,main-trial-50,f,f,true,890854.60
unknown,main-trial-50,r,r,true,891073.30
unknown,main-trial-50, ,e,false,891165.00
unknown,main-trial-50, , ,true,891296.00
unknown,main-trial-50,d,d,true,891608.90
unknown,main-trial-50,e,e,true,891806.00
unknown,main-trial-51,f,f,true,898133.30
unknown,main-trial-51, , ,true,898227.80
unknown,main-trial-51,s,s,true,898544.20
unknown,main-trial-51,d,e,false,898688.60
unknown,main-trial-51,d,d,true,899718.20
unknown,main-trial-51, , ,true,900033.40
unknown,main-trial-51,s,s,true,900299.60
unknown,main-trial-51,d,d,true,900469.50
unknown,main-trial-51, , ,true,900583.30
unknown,main-trial-51,w,w,true,900928.70
unknown,main-trial-51, , ,true,901098.50
unknown,main-trial-51,f,f,true,901511.10
unknown,main-trial-51,d,d,true,901747.10
unknown,main-trial-51, , ,true,901886.50
unknown,main-trial-51,f,f,true,902133.50
unknown,main-trial-51,d,d,true,902315.70
unknown,main-trial-51, , ,true,902427.90
unknown,main-trial-51,q,q,true,902798.90
unknown,main-trial-51, , ,true,902975.50
unknown,main-trial-51,s,s,true,903543.80
unknown,main-trial-51,d,d,true,903726.90
unknown,main-trial-51, , ,true,903828.90
unknown,main-trial-51,f,f,true,904190.20
unknown,main-trial-51,d,d,true,904383.40
unknown,main-trial-51, , ,true,904554.90
unknown,main-trial-51,s,s,true,905443.40
unknown,main-trial-51,d,d,true,905578.50
unknown,main-trial-51, , ,true,905748.80
unknown,main-trial-51,f,f,true,906521.60
unknown,main-trial-51,d,d,true,906740.50
unknown,main-trial-52,v,v,true,910605.40
unknown,main-trial-52, , ,true,910767.40
unknown,main-trial-52,f,f,true,911310.10
unknown,main-trial-52,r,r,true,911517.50
unknown,main-trial-52, , ,true,911694.70
unknown,main-trial-52,f,f,true,911878.60
unknown,main-trial-52,r,r,true,912062.70
unknown,main-trial-52, , ,true,912196.10
unknown,main-trial-52,f,f,true,912395.90
unknown,main-trial-52, , ,true,912510.30
unknown,main-trial-52,w,w,true,912818.90
unknown,main-trial-52,d,d,true,913058.10
unknown,main-trial-52, , ,true,913148.30
unknown,main-trial-52,w,w,true,913334.20
unknown,main-trial-52,d,d,true,913546.30
unknown,main-trial-52, , ,true,913641.70
unknown,main-trial-52,a,a,true,913836.70
unknown,main-trial-52, , ,true,913924.40
unknown,main-trial-52,f,f,true,914202.50
unknown,main-trial-52,r,r,true,914390.80
unknown,main-trial-52, , ,true,914485.90
unknown,main-trial-52,w,w,true,914749.60
unknown,main-trial-52,d,d,true,914962.30
unknown,main-trial-52, , ,true,915100.70
unknown,main-trial-52,f,f,true,915539.30
unknown,main-trial-52,r,r,true,915749.00
unknown,main-trial-52, , ,true,915885.30
unknown,main-trial-52,w,w,true,916331.50
unknown,main-trial-52,d,d,true,916562.70
unknown,main-trial-53,h,h,true,921455.20
unknown,main-trial-53, , ,true,921635.90
unknown,main-trial-53,a,a,true,921925.10
unknown,main-trial-53,f,f,true,922404.00
unknown,main-trial-53, , ,true,922445.90
unknown,main-trial-53,a,a,true,922682.00
unknown,main-trial-53,f,f,true,922793.80
unknown,main-trial-53, , ,true,922888.80
unknown,main-trial-53,k,k,true,923280.40
unknown,main-trial-53, , ,true,923363.10
unknown,main-trial-53,e,e,true,923711.90
unknown,main-trial-53,r,r,true,923829.90
unknown,main-trial-53, , ,true,923970.70
unknown,main-trial-53,e,e,true,924250.90
unknown,main-trial-53,r,r,true,924360.80
unknown,main-trial-53, , ,true,924513.20
unknown,main-trial-53,i,i,true,924789.40
unknown,main-trial-53, , ,true,924945.10
unknown,main-trial-53,a,a,true,925324.20
unknown,main-trial-53,f,f,true,925509.60
unknown,main-trial-53, , ,true,925657.20
unknown,main-trial-53,e,e,true,925922.20
unknown,main-trial-53,r,r,true,926017.70
unknown,main-trial-53, , ,true,926176.70
unknown,main-trial-53,a,a,true,926494.40
unknown,main-trial-53,f,f,true,926672.10
unknown,main-trial-53, , ,true,926815.30
unknown,main-trial-53,e,e,true,927444.40
unknown,main-trial-53,r,r,true,927525.50
unknown,main-trial-54,t,t,true,931063.10
unknown,main-trial-54, , ,true,931242.10
unknown,main-trial-54,d,d,true,931710.90
unknown,main-trial-54,r,r,true,931822.30
unknown,main-trial-54, , ,true,931929.30
unknown,main-trial-54,d,d,true,932156.90
unknown,main-trial-54,r,r,true,932295.20
unknown,main-trial-54, , ,true,932401.20
unknown,main-trial-54,g,g,true,932679.40
unknown,main-trial-54, , ,true,932807.40
unknown,main-trial-54,w,w,true,933079.20
unknown,main-trial-54,d,d,true,933502.90
unknown,main-trial-54, , ,true,933583.00
unknown,main-trial-54,w,w,true,934092.20
unknown,main-trial-54,d,d,true,934369.40
unknown,main-trial-54, , ,true,934487.20
unknown,main-trial-54,q,q,true,934844.40
unknown,main-trial-54, , ,true,934984.20
unknown,main-trial-54,d,d,true,935281.70
unknown,main-trial-54,r,r,true,935431.40
unknown,main-trial-54, , ,true,935600.60
unknown,main-trial-54,w,w,true,935916.10
unknown,main-trial-54,d,d,true,936131.00
unknown,main-trial-54, , ,true,936294.00
unknown,main-trial-54,d,d,true,936663.80
unknown,main-trial-54,r,r,true,936850.00
unknown,main-trial-54, , ,true,937002.20
unknown,main-trial-54,w,w,true,937246.10
unknown,main-trial-54,d,e,false,937379.50
unknown,main-trial-54,d,d,true,937810.50
unknown,main-trial-55,p,p,true,940936.60
unknown,main-trial-55, , ,true,941042.00
unknown,main-trial-55,w,w,true,941560.30
unknown,main-trial-55,r,r,true,941681.80
unknown,main-trial-55, , ,true,941813.90
unknown,main-trial-55,w,w,true,942176.70
unknown,main-trial-55,r,r,true,942302.40
unknown,main-trial-55, , ,true,942425.40
unknown,main-trial-55,h,h,true,943296.30
unknown,main-trial-55, , ,true,943486.10
unknown,main-trial-55,d,d,true,943765.30
unknown,main-trial-55,a,a,true,943885.30
unknown,main-trial-55, , ,true,944097.60
unknown,main-trial-55,d,d,true,944294.90
unknown,main-trial-55,a,a,true,944423.40
unknown,main-trial-55, , ,true,944579.10
unknown,main-trial-55,o,o,true,944881.90
unknown,main-trial-55, , ,true,945059.00
unknown,main-trial-55,w,v,false,945487.90
unknown,main-trial-55,w,w,true,946133.70
unknown,main-trial-55,r,r,true,946297.60
unknown,main-trial-55, , ,true,946479.50
unknown,main-trial-55,d,d,true,946793.90
unknown,main-trial-55,a,a,true,946899.40
unknown,main-trial-55, , ,true,947016.20
unknown,main-trial-55,w,w,true,947276.40
unknown,main-trial-55,r,r,true,947521.30
unknown,main-trial-55, , ,true,947772.40
unknown,main-trial-55,d,d,true,948001.80
unknown,main-trial-55,a,a,true,948177.30
unknown,main-trial-56,w,w,true,952169.10
unknown,main-trial-56, , ,true,952296.50
unknown,main-trial-56,e,e,true,952565.40
unknown,main-trial-56,f,f,true,952891.10
unknown,main-trial-56, , ,true,953061.70
unknown,main-trial-56,e,e,true,953308.50
unknown,main-trial-56,f,f,true,953601.40
unknown,main-trial-56, , ,true,953828.50
unknown,main-trial-56,o,o,true,954080.30
unknown,main-trial-56, , ,true,954183.70
unknown,main-trial-56,d,d,true,954418.90
unknown,main-trial-56,s,s,true,954632.90
unknown,main-trial-56, , ,true,954744.60
unknown,main-trial-56,d,d,true,954948.10
unknown,main-trial-56,s,s,true,955075.50
unknown,main-trial-56, , ,true,955264.70
unknown,main-trial-56,k,k,true,955536.20
unknown,main-trial-56, , ,true,955644.90
unknown,main-trial-56,e,e,true,955903.10
unknown,main-trial-56,f,f,true,956088.10
unknown,main-trial-56, , ,true,956359.40
unknown,main-trial-56,d,d,true,956870.20
unknown,main-trial-56,s,s,true,957048.30
unknown,main-trial-56, , ,true,957236.50
unknown,main-trial-56,e,e,true,958019.60
unknown,main-trial-56,f,f,true,958204.60
unknown,main-trial-56, , ,true,958348.00
unknown,main-trial-56,d,d,true,958798.70
unknown,main-trial-56,s,s,true,958984.80
unknown,main-trial-57,n,n,true,962621.10
unknown,main-trial-57, , ,true,962761.00
unknown,main-trial-57,e,e,true,963012.00
unknown,main-trial-57,d,d,true,963193.30
unknown,main-trial-57, , ,true,963245.30
unknown,main-trial-57,e,e,true,963484.40
unknown,main-trial-57,d,d,true,963691.00
unknown,main-trial-57, , ,true,963799.10
unknown,main-trial-57,d,d,true,964252.60
unknown,main-trial-57, , ,true,964418.70
unknown,main-trial-57,w,w,true,964740.60
unknown,main-trial-57,f,f,true,965009.60
unknown,main-trial-57, , ,true,965120.80
unknown,main-trial-57,w,w,true,965423.30
unknown,main-trial-57,f,d,false,965661.60
unknown,main-trial-57,f,f,true,966201.70
unknown,main-trial-57, , ,true,966423.40
unknown,main-trial-57,q,q,true,966759.60
unknown,main-trial-57, , ,true,966928.30
unknown,main-trial-57,e,e,true,967329.70
unknown,main-trial-57,d,d,true,967612.90
unknown,main-trial-57, , ,true,967755.90
unknown,main-trial-57,w,f,false,968126.00
unknown,main-trial-57,w,e,false,968311.40
unknown,main-trial-57,w,w,true,968720.80
unknown,main-trial-57,f,w,false,969715.20
unknown,main-trial-57,f,f,true,970353.50
unknown,main-trial-57, , ,true,970951.00
unknown,main-trial-57,e,e,true,971274.30
unknown,main-trial-57,d,d,true,971444.90
unknown,main-trial-57, , ,true,971718.80
unknown,main-trial-57,w,w,true,972098.40
unknown,main-trial-57,f,f,true,972329.40
unknown,main-trial-58,q,q,true,976746.50
unknown,main-trial-58, , ,true,976861.50
unknown,main-trial-58,a,a,true,977198.10
unknown,main-trial-58,a,a,true,977393.10
unknown,main-trial-58, , ,true,977498.70
unknown,main-trial-58,a,a,true,977723.90
unknown,main-trial-58,a,a,true,977929.40
unknown,main-trial-58, , ,true,978106.80
unknown,main-trial-58,v,v,true,978515.00
unknown,main-trial-58, , ,true,978730.60
unknown,main-trial-58,v,v,true,979142.10
unknown,main-trial-58,v,v,true,979320.80
unknown,main-trial-58, , ,true,979447.70
unknown,main-trial-58,v,v,true,979709.50
unknown,main-trial-58,v,v,true,979899.40
unknown,main-trial-58, , ,true,980097.20
unknown,main-trial-58,a,a,true,980363.00
unknown,main-trial-58, , ,true,980505.90
unknown,main-trial-58,a,a,true,980883.50
unknown,main-trial-58,a, ,false,981004.30
unknown,main-trial-58,a,a,true,981142.70
unknown,main-trial-58, , ,true,981718.00
unknown,main-trial-58,v,v,true,981999.50
unknown,main-trial-58,v,v,true,982183.90
unknown,main-trial-58, , ,true,982306.20
unknown,main-trial-58,a,a,true,982657.70
unknown,main-trial-58,a,a,true,982845.70
unknown,main-trial-58, , ,true,982995.60
unknown,main-trial-58,v,v,true,983598.90
unknown,main-trial-58,v,v,true,983785.60
unknown,main-trial-59,e,e,true,988121.40
unknown,main-trial-59, , ,true,988266.00
unknown,main-trial-59,e,e,true,988600.20
unknown,main-trial-59,e,e,true,988780.70
unknown,main-trial-59, , ,true,988876.60
unknown,main-trial-59,e,e,true,989088.80
unknown,main-trial-59,e,e,true,989262.10
unknown,main-trial-59, , ,true,989341.70
unknown,main-trial-59,u,q,false,989553.10
unknown,main-trial-59,u,u,true,990067.70
unknown,main-trial-59, , ,true,990263.40
unknown,main-trial-59,v,v,true,990720.00
unknown,main-trial-59,v,v,true,990948.40
unknown,main-trial-59, , ,true,991028.20
unknown,main-trial-59,v,v,true,991228.00
unknown,main-trial-59,v,v,true,991432.00
unknown,main-trial-59, ,v,false,991602.70
unknown,main-trial-59, , ,true,991752.90
unknown,main-trial-59,z,z,true,992386.80
unknown,main-trial-59, , ,true,992599.20
unknown,main-trial-59,e,e,true,992989.00
unknown,main-trial-59,e,e,true,993164.00
unknown,main-trial-59, , ,true,993270.00
unknown,main-trial-59,v,v,true,993761.30
unknown,main-trial-59,v,v,true,993951.50
unknown,main-trial-59, , ,true,994162.40
unknown,main-trial-59,e,e,true,994503.80
unknown,main-trial-59,e,e,true,994683.70
unknown,main-trial-59, , ,true,994800.60
unknown,main-trial-59,v,v,true,995256.80
unknown,main-trial-59,v,v,true,995448.00
unknown,main-trial-60,h,h,true,999077.00
unknown,main-trial-60, , ,true,999280.10
unknown,main-trial-60,s,s,true,999576.30
unknown,main-trial-60,s,s,true,999740.70
unknown,main-trial-60, , ,true,999819.90
unknown,main-trial-60,s,s,true,1000022.70
unknown,main-trial-60,s,s,true,1000197.60
unknown,main-trial-60, , ,true,1000288.00
unknown,main-trial-60,g,g,true,1000707.70
unknown,main-trial-60, , ,true,1000868.70
unknown,main-trial-60,r,r,true,1001351.60
unknown,main-trial-60,r,r,true,1001514.40
unknown,main-trial-60, , ,true,1001582.90
unknown,main-trial-60,r,r,true,1001791.40
unknown,main-trial-60,r,r,true,1001976.10
unknown,main-trial-60, , ,true,1002112.30
unknown,main-trial-60,s,s,true,1002485.20
unknown,main-trial-60, , ,true,1002762.60
unknown,main-trial-60,s,s,true,1003034.50
unknown,main-trial-60,s,s,true,1003206.60
unknown,main-trial-60, , ,true,1003349.20
unknown,main-trial-60,r,r,true,1003590.70
unknown,main-trial-60,r,r,true,1003792.00
unknown,main-trial-60, , ,true,1004016.20
unknown,main-trial-60,s,s,true,1004402.80
unknown,main-trial-60,s,s,true,1004572.90
unknown,main-trial-60, , ,true,1004677.10
unknown,main-trial-60,r,r,true,1005101.20
unknown,main-trial-60,r,r,true,1005258.00
unknown,main-trial-61,u,i,false,1010119.20
unknown,main-trial-61,u,u,true,1012368.50
unknown,main-trial-61, , ,true,1012618.40
unknown,main-trial-61,w,w,true,1013377.60
unknown,main-trial-61,f,f,true,1013642.90
unknown,main-trial-61, , ,true,1013747.60
unknown,main-trial-61,w,w,true,1013962.80
unknown,main-trial-61,f,f,true,1014215.80
unknown,main-trial-61, , ,true,1014319.20
unknown,main-trial-61,w,w,true,1014725.90
unknown,main-trial-61, , ,true,1014874.20
unknown,main-trial-61,s,s,true,1015161.00
unknown,main-trial-61,e,e,true,1015316.80
unknown,main-trial-61, , ,true,1015498.60
unknown,main-trial-61,s,s,true,1015676.20
unknown,main-trial-61,e,e,true,1015792.90
unknown,main-trial-61, , ,true,1015920.80
unknown,main-trial-61,d,d,true,1016274.80
unknown,main-trial-61, , ,true,1016364.70
unknown,main-trial-61,w,w,true,1016834.90
unknown,main-trial-61,f,f,true,1017170.20
unknown,main-trial-61, , ,true,1017342.70
unknown,main-trial-61,s,s,true,1017571.30
unknown,main-trial-61,e,e,true,1017683.00
unknown,main-trial-61, , ,true,1017834.20
unknown,main-trial-61,w,w,true,1018105.50
unknown,main-trial-61,f,f,true,1018608.90
unknown,main-trial-61, , ,true,1018899.90
unknown,main-trial-61,s,s,true,1019136.10
unknown,main-trial-61,e,e,true,1019237.40
unknown,main-trial-62,t,t,true,1029153.20
unknown,main-trial-62, , ,true,1029263.50
unknown,main-trial-62,d,d,true,1029537.00
unknown,main-trial-62,a,a,true,1029643.50
unknown,main-trial-62, , ,true,1029743.90
unknown,main-trial-62,d,d,true,1029949.40
unknown,main-trial-62,a,a,true,1030055.80
unknown,main-trial-62, , ,true,1030145.10
unknown,main-trial-62,x,x,true,1030431.90
unknown,main-trial-62, , ,true,1030524.70
unknown,main-trial-62,w,w,true,1030858.60
unknown,main-trial-62,r,r,true,1030951.80
unknown,main-trial-62, , ,true,1031089.00
unknown,main-trial-62,w,w,true,1031279.80
unknown,main-trial-62,r,r,true,1031406.20
unknown,main-trial-62, , ,true,1031504.50
unknown,main-trial-62,a,a,true,1031897.50
unknown,main-trial-62, , ,true,1032052.30
unknown,main-trial-62,d,d,true,1032509.40
unknown,main-trial-62,a,a,true,1032650.40
unknown,main-trial-62, , ,true,1032790.30
unknown,main-trial-62,w,w,true,1033004.90
unknown,main-trial-62,r,r,true,1033173.60
unknown,main-trial-62, , ,true,1033328.60
unknown,main-trial-62,d,d,true,1033602.70
unknown,main-trial-62,a,a,true,1033992.60
unknown,main-trial-62, , ,true,1034108.00
unknown,main-trial-62,w,w,true,1034485.70
unknown,main-trial-62,r,r,true,1034606.50
unknown,main-trial-63,j,j,true,1038722.70
unknown,main-trial-63, , ,true,1038870.30
unknown,main-trial-63,f,f,true,1039075.80
unknown,main-trial-63,a,a,true,1039208.60
unknown,main-trial-63, , ,true,1039332.80
unknown,main-trial-63,f,f,true,1039640.00
unknown,main-trial-63,a,a,true,1039758.90
unknown,main-trial-63, , ,true,1039860.20
unknown,main-trial-63,l,l,true,1040305.80
unknown,main-trial-63, , ,true,1040393.10
unknown,main-trial-63,d,d,true,1040783.40
unknown,main-trial-63,s,s,true,1040931.60
unknown,main-trial-63, , ,true,1041096.80
unknown,main-trial-63,d,d,true,1041453.00
unknown,main-trial-63,s,s,true,1041565.90
unknown,main-trial-63, , ,true,1041697.10
unknown,main-trial-63,e,e,true,1042004.30
unknown,main-trial-63, , ,true,1042140.20
unknown,main-trial-63,f,f,true,1042439.40
unknown,main-trial-63,a,a,true,1042551.30
unknown,main-trial-63, , ,true,1042712.10
unknown,main-trial-63,d,d,true,1043749.30
unknown,main-trial-63,s,s,true,1043941.70
unknown,main-trial-63, , ,true,1044155.50
unknown,main-trial-63,f,f,true,1044368.50
unknown,main-trial-63,a,a,true,1044516.80
unknown,main-trial-63, , ,true,1044659.50
unknown,main-trial-63,d,d,true,1044818.60
unknown,main-trial-63,s,s,true,1045022.60
unknown,main-trial-64,g,g,true,1051276.50
unknown,main-trial-64, , ,true,1051401.30
unknown,main-trial-64,r,r,true,1051734.70
unknown,main-trial-64,e, ,false,1051828.90
unknown,main-trial-64,e,e,true,1052055.30
unknown,main-trial-64, ,r,false,1053163.30
unknown,main-trial-64, ,e,false,1053301.30
unknown,main-trial-64, , ,true,1053434.10
unknown,main-trial-64,r,m,false,1053716.30
unknown,main-trial-64,r, ,false,1053824.20
unknown,main-trial-64,r,s,false,1054150.20
unknown,main-trial-64,r,r,true,1055042.80
unknown,main-trial-64,e,e,true,1055181.00
unknown,main-trial-64, , ,true,1055382.20
unknown,main-trial-64,m, ,false,1055547.70
unknown,main-trial-64,m,m,true,1056137.80
unknown,main-trial-64, , ,true,1056322.10
unknown,main-trial-64,f,f,true,1056890.50
unknown,main-trial-64,s,s,true,1057057.10
unknown,main-trial-64, , ,true,1057190.70
unknown,main-trial-64,f,f,true,1057390.60
unknown,main-trial-64,s,s,true,1057549.50
unknown,main-trial-64, , ,true,1057681.80
unknown,main-trial-64,a,a,true,1057955.10
unknown,main-trial-64, , ,true,1058059.30
unknown,main-trial-64,r,r,true,1058464.50
unknown,main-trial-64,e,e,true,1058601.90
unknown,main-trial-64, , ,true,1058750.50
unknown,main-trial-64,f,f,true,1059126.10
unknown,main-trial-64,s,s,true,1059318.00
unknown,main-trial-64, , ,true,1059508.20
unknown,main-trial-64,r,r,true,1059814.50
unknown,main-trial-64,e,e,true,1060002.50
unknown,main-trial-64, , ,true,1060187.20
unknown,main-trial-64,f,f,true,1060564.40
unknown,main-trial-64,s,s,true,1060806.20
unknown,main-trial-65,s,s,true,1067197.30
unknown,main-trial-65, , ,true,1067284.90
unknown,main-trial-65,r,r,true,1067803.40
unknown,main-trial-65,e,e,true,1068020.10
unknown,main-trial-65, , ,true,1068289.00
unknown,main-trial-65,r,r,true,1068622.90
unknown,main-trial-65,e,e,true,1068776.20
unknown,main-trial-65, , ,true,1068930.40
unknown,main-trial-65,p,p,true,1069205.40
unknown,main-trial-65, , ,true,1069306.40
unknown,main-trial-65,f,f,true,1069695.00
unknown,main-trial-65,a,a,true,1069839.30
unknown,main-trial-65, , ,true,1070001.00
unknown,main-trial-65,f,f,true,1070274.60
unknown,main-trial-65,a,a,true,1070397.10
unknown,main-trial-65, , ,true,1070502.90
unknown,main-trial-65,y,y,true,1070964.90
unknown,main-trial-65, , ,true,1071156.60
unknown,main-trial-65,r,r,true,1071500.50
unknown,main-trial-65,e,e,true,1071648.90
unknown,main-trial-65, , ,true,1071781.60
unknown,main-trial-65,f,f,true,1072075.70
unknown,main-trial-65,a,a,true,1072414.10
unknown,main-trial-65, , ,true,1072532.00
unknown,main-trial-65,r,r,true,1072710.60
unknown,main-trial-65,e,e,true,1072865.10
unknown,main-trial-65, , ,true,1073047.90
unknown,main-trial-65,f,f,true,1073250.70
unknown,main-trial-65,a,a,true,1073373.70
unknown,main-trial-66,f,f,true,1078818.60
unknown,main-trial-66, , ,true,1078937.50
unknown,main-trial-66,a,a,true,1079202.70
unknown,main-trial-66,a, ,false,1079346.10
unknown,main-trial-66,a,a,true,1079457.50
unknown,main-trial-66, , ,true,1080042.10
unknown,main-trial-66,a,a,true,1080286.80
unknown,main-trial-66,a,a,true,1080471.50
unknown,main-trial-66, , ,true,1080592.10
unknown,main-trial-66,z,z,true,1080908.80
unknown,main-trial-66, , ,true,1081107.90
unknown,main-trial-66,w,w,true,1081783.00
unknown,main-trial-66,w,w,true,1081961.10
unknown,main-trial-66, , ,true,1082114.90
unknown,main-trial-66,w,w,true,1082334.00
unknown,main-trial-66,w,w,true,1082520.50
unknown,main-trial-66, , ,true,1082739.70
unknown,main-trial-66,c,c,true,1083132.30
unknown,main-trial-66, , ,true,1083496.60
unknown,main-trial-66,a,a,true,1083791.20
unknown,main-trial-66,a,a,true,1083993.60
unknown,main-trial-66, , ,true,1084116.40
unknown,main-trial-66,w,w,true,1084428.20
unknown,main-trial-66,w,w,true,1084595.10
unknown,main-trial-66, , ,true,1084699.10
unknown,main-trial-66,a,a,true,1085083.90
unknown,main-trial-66,a,a,true,1085263.90
unknown,main-trial-66, , ,true,1085380.70
unknown,main-trial-66,w,w,true,1085640.10
unknown,main-trial-66,w,w,true,1085818.20
unknown,main-trial-67,j,j,true,1090727.00
unknown,main-trial-67, , ,true,1090934.20
unknown,main-trial-67,s,s,true,1091186.00
unknown,main-trial-67,a,a,true,1091330.80
unknown,main-trial-67, , ,true,1091425.20
unknown,main-trial-67,s,s,true,1091614.10
unknown,main-trial-67,a,a,true,1091738.80
unknown,main-trial-67, , ,true,1091815.90
unknown,main-trial-67,k,k,true,1092088.20
unknown,main-trial-67, , ,true,1092193.80
unknown,main-trial-67,d,d,true,1092472.70
unknown,main-trial-67,v,v,true,1092695.40
unknown,main-trial-67, , ,true,1092856.80
unknown,main-trial-67,d,d,true,1093075.30
unknown,main-trial-67,v,v,true,1093349.90
unknown,main-trial-67, , ,true,1093498.20
unknown,main-trial-67,q,q,true,1093820.30
unknown,main-trial-67, , ,true,1093936.50
unknown,main-trial-67,s,s,true,1094306.40
unknown,main-trial-67,a,a,true,1094460.90
unknown,main-trial-67, , ,true,1094630.10
unknown,main-trial-67,d,d,true,1094955.20
unknown,main-trial-67,v,v,true,1095175.20
unknown,main-trial-67, , ,true,1095331.50
unknown,main-trial-67,s,s,true,1095584.40
unknown,main-trial-67,a,a,true,1095708.50
unknown,main-trial-67, , ,true,1095880.80
unknown,main-trial-67,d,d,true,1096087.70
unknown,main-trial-67,v,v,true,1096332.00
unknown,main-trial-68,m,m,true,1100043.50
unknown,main-trial-68, , ,true,1100154.10
unknown,main-trial-68,v,v,true,1100648.80
unknown,main-trial-68,f,s,false,1100879.70
unknown,main-trial-68,f,f,true,1101378.50
unknown,main-trial-68, , ,true,1101808.20
unknown,main-trial-68,v,v,true,1102390.00
unknown,main-trial-68,f,f,true,1102627.50
unknown,main-trial-68, , ,true,1103211.20
unknown,main-trial-68,z,z,true,1103660.20
unknown,main-trial-68, , ,true,1103847.90
unknown,main-trial-68,d,d,true,1104087.50
unknown,main-trial-68,e,e,true,1104268.10
unknown,main-trial-68, , ,true,1104367.90
unknown,main-trial-68,d,d,true,1104554.70
unknown,main-trial-68,e,e,true,1104720.20
unknown,main-trial-68, , ,true,1104882.60
unknown,main-trial-68,d,d,true,1105208.20
unknown,main-trial-68, , ,true,1105308.80
unknown,main-trial-68,v,v,true,1105639.90
unknown,main-trial-68,f,f,true,1105983.70
unknown,main-trial-68, , ,true,1106136.20
unknown,main-trial-68,d,d,true,1106503.50
unknown,main-trial-68,e,e,true,1106688.10
unknown,main-trial-68, , ,true,1106787.20
unknown,main-trial-68,v,v,true,1107127.80
unknown,main-trial-68,f,d,false,1107537.00
unknown,main-trial-68,f,f,true,1108349.20
unknown,main-trial-68, , ,true,1109224.20
unknown,main-trial-68,d,d,true,1109460.40
unknown,main-trial-68,e,e,true,1109643.30
unknown,main-trial-69,w,w,true,1121242.90
unknown,main-trial-69, , ,true,1121393.00
unknown,main-trial-69,a,a,true,1121955.20
unknown,main-trial-69,s,s,true,1122077.30
unknown,main-trial-69, , ,true,1122168.30
unknown,main-trial-69,a,a,true,1122325.90
unknown,main-trial-69,s,s,true,1122466.80
unknown,main-trial-69, , ,true,1122527.90
unknown,main-trial-69,o,o,true,1122762.20
unknown,main-trial-69, , ,true,1122845.30
unknown,main-trial-69,a,a,true,1123108.30
unknown,main-trial-69,d,d,true,1123299.30
unknown,main-trial-69, , ,true,1123441.10
unknown,main-trial-69,a,a,true,1123690.40
unknown,main-trial-69,d,d,true,1123838.10
unknown,main-trial-69, , ,true,1123959.50
unknown,main-trial-69,a,a,true,1124152.10
unknown,main-trial-69, , ,true,1124289.30
unknown,main-trial-69,a,a,true,1124578.80
unknown,main-trial-69,s,s,true,1124764.50
unknown,main-trial-69, , ,true,1124887.00
unknown,main-trial-69,a,a,true,1125118.50
unknown,main-trial-69,d,d,true,1125388.00
unknown,main-trial-69, , ,true,1126083.10
unknown,main-trial-69,a,a,true,1126233.70
unknown,main-trial-69,s,s,true,1126669.20
unknown,main-trial-69, , ,true,1126798.40
unknown,main-trial-69,a,a,true,1126963.80
unknown,main-trial-69,d,d,true,1127110.70
unknown,main-trial-70,i,i,true,1131288.20
unknown,main-trial-70, , ,true,1131408.80
unknown,main-trial-70,f,f,true,1131615.70
unknown,main-trial-70,f,f,true,1131815.30
unknown,main-trial-70, , ,true,1132022.10
unknown,main-trial-70,f,f,true,1132617.10
unknown,main-trial-70,f,f,true,1132787.50
unknown,main-trial-70, , ,true,1132896.70
unknown,main-trial-70,j,j,true,1133145.70
unknown,main-trial-70, , ,true,1133290.50
unknown,main-trial-70,a,a,true,1133562.00
unknown,main-trial-70,a,a,true,1133750.90
unknown,main-trial-70, , ,true,1133816.00
unknown,main-trial-70,a,a,true,1134085.70
unknown,main-trial-70,a,a,true,1134262.60
unknown,main-trial-70, , ,true,1134325.20
unknown,main-trial-70,p,f,false,1134618.50
unknown,main-trial-70,p,p,true,1135179.70
unknown,main-trial-70, , ,true,1135348.10
unknown,main-trial-70,f,f,true,1135766.80
unknown,main-trial-70,f,f,true,1135941.20
unknown,main-trial-70, , ,true,1136090.60
unknown,main-trial-70,a,a,true,1136318.80
unknown,main-trial-70,a,a,true,1136505.90
unknown,main-trial-70, , ,true,1136618.40
unknown,main-trial-70,f,f,true,1136761.00
unknown,main-trial-70,f,f,true,1136946.20
unknown,main-trial-70, , ,true,1137288.50
unknown,main-trial-70,a,a,true,1137477.90
unknown,main-trial-70,a,a,true,1137678.10
unknown,main-trial-71,a,a,true,1141221.40
unknown,main-trial-71, , ,true,1141240.40
unknown,main-trial-71,q,q,true,1141587.70
unknown,main-trial-71,e,u,false,1141668.30
unknown,main-trial-71,e,e,true,1142283.20
unknown,main-trial-71, , ,true,1142666.10
unknown,main-trial-71,q,q,true,1142939.30
unknown,main-trial-71,e,e,true,1143253.50
unknown,main-trial-71, , ,true,1143503.20
unknown,main-trial-71,a,a,true,1143847.60
unknown,main-trial-71, , ,true,1143952.90
unknown,main-trial-71,e,e,true,1144246.20
unknown,main-trial-71,w,w,true,1144589.00
unknown,main-trial-71, , ,true,1144778.60
unknown,main-trial-71,e,e,true,1145133.70
unknown,main-trial-71,w,w,true,1145281.30
unknown,main-trial-71, , ,true,1145476.90
unknown,main-trial-71,f,f,true,1145870.30
unknown,main-trial-71, , ,true,1146012.10
unknown,main-trial-71,q,q,true,1146353.20
unknown,main-trial-71,e,e,true,1146552.60
unknown,main-trial-71, , ,true,1147239.70
unknown,main-trial-71,e,q,false,1147483.60
unknown,main-trial-71,e,e,true,1148025.30
unknown,main-trial-71,w,w,true,1148515.70
unknown,main-trial-71, , ,true,1148910.60
unknown,main-trial-71,q,q,true,1149290.30
unknown,main-trial-71,e,w,false,1149735.90
unknown,main-trial-71,e,e,true,1150353.40
unknown,main-trial-71, , ,true,1150839.20
unknown,main-trial-71,e,e,true,1151483.60
unknown,main-trial-71,w,w,true,1151677.80
unknown,main-trial-72,t,t,true,1155489.30
unknown,main-trial-72, , ,true,1155618.60
unknown,main-trial-72,r,r,true,1155854.40
unknown,main-trial-72,r,r,true,1156043.60
unknown,main-trial-72, , ,true,1156108.40
unknown,main-trial-72,r,r,true,1156343.70
unknown,main-trial-72,r,r,true,1156511.90
unknown,main-trial-72, , ,true,1157080.40
unknown,main-trial-72,n,n,true,1157380.10
unknown,main-trial-72, , ,true,1157480.50
unknown,main-trial-72,a,a,true,1157705.70
unknown,main-trial-72,a,a,true,1157874.50
unknown,main-trial-72, , ,true,1158032.20
unknown,main-trial-72,a,a,true,1158255.00
unknown,main-trial-72,a, ,false,1158371.00
unknown,main-trial-72,a,a,true,1158524.70
unknown,main-trial-72, , ,true,1159029.50
unknown,main-trial-72,p,p,true,1159546.30
unknown,main-trial-72, , ,true,1159634.30
unknown,main-trial-72,r,r,true,1159866.10
unknown,main-trial-72,r,r,true,1160059.80
unknown,main-trial-72, , ,true,1160172.90
unknown,main-trial-72,a,a,true,1160453.60
unknown,main-trial-72,a,a,true,1160623.90
unknown,main-trial-72, , ,true,1160752.00
unknown,main-trial-72,r,r,true,1160922.90
unknown,main-trial-72,r,r,true,1161110.20
unknown,main-trial-72, , ,true,1161211.40
unknown,main-trial-72,a,a,true,1161392.50
unknown,main-trial-72,a,a,true,1161561.50
unknown,main-trial-73,i,i,true,1165939.40
unknown,main-trial-73, , ,true,1166083.10
unknown,main-trial-73,v,v,true,1166440.70
unknown,main-trial-73,v,v,true,1166612.80
unknown,main-trial-73, , ,true,1166709.40
unknown,main-trial-73,v,v,true,1167035.90
unknown,main-trial-73,v,v,true,1167232.80
unknown,main-trial-73, , ,true,1167404.50
unknown,main-trial-73,m,m,true,1167690.80
unknown,main-trial-73, , ,true,1167814.60
unknown,main-trial-73,s,s,true,1168111.20
unknown,main-trial-73,s,s,true,1168281.20
unknown,main-trial-73, , ,true,1168355.20
unknown,main-trial-73,s,s,true,1168561.00
unknown,main-trial-73,s,s,true,1168733.30
unknown,main-trial-73, , ,true,1168902.10
unknown,main-trial-73,t,t,true,1169349.70
unknown,main-trial-73, , ,true,1169497.00
unknown,main-trial-73,v,v,true,1170297.20
unknown,main-trial-73,v,v,true,1170509.30
unknown,main-trial-73, , ,true,1170689.00
unknown,main-trial-73,s,s,true,1171168.60
unknown,main-trial-73,s,s,true,1171330.00
unknown,main-trial-73, , ,true,1171434.90
unknown,main-trial-73,v,v,true,1171733.40
unknown,main-trial-73,v,v,true,1171921.80
unknown,main-trial-73, , ,true,1172047.30
unknown,main-trial-73,s,s,true,1172296.30
unknown,main-trial-73,s,s,true,1172469.10
unknown,main-trial-74,h,h,true,1177820.80
unknown,main-trial-74, , ,true,1178250.10
unknown,main-trial-74,f,f,true,1178595.50
unknown,main-trial-74,a,a,true,1178714.40
unknown,main-trial-74, , ,true,1178827.40
unknown,main-trial-74,f,f,true,1179096.70
unknown,main-trial-74,a,a,true,1179489.30
unknown,main-trial-74, , ,true,1179691.80
unknown,main-trial-74,v,v,true,1179945.00
unknown,main-trial-74, , ,true,1180072.00
unknown,main-trial-74,r,r,true,1180382.30
unknown,main-trial-74,e,e,true,1180525.20
unknown,main-trial-74, , ,true,1180695.80
unknown,main-trial-74,r,r,true,1180924.90
unknown,main-trial-74,e,e,true,1181024.70
unknown,main-trial-74, , ,true,1181147.20
unknown,main-trial-74,n,n,true,1181463.40
unknown,main-trial-74, , ,true,1181594.20
unknown,main-trial-74,f,f,true,1181943.90
unknown,main-trial-74,a,a,true,1182104.40
unknown,main-trial-74, , ,true,1182231.10
unknown,main-trial-74,r,r,true,1182588.50
unknown,main-trial-74,e,e,true,1182721.30
unknown,main-trial-74, , ,true,1182943.90
unknown,main-trial-74,f,f,true,1183575.50
unknown,main-trial-74,a,a,true,1183695.10
unknown,main-trial-74, , ,true,1183891.40
unknown,main-trial-74,r,r,true,1184652.80
unknown,main-trial-74,e,e,true,1184772.70
unknown,main-trial-75,n,n,true,1188534.80
unknown,main-trial-75, , ,true,1188715.00
unknown,main-trial-75,w,w,true,1189149.90
unknown,main-trial-75,r,r,true,1189290.70
unknown,main-trial-75, , ,true,1189539.20
unknown,main-trial-75,w,w,true,1189855.20
unknown,main-trial-75,r,r,true,1190021.90
unknown,main-trial-75, , ,true,1190128.50
unknown,main-trial-75,x,x,true,1190576.20
unknown,main-trial-75, , ,true,1190708.30
unknown,main-trial-75,s,s,true,1191050.00
unknown,main-trial-75,a,a,true,1191200.00
unknown,main-trial-75, , ,true,1191329.70
unknown,main-trial-75,s,s,true,1191608.70
unknown,main-trial-75,a,a,true,1191723.20
unknown,main-trial-75, , ,true,1191845.50
unknown,main-trial-75,r,r,true,1192076.50
unknown,main-trial-75, , ,true,1192193.20
unknown,main-trial-75,w,w,true,1192615.50
unknown,main-trial-75,r,r,true,1192885.70
unknown,main-trial-75, , ,true,1193031.50
unknown,main-trial-75,s,s,true,1193310.50
unknown,main-trial-75,a,a,true,1193487.60
unknown,main-trial-75, , ,true,1193572.40
unknown,main-trial-75,w,w,true,1193962.30
unknown,main-trial-75,r,r,true,1194108.00
unknown,main-trial-75, , ,true,1194245.60
unknown,main-trial-75,s,s,true,1194687.90
unknown,main-trial-75,a,a,true,1194832.90
unknown,main-trial-76,i,i,true,1198922.70
unknown,main-trial-76, , ,true,1199082.20
unknown,main-trial-76,f,f,true,1199369.90
unknown,main-trial-76,d,d,true,1199778.50
unknown,main-trial-76, , ,true,1199916.90
unknown,main-trial-76,f,f,true,1200195.50
unknown,main-trial-76,d,d,true,1200361.30
unknown,main-trial-76, , ,true,1200450.60
unknown,main-trial-76,c,c,true,1200719.90
unknown,main-trial-76, , ,true,1200810.40
unknown,main-trial-76,a,a,true,1201032.60
unknown,main-trial-76,d,d,true,1201226.00
unknown,main-trial-76, , ,true,1201340.00
unknown,main-trial-76,a,a,true,1201644.70
unknown,main-trial-76,d,d,true,1201798.20
unknown,main-trial-76, , ,true,1201923.90
unknown,main-trial-76,a,a,true,1202138.80
unknown,main-trial-76, , ,true,1202249.30
unknown,main-trial-76,f,f,true,1202599.40
unknown,main-trial-76,d,d,true,1202831.60
unknown,main-trial-76, , ,true,1203019.90
unknown,main-trial-76,a,a,true,1203371.00
unknown,main-trial-76,d,d,true,1203573.10
unknown,main-trial-76, , ,true,1203688.80
unknown,main-trial-76,f,f,true,1204427.40
unknown,main-trial-76,d,d,true,1204656.50
unknown,main-trial-76, , ,true,1204767.10
unknown,main-trial-76,a,a,true,1204990.10
unknown,main-trial-76,d,d,true,1205140.20
