user_id,trialId,expectedKey,typedKey,isCorrect,keydownTime
unknown,intro-trial-1,f,f,true,18183.00
unknown,intro-trial-1, ,f,false,19078.00
unknown,intro-trial-1, ,r,false,19303.00
unknown,intro-trial-1, , ,true,21287.00
unknown,intro-trial-1,f,f,true,21999.00
unknown,intro-trial-1,r,r,true,22183.00
unknown,intro-trial-1, , ,true,23174.00
unknown,intro-trial-1,l,v,false,24750.00
unknown,intro-trial-1,l,r,false,24926.00
unknown,intro-trial-1,l,l,true,27463.00
unknown,intro-trial-1, , ,true,28343.00
unknown,intro-trial-1,v,v,true,29087.00
unknown,intro-trial-1,r,r,true,29223.00
unknown,intro-trial-1, , ,true,30207.00
unknown,intro-trial-1,j,j,true,31303.00
unknown,intro-trial-1, , ,true,32110.00
unknown,intro-trial-1,f,f,true,33198.00
unknown,intro-trial-1,r,r,true,33349.00
unknown,intro-trial-1, , ,true,33758.00
unknown,intro-trial-1,v,v,true,34426.00
unknown,intro-trial-1,r,r,true,34556.00
unknown,main-trial-1,q,w,false,46835.00
unknown,main-trial-1,q,q,true,47840.00
unknown,main-trial-1, , ,true,49430.00
unknown,main-trial-1,x,x,true,50347.00
unknown,main-trial-1,x,x,true,50503.00
unknown,main-trial-1, , ,true,51279.00
unknown,main-trial-1,v,v,true,51735.00
unknown,main-trial-1, , ,true,52551.00
unknown,main-trial-1,w,w,true,53863.00
unknown,main-trial-1,w,w,true,54039.00
unknown,main-trial-1, , ,true,54375.00
unknown,main-trial-1,q,q,true,55911.00
unknown,main-trial-1, , ,true,56406.00
unknown,main-trial-1,x,x,true,58599.00
unknown,main-trial-1,x,x,true,58765.00
unknown,main-trial-1, , ,true,59558.00
unknown,main-trial-1,w,w,true,61095.00
unknown,main-trial-1,w,w,true,61263.00
unknown,main-trial-2,e,e,true,67595.00
unknown,main-trial-2, , ,true,68363.00
unknown,main-trial-2,a,a,true,68723.00
unknown,main-trial-2,a,a,true,68874.00
unknown,main-trial-2, , ,true,69468.00
unknown,main-trial-2,y,y,true,70898.00
unknown,main-trial-2, , ,true,71448.00
unknown,main-trial-2,w,w,true,72251.00
unknown,main-trial-2,w,w,true,72419.00
unknown,main-trial-2, , ,true,72979.00
unknown,main-trial-2,k,k,true,73619.00
unknown,main-trial-2, , ,true,74195.00
unknown,main-trial-2,a,a,true,76441.00
unknown,main-trial-2,a,a,true,76602.00
unknown,main-trial-2, , ,true,76995.00
unknown,main-trial-2,w,w,true,78650.00
unknown,main-trial-2,w,w,true,78786.00
unknown,main-trial-3,b,b,true,85447.00
unknown,main-trial-3, , ,true,86087.00
unknown,main-trial-3,c,c,true,86511.00
unknown,main-trial-3,c,c,true,86669.00
unknown,main-trial-3, , ,true,87151.00
unknown,main-trial-3,v,v,true,87919.00
unknown,main-trial-3, , ,true,88743.00
unknown,main-trial-3,w,w,true,89319.00
unknown,main-trial-3,w,w,true,89487.00
unknown,main-trial-3, , ,true,89983.00
unknown,main-trial-3,m,m,true,90519.00
unknown,main-trial-3, , ,true,90991.00
unknown,main-trial-3,c,c,true,92183.00
unknown,main-trial-3,c,c,true,92343.00
unknown,main-trial-3, , ,true,92677.00
unknown,main-trial-3,w,w,true,93167.00
unknown,main-trial-3,w,w,true,93309.00
unknown,main-trial-4,y,y,true,161027.00
unknown,main-trial-4, , ,true,161883.00
unknown,main-trial-4,r,r,true,162363.00
unknown,main-trial-4,r,r,true,162515.00
unknown,main-trial-4, , ,true,163163.00
unknown,main-trial-4,z,z,true,164106.00
unknown,main-trial-4, , ,true,164940.00
unknown,main-trial-4,e,e,true,165411.00
unknown,main-trial-4,e,e,true,165547.00
unknown,main-trial-4, , ,true,166235.00
unknown,main-trial-4,f,f,true,166507.00
unknown,main-trial-4, , ,true,167083.00
unknown,main-trial-4,r,r,true,167507.00
unknown,main-trial-4,r,r,true,167642.00
unknown,main-trial-4, , ,true,168033.00
unknown,main-trial-4,e,e,true,168546.00
unknown,main-trial-4,e,e,true,168704.00
unknown,main-trial-5,g,g,true,175727.00
unknown,main-trial-5, , ,true,176742.00
unknown,main-trial-5,d,d,true,177415.00
unknown,main-trial-5,d,d,true,177575.00
unknown,main-trial-5, , ,true,178662.00
unknown,main-trial-5,y,y,true,179310.00
unknown,main-trial-5, , ,true,180133.00
unknown,main-trial-5,v,v,true,180469.00
unknown,main-trial-5,v,v,true,180621.00
unknown,main-trial-5, , ,true,181383.00
unknown,main-trial-5,z,z,true,182775.00
unknown,main-trial-5, , ,true,183590.00
unknown,main-trial-5,d,d,true,184069.00
unknown,main-trial-5,d,d,true,184215.00
unknown,main-trial-5, , ,true,184822.00
unknown,main-trial-5,v,v,true,185189.00
unknown,main-trial-5,v,v,true,185327.00
unknown,main-trial-6,f,f,true,191595.00
unknown,main-trial-6, , ,true,191986.00
unknown,main-trial-6,w,w,true,192506.00
unknown,main-trial-6,w,w,true,192667.00
unknown,main-trial-6, , ,true,193171.00
unknown,main-trial-6,i,i,true,193545.00
unknown,main-trial-6, , ,true,194187.00
unknown,main-trial-6,x,x,true,195291.00
unknown,main-trial-6,x,x,true,195443.00
unknown,main-trial-6, , ,true,195994.00
unknown,main-trial-6,r,r,true,196497.00
unknown,main-trial-6, , ,true,197131.00
unknown,main-trial-6,w,w,true,197641.00
unknown,main-trial-6,w,w,true,197806.00
unknown,main-trial-6, , ,true,198347.00
unknown,main-trial-6,x,x,true,198994.00
unknown,main-trial-6,x,x,true,199131.00
unknown,main-trial-7,y,y,true,206870.00
unknown,main-trial-7, , ,true,207535.00
unknown,main-trial-7,v,v,true,207910.00
unknown,main-trial-7,v,v,true,208070.00
unknown,main-trial-7, , ,true,208373.00
unknown,main-trial-7,a,a,true,209783.00
unknown,main-trial-7, , ,true,210551.00
unknown,main-trial-7,d,d,true,210870.00
unknown,main-trial-7,d,d,true,211030.00
unknown,main-trial-7, , ,true,211406.00
unknown,main-trial-7,p,p,true,213159.00
unknown,main-trial-7, , ,true,214735.00
unknown,main-trial-7,v,v,true,215069.00
unknown,main-trial-7,v,v,true,215231.00
unknown,main-trial-7, , ,true,215575.00
unknown,main-trial-7,d,d,true,216047.00
unknown,main-trial-7,d,d,true,216181.00
unknown,main-trial-8,g,g,true,222594.00
unknown,main-trial-8, , ,true,223339.00
unknown,main-trial-8,q,q,true,223810.00
unknown,main-trial-8,q,q,true,223938.00
unknown,main-trial-8, , ,true,224435.00
unknown,main-trial-8,x,x,true,225258.00
unknown,main-trial-8, , ,true,225833.00
unknown,main-trial-8,a,a,true,226474.00
unknown,main-trial-8,a,a,true,226671.00
unknown,main-trial-8, , ,true,227305.00
unknown,main-trial-8,q,q,true,228483.00
unknown,main-trial-8, , ,true,228930.00
unknown,main-trial-8,q,q,true,229227.00
unknown,main-trial-8,q,q,true,229402.00
unknown,main-trial-8, , ,true,229747.00
unknown,main-trial-8,a,a,true,230202.00
unknown,main-trial-8,a,a,true,230395.00
unknown,main-trial-9,r,r,true,236222.00
unknown,main-trial-9, , ,true,236835.00
unknown,main-trial-9,v,v,true,237311.00
unknown,main-trial-9,v,v,true,237455.00
unknown,main-trial-9, , ,true,237847.00
unknown,main-trial-9,w,w,true,238366.00
unknown,main-trial-9, , ,true,239103.00
unknown,main-trial-9,e,e,true,239550.00
unknown,main-trial-9,e,e,true,239702.00
unknown,main-trial-9, , ,true,240175.00
unknown,main-trial-9,b,b,true,240610.00
unknown,main-trial-9, , ,true,241166.00
unknown,main-trial-9,v,v,true,242175.00
unknown,main-trial-9,v,v,true,242317.00
unknown,main-trial-9, , ,true,242762.00
unknown,main-trial-9,e,e,true,243143.00
unknown,main-trial-9,e,e,true,243301.00
unknown,main-trial-10,u,u,true,248079.00
unknown,main-trial-10, , ,true,248495.00
unknown,main-trial-10,a,a,true,248734.00
unknown,main-trial-10,a,a,true,248926.00
unknown,main-trial-10, , ,true,249263.00
unknown,main-trial-10,i,i,true,249869.00
unknown,main-trial-10, , ,true,250474.00
unknown,main-trial-10,x,x,true,251298.00
unknown,main-trial-10,x,x,true,251442.00
unknown,main-trial-10, , ,true,251883.00
unknown,main-trial-10,b,b,true,252355.00
unknown,main-trial-10, , ,true,252819.00
unknown,main-trial-10,a,a,true,253122.00
unknown,main-trial-10,a,a,true,253315.00
unknown,main-trial-10, , ,true,253626.00
unknown,main-trial-10,x,x,true,254178.00
unknown,main-trial-10,x,x,true,254335.00
unknown,main-trial-11,q,q,true,259531.00
unknown,main-trial-11, , ,true,260027.00
unknown,main-trial-11,x,x,true,260731.00
unknown,main-trial-11,x,x,true,260890.00
unknown,main-trial-11, , ,true,261379.00
unknown,main-trial-11,s,s,true,261986.00
unknown,main-trial-11, , ,true,262722.00
unknown,main-trial-11,c,c,true,263275.00
unknown,main-trial-11,c,c,true,263426.00
unknown,main-trial-11, , ,true,263811.00
unknown,main-trial-11,i,i,true,264243.00
unknown,main-trial-11, , ,true,264746.00
unknown,main-trial-11,x,x,true,265323.00
unknown,main-trial-11,x,x,true,265467.00
unknown,main-trial-11, , ,true,265709.00
unknown,main-trial-11,c,c,true,266270.00
unknown,main-trial-11,c,c,true,266406.00
unknown,main-trial-12,r,r,true,272263.00
unknown,main-trial-12, , ,true,272734.00
unknown,main-trial-12,c,c,true,273342.00
unknown,main-trial-12,c,c,true,273485.00
unknown,main-trial-12, , ,true,273709.00
unknown,main-trial-12,q,q,true,274190.00
unknown,main-trial-12, , ,true,274687.00
unknown,main-trial-12,a,a,true,275007.00
unknown,main-trial-12,a,a,true,275165.00
unknown,main-trial-12, , ,true,275565.00
unknown,main-trial-12,q,q,true,276022.00
unknown,main-trial-12, , ,true,276438.00
unknown,main-trial-12,c,c,true,276958.00
unknown,main-trial-12,c,c,true,277103.00
unknown,main-trial-12, , ,true,277302.00
unknown,main-trial-12,a,a,true,277759.00
unknown,main-trial-12,a,a,true,277934.00
unknown,main-trial-13,r,r,true,286241.00
unknown,main-trial-13, , ,true,286902.00
unknown,main-trial-13,e,e,true,287406.00
unknown,main-trial-13,e,e,true,287538.00
unknown,main-trial-13, , ,true,287979.00
unknown,main-trial-13,f,f,true,288588.00
unknown,main-trial-13, ,f,false,288730.00
unknown,main-trial-13, , ,true,289045.00
unknown,main-trial-13,f,f,true,289668.00
unknown,main-trial-13,f,f,true,289803.00
unknown,main-trial-13, , ,true,290242.00
unknown,main-trial-13,o,i,false,290633.00
unknown,main-trial-13,o,o,true,291842.00
unknown,main-trial-13, , ,true,292572.00
unknown,main-trial-13,e,e,true,293187.00
unknown,main-trial-13,e,e,true,293339.00
unknown,main-trial-13, , ,true,293747.00
unknown,main-trial-13,f,f,true,294083.00
unknown,main-trial-13,f,f,true,294218.00
unknown,main-trial-14,c,c,true,300142.00
unknown,main-trial-14, , ,true,300661.00
unknown,main-trial-14,d,d,true,301135.00
unknown,main-trial-14,d,d,true,301279.00
unknown,main-trial-14, , ,true,301726.00
unknown,main-trial-14,b,b,true,302318.00
unknown,main-trial-14, , ,true,302878.00
unknown,main-trial-14,e,e,true,303439.00
unknown,main-trial-14,e,e,true,303583.00
unknown,main-trial-14, , ,true,303991.00
unknown,main-trial-14,m,m,true,304565.00
unknown,main-trial-14, , ,true,305045.00
unknown,main-trial-14,d,d,true,305672.00
unknown,main-trial-14,d,d,true,305822.00
unknown,main-trial-14, , ,true,306255.00
unknown,main-trial-14,e,e,true,306735.00
unknown,main-trial-14,e,e,true,306871.00
unknown,main-trial-15,d,d,true,337030.00
unknown,main-trial-15, , ,true,337775.00
unknown,main-trial-15,f,f,true,338358.00
unknown,main-trial-15,f,f,true,338510.00
unknown,main-trial-15, , ,true,338991.00
unknown,main-trial-15,k,k,true,339455.00
unknown,main-trial-15, , ,true,340047.00
unknown,main-trial-15,v,v,true,340461.00
unknown,main-trial-15,v,v,true,340621.00
unknown,main-trial-15, , ,true,341087.00
unknown,main-trial-15,p,p,true,342383.00
unknown,main-trial-15, , ,true,343097.00
unknown,main-trial-15,f,f,true,343692.00
unknown,main-trial-15,f,f,true,343835.00
unknown,main-trial-15, , ,true,344283.00
unknown,main-trial-15,v,v,true,344953.00
unknown,main-trial-15,v,v,true,345106.00
unknown,main-trial-16,c,c,true,352947.00
unknown,main-trial-16, , ,true,353568.00
unknown,main-trial-16,f,f,true,353913.00
unknown,main-trial-16,f,f,true,354059.00
unknown,main-trial-16, , ,true,354515.00
unknown,main-trial-16,p,p,true,355361.00
unknown,main-trial-16, , ,true,356066.00
unknown,main-trial-16,a,a,true,356339.00
unknown,main-trial-16,a,a,true,356537.00
unknown,main-trial-16, , ,true,357043.00
unknown,main-trial-16,b,b,true,357835.00
unknown,main-trial-16, , ,true,358446.00
unknown,main-trial-16,f,f,true,358838.00
unknown,main-trial-16,f,f,true,358999.00
unknown,main-trial-16, , ,true,359447.00
unknown,main-trial-16,a,a,true,359943.00
unknown,main-trial-16,a,a,true,360117.00
unknown,main-trial-17,k,k,true,366925.00
unknown,main-trial-17, , ,true,368432.00
unknown,main-trial-17,v,v,true,368703.00
unknown,main-trial-17,v,v,true,368846.00
unknown,main-trial-17, , ,true,369343.00
unknown,main-trial-17,a,a,true,369574.00
unknown,main-trial-17, , ,true,370007.00
unknown,main-trial-17,s,s,true,370263.00
unknown,main-trial-17,s,s,true,370413.00
unknown,main-trial-17, , ,true,370757.00
unknown,main-trial-17,p,o,false,371301.00
unknown,main-trial-17,p,p,true,372062.00
unknown,main-trial-17, , ,true,372783.00
unknown,main-trial-17,v,v,true,373247.00
unknown,main-trial-17,v,v,true,373415.00
unknown,main-trial-17, , ,true,373711.00
unknown,main-trial-17,s,s,true,373966.00
unknown,main-trial-17,s,s,true,374106.00
unknown,main-trial-18,p,p,true,382475.00
unknown,main-trial-18, , ,true,383498.00
unknown,main-trial-18,x,x,true,384018.00
unknown,main-trial-18,x,x,true,384185.00
unknown,main-trial-18, , ,true,384642.00
unknown,main-trial-18,j,j,true,385249.00
unknown,main-trial-18, , ,true,385875.00
unknown,main-trial-18,z,z,true,387167.00
unknown,main-trial-18,z,z,true,387297.00
unknown,main-trial-18, , ,true,388003.00
unknown,main-trial-18,y,y,true,388371.00
unknown,main-trial-18, , ,true,389005.00
unknown,main-trial-18,x,x,true,389527.00
unknown,main-trial-18,x,x,true,389663.00
unknown,main-trial-18, , ,true,389967.00
unknown,main-trial-18,z,z,true,390677.00
unknown,main-trial-18,z,z,true,390798.00
unknown,main-trial-19,s,s,true,400711.00
unknown,main-trial-19, , ,true,401214.00
unknown,main-trial-19,f,f,true,401757.00
unknown,main-trial-19,f,f,true,401911.00
unknown,main-trial-19, , ,true,402351.00
unknown,main-trial-19,e,e,true,402847.00
unknown,main-trial-19, , ,true,403439.00
unknown,main-trial-19,d,d,true,404095.00
unknown,main-trial-19,d,d,true,404254.00
unknown,main-trial-19, , ,true,404835.00
unknown,main-trial-19,b,b,true,405554.00
unknown,main-trial-19, , ,true,406211.00
unknown,main-trial-19,f,f,true,406675.00
unknown,main-trial-19,f,f,true,406815.00
unknown,main-trial-19, , ,true,407251.00
unknown,main-trial-19,d,d,true,407603.00
unknown,main-trial-19,d,d,true,407754.00
unknown,main-trial-20,e,e,true,415907.00
unknown,main-trial-20, , ,true,416139.00
unknown,main-trial-20,e,e,true,416387.00
unknown,main-trial-20,e,e,true,416531.00
unknown,main-trial-20, , ,true,416907.00
unknown,main-trial-20,i,i,true,417242.00
unknown,main-trial-20, ,l,false,417251.00
unknown,main-trial-20, , ,true,417531.00
unknown,main-trial-20,d,d,true,418899.00
unknown,main-trial-20,d,d,true,419051.00
unknown,main-trial-20, , ,true,419415.00
unknown,main-trial-20,j,j,true,420022.00
unknown,main-trial-20, , ,true,420391.00
unknown,main-trial-20,e,e,true,420984.00
unknown,main-trial-20,e,e,true,421134.00
unknown,main-trial-20, , ,true,421479.00
unknown,main-trial-20,d,d,true,422495.00
unknown,main-trial-20,d,d,true,422647.00
unknown,main-trial-21,f,f,true,428447.00
unknown,main-trial-21, , ,true,428871.00
unknown,main-trial-21,f,f,true,429102.00
unknown,main-trial-21,f,f,true,429253.00
unknown,main-trial-21, , ,true,429503.00
unknown,main-trial-21,p,p,true,429911.00
unknown,main-trial-21, , ,true,430318.00
unknown,main-trial-21,r,r,true,430968.00
unknown,main-trial-21,r,r,true,431119.00
unknown,main-trial-21, , ,true,431485.00
unknown,main-trial-21,k,k,true,431735.00
unknown,main-trial-21, , ,true,432119.00
unknown,main-trial-21,f,f,true,432613.00
unknown,main-trial-21,f,f,true,432750.00
unknown,main-trial-21, , ,true,432983.00
unknown,main-trial-21,r,r,true,433317.00
unknown,main-trial-21,r,r,true,433462.00
unknown,main-trial-22,d,d,true,439083.00
unknown,main-trial-22, , ,true,439395.00
unknown,main-trial-22,c,c,true,439817.00
unknown,main-trial-22,c,c,true,439962.00
unknown,main-trial-22, , ,true,440243.00
unknown,main-trial-22,f,f,true,440697.00
unknown,main-trial-22, , ,true,441395.00
unknown,main-trial-22,x,x,true,441811.00
unknown,main-trial-22,x,x,true,441985.00
unknown,main-trial-22, , ,true,442459.00
unknown,main-trial-22,t,t,true,442931.00
unknown,main-trial-22, , ,true,443387.00
unknown,main-trial-22,c,c,true,443827.00
unknown,main-trial-22,c,c,true,443969.00
unknown,main-trial-22, , ,true,444123.00
unknown,main-trial-22,x,x,true,444699.00
unknown,main-trial-22,x,x,true,444836.00
unknown,main-trial-23,z,z,true,453879.00
unknown,main-trial-23, , ,true,454533.00
unknown,main-trial-23,x,x,true,455127.00
unknown,main-trial-23,x,x,true,455287.00
unknown,main-trial-23, , ,true,455725.00
unknown,main-trial-23,b,b,true,456317.00
unknown,main-trial-23, , ,true,456779.00
unknown,main-trial-23,a,a,true,457109.00
unknown,main-trial-23,a,a,true,457303.00
unknown,main-trial-23, , ,true,457511.00
unknown,main-trial-23,l,l,true,457877.00
unknown,main-trial-23, , ,true,458439.00
unknown,main-trial-23,x,x,true,459149.00
unknown,main-trial-23,x,x,true,459347.00
unknown,main-trial-23, , ,true,459567.00
unknown,main-trial-23,a,a,true,459767.00
unknown,main-trial-23,a,a,true,459935.00
unknown,main-trial-24,k,k,true,466771.00
unknown,main-trial-24, , ,true,467571.00
unknown,main-trial-24,e,e,true,468267.00
unknown,main-trial-24,e,e,true,468403.00
unknown,main-trial-24, , ,true,468826.00
unknown,main-trial-24,y,y,true,469226.00
unknown,main-trial-24, , ,true,469858.00
unknown,main-trial-24,s,s,true,470339.00
unknown,main-trial-24,s,s,true,470491.00
unknown,main-trial-24, , ,true,470891.00
unknown,main-trial-24,n,n,true,471265.00
unknown,main-trial-24, , ,true,471618.00
unknown,main-trial-24,e,e,true,471962.00
unknown,main-trial-24,e,e,true,472097.00
unknown,main-trial-24, , ,true,472331.00
unknown,main-trial-24,s,s,true,472491.00
unknown,main-trial-24,s,s,true,472627.00
unknown,main-trial-25,s,s,true,477809.00
unknown,main-trial-25, , ,true,478195.00
unknown,main-trial-25,s,s,true,478602.00
unknown,main-trial-25,s,s,true,478746.00
unknown,main-trial-25, , ,true,479170.00
unknown,main-trial-25,k,k,true,479563.00
unknown,main-trial-25, , ,true,480083.00
unknown,main-trial-25,e,e,true,480577.00
unknown,main-trial-25,e,e,true,480746.00
unknown,main-trial-25, , ,true,481003.00
unknown,main-trial-25,e,e,true,481514.00
unknown,main-trial-25, , ,true,482093.00
unknown,main-trial-25,s,s,true,482757.00
unknown,main-trial-25,s,s,true,482903.00
unknown,main-trial-25, , ,true,483247.00
unknown,main-trial-25,e,e,true,483558.00
unknown,main-trial-25,e,e,true,483702.00
unknown,main-trial-26,j,j,true,492590.00
unknown,main-trial-26, , ,true,493053.00
unknown,main-trial-26,d,d,true,493703.00
unknown,main-trial-26,d,d,true,493895.00
unknown,main-trial-26, , ,true,494335.00
unknown,main-trial-26,f,f,true,495082.00
unknown,main-trial-26, , ,true,495789.00
unknown,main-trial-26,r,r,true,496413.00
unknown,main-trial-26,r,r,true,496575.00
unknown,main-trial-26, , ,true,497202.00
unknown,main-trial-26,b,b,true,497906.00
unknown,main-trial-26, , ,true,498450.00
unknown,main-trial-26,d,d,true,499011.00
unknown,main-trial-26,d,d,true,499170.00
unknown,main-trial-26, , ,true,499946.00
unknown,main-trial-26,r,r,true,500787.00
unknown,main-trial-26,r,r,true,500955.00
unknown,main-trial-27,b,b,true,534673.00
unknown,main-trial-27, , ,true,535299.00
unknown,main-trial-27,r,r,true,535737.00
unknown,main-trial-27,r,r,true,535875.00
unknown,main-trial-27, , ,true,536226.00
unknown,main-trial-27,q,q,true,536707.00
unknown,main-trial-27, , ,true,537147.00
unknown,main-trial-27,s,s,true,538209.00
unknown,main-trial-27,s,s,true,538570.00
unknown,main-trial-27, , ,true,538970.00
unknown,main-trial-27,o,o,true,539794.00
unknown,main-trial-27, , ,true,540227.00
unknown,main-trial-27,r,r,true,540923.00
unknown,main-trial-27,r,r,true,541242.00
unknown,main-trial-27, , ,true,541651.00
unknown,main-trial-27,s,s,true,542154.00
unknown,main-trial-27,s,s,true,542331.00
unknown,main-trial-28,r,r,true,547630.00
unknown,main-trial-28, , ,true,547926.00
unknown,main-trial-28,w,w,true,548454.00
unknown,main-trial-28,w,w,true,548647.00
unknown,main-trial-28, , ,true,548998.00
unknown,main-trial-28,o,o,true,549422.00
unknown,main-trial-28, , ,true,550029.00
unknown,main-trial-28,s,s,true,551663.00
unknown,main-trial-28,s,s,true,551855.00
unknown,main-trial-28, , ,true,552159.00
unknown,main-trial-28,d,d,true,554070.00
unknown,main-trial-28, , ,true,554624.00
unknown,main-trial-28,w,w,true,555885.00
unknown,main-trial-28,w,w,true,556069.00
unknown,main-trial-28, , ,true,556375.00
unknown,main-trial-28,s,s,true,556627.00
unknown,main-trial-28,s,s,true,556782.00
unknown,main-trial-29,k,k,true,561884.00
unknown,main-trial-29, , ,true,562662.00
unknown,main-trial-29,z,z,true,563115.00
unknown,main-trial-29,z,z,true,563314.00
unknown,main-trial-29, , ,true,563771.00
unknown,main-trial-29,y,y,true,564163.00
unknown,main-trial-29, , ,true,564589.00
unknown,main-trial-29,w,w,true,565305.00
unknown,main-trial-29,w,w,true,565466.00
unknown,main-trial-29, , ,true,565754.00
unknown,main-trial-29,d,d,true,566323.00
unknown,main-trial-29, , ,true,566635.00
unknown,main-trial-29,z,z,true,567003.00
unknown,main-trial-29,z,z,true,567203.00
unknown,main-trial-29, , ,true,567562.00
unknown,main-trial-29,w,e,false,567955.00
unknown,main-trial-29,w,e,false,568098.00
unknown,main-trial-29,w,w,true,568578.00
unknown,main-trial-29,w,w,true,568730.00
unknown,main-trial-30,k,k,true,579111.00
unknown,main-trial-30, , ,true,579407.00
unknown,main-trial-30,w,w,true,580055.00
unknown,main-trial-30,w,w,true,580168.00
unknown,main-trial-30, , ,true,580856.00
unknown,main-trial-30,n,n,true,581309.00
unknown,main-trial-30, , ,true,581757.00
unknown,main-trial-30,v,v,true,582462.00
unknown,main-trial-30,v,v,true,582638.00
unknown,main-trial-30, , ,true,583054.00
unknown,main-trial-30,r,r,true,583543.00
unknown,main-trial-30, , ,true,583997.00
unknown,main-trial-30,w,w,true,584879.00
unknown,main-trial-30,w,w,true,585671.00
unknown,main-trial-30, , ,true,586271.00
unknown,main-trial-30,v,v,true,587142.00
unknown,main-trial-30,v,v,true,587285.00
unknown,main-trial-31,u,u,true,592706.00
unknown,main-trial-31, , ,true,593028.00
unknown,main-trial-31,r,r,true,593386.00
unknown,main-trial-31,r,r,true,593539.00
unknown,main-trial-31, , ,true,593955.00
unknown,main-trial-31,y,w,false,595754.00
unknown,main-trial-31,y,e,false,596322.00
unknown,main-trial-31,y,r,false,596787.00
unknown,main-trial-31,y,y,true,597739.00
unknown,main-trial-31, ,f,false,599251.00
unknown,main-trial-31, ,f,false,599393.00
unknown,main-trial-31, , ,true,601062.00
unknown,main-trial-31,f,f,true,601266.00
unknown,main-trial-31,f,f,true,601426.00
unknown,main-trial-31, , ,true,601842.00
unknown,main-trial-31,k,k,true,602298.00
unknown,main-trial-31, , ,true,602778.00
unknown,main-trial-31,r,r,true,603274.00
unknown,main-trial-31,r,r,true,603418.00
unknown,main-trial-31, , ,true,603706.00
unknown,main-trial-31,f,f,true,604402.00
unknown,main-trial-31,f,f,true,604547.00
unknown,main-trial-32,a,a,true,610094.00
unknown,main-trial-32, , ,true,610486.00
unknown,main-trial-32,s,s,true,610794.00
unknown,main-trial-32,s,s,true,610942.00
unknown,main-trial-32, , ,true,611424.00
unknown,main-trial-32,s,s,true,611863.00
unknown,main-trial-32, , ,true,612510.00
unknown,main-trial-32,r,r,true,614526.00
unknown,main-trial-32,r,r,true,614687.00
unknown,main-trial-32, , ,true,615159.00
unknown,main-trial-32,y,y,true,615599.00
unknown,main-trial-32, , ,true,616055.00
unknown,main-trial-32,s,s,true,616469.00
unknown,main-trial-32,s,s,true,616653.00
unknown,main-trial-32, , ,true,617095.00
unknown,main-trial-32,r,r,true,617838.00
unknown,main-trial-32,r,r,true,617998.00
unknown,main-trial-33,n,n,true,632074.00
unknown,main-trial-33, , ,true,632796.00
unknown,main-trial-33,e,e,true,633243.00
unknown,main-trial-33,e,e,true,633441.00
unknown,main-trial-33, , ,true,633826.00
unknown,main-trial-33,f,f,true,634178.00
unknown,main-trial-33, , ,true,634698.00
unknown,main-trial-33,r,r,true,635233.00
unknown,main-trial-33,r,r,true,635403.00
unknown,main-trial-33, , ,true,635859.00
unknown,main-trial-33,n,n,true,636253.00
unknown,main-trial-33, , ,true,636847.00
unknown,main-trial-33,e,e,true,637285.00
unknown,main-trial-33,e,e,true,637462.00
unknown,main-trial-33, , ,true,637695.00
unknown,main-trial-33,r,r,true,638166.00
unknown,main-trial-33,r,r,true,638319.00
unknown,main-trial-34,e,e,true,644199.00
unknown,main-trial-34, , ,true,644615.00
unknown,main-trial-34,w,w,true,645471.00
unknown,main-trial-34,w,w,true,645639.00
unknown,main-trial-34, , ,true,646102.00
unknown,main-trial-34,u,u,true,646566.00
unknown,main-trial-34, , ,true,647118.00
unknown,main-trial-34,z,z,true,647614.00
unknown,main-trial-34,z,z,true,647814.00
unknown,main-trial-34, , ,true,648319.00
unknown,main-trial-34,a,a,true,648583.00
unknown,main-trial-34, , ,true,648967.00
unknown,main-trial-34,w,w,true,649767.00
unknown,main-trial-34,w,w,true,649927.00
unknown,main-trial-34, , ,true,650398.00
unknown,main-trial-34,z,z,true,650879.00
unknown,main-trial-34,z,z,true,651095.00
unknown,main-trial-35,w,w,true,657427.00
unknown,main-trial-35, , ,true,658577.00
unknown,main-trial-35,f,f,true,658858.00
unknown,main-trial-35,f,f,true,659022.00
unknown,main-trial-35, , ,true,659569.00
unknown,main-trial-35,v,v,true,659963.00
unknown,main-trial-35, , ,true,660507.00
unknown,main-trial-35,e,e,true,661243.00
unknown,main-trial-35,e,e,true,661410.00
unknown,main-trial-35, , ,true,661795.00
unknown,main-trial-35,x,x,true,662466.00
unknown,main-trial-35, , ,true,663075.00
unknown,main-trial-35,f,f,true,663522.00
unknown,main-trial-35,f,f,true,663683.00
unknown,main-trial-35, , ,true,663802.00
unknown,main-trial-35,e,e,true,663963.00
unknown,main-trial-35,e,e,true,664115.00
unknown,main-trial-36,p,o,false,673597.00
unknown,main-trial-36,p,p,true,674471.00
unknown,main-trial-36, , ,true,675653.00
unknown,main-trial-36,r,r,true,676253.00
unknown,main-trial-36,r,r,true,676413.00
unknown,main-trial-36, , ,true,676854.00
unknown,main-trial-36,m,m,true,677270.00
unknown,main-trial-36, , ,true,677791.00
unknown,main-trial-36,d,d,true,678359.00
unknown,main-trial-36,d,d,true,678510.00
unknown,main-trial-36, , ,true,678862.00
unknown,main-trial-36,r,r,true,679511.00
unknown,main-trial-36, , ,true,679863.00
unknown,main-trial-36,r,r,true,680093.00
unknown,main-trial-36,r,r,true,680239.00
unknown,main-trial-36, , ,true,680615.00
unknown,main-trial-36,d,d,true,681061.00
unknown,main-trial-36,d,d,true,681207.00
unknown,main-trial-37,n,n,true,688939.00
unknown,main-trial-37, , ,true,690739.00
unknown,main-trial-37,z,z,true,690931.00
unknown,main-trial-37,z,z,true,691090.00
unknown,main-trial-37, , ,true,691915.00
unknown,main-trial-37,k,k,true,692451.00
unknown,main-trial-37, , ,true,693019.00
unknown,main-trial-37,a,a,true,693194.00
unknown,main-trial-37,a,a,true,693410.00
unknown,main-trial-37, , ,true,693737.00
unknown,main-trial-37,m,m,true,693931.00
unknown,main-trial-37, , ,true,694267.00
unknown,main-trial-37,z,z,true,694786.00
unknown,main-trial-37,z,z,true,694977.00
unknown,main-trial-37, , ,true,695203.00
unknown,main-trial-37,a,s,false,695939.00
unknown,main-trial-37,a,s,false,696121.00
unknown,main-trial-37,a,a,true,696443.00
unknown,main-trial-37,a,a,true,696643.00
unknown,main-trial-38,u,u,true,738751.00
unknown,main-trial-38, , ,true,740119.00
unknown,main-trial-38,v,v,true,740367.00
unknown,main-trial-38,v,v,true,740526.00
unknown,main-trial-38, , ,true,741088.00
unknown,main-trial-38,u,u,true,741430.00
unknown,main-trial-38, , ,true,741967.00
unknown,main-trial-38,r,r,true,742838.00
unknown,main-trial-38,r,r,true,742975.00
unknown,main-trial-38, , ,true,743590.00
unknown,main-trial-38,s,s,true,743990.00
unknown,main-trial-38, , ,true,744691.00
unknown,main-trial-38,v,v,true,745052.00
unknown,main-trial-38,v,v,true,745202.00
unknown,main-trial-38, , ,true,745612.00
unknown,main-trial-38,r,r,true,746042.00
unknown,main-trial-38,r,r,true,746171.00
unknown,main-trial-39,p,p,true,753355.00
unknown,main-trial-39, , ,true,754315.00
unknown,main-trial-39,z,z,true,754731.00
unknown,main-trial-39,z,z,true,754954.00
unknown,main-trial-39, , ,true,755386.00
unknown,main-trial-39,i,o,false,755682.00
unknown,main-trial-39,i,p,false,756362.00
unknown,main-trial-39,i,o,false,756962.00
unknown,main-trial-39,i,i,true,757963.00
unknown,main-trial-39, , ,true,759387.00
unknown,main-trial-39,x,x,true,761437.00
unknown,main-trial-39,x,x,true,761815.00
unknown,main-trial-39, , ,true,762343.00
unknown,main-trial-39,f,f,true,762711.00
unknown,main-trial-39, , ,true,763415.00
unknown,main-trial-39,z,z,true,763926.00
unknown,main-trial-39,z,z,true,764173.00
unknown,main-trial-39, , ,true,764631.00
unknown,main-trial-39,x,x,true,765382.00
unknown,main-trial-39,x,x,true,765582.00
unknown,main-trial-40,f,f,true,800303.00
unknown,main-trial-40, ,f,false,800494.00
unknown,main-trial-40, , ,true,800822.00
unknown,main-trial-40,s,s,true,801197.00
unknown,main-trial-40,s,s,true,801375.00
unknown,main-trial-40, , ,true,801693.00
unknown,main-trial-40,m,m,true,802095.00
unknown,main-trial-40, , ,true,802527.00
unknown,main-trial-40,w,w,true,803263.00
unknown,main-trial-40,w,w,true,803432.00
unknown,main-trial-40, , ,true,803800.00
unknown,main-trial-40,a,a,true,804007.00
unknown,main-trial-40, , ,true,804350.00
unknown,main-trial-40,s,s,true,804581.00
unknown,main-trial-40,s,s,true,804743.00
unknown,main-trial-40, , ,true,805097.00
unknown,main-trial-40,w,w,true,805932.00
unknown,main-trial-40,w,w,true,806082.00
unknown,main-trial-41,v,v,true,916479.00
unknown,main-trial-41, , ,true,916840.00
unknown,main-trial-41,v,v,true,917078.00
unknown,main-trial-41,v,v,true,917232.00
unknown,main-trial-41, , ,true,917495.00
unknown,main-trial-41,g,g,true,918055.00
unknown,main-trial-41, , ,true,918647.00
unknown,main-trial-41,f,f,true,919472.00
unknown,main-trial-41,f,f,true,919623.00
unknown,main-trial-41, , ,true,919784.00
unknown,main-trial-41,r,r,true,920422.00
unknown,main-trial-41, , ,true,920935.00
unknown,main-trial-41,v,v,true,921503.00
unknown,main-trial-41,v,v,true,921654.00
unknown,main-trial-41, , ,true,922199.00
unknown,main-trial-41,f,f,true,923220.00
unknown,main-trial-41,f,f,true,923365.00
unknown,main-trial-42,d,d,true,929178.00
unknown,main-trial-42, , ,true,929827.00
unknown,main-trial-42,s,s,true,930483.00
unknown,main-trial-42,s,s,true,930636.00
unknown,main-trial-42, , ,true,931099.00
unknown,main-trial-42,u,u,true,931426.00
unknown,main-trial-42, , ,true,931963.00
unknown,main-trial-42,c,c,true,932706.00
unknown,main-trial-42,c,c,true,932857.00
unknown,main-trial-42, , ,true,933299.00
unknown,main-trial-42,r,r,true,933723.00
unknown,main-trial-42, , ,true,934162.00
unknown,main-trial-42,s,s,true,934778.00
unknown,main-trial-42,s,s,true,934932.00
unknown,main-trial-42, , ,true,935347.00
unknown,main-trial-42,c,c,true,935707.00
unknown,main-trial-42,c,c,true,935844.00
unknown,main-trial-43,z,z,true,943738.00
unknown,main-trial-43, , ,true,944452.00
unknown,main-trial-43,q,q,true,944819.00
unknown,main-trial-43,q,q,true,945011.00
unknown,main-trial-43, , ,true,945430.00
unknown,main-trial-43,q,a,false,945727.00
unknown,main-trial-43,q,q,true,947086.00
unknown,main-trial-43, , ,true,947655.00
unknown,main-trial-43,c,c,true,948099.00
unknown,main-trial-43,c,c,true,948247.00
unknown,main-trial-43, , ,true,948744.00
unknown,main-trial-43,h,h,true,949695.00
unknown,main-trial-43, , ,true,950354.00
unknown,main-trial-43,q,q,true,950719.00
unknown,main-trial-43,q,q,true,950917.00
unknown,main-trial-43, , ,true,951512.00
unknown,main-trial-43,c,c,true,951927.00
unknown,main-trial-43,c,c,true,952062.00
unknown,main-trial-44,w,w,true,957783.00
unknown,main-trial-44, , ,true,958256.00
unknown,main-trial-44,e,e,true,959059.00
unknown,main-trial-44,e,e,true,959199.00
unknown,main-trial-44, , ,true,959527.00
unknown,main-trial-44,d,d,true,960197.00
unknown,main-trial-44, , ,true,960609.00
unknown,main-trial-44,v,v,true,961338.00
unknown,main-trial-44,v,v,true,961475.00
unknown,main-trial-44, , ,true,961882.00
unknown,main-trial-44,i,u,false,962395.00
unknown,main-trial-44,i,i,true,962810.00
unknown,main-trial-44, , ,true,963330.00
unknown,main-trial-44,e,e,true,963931.00
unknown,main-trial-44,e,e,true,964067.00
unknown,main-trial-44, , ,true,964388.00
unknown,main-trial-44,v,v,true,965835.00
unknown,main-trial-44,v,v,true,965985.00
unknown,main-trial-45,l,l,true,971155.00
unknown,main-trial-45, , ,true,971729.00
unknown,main-trial-45,c,c,true,972490.00
unknown,main-trial-45,c,c,true,972658.00
unknown,main-trial-45, , ,true,973066.00
unknown,main-trial-45,q,q,true,973408.00
unknown,main-trial-45, , ,true,973754.00
unknown,main-trial-45,q,q,true,974058.00
unknown,main-trial-45,q,q,true,974242.00
unknown,main-trial-45, , ,true,974570.00
unknown,main-trial-45,c,c,true,975490.00
unknown,main-trial-45, , ,true,975925.00
unknown,main-trial-45,c,c,true,976222.00
unknown,main-trial-45,c,c,true,976374.00
unknown,main-trial-45, , ,true,976606.00
unknown,main-trial-45,q,q,true,976821.00
unknown,main-trial-45,q,q,true,977004.00
unknown,main-trial-46,e,e,true,1150449.00
unknown,main-trial-46, , ,true,1151402.00
unknown,main-trial-46,c,c,true,1151690.00
unknown,main-trial-46,c,c,true,1151887.00
unknown,main-trial-46, , ,true,1152217.00
unknown,main-trial-46,a,a,true,1152417.00
unknown,main-trial-46, , ,true,1152673.00
unknown,main-trial-46,s,s,true,1152938.00
unknown,main-trial-46,s,s,true,1153122.00
unknown,main-trial-46, , ,true,1153425.00
unknown,main-trial-46,c,c,true,1153810.00
unknown,main-trial-46, , ,true,1154080.00
unknown,main-trial-46,c,c,true,1154274.00
unknown,main-trial-46,c,c,true,1154498.00
unknown,main-trial-46, , ,true,1154762.00
unknown,main-trial-46,s,s,true,1155018.00
unknown,main-trial-46,s,s,true,1155194.00
unknown,main-trial-47,w,w,true,1162414.00
unknown,main-trial-47, , ,true,1162614.00
unknown,main-trial-47,z,z,true,1163005.00
unknown,main-trial-47,z,z,true,1163167.00
unknown,main-trial-47, , ,true,1163565.00
unknown,main-trial-47,q,q,true,1164038.00
unknown,main-trial-47, , ,true,1164600.00
unknown,main-trial-47,c,c,true,1165332.00
unknown,main-trial-47,c,c,true,1165510.00
unknown,main-trial-47, , ,true,1165933.00
unknown,main-trial-47,f,f,true,1166382.00
unknown,main-trial-47, , ,true,1166931.00
unknown,main-trial-47,z,z,true,1167718.00
unknown,main-trial-47,z,z,true,1167878.00
unknown,main-trial-47, , ,true,1168285.00
unknown,main-trial-47,c,c,true,1168781.00
unknown,main-trial-47,c,c,true,1168925.00
unknown,main-trial-48,w,w,true,1175710.00
unknown,main-trial-48, , ,true,1176110.00
unknown,main-trial-48,a,a,true,1176313.00
unknown,main-trial-48,a,a,true,1176491.00
unknown,main-trial-48, , ,true,1176769.00
unknown,main-trial-48,j,j,true,1177155.00
unknown,main-trial-48, , ,true,1177617.00
unknown,main-trial-48,c,c,true,1177969.00
unknown,main-trial-48,c,c,true,1178129.00
unknown,main-trial-48, , ,true,1178402.00
unknown,main-trial-48,y,y,true,1178890.00
unknown,main-trial-48, , ,true,1179202.00
unknown,main-trial-48,a,a,true,1179418.00
unknown,main-trial-48,a,a,true,1179897.00
unknown,main-trial-48, , ,true,1180234.00
unknown,main-trial-48,c,c,true,1180634.00
unknown,main-trial-48,c,c,true,1180778.00
unknown,main-trial-49,x,x,true,1185578.00
unknown,main-trial-49, , ,true,1185905.00
unknown,main-trial-49,d,d,true,1186346.00
unknown,main-trial-49,d,d,true,1186513.00
unknown,main-trial-49, , ,true,1187106.00
unknown,main-trial-49,y,y,true,1187353.00
unknown,main-trial-49, , ,true,1187809.00
unknown,main-trial-49,f,f,true,1188362.00
unknown,main-trial-49,f,f,true,1188531.00
unknown,main-trial-49, , ,true,1188915.00
unknown,main-trial-49,b,b,true,1189323.00
unknown,main-trial-49, , ,true,1189667.00
unknown,main-trial-49,d,d,true,1190242.00
unknown,main-trial-49,d,d,true,1190401.00
unknown,main-trial-49, , ,true,1190497.00
unknown,main-trial-49,f,f,true,1190834.00
unknown,main-trial-49,f,f,true,1190971.00
unknown,main-trial-50,k,k,true,1204293.00
unknown,main-trial-50, , ,true,1204807.00
unknown,main-trial-50,c,c,true,1205246.00
unknown,main-trial-50,c,c,true,1205390.00
unknown,main-trial-50, , ,true,1205558.00
unknown,main-trial-50,w,w,true,1206174.00
unknown,main-trial-50, , ,true,1206350.00
unknown,main-trial-50,z,z,true,1206870.00
unknown,main-trial-50,z,z,true,1207030.00
unknown,main-trial-50, , ,true,1207358.00
unknown,main-trial-50,f,f,true,1207713.00
unknown,main-trial-50, , ,true,1208067.00
unknown,main-trial-50,c,c,true,1208649.00
unknown,main-trial-50,c,c,true,1208796.00
unknown,main-trial-50, , ,true,1209026.00
unknown,main-trial-50,z,z,true,1209522.00
unknown,main-trial-50,z,z,true,1209713.00
unknown,main-trial-51,o,o,true,1214882.00
unknown,main-trial-51, , ,true,1215465.00
unknown,main-trial-51,r,r,true,1216306.00
unknown,main-trial-51,r,r,true,1216435.00
unknown,main-trial-51, , ,true,1216866.00
unknown,main-trial-51,o,o,true,1217202.00
unknown,main-trial-51, , ,true,1217449.00
unknown,main-trial-51,v,v,true,1217881.00
unknown,main-trial-51,v,v,true,1218025.00
unknown,main-trial-51, , ,true,1218497.00
unknown,main-trial-51,i,i,true,1218833.00
unknown,main-trial-51, , ,true,1219058.00
unknown,main-trial-51,r,r,true,1219379.00
unknown,main-trial-51,r,r,true,1219514.00
unknown,main-trial-51, , ,true,1219826.00
unknown,main-trial-51,v,v,true,1220235.00
unknown,main-trial-51,v,v,true,1220378.00
unknown,main-trial-52,g,g,true,1225885.00
unknown,main-trial-52, , ,true,1226127.00
unknown,main-trial-52,z,z,true,1226725.00
unknown,main-trial-52,z,z,true,1226879.00
unknown,main-trial-52, , ,true,1227342.00
unknown,main-trial-52,f,f,true,1227959.00
unknown,main-trial-52, , ,true,1228365.00
unknown,main-trial-52,q,q,true,1229174.00
unknown,main-trial-52,q,q,true,1229350.00
unknown,main-trial-52, , ,true,1229855.00
unknown,main-trial-52,s,s,true,1230383.00
unknown,main-trial-52, , ,true,1230869.00
unknown,main-trial-52,z,z,true,1231374.00
unknown,main-trial-52,z,z,true,1231805.00
unknown,main-trial-52, , ,true,1232246.00
unknown,main-trial-52,q,q,true,1232895.00
unknown,main-trial-52,q,q,true,1233078.00
unknown,main-trial-53,u,u,true,1240107.00
unknown,main-trial-53, , ,true,1240587.00
unknown,main-trial-53,q,q,true,1241035.00
unknown,main-trial-53,q,q,true,1241193.00
unknown,main-trial-53, ,t,false,1248956.00
unknown,main-trial-53, , ,true,1249425.00
unknown,main-trial-53,t,t,true,1249626.00
unknown,main-trial-53, , ,true,1249819.00
unknown,main-trial-53,z,z,true,1250722.00
unknown,main-trial-53,z,z,true,1250882.00
unknown,main-trial-53, , ,true,1251089.00
unknown,main-trial-53,e,e,true,1251827.00
unknown,main-trial-53, , ,true,1252030.00
unknown,main-trial-53,q,q,true,1252451.00
unknown,main-trial-53,q,q,true,1252626.00
unknown,main-trial-53, , ,true,1252786.00
unknown,main-trial-53,z,z,true,1253403.00
unknown,main-trial-53,z,z,true,1253546.00
unknown,main-trial-54,y,y,true,1260070.00
unknown,main-trial-54, , ,true,1260367.00
unknown,main-trial-54,a,s,false,1260806.00
unknown,main-trial-54,a,s,false,1260959.00
unknown,main-trial-54,a,a,true,1261558.00
unknown,main-trial-54,a,a,true,1261734.00
unknown,main-trial-54, , ,true,1261958.00
unknown,main-trial-54,a,a,true,1262222.00
unknown,main-trial-54, , ,true,1262607.00
unknown,main-trial-54,z,z,true,1263333.00
unknown,main-trial-54,z,z,true,1263518.00
unknown,main-trial-54, , ,true,1264006.00
unknown,main-trial-54,t,t,true,1264429.00
unknown,main-trial-54, , ,true,1264847.00
unknown,main-trial-54,a,a,true,1265054.00
unknown,main-trial-54,a,a,true,1265238.00
unknown,main-trial-54, , ,true,1265582.00
unknown,main-trial-54,z,z,true,1266161.00
unknown,main-trial-54,z,z,true,1266334.00
unknown,main-trial-55,d,d,true,1273265.00
unknown,main-trial-55, , ,true,1273562.00
unknown,main-trial-55,r,w,false,1273946.00
unknown,main-trial-55,r,w,false,1274137.00
unknown,main-trial-55,r,e,false,1274578.00
unknown,main-trial-55,r,e,false,1274754.00
unknown,main-trial-55,r,r,true,1275522.00
unknown,main-trial-55,r,r,true,1275673.00
unknown,main-trial-55, , ,true,1276121.00
unknown,main-trial-55,c,c,true,1276769.00
unknown,main-trial-55, , ,true,1277170.00
unknown,main-trial-55,w,w,true,1277506.00
unknown,main-trial-55,w,w,true,1277674.00
unknown,main-trial-55, , ,true,1278019.00
unknown,main-trial-55,v,v,true,1278626.00
unknown,main-trial-55, , ,true,1278966.00
unknown,main-trial-55,r,r,true,1279394.00
unknown,main-trial-55,r,r,true,1279586.00
unknown,main-trial-55, , ,true,1279989.00
unknown,main-trial-55,w,w,true,1280702.00
unknown,main-trial-55,w,w,true,1280858.00
unknown,main-trial-56,l,l,true,1336641.00
unknown,main-trial-56, , ,true,1337386.00
unknown,main-trial-56,s,s,true,1337673.00
unknown,main-trial-56,s,s,true,1337817.00
unknown,main-trial-56, , ,true,1338266.00
unknown,main-trial-56,h,h,true,1339001.00
unknown,main-trial-56, , ,true,1339667.00
unknown,main-trial-56,v,v,true,1340033.00
unknown,main-trial-56,v,v,true,1340187.00
unknown,main-trial-56, , ,true,1340409.00
unknown,main-trial-56,r,r,true,1340987.00
unknown,main-trial-56, , ,true,1341170.00
unknown,main-trial-56,s,s,true,1341442.00
unknown,main-trial-56,s,s,true,1341594.00
unknown,main-trial-56, , ,true,1341931.00
unknown,main-trial-56,v,v,true,1342523.00
unknown,main-trial-56,v,v,true,1342674.00
unknown,main-trial-57,i,i,true,1348399.00
unknown,main-trial-57, , ,true,1348757.00
unknown,main-trial-57,x,x,true,1349085.00
unknown,main-trial-57,x,x,true,1349238.00
unknown,main-trial-57, , ,true,1349669.00
unknown,main-trial-57,x,x,true,1350053.00
unknown,main-trial-57, , ,true,1350574.00
unknown,main-trial-57,s,s,true,1351046.00
unknown,main-trial-57,s,s,true,1351198.00
unknown,main-trial-57, , ,true,1351630.00
unknown,main-trial-57,u,u,true,1352023.00
unknown,main-trial-57, , ,true,1352495.00
unknown,main-trial-57,x,x,true,1352773.00
unknown,main-trial-57,x,x,true,1352943.00
unknown,main-trial-57, , ,true,1353325.00
unknown,main-trial-57,s,s,true,1353853.00
unknown,main-trial-57,s,s,true,1354026.00
unknown,main-trial-58,g,g,true,1359103.00
unknown,main-trial-58, , ,true,1359659.00
unknown,main-trial-58,w,w,true,1360247.00
unknown,main-trial-58,w,w,true,1360405.00
unknown,main-trial-58, , ,true,1361001.00
unknown,main-trial-58,a,a,true,1361197.00
unknown,main-trial-58, , ,true,1361603.00
unknown,main-trial-58,e,e,true,1362067.00
unknown,main-trial-58,e,e,true,1362218.00
unknown,main-trial-58, , ,true,1362659.00
unknown,main-trial-58,a,a,true,1362945.00
unknown,main-trial-58, , ,true,1363395.00
unknown,main-trial-58,w,w,true,1363786.00
unknown,main-trial-58,w,w,true,1363929.00
unknown,main-trial-58, , ,true,1364411.00
unknown,main-trial-58,e,e,true,1364867.00
unknown,main-trial-58,e,e,true,1365011.00
unknown,main-trial-59,k,k,true,1387591.00
unknown,main-trial-59, , ,true,1387901.00
unknown,main-trial-59,v,v,true,1389126.00
unknown,main-trial-59,v,v,true,1389286.00
unknown,main-trial-59, , ,true,1389622.00
unknown,main-trial-59,j,j,true,1390111.00
unknown,main-trial-59, , ,true,1390750.00
unknown,main-trial-59,w,w,true,1391167.00
unknown,main-trial-59,w,w,true,1391335.00
unknown,main-trial-59, , ,true,1391694.00
unknown,main-trial-59,u,u,true,1392071.00
unknown,main-trial-59, , ,true,1392431.00
unknown,main-trial-59,v,v,true,1392835.00
unknown,main-trial-59,v,v,true,1392977.00
unknown,main-trial-59, , ,true,1393218.00
unknown,main-trial-59,w,w,true,1393715.00
unknown,main-trial-59,w,w,true,1393891.00
unknown,main-trial-60,r,r,true,1400449.00
unknown,main-trial-60, , ,true,1400658.00
unknown,main-trial-60,w,w,true,1401019.00
unknown,main-trial-60,w,w,true,1401178.00
unknown,main-trial-60, , ,true,1401521.00
unknown,main-trial-60,q,q,true,1401842.00
unknown,main-trial-60, , ,true,1402219.00
unknown,main-trial-60,c,c,true,1402826.00
unknown,main-trial-60,c,c,true,1402986.00
unknown,main-trial-60, , ,true,1403363.00
unknown,main-trial-60,t,t,true,1403970.00
unknown,main-trial-60, , ,true,1404434.00
unknown,main-trial-60,w,w,true,1404985.00
unknown,main-trial-60,w,w,true,1405121.00
unknown,main-trial-60, , ,true,1405458.00
unknown,main-trial-60,c,c,true,1405993.00
unknown,main-trial-60,c,c,true,1406137.00
unknown,main-trial-61,u,u,true,1513175.00
unknown,main-trial-61, , ,true,1514117.00
unknown,main-trial-61,w,w,true,1514493.00
unknown,main-trial-61,w,w,true,1514631.00
unknown,main-trial-61, , ,true,1515189.00
unknown,main-trial-61,y,y,true,1515455.00
unknown,main-trial-61, , ,true,1515991.00
unknown,main-trial-61,a,a,true,1516170.00
unknown,main-trial-61,a,a,true,1516370.00
unknown,main-trial-61, , ,true,1516691.00
unknown,main-trial-61,f,f,true,1517194.00
unknown,main-trial-61, , ,true,1517683.00
unknown,main-trial-61,w,w,true,1518161.00
unknown,main-trial-61,w,w,true,1518330.00
unknown,main-trial-61, ,w,false,1518515.00
unknown,main-trial-61, , ,true,1518677.00
unknown,main-trial-61,a,a,true,1518954.00
unknown,main-trial-61,a,a,true,1519162.00
unknown,main-trial-62,h,h,true,1524258.00
unknown,main-trial-62, ,q,false,1525323.00
unknown,main-trial-62, , ,true,1525750.00
unknown,main-trial-62,q, ,false,1526211.00
unknown,main-trial-62,q,q,true,1526923.00
unknown,main-trial-62,q,q,true,1527146.00
unknown,main-trial-62, , ,true,1528038.00
unknown,main-trial-62,g,g,true,1528393.00
unknown,main-trial-62, , ,true,1529250.00
unknown,main-trial-62,x,x,true,1530347.00
unknown,main-trial-62,x,x,true,1530746.00
unknown,main-trial-62, , ,true,1531282.00
unknown,main-trial-62,s,s,true,1531685.00
unknown,main-trial-62, , ,true,1532238.00
unknown,main-trial-62,q,q,true,1532590.00
unknown,main-trial-62,q,q,true,1532814.00
unknown,main-trial-62, , ,true,1533238.00
unknown,main-trial-62,x,x,true,1534742.00
unknown,main-trial-62,x,x,true,1534963.00
unknown,main-trial-63,j,j,true,1540221.00
unknown,main-trial-63, , ,true,1540446.00
unknown,main-trial-63,a,a,true,1541419.00
unknown,main-trial-63,a,a,true,1541590.00
unknown,main-trial-63, , ,true,1542023.00
unknown,main-trial-63,d,f,false,1542471.00
unknown,main-trial-63,d,d,true,1543181.00
unknown,main-trial-63, , ,true,1543684.00
unknown,main-trial-63,f,f,true,1544278.00
unknown,main-trial-63,f,f,true,1544438.00
unknown,main-trial-63, , ,true,1544671.00
unknown,main-trial-63,j,j,true,1544967.00
unknown,main-trial-63, , ,true,1545341.00
unknown,main-trial-63,a,a,true,1545487.00
unknown,main-trial-63,a,a,true,1545663.00
unknown,main-trial-63, , ,true,1545959.00
unknown,main-trial-63,f,f,true,1546470.00
unknown,main-trial-63,f,f,true,1546607.00
unknown,main-trial-64,l,l,true,1552297.00
unknown,main-trial-64, , ,true,1552523.00
unknown,main-trial-64,w,w,true,1552843.00
unknown,main-trial-64,w,w,true,1552994.00
unknown,main-trial-64, , ,true,1553372.00
unknown,main-trial-64,p,p,true,1553651.00
unknown,main-trial-64, , ,true,1553937.00
unknown,main-trial-64,r,r,true,1554530.00
unknown,main-trial-64,r,r,true,1554665.00
unknown,main-trial-64, , ,true,1554841.00
unknown,main-trial-64,z,z,true,1555137.00
unknown,main-trial-64, , ,true,1555483.00
unknown,main-trial-64,w,e,false,1555786.00
unknown,main-trial-64,w,e,false,1555959.00
unknown,main-trial-64,w,w,true,1556939.00
unknown,main-trial-64,w,w,true,1557099.00
unknown,main-trial-64, , ,true,1557490.00
unknown,main-trial-64,r,r,true,1558131.00
unknown,main-trial-64,r,r,true,1558282.00
unknown,main-trial-65,h,h,true,1563478.00
unknown,main-trial-65, , ,true,1563759.00
unknown,main-trial-65,e,e,true,1564559.00
unknown,main-trial-65,e,e,true,1564718.00
unknown,main-trial-65, , ,true,1564814.00
unknown,main-trial-65,n,n,true,1565621.00
unknown,main-trial-65, , ,true,1566368.00
unknown,main-trial-65,w,w,true,1566967.00
unknown,main-trial-65,w,w,true,1567127.00
unknown,main-trial-65, , ,true,1567510.00
unknown,main-trial-65,q,q,true,1567893.00
unknown,main-trial-65, , ,true,1568333.00
unknown,main-trial-65,e,e,true,1569022.00
unknown,main-trial-65,e,e,true,1569197.00
unknown,main-trial-65, , ,true,1569717.00
unknown,main-trial-65,w,e,false,1570206.00
unknown,main-trial-65,w,e,false,1570366.00
unknown,main-trial-65,w, ,false,1572462.00
unknown,main-trial-65,w,w,true,1572694.00
unknown,main-trial-65,w,w,true,1572854.00
unknown,main-trial-66,l,l,true,1595389.00
unknown,main-trial-66, , ,true,1595791.00
unknown,main-trial-66,s,s,true,1596271.00
unknown,main-trial-66,s,s,true,1596413.00
unknown,main-trial-66, , ,true,1596541.00
unknown,main-trial-66,l,l,true,1596814.00
unknown,main-trial-66, , ,true,1597226.00
unknown,main-trial-66,x,x,true,1597621.00
unknown,main-trial-66,x,x,true,1597750.00
unknown,main-trial-66, , ,true,1597950.00
unknown,main-trial-66,x,x,true,1598677.00
unknown,main-trial-66, , ,true,1599127.00
unknown,main-trial-66,s,s,true,1599551.00
unknown,main-trial-66,s,s,true,1599694.00
unknown,main-trial-66, , ,true,1599847.00
unknown,main-trial-66,x,x,true,1600847.00
unknown,main-trial-66,x,x,true,1601007.00
unknown,main-trial-67,v,v,true,1607885.00
unknown,main-trial-67, , ,true,1608166.00
unknown,main-trial-67,x,x,true,1608625.00
unknown,main-trial-67,x,x,true,1608761.00
unknown,main-trial-67, , ,true,1609242.00
unknown,main-trial-67,g,g,true,1609785.00
unknown,main-trial-67, , ,true,1610232.00
unknown,main-trial-67,q,q,true,1610577.00
unknown,main-trial-67,q,q,true,1610705.00
unknown,main-trial-67, , ,true,1611088.00
unknown,main-trial-67,z,z,true,1611720.00
unknown,main-trial-67, , ,true,1612072.00
unknown,main-trial-67,x,x,true,1612745.00
unknown,main-trial-67,x,x,true,1612892.00
unknown,main-trial-67, , ,true,1613298.00
unknown,main-trial-67,q,q,true,1613712.00
unknown,main-trial-67,q,q,true,1613873.00
unknown,main-trial-68,p,p,true,1621336.00
unknown,main-trial-68, , ,true,1621866.00
unknown,main-trial-68,a,a,true,1622436.00
unknown,main-trial-68,a,a,true,1622630.00
unknown,main-trial-68, , ,true,1623000.00
unknown,main-trial-68,g,g,true,1623434.00
unknown,main-trial-68, , ,true,1623794.00
unknown,main-trial-68,q,q,true,1624269.00
unknown,main-trial-68,q,q,true,1624454.00
unknown,main-trial-68, , ,true,1624757.00
unknown,main-trial-68,z,z,true,1625269.00
unknown,main-trial-68, , ,true,1625780.00
unknown,main-trial-68,a,a,true,1626461.00
unknown,main-trial-68,a,a,true,1626677.00
unknown,main-trial-68, , ,true,1626997.00
unknown,main-trial-68,q,q,true,1627509.00
unknown,main-trial-68,q,q,true,1627684.00
