user_id,trialId,expectedKey,typedKey,isCorrect,keydownTime
66da08c0a595569edd55aea9,intro-trial-1,q,q,true,18228.30
66da08c0a595569edd55aea9,intro-trial-1,t,t,true,18294.70
66da08c0a595569edd55aea9,intro-trial-1,b,b,true,18455.90
66da08c0a595569edd55aea9,intro-trial-1,w,l,false,18683.00
66da08c0a595569edd55aea9,intro-trial-1,w,w,true,19757.30
66da08c0a595569edd55aea9,intro-trial-1,l,l,true,19952.70
66da08c0a595569edd55aea9,intro-trial-1, , ,true,20188.50
66da08c0a595569edd55aea9,intro-trial-1,d,d,true,20326.50
66da08c0a595569edd55aea9,intro-trial-1,f,f,true,20438.70
66da08c0a595569edd55aea9,intro-trial-1, , ,true,20706.70
66da08c0a595569edd55aea9,intro-trial-1,d,d,true,20810.30
66da08c0a595569edd55aea9,intro-trial-1,f,f,true,20868.80
66da08c0a595569edd55aea9,intro-trial-1, , ,true,21039.40
66da08c0a595569edd55aea9,intro-trial-1,d,d,true,21139.10
66da08c0a595569edd55aea9,intro-trial-1,f,f,true,21243.30
66da08c0a595569edd55aea9,intro-trial-1, , ,true,21751.80
66da08c0a595569edd55aea9,intro-trial-1,q,q,true,21887.30
66da08c0a595569edd55aea9,intro-trial-1,q,q,true,22075.60
66da08c0a595569edd55aea9,intro-trial-1,n,n,true,22257.30
66da08c0a595569edd55aea9,intro-trial-1,e,e,true,22400.70
66da08c0a595569edd55aea9,intro-trial-1,e,e,true,22550.10
66da08c0a595569edd55aea9,intro-trial-1, , ,true,22844.60
66da08c0a595569edd55aea9,intro-trial-1,e,e,true,23122.10
66da08c0a595569edd55aea9,intro-trial-1,f,f,true,23166.30
66da08c0a595569edd55aea9,intro-trial-1, , ,true,23289.80
66da08c0a595569edd55aea9,intro-trial-1,e,e,true,23389.90
66da08c0a595569edd55aea9,intro-trial-1,f,f,true,23446.40
66da08c0a595569edd55aea9,intro-trial-1, , ,true,23539.60
66da08c0a595569edd55aea9,intro-trial-1,e,e,true,23699.00
66da08c0a595569edd55aea9,intro-trial-1,f,f,true,23762.30
66da08c0a595569edd55aea9,intro-trial-1, , ,true,23965.00
66da08c0a595569edd55aea9,intro-trial-1,m,m,true,24364.10
66da08c0a595569edd55aea9,intro-trial-1,l,l,true,24564.20
66da08c0a595569edd55aea9,intro-trial-1,h,h,true,24784.80
66da08c0a595569edd55aea9,intro-trial-1,w,w,true,24909.70
66da08c0a595569edd55aea9,intro-trial-1,j,j,true,25150.20
66da08c0a595569edd55aea9,intro-trial-1, , ,true,25265.00
66da08c0a595569edd55aea9,intro-trial-1,d,d,true,25602.40
66da08c0a595569edd55aea9,intro-trial-1,f,f,true,25697.10
66da08c0a595569edd55aea9,intro-trial-1, , ,true,25912.50
66da08c0a595569edd55aea9,intro-trial-1,e,e,true,26037.00
66da08c0a595569edd55aea9,intro-trial-1,f,f,true,26130.80
66da08c0a595569edd55aea9,intro-trial-1, , ,true,26239.60
66da08c0a595569edd55aea9,intro-trial-1,d,d,true,26479.90
66da08c0a595569edd55aea9,intro-trial-1,f,f,true,26567.30
66da08c0a595569edd55aea9,intro-trial-1, , ,true,26653.80
66da08c0a595569edd55aea9,intro-trial-1,e,e,true,26784.10
66da08c0a595569edd55aea9,intro-trial-1,f,f,true,26883.30
66da08c0a595569edd55aea9,intro-trial-1, , ,true,26975.00
66da08c0a595569edd55aea9,intro-trial-1,d,d,true,27199.30
66da08c0a595569edd55aea9,intro-trial-1,f,f,true,27262.30
66da08c0a595569edd55aea9,intro-trial-1, , ,true,27357.60
66da08c0a595569edd55aea9,intro-trial-1,e,e,true,27458.80
66da08c0a595569edd55aea9,intro-trial-1,f,f,true,27541.10
66da08c0a595569edd55aea9,intro-trial-2,b,b,true,33557.50
66da08c0a595569edd55aea9,intro-trial-2,a,a,true,33611.70
66da08c0a595569edd55aea9,intro-trial-2,f,f,true,33692.60
66da08c0a595569edd55aea9,intro-trial-2,s,s,true,33816.00
66da08c0a595569edd55aea9,intro-trial-2,e,e,true,33896.60
66da08c0a595569edd55aea9,intro-trial-2, , ,true,33994.60
66da08c0a595569edd55aea9,intro-trial-2,q,q,true,34112.00
66da08c0a595569edd55aea9,intro-trial-2,s,s,true,34244.70
66da08c0a595569edd55aea9,intro-trial-2, , ,true,34368.20
66da08c0a595569edd55aea9,intro-trial-2,q,q,true,34468.50
66da08c0a595569edd55aea9,intro-trial-2,s,s,true,34567.50
66da08c0a595569edd55aea9,intro-trial-2, , ,true,34720.40
66da08c0a595569edd55aea9,intro-trial-2,q,q,true,34867.00
66da08c0a595569edd55aea9,intro-trial-2,s,s,true,34972.70
66da08c0a595569edd55aea9,intro-trial-2, , ,true,35094.20
66da08c0a595569edd55aea9,intro-trial-2,d,d,true,35279.00
66da08c0a595569edd55aea9,intro-trial-2,n,n,true,35439.50
66da08c0a595569edd55aea9,intro-trial-2,a,a,true,35551.20
66da08c0a595569edd55aea9,intro-trial-2,g,g,true,35652.10
66da08c0a595569edd55aea9,intro-trial-2,q,q,true,35953.00
66da08c0a595569edd55aea9,intro-trial-2, , ,true,36251.90
66da08c0a595569edd55aea9,intro-trial-2,s,s,true,36489.50
66da08c0a595569edd55aea9,intro-trial-2,a,a,true,36593.50
66da08c0a595569edd55aea9,intro-trial-2, , ,true,36673.40
66da08c0a595569edd55aea9,intro-trial-2,s,s,true,36797.80
66da08c0a595569edd55aea9,intro-trial-2,a,a,true,36860.30
66da08c0a595569edd55aea9,intro-trial-2, , ,true,36977.60
66da08c0a595569edd55aea9,intro-trial-2,s,s,true,37117.80
66da08c0a595569edd55aea9,intro-trial-2,a,a,true,37221.80
66da08c0a595569edd55aea9,intro-trial-2, , ,true,37316.70
66da08c0a595569edd55aea9,intro-trial-2,i,i,true,37526.50
66da08c0a595569edd55aea9,intro-trial-2,p,p,true,37612.90
66da08c0a595569edd55aea9,intro-trial-2,h,h,true,37774.40
66da08c0a595569edd55aea9,intro-trial-2,g,g,true,38040.30
66da08c0a595569edd55aea9,intro-trial-2,y,y,true,38166.20
66da08c0a595569edd55aea9,intro-trial-2, , ,true,38271.10
66da08c0a595569edd55aea9,intro-trial-2,q,q,true,38569.10
66da08c0a595569edd55aea9,intro-trial-2,s,s,true,38816.80
66da08c0a595569edd55aea9,intro-trial-2, , ,true,38875.80
66da08c0a595569edd55aea9,intro-trial-2,s,s,true,39221.90
66da08c0a595569edd55aea9,intro-trial-2,a,a,true,39353.20
66da08c0a595569edd55aea9,intro-trial-2, , ,true,39807.60
66da08c0a595569edd55aea9,intro-trial-2,q,1,false,40337.70
66da08c0a595569edd55aea9,intro-trial-2,q,w,false,40523.70
66da08c0a595569edd55aea9,intro-trial-2,q,q,true,41257.90
66da08c0a595569edd55aea9,intro-trial-2,s,s,true,41297.40
66da08c0a595569edd55aea9,intro-trial-2, , ,true,41454.50
66da08c0a595569edd55aea9,intro-trial-2,s,s,true,41587.90
66da08c0a595569edd55aea9,intro-trial-2,a,a,true,41691.90
66da08c0a595569edd55aea9,intro-trial-2, , ,true,41839.90
66da08c0a595569edd55aea9,intro-trial-2,q,q,true,42024.00
66da08c0a595569edd55aea9,intro-trial-2,s,s,true,42152.10
66da08c0a595569edd55aea9,intro-trial-2, , ,true,42275.50
66da08c0a595569edd55aea9,intro-trial-2,s,s,true,42372.10
66da08c0a595569edd55aea9,intro-trial-2,a,a,true,42443.50
66da08c0a595569edd55aea9,intro-trial-3,s,s,true,46451.50
66da08c0a595569edd55aea9,intro-trial-3,h,h,true,46554.40
66da08c0a595569edd55aea9,intro-trial-3,k,k,true,46695.60
66da08c0a595569edd55aea9,intro-trial-3,x,x,true,46966.50
66da08c0a595569edd55aea9,intro-trial-3,y,y,true,47050.80
66da08c0a595569edd55aea9,intro-trial-3, , ,true,47174.70
66da08c0a595569edd55aea9,intro-trial-3,f,f,true,47532.50
66da08c0a595569edd55aea9,intro-trial-3,g,g,true,47618.00
66da08c0a595569edd55aea9,intro-trial-3, , ,true,47703.70
66da08c0a595569edd55aea9,intro-trial-3,f,f,true,47792.40
66da08c0a595569edd55aea9,intro-trial-3,g,g,true,47832.50
66da08c0a595569edd55aea9,intro-trial-3, , ,true,47954.20
66da08c0a595569edd55aea9,intro-trial-3,f,f,true,48062.90
66da08c0a595569edd55aea9,intro-trial-3,g,g,true,48121.40
66da08c0a595569edd55aea9,intro-trial-3, , ,true,48279.00
66da08c0a595569edd55aea9,intro-trial-3,v,v,true,48567.60
66da08c0a595569edd55aea9,intro-trial-3,x,h,false,48675.90
66da08c0a595569edd55aea9,intro-trial-3,x,x,true,49076.30
66da08c0a595569edd55aea9,intro-trial-3,h,h,true,49578.70
66da08c0a595569edd55aea9,intro-trial-3,k,k,true,49836.70
66da08c0a595569edd55aea9,intro-trial-3,n,n,true,50012.70
66da08c0a595569edd55aea9,intro-trial-3, , ,true,50279.50
66da08c0a595569edd55aea9,intro-trial-3,f,f,true,50391.30
66da08c0a595569edd55aea9,intro-trial-3,r,r,true,50455.40
66da08c0a595569edd55aea9,intro-trial-3, , ,true,50579.30
66da08c0a595569edd55aea9,intro-trial-3,f,f,true,50650.90
66da08c0a595569edd55aea9,intro-trial-3,r,r,true,50731.30
66da08c0a595569edd55aea9,intro-trial-3, , ,true,50861.50
66da08c0a595569edd55aea9,intro-trial-3,f,f,true,50985.30
66da08c0a595569edd55aea9,intro-trial-3,r,r,true,51031.70
66da08c0a595569edd55aea9,intro-trial-3, , ,true,51395.20
66da08c0a595569edd55aea9,intro-trial-3,j,j,true,51570.80
66da08c0a595569edd55aea9,intro-trial-3,l,l,true,51764.20
66da08c0a595569edd55aea9,intro-trial-3,v,v,true,51949.30
66da08c0a595569edd55aea9,intro-trial-3,p,p,true,52123.90
66da08c0a595569edd55aea9,intro-trial-3,z,z,true,52383.20
66da08c0a595569edd55aea9,intro-trial-3, , ,true,52535.60
66da08c0a595569edd55aea9,intro-trial-3,f,f,true,52805.50
66da08c0a595569edd55aea9,intro-trial-3,g,g,true,52923.30
66da08c0a595569edd55aea9,intro-trial-3, , ,true,53075.30
66da08c0a595569edd55aea9,intro-trial-3,f,f,true,53179.50
66da08c0a595569edd55aea9,intro-trial-3,r,r,true,53267.20
66da08c0a595569edd55aea9,intro-trial-3, , ,true,53367.00
66da08c0a595569edd55aea9,intro-trial-3,f,f,true,53475.60
66da08c0a595569edd55aea9,intro-trial-3,g,g,true,53684.40
66da08c0a595569edd55aea9,intro-trial-3, , ,true,53812.80
66da08c0a595569edd55aea9,intro-trial-3,f,f,true,53883.30
66da08c0a595569edd55aea9,intro-trial-3,r,r,true,53981.40
66da08c0a595569edd55aea9,intro-trial-3, , ,true,54107.00
66da08c0a595569edd55aea9,intro-trial-3,f,g,false,54296.90
66da08c0a595569edd55aea9,intro-trial-3,f,f,true,54356.50
66da08c0a595569edd55aea9,intro-trial-3,g,g,true,55008.50
66da08c0a595569edd55aea9,intro-trial-3, , ,true,55106.90
66da08c0a595569edd55aea9,intro-trial-3,f,f,true,55191.20
66da08c0a595569edd55aea9,intro-trial-3,r,r,true,55299.50
66da08c0a595569edd55aea9,main-trial-1,k,k,true,59450.50
66da08c0a595569edd55aea9,main-trial-1,p,p,true,59494.30
66da08c0a595569edd55aea9,main-trial-1,g,g,true,59574.80
66da08c0a595569edd55aea9,main-trial-1,c,c,true,59755.20
66da08c0a595569edd55aea9,main-trial-1,c,c,true,59901.60
66da08c0a595569edd55aea9,main-trial-1, , ,true,60012.00
66da08c0a595569edd55aea9,main-trial-1,v,v,true,60237.50
66da08c0a595569edd55aea9,main-trial-1,r,r,true,60312.00
66da08c0a595569edd55aea9,main-trial-1, , ,true,60461.60
66da08c0a595569edd55aea9,main-trial-1,v,v,true,60548.70
66da08c0a595569edd55aea9,main-trial-1,r, ,false,60756.30
66da08c0a595569edd55aea9,main-trial-1,r,v,false,60882.60
66da08c0a595569edd55aea9,main-trial-1,r,r,true,60961.60
66da08c0a595569edd55aea9,main-trial-1, , ,true,61049.00
66da08c0a595569edd55aea9,main-trial-1,v,f,false,61166.80
66da08c0a595569edd55aea9,main-trial-1,v,k,false,61329.80
66da08c0a595569edd55aea9,main-trial-1,v,a,false,61437.60
66da08c0a595569edd55aea9,main-trial-1,v,v,true,62186.30
66da08c0a595569edd55aea9,main-trial-1,r,r,true,62257.00
66da08c0a595569edd55aea9,main-trial-1, , ,true,62423.10
66da08c0a595569edd55aea9,main-trial-1,f,f,true,62531.70
66da08c0a595569edd55aea9,main-trial-1,a,a,true,62617.70
66da08c0a595569edd55aea9,main-trial-1,k,k,true,62736.40
66da08c0a595569edd55aea9,main-trial-1,t,t,true,62802.30
66da08c0a595569edd55aea9,main-trial-1,y,y,true,62964.80
66da08c0a595569edd55aea9,main-trial-1, , ,true,63090.90
66da08c0a595569edd55aea9,main-trial-1,f,f,true,63228.10
66da08c0a595569edd55aea9,main-trial-1,r,r,true,63339.50
66da08c0a595569edd55aea9,main-trial-1, , ,true,63462.10
66da08c0a595569edd55aea9,main-trial-1,f,f,true,63539.30
66da08c0a595569edd55aea9,main-trial-1,r,r,true,63638.70
66da08c0a595569edd55aea9,main-trial-1, , ,true,63775.70
66da08c0a595569edd55aea9,main-trial-1,f,f,true,63923.70
66da08c0a595569edd55aea9,main-trial-1,r,r,true,64010.10
66da08c0a595569edd55aea9,main-trial-1, , ,true,64132.20
66da08c0a595569edd55aea9,main-trial-1,y,y,true,64370.90
66da08c0a595569edd55aea9,main-trial-1,k,k,true,64592.40
66da08c0a595569edd55aea9,main-trial-1,x,w,false,64704.80
66da08c0a595569edd55aea9,main-trial-1,x,x,true,65049.30
66da08c0a595569edd55aea9,main-trial-1,m,m,true,65218.70
66da08c0a595569edd55aea9,main-trial-1,n,n,true,65399.70
66da08c0a595569edd55aea9,main-trial-1, , ,true,65575.60
66da08c0a595569edd55aea9,main-trial-1,v,v,true,65718.40
66da08c0a595569edd55aea9,main-trial-1,r,r,true,65815.20
66da08c0a595569edd55aea9,main-trial-1, , ,true,65931.30
66da08c0a595569edd55aea9,main-trial-1,f,f,true,66397.50
66da08c0a595569edd55aea9,main-trial-1,r,r,true,66473.40
66da08c0a595569edd55aea9,main-trial-1, , ,true,66592.60
66da08c0a595569edd55aea9,main-trial-1,v,v,true,66689.80
66da08c0a595569edd55aea9,main-trial-1,r,r,true,66780.40
66da08c0a595569edd55aea9,main-trial-1, , ,true,66939.50
66da08c0a595569edd55aea9,main-trial-1,f,f,true,67100.70
66da08c0a595569edd55aea9,main-trial-1,r,r,true,67224.80
66da08c0a595569edd55aea9,main-trial-1, , ,true,67344.70
66da08c0a595569edd55aea9,main-trial-1,v,v,true,67751.50
66da08c0a595569edd55aea9,main-trial-1,r,r,true,67859.50
66da08c0a595569edd55aea9,main-trial-1, , ,true,67946.30
66da08c0a595569edd55aea9,main-trial-1,f,f,true,68084.30
66da08c0a595569edd55aea9,main-trial-1,r,f,false,68508.80
66da08c0a595569edd55aea9,main-trial-1,r,f,false,68947.30
66da08c0a595569edd55aea9,main-trial-1,r,r,true,69051.00
66da08c0a595569edd55aea9,main-trial-2,v,v,true,73872.30
66da08c0a595569edd55aea9,main-trial-2,z,x,false,74004.60
66da08c0a595569edd55aea9,main-trial-2,z,z,true,74562.50
66da08c0a595569edd55aea9,main-trial-2,x,x,true,74838.80
66da08c0a595569edd55aea9,main-trial-2,g,g,true,75176.60
66da08c0a595569edd55aea9,main-trial-2,i,i,true,75258.90
66da08c0a595569edd55aea9,main-trial-2, , ,true,75383.90
66da08c0a595569edd55aea9,main-trial-2,c,c,true,75510.80
66da08c0a595569edd55aea9,main-trial-2,r,r,true,75682.90
66da08c0a595569edd55aea9,main-trial-2, , ,true,75817.10
66da08c0a595569edd55aea9,main-trial-2,c,c,true,75932.40
66da08c0a595569edd55aea9,main-trial-2,r,r,true,76131.80
66da08c0a595569edd55aea9,main-trial-2, , ,true,76277.10
66da08c0a595569edd55aea9,main-trial-2,c,c,true,76397.90
66da08c0a595569edd55aea9,main-trial-2,r,r,true,76545.70
66da08c0a595569edd55aea9,main-trial-2, , ,true,76671.30
66da08c0a595569edd55aea9,main-trial-2,o,o,true,76902.70
66da08c0a595569edd55aea9,main-trial-2,v,v,true,77000.10
66da08c0a595569edd55aea9,main-trial-2,h,h,true,77129.80
66da08c0a595569edd55aea9,main-trial-2,m,m,true,77343.20
66da08c0a595569edd55aea9,main-trial-2,e,e,true,77459.40
66da08c0a595569edd55aea9,main-trial-2, , ,true,77536.60
66da08c0a595569edd55aea9,main-trial-2,v,v,true,77668.50
66da08c0a595569edd55aea9,main-trial-2,r,r,true,77808.40
66da08c0a595569edd55aea9,main-trial-2, , ,true,77984.60
66da08c0a595569edd55aea9,main-trial-2,v,v,true,78060.80
66da08c0a595569edd55aea9,main-trial-2,r,r,true,78147.70
66da08c0a595569edd55aea9,main-trial-2, , ,true,78257.00
66da08c0a595569edd55aea9,main-trial-2,v,v,true,78396.80
66da08c0a595569edd55aea9,main-trial-2,r,r,true,78488.10
66da08c0a595569edd55aea9,main-trial-2, , ,true,78584.80
66da08c0a595569edd55aea9,main-trial-2,u,u,true,78800.80
66da08c0a595569edd55aea9,main-trial-2,c,c,true,78888.90
66da08c0a595569edd55aea9,main-trial-2,c,c,true,79029.40
66da08c0a595569edd55aea9,main-trial-2,k,k,true,79144.00
66da08c0a595569edd55aea9,main-trial-2,e,e,true,79251.80
66da08c0a595569edd55aea9,main-trial-2, , ,true,79377.10
66da08c0a595569edd55aea9,main-trial-2,c,c,true,79618.50
66da08c0a595569edd55aea9,main-trial-2,r,r,true,79796.90
66da08c0a595569edd55aea9,main-trial-2, , ,true,79934.70
66da08c0a595569edd55aea9,main-trial-2,v,v,true,80046.50
66da08c0a595569edd55aea9,main-trial-2,r,r,true,80148.10
66da08c0a595569edd55aea9,main-trial-2, , ,true,80281.10
66da08c0a595569edd55aea9,main-trial-2,c,c,true,80383.70
66da08c0a595569edd55aea9,main-trial-2,r,r,true,80583.70
66da08c0a595569edd55aea9,main-trial-2, , ,true,80700.30
66da08c0a595569edd55aea9,main-trial-2,v,c,false,80834.40
66da08c0a595569edd55aea9,main-trial-2,v,v,true,80876.70
66da08c0a595569edd55aea9,main-trial-2,r,r,true,80953.20
66da08c0a595569edd55aea9,main-trial-2, , ,true,81144.80
66da08c0a595569edd55aea9,main-trial-2,c,c,true,81239.70
66da08c0a595569edd55aea9,main-trial-2,r,r,true,81448.90
66da08c0a595569edd55aea9,main-trial-2, , ,true,81566.50
66da08c0a595569edd55aea9,main-trial-2,v,v,true,81704.60
66da08c0a595569edd55aea9,main-trial-2,r,r,true,81755.20
66da08c0a595569edd55aea9,main-trial-3,m,m,true,84600.70
66da08c0a595569edd55aea9,main-trial-3,k,k,true,84662.20
66da08c0a595569edd55aea9,main-trial-3,w,w,true,84763.70
66da08c0a595569edd55aea9,main-trial-3,f,s,false,84976.90
66da08c0a595569edd55aea9,main-trial-3,f,f,true,85271.50
66da08c0a595569edd55aea9,main-trial-3,l,l,true,85354.20
66da08c0a595569edd55aea9,main-trial-3, , ,true,85458.70
66da08c0a595569edd55aea9,main-trial-3,s,s,true,85561.90
66da08c0a595569edd55aea9,main-trial-3,f,d,false,85716.30
66da08c0a595569edd55aea9,main-trial-3,f, ,false,85864.40
66da08c0a595569edd55aea9,main-trial-3,f,f,true,86170.00
66da08c0a595569edd55aea9,main-trial-3, ,s,false,86619.30
66da08c0a595569edd55aea9,main-trial-3, , ,true,86697.40
66da08c0a595569edd55aea9,main-trial-3,s,v,false,86847.40
66da08c0a595569edd55aea9,main-trial-3,s,s,true,86995.20
66da08c0a595569edd55aea9,main-trial-3,f,s,false,87233.10
66da08c0a595569edd55aea9,main-trial-3,f,f,true,87269.00
66da08c0a595569edd55aea9,main-trial-3, ,s,false,87951.30
66da08c0a595569edd55aea9,main-trial-3, ,f,false,88006.60
66da08c0a595569edd55aea9,main-trial-3, , ,true,88309.70
66da08c0a595569edd55aea9,main-trial-3,s,s,true,88428.40
66da08c0a595569edd55aea9,main-trial-3,f,f,true,88511.60
66da08c0a595569edd55aea9,main-trial-3, , ,true,88911.70
66da08c0a595569edd55aea9,main-trial-3,t,t,true,89021.80
66da08c0a595569edd55aea9,main-trial-3,h,h,true,89130.10
66da08c0a595569edd55aea9,main-trial-3,n,n,true,89315.30
66da08c0a595569edd55aea9,main-trial-3,e,e,true,89410.20
66da08c0a595569edd55aea9,main-trial-3,b,b,true,89572.10
66da08c0a595569edd55aea9,main-trial-3, , ,true,89708.80
66da08c0a595569edd55aea9,main-trial-3,b,b,true,89856.40
66da08c0a595569edd55aea9,main-trial-3,e,e,true,89912.10
66da08c0a595569edd55aea9,main-trial-3, , ,true,90008.30
66da08c0a595569edd55aea9,main-trial-3,b,b,true,90128.50
66da08c0a595569edd55aea9,main-trial-3,e,e,true,90163.60
66da08c0a595569edd55aea9,main-trial-3, , ,true,90287.70
66da08c0a595569edd55aea9,main-trial-3,b,b,true,90473.00
66da08c0a595569edd55aea9,main-trial-3,e,e,true,90582.20
66da08c0a595569edd55aea9,main-trial-3, , ,true,90651.20
66da08c0a595569edd55aea9,main-trial-3,o,i,false,90925.00
66da08c0a595569edd55aea9,main-trial-3,o,o,true,91269.00
66da08c0a595569edd55aea9,main-trial-3,l,l,true,91431.70
66da08c0a595569edd55aea9,main-trial-3,x,x,true,91515.20
66da08c0a595569edd55aea9,main-trial-3,j,j,true,91649.30
66da08c0a595569edd55aea9,main-trial-3,r,r,true,91899.70
66da08c0a595569edd55aea9,main-trial-3, , ,true,92032.30
66da08c0a595569edd55aea9,main-trial-3,s,s,true,92524.30
66da08c0a595569edd55aea9,main-trial-3,f,f,true,92615.10
66da08c0a595569edd55aea9,main-trial-3, , ,true,92824.40
66da08c0a595569edd55aea9,main-trial-3,b,b,true,93014.70
66da08c0a595569edd55aea9,main-trial-3,e,e,true,93102.90
66da08c0a595569edd55aea9,main-trial-3, , ,true,93187.70
66da08c0a595569edd55aea9,main-trial-3,s,s,true,93295.50
66da08c0a595569edd55aea9,main-trial-3,f,f,true,93411.20
66da08c0a595569edd55aea9,main-trial-3, , ,true,93547.20
66da08c0a595569edd55aea9,main-trial-3,b,b,true,93691.10
66da08c0a595569edd55aea9,main-trial-3,e,e,true,93841.40
66da08c0a595569edd55aea9,main-trial-3, , ,true,93918.10
66da08c0a595569edd55aea9,main-trial-3,s,s,true,94038.00
66da08c0a595569edd55aea9,main-trial-3,f,f,true,94110.00
66da08c0a595569edd55aea9,main-trial-3, , ,true,94197.70
66da08c0a595569edd55aea9,main-trial-3,b,b,true,94297.70
66da08c0a595569edd55aea9,main-trial-3,e,e,true,94349.00
66da08c0a595569edd55aea9,main-trial-4,u,u,true,96653.40
66da08c0a595569edd55aea9,main-trial-4,w,w,true,96782.10
66da08c0a595569edd55aea9,main-trial-4,c,c,true,97006.10
66da08c0a595569edd55aea9,main-trial-4,u,u,true,97131.60
66da08c0a595569edd55aea9,main-trial-4,o,o,true,97220.70
66da08c0a595569edd55aea9,main-trial-4, , ,true,97351.70
66da08c0a595569edd55aea9,main-trial-4,f,f,true,97456.70
66da08c0a595569edd55aea9,main-trial-4,r,r,true,97516.00
66da08c0a595569edd55aea9,main-trial-4, , ,true,97631.70
66da08c0a595569edd55aea9,main-trial-4,f,f,true,97715.40
66da08c0a595569edd55aea9,main-trial-4,r,r,true,97790.80
66da08c0a595569edd55aea9,main-trial-4, , ,true,97938.40
66da08c0a595569edd55aea9,main-trial-4,f,f,true,98064.70
66da08c0a595569edd55aea9,main-trial-4,r,r,true,98114.60
66da08c0a595569edd55aea9,main-trial-4, , ,true,98244.60
66da08c0a595569edd55aea9,main-trial-4,i,i,true,98385.10
66da08c0a595569edd55aea9,main-trial-4,p,p,true,98473.00
66da08c0a595569edd55aea9,main-trial-4,o,o,true,98589.00
66da08c0a595569edd55aea9,main-trial-4,q,q,true,98765.90
66da08c0a595569edd55aea9,main-trial-4,q,q,true,98925.10
66da08c0a595569edd55aea9,main-trial-4, , ,true,99025.90
66da08c0a595569edd55aea9,main-trial-4,v,v,true,99137.30
66da08c0a595569edd55aea9,main-trial-4,r,r,true,99208.80
66da08c0a595569edd55aea9,main-trial-4, , ,true,99317.10
66da08c0a595569edd55aea9,main-trial-4,v,v,true,99428.80
66da08c0a595569edd55aea9,main-trial-4,r,r,true,99484.50
66da08c0a595569edd55aea9,main-trial-4, , ,true,99632.40
66da08c0a595569edd55aea9,main-trial-4,v,v,true,99716.90
66da08c0a595569edd55aea9,main-trial-4,r,r,true,99799.60
66da08c0a595569edd55aea9,main-trial-4, , ,true,100247.10
66da08c0a595569edd55aea9,main-trial-4,e,e,true,100358.90
66da08c0a595569edd55aea9,main-trial-4,p,p,true,100490.40
66da08c0a595569edd55aea9,main-trial-4,j,j,true,100702.80
66da08c0a595569edd55aea9,main-trial-4,b,b,true,100985.40
66da08c0a595569edd55aea9,main-trial-4,t,t,true,101115.40
66da08c0a595569edd55aea9,main-trial-4, , ,true,101207.60
66da08c0a595569edd55aea9,main-trial-4,f,f,true,101329.10
66da08c0a595569edd55aea9,main-trial-4,r,r,true,101448.70
66da08c0a595569edd55aea9,main-trial-4, , ,true,101544.10
66da08c0a595569edd55aea9,main-trial-4,v,v,true,101684.80
66da08c0a595569edd55aea9,main-trial-4,r,r,true,101800.60
66da08c0a595569edd55aea9,main-trial-4, , ,true,101924.90
66da08c0a595569edd55aea9,main-trial-4,f,f,true,102061.00
66da08c0a595569edd55aea9,main-trial-4,r,r,true,102148.10
66da08c0a595569edd55aea9,main-trial-4, , ,true,102284.80
66da08c0a595569edd55aea9,main-trial-4,v,v,true,102400.60
66da08c0a595569edd55aea9,main-trial-4,r,r,true,102488.20
66da08c0a595569edd55aea9,main-trial-4, , ,true,102601.40
66da08c0a595569edd55aea9,main-trial-4,f,f,true,102822.10
66da08c0a595569edd55aea9,main-trial-4,r,r,true,102933.30
66da08c0a595569edd55aea9,main-trial-4, , ,true,103045.10
66da08c0a595569edd55aea9,main-trial-4,v,v,true,103156.00
66da08c0a595569edd55aea9,main-trial-4,r,r,true,103231.60
66da08c0a595569edd55aea9,main-trial-5,x,x,true,105443.50
66da08c0a595569edd55aea9,main-trial-5,x,x,true,105604.10
66da08c0a595569edd55aea9,main-trial-5,a,a,true,105703.80
66da08c0a595569edd55aea9,main-trial-5,c,c,true,105788.30
66da08c0a595569edd55aea9,main-trial-5,l,l,true,105937.20
66da08c0a595569edd55aea9,main-trial-5, , ,true,106044.80
66da08c0a595569edd55aea9,main-trial-5,f,f,true,106118.70
66da08c0a595569edd55aea9,main-trial-5,r,r,true,106221.50
66da08c0a595569edd55aea9,main-trial-5, , ,true,106322.00
66da08c0a595569edd55aea9,main-trial-5,f,f,true,106409.10
66da08c0a595569edd55aea9,main-trial-5,r,r,true,106542.80
66da08c0a595569edd55aea9,main-trial-5, , ,true,106654.30
66da08c0a595569edd55aea9,main-trial-5,f,f,true,106773.10
66da08c0a595569edd55aea9,main-trial-5,r,r,true,106920.40
66da08c0a595569edd55aea9,main-trial-5, , ,true,106962.20
66da08c0a595569edd55aea9,main-trial-5,c,c,true,107114.60
66da08c0a595569edd55aea9,main-trial-5,p,p,true,107229.90
66da08c0a595569edd55aea9,main-trial-5,j,j,true,107308.70
66da08c0a595569edd55aea9,main-trial-5,b,b,true,107512.30
66da08c0a595569edd55aea9,main-trial-5,d,d,true,107612.70
66da08c0a595569edd55aea9,main-trial-5, , ,true,107724.30
66da08c0a595569edd55aea9,main-trial-5,f,f,true,107858.60
66da08c0a595569edd55aea9,main-trial-5,d,d,true,108051.20
66da08c0a595569edd55aea9,main-trial-5, , ,true,108124.60
66da08c0a595569edd55aea9,main-trial-5,f,f,true,108196.30
66da08c0a595569edd55aea9,main-trial-5,d,d,true,108284.90
66da08c0a595569edd55aea9,main-trial-5, , ,true,108392.90
66da08c0a595569edd55aea9,main-trial-5,f,f,true,108496.70
66da08c0a595569edd55aea9,main-trial-5,d,d,true,108573.00
66da08c0a595569edd55aea9,main-trial-5, , ,true,108850.70
66da08c0a595569edd55aea9,main-trial-5,x,x,true,108963.00
66da08c0a595569edd55aea9,main-trial-5,p,p,true,109390.10
66da08c0a595569edd55aea9,main-trial-5,f,f,true,109593.80
66da08c0a595569edd55aea9,main-trial-5,m,m,true,109817.80
66da08c0a595569edd55aea9,main-trial-5,n,n,true,109969.00
66da08c0a595569edd55aea9,main-trial-5, , ,true,110087.80
66da08c0a595569edd55aea9,main-trial-5,f,f,true,110216.40
66da08c0a595569edd55aea9,main-trial-5,r,r,true,110295.60
66da08c0a595569edd55aea9,main-trial-5, , ,true,110357.60
66da08c0a595569edd55aea9,main-trial-5,f,f,true,110681.60
66da08c0a595569edd55aea9,main-trial-5,d,d,true,110758.00
66da08c0a595569edd55aea9,main-trial-5, , ,true,110877.10
66da08c0a595569edd55aea9,main-trial-5,f,f,true,110999.00
66da08c0a595569edd55aea9,main-trial-5,r,r,true,111142.10
66da08c0a595569edd55aea9,main-trial-5, , ,true,111241.60
66da08c0a595569edd55aea9,main-trial-5,f,f,true,111386.30
66da08c0a595569edd55aea9,main-trial-5,d,d,true,111494.00
66da08c0a595569edd55aea9,main-trial-5, , ,true,111603.30
66da08c0a595569edd55aea9,main-trial-5,f,f,true,111676.10
66da08c0a595569edd55aea9,main-trial-5,r,r,true,111789.30
66da08c0a595569edd55aea9,main-trial-5, , ,true,111946.00
66da08c0a595569edd55aea9,main-trial-5,f,f,true,112008.90
66da08c0a595569edd55aea9,main-trial-5,d,d,true,112098.40
66da08c0a595569edd55aea9,main-trial-6,o,o,true,115813.40
66da08c0a595569edd55aea9,main-trial-6,w,w,true,115887.30
66da08c0a595569edd55aea9,main-trial-6,j,j,true,116007.20
66da08c0a595569edd55aea9,main-trial-6,z,z,true,116162.10
66da08c0a595569edd55aea9,main-trial-6,v,v,true,116496.60
66da08c0a595569edd55aea9,main-trial-6, , ,true,116640.40
66da08c0a595569edd55aea9,main-trial-6,w,w,true,117014.80
66da08c0a595569edd55aea9,main-trial-6,f,f,true,117106.50
66da08c0a595569edd55aea9,main-trial-6, , ,true,117243.50
66da08c0a595569edd55aea9,main-trial-6,w,w,true,117574.20
66da08c0a595569edd55aea9,main-trial-6,f,f,true,117641.90
66da08c0a595569edd55aea9,main-trial-6, , ,true,117771.40
66da08c0a595569edd55aea9,main-trial-6,w,w,true,117900.50
66da08c0a595569edd55aea9,main-trial-6,f,f,true,117964.30
66da08c0a595569edd55aea9,main-trial-6, , ,true,118076.90
66da08c0a595569edd55aea9,main-trial-6,w,w,true,118212.80
66da08c0a595569edd55aea9,main-trial-6,x,x,true,118418.30
66da08c0a595569edd55aea9,main-trial-6,j,j,true,118628.10
66da08c0a595569edd55aea9,main-trial-6,u,u,true,118791.10
66da08c0a595569edd55aea9,main-trial-6,x,x,true,118922.80
66da08c0a595569edd55aea9,main-trial-6, , ,true,119047.50
66da08c0a595569edd55aea9,main-trial-6,s,s,true,119267.20
66da08c0a595569edd55aea9,main-trial-6,r,r,true,119315.20
66da08c0a595569edd55aea9,main-trial-6, , ,true,119460.70
66da08c0a595569edd55aea9,main-trial-6,s,s,true,119568.50
66da08c0a595569edd55aea9,main-trial-6,r,r,true,119623.90
66da08c0a595569edd55aea9,main-trial-6, , ,true,119707.00
66da08c0a595569edd55aea9,main-trial-6,s,s,true,119857.40
66da08c0a595569edd55aea9,main-trial-6,r,r,true,119947.10
66da08c0a595569edd55aea9,main-trial-6, , ,true,120011.10
66da08c0a595569edd55aea9,main-trial-6,t,t,true,120275.20
66da08c0a595569edd55aea9,main-trial-6,x,x,true,120382.90
66da08c0a595569edd55aea9,main-trial-6,f,t,false,120491.50
66da08c0a595569edd55aea9,main-trial-6,f,f,true,120686.30
66da08c0a595569edd55aea9,main-trial-6,r,r,true,120793.50
66da08c0a595569edd55aea9,main-trial-6,r,r,true,120958.00
66da08c0a595569edd55aea9,main-trial-6, , ,true,121072.70
66da08c0a595569edd55aea9,main-trial-6,w,w,true,121282.40
66da08c0a595569edd55aea9,main-trial-6,f,f,true,121509.30
66da08c0a595569edd55aea9,main-trial-6, , ,true,121647.20
66da08c0a595569edd55aea9,main-trial-6,s,s,true,121803.50
66da08c0a595569edd55aea9,main-trial-6,r,r,true,121884.60
66da08c0a595569edd55aea9,main-trial-6, , ,true,121991.00
66da08c0a595569edd55aea9,main-trial-6,w,s,false,122119.90
66da08c0a595569edd55aea9,main-trial-6,w,w,true,122419.60
66da08c0a595569edd55aea9,main-trial-6,f,f,true,122483.10
66da08c0a595569edd55aea9,main-trial-6, , ,true,122615.40
66da08c0a595569edd55aea9,main-trial-6,s,s,true,122738.70
66da08c0a595569edd55aea9,main-trial-6,r,r,true,122782.50
66da08c0a595569edd55aea9,main-trial-6, , ,true,122912.10
66da08c0a595569edd55aea9,main-trial-6,w,w,true,123172.30
66da08c0a595569edd55aea9,main-trial-6,f,f,true,123239.40
66da08c0a595569edd55aea9,main-trial-6, , ,true,123464.70
66da08c0a595569edd55aea9,main-trial-6,s,s,true,123608.70
66da08c0a595569edd55aea9,main-trial-6,r,r,true,123669.90
66da08c0a595569edd55aea9,main-trial-7,l,l,true,126542.90
66da08c0a595569edd55aea9,main-trial-7,w,w,true,126601.60
66da08c0a595569edd55aea9,main-trial-7,j,j,true,126725.40
66da08c0a595569edd55aea9,main-trial-7,e,e,true,126827.80
66da08c0a595569edd55aea9,main-trial-7,e,e,true,126960.70
66da08c0a595569edd55aea9,main-trial-7, , ,true,127023.20
66da08c0a595569edd55aea9,main-trial-7,d,d,true,127198.30
66da08c0a595569edd55aea9,main-trial-7,r,r,true,127475.00
66da08c0a595569edd55aea9,main-trial-7, , ,true,127553.20
66da08c0a595569edd55aea9,main-trial-7,d,d,true,127654.50
66da08c0a595569edd55aea9,main-trial-7,r, ,false,127856.80
66da08c0a595569edd55aea9,main-trial-7,r,r,true,127967.90
66da08c0a595569edd55aea9,main-trial-7, , ,true,128537.10
66da08c0a595569edd55aea9,main-trial-7,d,d,true,128617.50
66da08c0a595569edd55aea9,main-trial-7,r,r,true,128792.40
66da08c0a595569edd55aea9,main-trial-7, , ,true,128897.80
66da08c0a595569edd55aea9,main-trial-7,y,y,true,129241.50
66da08c0a595569edd55aea9,main-trial-7,w,w,true,129343.30
66da08c0a595569edd55aea9,main-trial-7,x,x,true,129570.20
66da08c0a595569edd55aea9,main-trial-7,d,d,true,129766.30
66da08c0a595569edd55aea9,main-trial-7,h,h,true,130149.70
66da08c0a595569edd55aea9,main-trial-7, , ,true,130434.60
66da08c0a595569edd55aea9,main-trial-7,e,e,true,130514.30
66da08c0a595569edd55aea9,main-trial-7,f,f,true,130601.80
66da08c0a595569edd55aea9,main-trial-7, , ,true,130697.30
66da08c0a595569edd55aea9,main-trial-7,e,e,true,130790.00
66da08c0a595569edd55aea9,main-trial-7,f,f,true,130873.60
66da08c0a595569edd55aea9,main-trial-7, , ,true,130978.20
66da08c0a595569edd55aea9,main-trial-7,e,e,true,131152.40
66da08c0a595569edd55aea9,main-trial-7,f,f,true,131255.30
66da08c0a595569edd55aea9,main-trial-7, , ,true,131375.40
66da08c0a595569edd55aea9,main-trial-7,b,b,true,131558.10
66da08c0a595569edd55aea9,main-trial-7,w,w,true,131655.10
66da08c0a595569edd55aea9,main-trial-7,r,r,true,131852.80
66da08c0a595569edd55aea9,main-trial-7,l,z,false,132233.50
66da08c0a595569edd55aea9,main-trial-7,l, ,false,132347.90
66da08c0a595569edd55aea9,main-trial-7,l,d,false,132493.70
66da08c0a595569edd55aea9,main-trial-7,l,l,true,132826.60
66da08c0a595569edd55aea9,main-trial-7,z,z,true,132930.50
66da08c0a595569edd55aea9,main-trial-7, , ,true,133090.00
66da08c0a595569edd55aea9,main-trial-7,d,d,true,133190.30
66da08c0a595569edd55aea9,main-trial-7,r,r,true,133365.30
66da08c0a595569edd55aea9,main-trial-7, , ,true,133492.60
66da08c0a595569edd55aea9,main-trial-7,e,e,true,133674.90
66da08c0a595569edd55aea9,main-trial-7,f,f,true,133746.60
66da08c0a595569edd55aea9,main-trial-7, , ,true,133847.70
66da08c0a595569edd55aea9,main-trial-7,d,d,true,134101.50
66da08c0a595569edd55aea9,main-trial-7,r,r,true,134164.70
66da08c0a595569edd55aea9,main-trial-7, , ,true,134257.40
66da08c0a595569edd55aea9,main-trial-7,e,e,true,134397.30
66da08c0a595569edd55aea9,main-trial-7,f,f,true,134480.40
66da08c0a595569edd55aea9,main-trial-7, , ,true,134600.00
66da08c0a595569edd55aea9,main-trial-7,d,d,true,135130.20
66da08c0a595569edd55aea9,main-trial-7,r,r,true,135214.70
66da08c0a595569edd55aea9,main-trial-7, , ,true,135297.90
66da08c0a595569edd55aea9,main-trial-7,e,e,true,135402.00
66da08c0a595569edd55aea9,main-trial-7,f,f,true,135446.40
66da08c0a595569edd55aea9,main-trial-8,o,o,true,137946.10
66da08c0a595569edd55aea9,main-trial-8,n,n,true,138001.50
66da08c0a595569edd55aea9,main-trial-8,i,i,true,138131.80
66da08c0a595569edd55aea9,main-trial-8,c,c,true,138203.10
66da08c0a595569edd55aea9,main-trial-8,c,c,true,138332.90
66da08c0a595569edd55aea9,main-trial-8, , ,true,138420.00
66da08c0a595569edd55aea9,main-trial-8,f,f,true,138553.40
66da08c0a595569edd55aea9,main-trial-8,d,d,true,138653.00
66da08c0a595569edd55aea9,main-trial-8, , ,true,138785.50
66da08c0a595569edd55aea9,main-trial-8,f,f,true,138864.40
66da08c0a595569edd55aea9,main-trial-8,d,d,true,138968.40
66da08c0a595569edd55aea9,main-trial-8, , ,true,139060.10
66da08c0a595569edd55aea9,main-trial-8,f,f,true,139237.30
66da08c0a595569edd55aea9,main-trial-8,d,d,true,139364.90
66da08c0a595569edd55aea9,main-trial-8, , ,true,139456.20
66da08c0a595569edd55aea9,main-trial-8,n,n,true,139749.20
66da08c0a595569edd55aea9,main-trial-8,u,u,true,139804.00
66da08c0a595569edd55aea9,main-trial-8,m,m,true,139987.60
66da08c0a595569edd55aea9,main-trial-8,w,w,true,140133.20
66da08c0a595569edd55aea9,main-trial-8,j,j,true,140200.60
66da08c0a595569edd55aea9,main-trial-8, , ,true,140361.70
66da08c0a595569edd55aea9,main-trial-8,d,d,true,140513.10
66da08c0a595569edd55aea9,main-trial-8,r,r,true,140673.00
66da08c0a595569edd55aea9,main-trial-8, , ,true,140740.70
66da08c0a595569edd55aea9,main-trial-8,d,d,true,140852.60
66da08c0a595569edd55aea9,main-trial-8,r,r,true,141025.20
66da08c0a595569edd55aea9,main-trial-8, , ,true,141128.20
66da08c0a595569edd55aea9,main-trial-8,d,d,true,141265.80
66da08c0a595569edd55aea9,main-trial-8,r,r,true,141454.70
66da08c0a595569edd55aea9,main-trial-8, , ,true,141653.10
66da08c0a595569edd55aea9,main-trial-8,e,e,true,141789.60
66da08c0a595569edd55aea9,main-trial-8,f,f,true,141866.80
66da08c0a595569edd55aea9,main-trial-8,f,f,true,141995.90
66da08c0a595569edd55aea9,main-trial-8,t,t,true,142158.80
66da08c0a595569edd55aea9,main-trial-8,c,c,true,142344.90
66da08c0a595569edd55aea9,main-trial-8, , ,true,142468.20
66da08c0a595569edd55aea9,main-trial-8,f,f,true,142619.80
66da08c0a595569edd55aea9,main-trial-8,d,d,true,142712.00
66da08c0a595569edd55aea9,main-trial-8, , ,true,142823.40
66da08c0a595569edd55aea9,main-trial-8,d,d,true,142963.60
66da08c0a595569edd55aea9,main-trial-8,r,r,true,143073.30
66da08c0a595569edd55aea9,main-trial-8, , ,true,143236.10
66da08c0a595569edd55aea9,main-trial-8,f,f,true,143415.40
66da08c0a595569edd55aea9,main-trial-8,d,d,true,143487.90
66da08c0a595569edd55aea9,main-trial-8, ,d,false,143837.60
66da08c0a595569edd55aea9,main-trial-8, , ,true,143987.40
66da08c0a595569edd55aea9,main-trial-8,d,d,true,144329.70
66da08c0a595569edd55aea9,main-trial-8,r,r,true,144377.70
66da08c0a595569edd55aea9,main-trial-8, , ,true,144630.90
66da08c0a595569edd55aea9,main-trial-8,f,f,true,144721.50
66da08c0a595569edd55aea9,main-trial-8,d,d,true,144805.00
66da08c0a595569edd55aea9,main-trial-8, , ,true,145098.60
66da08c0a595569edd55aea9,main-trial-8,d,d,true,145203.20
66da08c0a595569edd55aea9,main-trial-8,r,r,true,145286.20
66da08c0a595569edd55aea9,main-trial-9,u,u,true,147455.20
66da08c0a595569edd55aea9,main-trial-9,t,t,true,147518.20
66da08c0a595569edd55aea9,main-trial-9,u,u,true,147624.50
66da08c0a595569edd55aea9,main-trial-9,k,k,true,147816.30
66da08c0a595569edd55aea9,main-trial-9,l,l,true,147955.50
66da08c0a595569edd55aea9,main-trial-9, , ,true,148103.40
66da08c0a595569edd55aea9,main-trial-9,z,z,true,148234.40
66da08c0a595569edd55aea9,main-trial-9,x,x,true,148298.40
66da08c0a595569edd55aea9,main-trial-9, , ,true,148525.80
66da08c0a595569edd55aea9,main-trial-9,z,z,true,148702.50
66da08c0a595569edd55aea9,main-trial-9,x,x,true,148791.10
66da08c0a595569edd55aea9,main-trial-9, , ,true,148983.80
66da08c0a595569edd55aea9,main-trial-9,z,z,true,149103.80
66da08c0a595569edd55aea9,main-trial-9,x,x,true,149174.20
66da08c0a595569edd55aea9,main-trial-9, , ,true,149303.60
66da08c0a595569edd55aea9,main-trial-9,n,n,true,149638.10
66da08c0a595569edd55aea9,main-trial-9,u,u,true,149781.10
66da08c0a595569edd55aea9,main-trial-9,y,y,true,149919.70
66da08c0a595569edd55aea9,main-trial-9,o,o,true,150132.00
66da08c0a595569edd55aea9,main-trial-9,i,i,true,150219.50
66da08c0a595569edd55aea9,main-trial-9, , ,true,150370.10
66da08c0a595569edd55aea9,main-trial-9,z,z,true,150613.40
66da08c0a595569edd55aea9,main-trial-9,e,e,true,150729.90
66da08c0a595569edd55aea9,main-trial-9, , ,true,150867.70
66da08c0a595569edd55aea9,main-trial-9,z,z,true,151055.10
66da08c0a595569edd55aea9,main-trial-9,e,e,true,151113.10
66da08c0a595569edd55aea9,main-trial-9, , ,true,151302.00
66da08c0a595569edd55aea9,main-trial-9,z,z,true,151469.80
66da08c0a595569edd55aea9,main-trial-9,e,e,true,151541.30
66da08c0a595569edd55aea9,main-trial-9, , ,true,151772.10
66da08c0a595569edd55aea9,main-trial-9,o,o,true,152007.80
66da08c0a595569edd55aea9,main-trial-9,a,a,true,152117.90
66da08c0a595569edd55aea9,main-trial-9,s,s,true,152202.00
66da08c0a595569edd55aea9,main-trial-9,n,n,true,152373.30
66da08c0a595569edd55aea9,main-trial-9,j,j,true,152513.80
66da08c0a595569edd55aea9,main-trial-9, , ,true,152719.10
66da08c0a595569edd55aea9,main-trial-9,z,z,true,153136.90
66da08c0a595569edd55aea9,main-trial-9,x,x,true,153196.40
66da08c0a595569edd55aea9,main-trial-9, , ,true,153314.60
66da08c0a595569edd55aea9,main-trial-9,z,z,true,153599.50
66da08c0a595569edd55aea9,main-trial-9,e,e,true,153711.40
66da08c0a595569edd55aea9,main-trial-9, , ,true,153835.80
66da08c0a595569edd55aea9,main-trial-9,z,z,true,153993.90
66da08c0a595569edd55aea9,main-trial-9,x,x,true,154063.50
66da08c0a595569edd55aea9,main-trial-9, , ,true,154217.50
66da08c0a595569edd55aea9,main-trial-9,z,z,true,154364.30
66da08c0a595569edd55aea9,main-trial-9,e,e,true,154501.60
66da08c0a595569edd55aea9,main-trial-9, , ,true,154659.00
66da08c0a595569edd55aea9,main-trial-9,z,z,true,154840.90
66da08c0a595569edd55aea9,main-trial-9,x,x,true,154894.80
66da08c0a595569edd55aea9,main-trial-9, , ,true,155056.10
66da08c0a595569edd55aea9,main-trial-9,z,z,true,155164.60
66da08c0a595569edd55aea9,main-trial-9,e,e,true,155299.70
66da08c0a595569edd55aea9,main-trial-10,f,f,true,158106.50
66da08c0a595569edd55aea9,main-trial-10,y,y,true,158213.20
66da08c0a595569edd55aea9,main-trial-10,l,l,true,158975.00
66da08c0a595569edd55aea9,main-trial-10,x,x,true,159104.60
66da08c0a595569edd55aea9,main-trial-10,r,r,true,159210.30
66da08c0a595569edd55aea9,main-trial-10, , ,true,159387.00
66da08c0a595569edd55aea9,main-trial-10,d,d,true,159553.70
66da08c0a595569edd55aea9,main-trial-10,s,s,true,159653.20
66da08c0a595569edd55aea9,main-trial-10, , ,true,159770.00
66da08c0a595569edd55aea9,main-trial-10,d,d,true,159883.30
66da08c0a595569edd55aea9,main-trial-10,s,s,true,160009.40
66da08c0a595569edd55aea9,main-trial-10, , ,true,160198.50
66da08c0a595569edd55aea9,main-trial-10,d,d,true,160320.20
66da08c0a595569edd55aea9,main-trial-10,s,s,true,160414.70
66da08c0a595569edd55aea9,main-trial-10, , ,true,160586.20
66da08c0a595569edd55aea9,main-trial-10,v,v,true,160760.00
66da08c0a595569edd55aea9,main-trial-10,h,h,true,160887.10
66da08c0a595569edd55aea9,main-trial-10,f,f,true,161133.10
66da08c0a595569edd55aea9,main-trial-10,w,w,true,161313.30
66da08c0a595569edd55aea9,main-trial-10,g,g,true,161629.80
66da08c0a595569edd55aea9,main-trial-10, , ,true,161786.00
66da08c0a595569edd55aea9,main-trial-10,w,w,true,162036.50
66da08c0a595569edd55aea9,main-trial-10,d,d,true,162126.10
66da08c0a595569edd55aea9,main-trial-10, , ,true,162195.90
66da08c0a595569edd55aea9,main-trial-10,w,w,true,162317.30
66da08c0a595569edd55aea9,main-trial-10,d,d,true,162386.70
66da08c0a595569edd55aea9,main-trial-10, , ,true,162473.10
66da08c0a595569edd55aea9,main-trial-10,w,w,true,162601.00
66da08c0a595569edd55aea9,main-trial-10,d,d,true,162680.50
66da08c0a595569edd55aea9,main-trial-10, , ,true,162739.90
66da08c0a595569edd55aea9,main-trial-10,k,h,false,162998.10
66da08c0a595569edd55aea9,main-trial-10,k,k,true,163305.70
66da08c0a595569edd55aea9,main-trial-10,m,m,true,163504.10
66da08c0a595569edd55aea9,main-trial-10,h,h,true,163683.70
66da08c0a595569edd55aea9,main-trial-10,g,g,true,163840.10
66da08c0a595569edd55aea9,main-trial-10,b,b,true,163981.60
66da08c0a595569edd55aea9,main-trial-10, , ,true,164125.80
66da08c0a595569edd55aea9,main-trial-10,d,d,true,164234.80
66da08c0a595569edd55aea9,main-trial-10,s,s,true,164314.70
66da08c0a595569edd55aea9,main-trial-10, , ,true,164410.20
66da08c0a595569edd55aea9,main-trial-10,w,w,true,164596.30
66da08c0a595569edd55aea9,main-trial-10,d,d,true,164657.80
66da08c0a595569edd55aea9,main-trial-10, , ,true,164794.00
66da08c0a595569edd55aea9,main-trial-10,d,d,true,164947.40
66da08c0a595569edd55aea9,main-trial-10,s,s,true,165034.70
66da08c0a595569edd55aea9,main-trial-10, , ,true,165171.10
66da08c0a595569edd55aea9,main-trial-10,w,w,true,165304.40
66da08c0a595569edd55aea9,main-trial-10,d,d,true,165390.50
66da08c0a595569edd55aea9,main-trial-10, , ,true,165521.50
66da08c0a595569edd55aea9,main-trial-10,d,d,true,165653.40
66da08c0a595569edd55aea9,main-trial-10,s,s,true,165726.90
66da08c0a595569edd55aea9,main-trial-10, , ,true,165983.60
66da08c0a595569edd55aea9,main-trial-10,w,w,true,166092.80
66da08c0a595569edd55aea9,main-trial-10,d,d,true,166168.70
66da08c0a595569edd55aea9,main-trial-11,g,g,true,168695.00
66da08c0a595569edd55aea9,main-trial-11,n,n,true,168840.50
66da08c0a595569edd55aea9,main-trial-11,c,c,true,168946.30
66da08c0a595569edd55aea9,main-trial-11,w,w,true,169205.20
66da08c0a595569edd55aea9,main-trial-11,q,q,true,169421.10
66da08c0a595569edd55aea9,main-trial-11, , ,true,169551.60
66da08c0a595569edd55aea9,main-trial-11,w,w,true,169743.30
66da08c0a595569edd55aea9,main-trial-11,d,d,true,169796.00
66da08c0a595569edd55aea9,main-trial-11, , ,true,169899.40
66da08c0a595569edd55aea9,main-trial-11,w,w,true,169978.30
66da08c0a595569edd55aea9,main-trial-11,d,d,true,170051.70
66da08c0a595569edd55aea9,main-trial-11, , ,true,170163.40
66da08c0a595569edd55aea9,main-trial-11,w,w,true,170264.20
66da08c0a595569edd55aea9,main-trial-11,d,d,true,170342.80
66da08c0a595569edd55aea9,main-trial-11, , ,true,170443.30
66da08c0a595569edd55aea9,main-trial-11,r,r,true,170599.90
66da08c0a595569edd55aea9,main-trial-11,x,x,true,170835.90
66da08c0a595569edd55aea9,main-trial-11,v,v,true,171183.40
66da08c0a595569edd55aea9,main-trial-11,q,g,false,171398.00
66da08c0a595569edd55aea9,main-trial-11,q,q,true,171706.80
66da08c0a595569edd55aea9,main-trial-11,n,n,true,171799.90
66da08c0a595569edd55aea9,main-trial-11, , ,true,171959.30
66da08c0a595569edd55aea9,main-trial-11,s,s,true,172056.80
66da08c0a595569edd55aea9,main-trial-11,e,e,true,172120.50
66da08c0a595569edd55aea9,main-trial-11, , ,true,172247.50
66da08c0a595569edd55aea9,main-trial-11,s,s,true,172340.70
66da08c0a595569edd55aea9,main-trial-11,e,e,true,172393.20
66da08c0a595569edd55aea9,main-trial-11, , ,true,172560.20
66da08c0a595569edd55aea9,main-trial-11,s,s,true,172679.90
66da08c0a595569edd55aea9,main-trial-11,e,e,true,172757.70
66da08c0a595569edd55aea9,main-trial-11, , ,true,172826.60
66da08c0a595569edd55aea9,main-trial-11,h,h,true,173020.30
66da08c0a595569edd55aea9,main-trial-11,b,b,true,173144.30
66da08c0a595569edd55aea9,main-trial-11,k,k,true,173314.60
66da08c0a595569edd55aea9,main-trial-11,o,o,true,173515.10
66da08c0a595569edd55aea9,main-trial-11,p,p,true,173620.00
66da08c0a595569edd55aea9,main-trial-11, , ,true,173743.70
66da08c0a595569edd55aea9,main-trial-11,w,w,true,173878.90
66da08c0a595569edd55aea9,main-trial-11,d,d,true,173969.90
66da08c0a595569edd55aea9,main-trial-11, , ,true,174101.60
66da08c0a595569edd55aea9,main-trial-11,s,s,true,174215.20
66da08c0a595569edd55aea9,main-trial-11,e,e,true,174273.20
66da08c0a595569edd55aea9,main-trial-11, , ,true,174397.40
66da08c0a595569edd55aea9,main-trial-11,w,w,true,174482.70
66da08c0a595569edd55aea9,main-trial-11,d,d,true,174574.10
66da08c0a595569edd55aea9,main-trial-11, , ,true,174689.40
66da08c0a595569edd55aea9,main-trial-11,s,s,true,174810.40
66da08c0a595569edd55aea9,main-trial-11,e,e,true,174898.00
66da08c0a595569edd55aea9,main-trial-11, , ,true,175011.30
66da08c0a595569edd55aea9,main-trial-11,w,w,true,175094.50
66da08c0a595569edd55aea9,main-trial-11,d,d,true,175166.10
66da08c0a595569edd55aea9,main-trial-11, , ,true,175283.00
66da08c0a595569edd55aea9,main-trial-11,s,s,true,175387.00
66da08c0a595569edd55aea9,main-trial-11,e,e,true,175450.90
66da08c0a595569edd55aea9,main-trial-12,u,u,true,178160.30
66da08c0a595569edd55aea9,main-trial-12,v,v,true,178257.70
66da08c0a595569edd55aea9,main-trial-12,o,o,true,178359.50
66da08c0a595569edd55aea9,main-trial-12,s,s,true,178454.10
66da08c0a595569edd55aea9,main-trial-12,s,s,true,178611.90
66da08c0a595569edd55aea9,main-trial-12, , ,true,178665.00
66da08c0a595569edd55aea9,main-trial-12,f,f,true,178840.00
66da08c0a595569edd55aea9,main-trial-12,g,g,true,178923.80
66da08c0a595569edd55aea9,main-trial-12, , ,true,179032.40
66da08c0a595569edd55aea9,main-trial-12,f,f,true,179132.40
66da08c0a595569edd55aea9,main-trial-12,g,g,true,179194.30
66da08c0a595569edd55aea9,main-trial-12, , ,true,179280.30
66da08c0a595569edd55aea9,main-trial-12,f,f,true,179391.70
66da08c0a595569edd55aea9,main-trial-12,g,g,true,179483.60
66da08c0a595569edd55aea9,main-trial-12, , ,true,179538.80
66da08c0a595569edd55aea9,main-trial-12,t,t,true,179661.40
66da08c0a595569edd55aea9,main-trial-12,a,a,true,179791.80
66da08c0a595569edd55aea9,main-trial-12,g,g,true,180027.70
66da08c0a595569edd55aea9,main-trial-12,s,f,false,180037.00
66da08c0a595569edd55aea9,main-trial-12,s,s,true,180533.80
66da08c0a595569edd55aea9,main-trial-12,z,z,true,180702.20
66da08c0a595569edd55aea9,main-trial-12, , ,true,180894.90
66da08c0a595569edd55aea9,main-trial-12,d,d,true,181164.60
66da08c0a595569edd55aea9,main-trial-12,f,f,true,181223.00
66da08c0a595569edd55aea9,main-trial-12, , ,true,181335.90
66da08c0a595569edd55aea9,main-trial-12,d,d,true,181433.90
66da08c0a595569edd55aea9,main-trial-12,f,f,true,181526.50
66da08c0a595569edd55aea9,main-trial-12, , ,true,181651.80
66da08c0a595569edd55aea9,main-trial-12,d,d,true,182055.30
66da08c0a595569edd55aea9,main-trial-12,f,f,true,182114.70
66da08c0a595569edd55aea9,main-trial-12, , ,true,182290.50
66da08c0a595569edd55aea9,main-trial-12,x,x,true,182955.30
66da08c0a595569edd55aea9,main-trial-12,v,z,false,183165.30
66da08c0a595569edd55aea9,main-trial-12,v,x,false,183321.30
66da08c0a595569edd55aea9,main-trial-12,v,c,false,183645.20
66da08c0a595569edd55aea9,main-trial-12,v,v,true,183999.10
66da08c0a595569edd55aea9,main-trial-12,x,x,true,184284.20
66da08c0a595569edd55aea9,main-trial-12,q,q,true,184681.40
66da08c0a595569edd55aea9,main-trial-12,d,s,false,184893.80
66da08c0a595569edd55aea9,main-trial-12,d,d,true,185108.50
66da08c0a595569edd55aea9,main-trial-12, , ,true,185335.00
66da08c0a595569edd55aea9,main-trial-12,f,f,true,185605.10
66da08c0a595569edd55aea9,main-trial-12,g,g,true,185668.20
66da08c0a595569edd55aea9,main-trial-12, , ,true,185787.30
66da08c0a595569edd55aea9,main-trial-12,d,g,false,186260.40
66da08c0a595569edd55aea9,main-trial-12,d,f,false,186326.90
66da08c0a595569edd55aea9,main-trial-12,d,f,false,186616.30
66da08c0a595569edd55aea9,main-trial-12,d,d,true,186911.50
66da08c0a595569edd55aea9,main-trial-12,f,f,true,187200.20
66da08c0a595569edd55aea9,main-trial-12, , ,true,187539.50
66da08c0a595569edd55aea9,main-trial-12,f,f,true,187901.40
66da08c0a595569edd55aea9,main-trial-12,g,g,true,187988.80
66da08c0a595569edd55aea9,main-trial-12, , ,true,188144.10
66da08c0a595569edd55aea9,main-trial-12,d,d,true,188306.40
66da08c0a595569edd55aea9,main-trial-12,f,f,true,188405.10
66da08c0a595569edd55aea9,main-trial-12, , ,true,188553.60
66da08c0a595569edd55aea9,main-trial-12,f,f,true,188742.50
66da08c0a595569edd55aea9,main-trial-12,g,g,true,188838.00
66da08c0a595569edd55aea9,main-trial-12, , ,true,189066.90
66da08c0a595569edd55aea9,main-trial-12,d,d,true,189193.90
66da08c0a595569edd55aea9,main-trial-12,f,f,true,189384.70
66da08c0a595569edd55aea9,main-trial-12,, ,false,189578.80
66da08c0a595569edd55aea9,main-trial-13,r,r,true,191873.40
66da08c0a595569edd55aea9,main-trial-13,h,h,true,191962.90
66da08c0a595569edd55aea9,main-trial-13,c,c,true,192121.90
66da08c0a595569edd55aea9,main-trial-13,p,p,true,192524.40
66da08c0a595569edd55aea9,main-trial-13,c,c,true,192638.90
66da08c0a595569edd55aea9,main-trial-13, , ,true,192916.30
66da08c0a595569edd55aea9,main-trial-13,d,d,true,193063.60
66da08c0a595569edd55aea9,main-trial-13,r,r,true,193149.40
66da08c0a595569edd55aea9,main-trial-13, , ,true,193226.80
66da08c0a595569edd55aea9,main-trial-13,d,d,true,193344.50
66da08c0a595569edd55aea9,main-trial-13,r,r,true,193419.80
66da08c0a595569edd55aea9,main-trial-13, , ,true,193523.90
66da08c0a595569edd55aea9,main-trial-13,d,d,true,193635.10
66da08c0a595569edd55aea9,main-trial-13,r,r,true,193706.70
66da08c0a595569edd55aea9,main-trial-13, , ,true,193799.10
66da08c0a595569edd55aea9,main-trial-13,y,y,true,193964.80
66da08c0a595569edd55aea9,main-trial-13,b,b,true,194237.50
66da08c0a595569edd55aea9,main-trial-13,e,e,true,194334.90
66da08c0a595569edd55aea9,main-trial-13,x,x,true,194529.00
66da08c0a595569edd55aea9,main-trial-13,i,i,true,194642.40
66da08c0a595569edd55aea9,main-trial-13, , ,true,194853.30
66da08c0a595569edd55aea9,main-trial-13,f,f,true,195031.50
66da08c0a595569edd55aea9,main-trial-13,d,d,true,195119.80
66da08c0a595569edd55aea9,main-trial-13, , ,true,195267.20
66da08c0a595569edd55aea9,main-trial-13,f,f,true,195537.00
66da08c0a595569edd55aea9,main-trial-13,d,d,true,195632.00
66da08c0a595569edd55aea9,main-trial-13, , ,true,195853.70
66da08c0a595569edd55aea9,main-trial-13,f,f,true,195995.40
66da08c0a595569edd55aea9,main-trial-13,d,d,true,196084.80
66da08c0a595569edd55aea9,main-trial-13, , ,true,196223.30
66da08c0a595569edd55aea9,main-trial-13,w,w,true,196370.70
66da08c0a595569edd55aea9,main-trial-13,j,j,true,196470.10
66da08c0a595569edd55aea9,main-trial-13,t,t,true,196585.60
66da08c0a595569edd55aea9,main-trial-13,a,a,true,196776.70
66da08c0a595569edd55aea9,main-trial-13,n,n,true,196853.80
66da08c0a595569edd55aea9,main-trial-13, , ,true,197051.10
66da08c0a595569edd55aea9,main-trial-13,d,d,true,197167.00
66da08c0a595569edd55aea9,main-trial-13,r,r,true,197238.30
66da08c0a595569edd55aea9,main-trial-13, , ,true,197363.20
66da08c0a595569edd55aea9,main-trial-13,f,f,true,197566.50
66da08c0a595569edd55aea9,main-trial-13,d,d,true,197646.20
66da08c0a595569edd55aea9,main-trial-13, , ,true,197799.10
66da08c0a595569edd55aea9,main-trial-13,d,d,true,197900.00
66da08c0a595569edd55aea9,main-trial-13,r,r,true,197979.20
66da08c0a595569edd55aea9,main-trial-13, , ,true,198106.80
66da08c0a595569edd55aea9,main-trial-13,f,d,false,198240.30
66da08c0a595569edd55aea9,main-trial-13,f,f,true,198593.90
66da08c0a595569edd55aea9,main-trial-13,d,d,true,198673.90
66da08c0a595569edd55aea9,main-trial-13, , ,true,198824.40
66da08c0a595569edd55aea9,main-trial-13,d,d,true,198957.50
66da08c0a595569edd55aea9,main-trial-13,r,r,true,200170.60
66da08c0a595569edd55aea9,main-trial-13, , ,true,200427.30
66da08c0a595569edd55aea9,main-trial-13,f,f,true,200549.00
66da08c0a595569edd55aea9,main-trial-13,d,d,true,200646.00
66da08c0a595569edd55aea9,main-trial-14,m,m,true,203075.60
66da08c0a595569edd55aea9,main-trial-14,x,x,true,203431.10
66da08c0a595569edd55aea9,main-trial-14,b,b,true,203671.20
66da08c0a595569edd55aea9,main-trial-14,x,x,true,203953.10
66da08c0a595569edd55aea9,main-trial-14,s,s,true,204240.70
66da08c0a595569edd55aea9,main-trial-14, , ,true,204379.40
66da08c0a595569edd55aea9,main-trial-14,s,s,true,204485.40
66da08c0a595569edd55aea9,main-trial-14,e,e,true,204567.90
66da08c0a595569edd55aea9,main-trial-14, , ,true,204692.70
66da08c0a595569edd55aea9,main-trial-14,s,s,true,204790.40
66da08c0a595569edd55aea9,main-trial-14,e,e,true,204861.30
66da08c0a595569edd55aea9,main-trial-14, , ,true,205016.10
66da08c0a595569edd55aea9,main-trial-14,s,s,true,205136.60
66da08c0a595569edd55aea9,main-trial-14,e,e,true,205210.70
66da08c0a595569edd55aea9,main-trial-14, , ,true,205294.90
66da08c0a595569edd55aea9,main-trial-14,p,p,true,205411.90
66da08c0a595569edd55aea9,main-trial-14,b,b,true,205507.80
66da08c0a595569edd55aea9,main-trial-14,g,g,true,205694.10
66da08c0a595569edd55aea9,main-trial-14,b,b,true,205892.70
66da08c0a595569edd55aea9,main-trial-14,l,l,true,206085.80
66da08c0a595569edd55aea9,main-trial-14, , ,true,206253.60
66da08c0a595569edd55aea9,main-trial-14,w,w,true,206357.80
66da08c0a595569edd55aea9,main-trial-14,d,d,true,206421.10
66da08c0a595569edd55aea9,main-trial-14, , ,true,206525.90
66da08c0a595569edd55aea9,main-trial-14,w,w,true,206633.90
66da08c0a595569edd55aea9,main-trial-14,d,d,true,206698.20
66da08c0a595569edd55aea9,main-trial-14, , ,true,206813.40
66da08c0a595569edd55aea9,main-trial-14,w,w,true,206934.40
66da08c0a595569edd55aea9,main-trial-14,d,d,true,207017.20
66da08c0a595569edd55aea9,main-trial-14, , ,true,207117.90
66da08c0a595569edd55aea9,main-trial-14,v,v,true,207313.40
66da08c0a595569edd55aea9,main-trial-14,o,o,true,207438.00
66da08c0a595569edd55aea9,main-trial-14,n,n,true,207489.40
66da08c0a595569edd55aea9,main-trial-14,s,s,true,207562.70
66da08c0a595569edd55aea9,main-trial-14,i,i,true,207667.50
66da08c0a595569edd55aea9,main-trial-14, , ,true,207767.30
66da08c0a595569edd55aea9,main-trial-14,s,s,true,207859.30
66da08c0a595569edd55aea9,main-trial-14,e,e,true,207918.70
66da08c0a595569edd55aea9,main-trial-14, , ,true,208035.50
66da08c0a595569edd55aea9,main-trial-14,w,w,true,208201.30
66da08c0a595569edd55aea9,main-trial-14,d,d,true,208275.40
66da08c0a595569edd55aea9,main-trial-14, , ,true,208380.90
66da08c0a595569edd55aea9,main-trial-14,s,s,true,208500.00
66da08c0a595569edd55aea9,main-trial-14,e,e,true,208591.90
66da08c0a595569edd55aea9,main-trial-14, , ,true,208708.10
66da08c0a595569edd55aea9,main-trial-14,w,w,true,208795.60
66da08c0a595569edd55aea9,main-trial-14,d,d,true,208891.30
66da08c0a595569edd55aea9,main-trial-14, , ,true,209008.40
66da08c0a595569edd55aea9,main-trial-14,s,s,true,209121.40
66da08c0a595569edd55aea9,main-trial-14,e,e,true,209211.00
66da08c0a595569edd55aea9,main-trial-14, , ,true,209353.90
66da08c0a595569edd55aea9,main-trial-14,w,w,true,209462.10
66da08c0a595569edd55aea9,main-trial-14,d,d,true,209544.50
66da08c0a595569edd55aea9,main-trial-15,n,n,true,211544.50
66da08c0a595569edd55aea9,main-trial-15,o,o,true,211636.40
66da08c0a595569edd55aea9,main-trial-15,r,r,true,211708.90
66da08c0a595569edd55aea9,main-trial-15,o,o,true,211826.30
66da08c0a595569edd55aea9,main-trial-15,t,t,true,211902.60
66da08c0a595569edd55aea9,main-trial-15, , ,true,212000.90
66da08c0a595569edd55aea9,main-trial-15,v,v,true,212130.50
66da08c0a595569edd55aea9,main-trial-15,r,r,true,212218.60
66da08c0a595569edd55aea9,main-trial-15, , ,true,212318.20
66da08c0a595569edd55aea9,main-trial-15,v,v,true,212403.70
66da08c0a595569edd55aea9,main-trial-15,r,r,true,212486.80
66da08c0a595569edd55aea9,main-trial-15, , ,true,212618.20
66da08c0a595569edd55aea9,main-trial-15,v,v,true,212707.20
66da08c0a595569edd55aea9,main-trial-15,r,r,true,212778.30
66da08c0a595569edd55aea9,main-trial-15, , ,true,212871.80
66da08c0a595569edd55aea9,main-trial-15,p,p,true,213022.70
66da08c0a595569edd55aea9,main-trial-15,l,l,true,213052.50
66da08c0a595569edd55aea9,main-trial-15,g,g,true,213165.40
66da08c0a595569edd55aea9,main-trial-15,k,j,false,213298.90
66da08c0a595569edd55aea9,main-trial-15,k,k,true,213674.40
66da08c0a595569edd55aea9,main-trial-15,f,f,true,213740.90
66da08c0a595569edd55aea9,main-trial-15, , ,true,213855.10
66da08c0a595569edd55aea9,main-trial-15,c,c,true,214110.60
66da08c0a595569edd55aea9,main-trial-15,r,r,true,214272.70
66da08c0a595569edd55aea9,main-trial-15, , ,true,214380.80
66da08c0a595569edd55aea9,main-trial-15,c,c,true,214501.90
66da08c0a595569edd55aea9,main-trial-15,r,r,true,214656.80
66da08c0a595569edd55aea9,main-trial-15, , ,true,214782.20
66da08c0a595569edd55aea9,main-trial-15,c,c,true,214882.10
66da08c0a595569edd55aea9,main-trial-15,r,r,true,214987.30
66da08c0a595569edd55aea9,main-trial-15, , ,true,215094.10
66da08c0a595569edd55aea9,main-trial-15,x,x,true,215378.10
66da08c0a595569edd55aea9,main-trial-15,d,d,true,215757.90
66da08c0a595569edd55aea9,main-trial-15,y,y,true,216045.30
66da08c0a595569edd55aea9,main-trial-15,i,i,true,216226.00
66da08c0a595569edd55aea9,main-trial-15,d,d,true,216389.00
66da08c0a595569edd55aea9,main-trial-15, , ,true,216528.30
66da08c0a595569edd55aea9,main-trial-15,v,v,true,216837.40
66da08c0a595569edd55aea9,main-trial-15,r,r,true,216937.00
66da08c0a595569edd55aea9,main-trial-15, , ,true,217040.80
66da08c0a595569edd55aea9,main-trial-15,c,c,true,217217.20
66da08c0a595569edd55aea9,main-trial-15,r,r,true,217398.70
66da08c0a595569edd55aea9,main-trial-15, , ,true,217479.60
66da08c0a595569edd55aea9,main-trial-15,v,v,true,217608.70
66da08c0a595569edd55aea9,main-trial-15,r,r,true,217693.60
66da08c0a595569edd55aea9,main-trial-15, , ,true,217803.10
66da08c0a595569edd55aea9,main-trial-15,c,c,true,217901.10
66da08c0a595569edd55aea9,main-trial-15,r,r,true,218089.30
66da08c0a595569edd55aea9,main-trial-15, , ,true,218196.20
66da08c0a595569edd55aea9,main-trial-15,v,v,true,218305.30
66da08c0a595569edd55aea9,main-trial-15,r,r,true,218398.30
66da08c0a595569edd55aea9,main-trial-15, , ,true,218532.20
66da08c0a595569edd55aea9,main-trial-15,c,c,true,218624.40
66da08c0a595569edd55aea9,main-trial-15,r,r,true,218798.10
66da08c0a595569edd55aea9,main-trial-16,t,t,true,220861.20
66da08c0a595569edd55aea9,main-trial-16,x,x,true,221048.30
66da08c0a595569edd55aea9,main-trial-16,o,o,true,221177.20
66da08c0a595569edd55aea9,main-trial-16,m,m,true,221269.30
66da08c0a595569edd55aea9,main-trial-16,r,r,true,221382.50
66da08c0a595569edd55aea9,main-trial-16, , ,true,221490.20
66da08c0a595569edd55aea9,main-trial-16,c,c,true,221726.70
66da08c0a595569edd55aea9,main-trial-16,v,v,true,221818.20
66da08c0a595569edd55aea9,main-trial-16, , ,true,221926.60
66da08c0a595569edd55aea9,main-trial-16,c,c,true,222054.20
66da08c0a595569edd55aea9,main-trial-16,v,v,true,222150.40
66da08c0a595569edd55aea9,main-trial-16, , ,true,222266.80
66da08c0a595569edd55aea9,main-trial-16,c,c,true,222366.50
66da08c0a595569edd55aea9,main-trial-16,v,v,true,222453.50
66da08c0a595569edd55aea9,main-trial-16, , ,true,222506.70
66da08c0a595569edd55aea9,main-trial-16,w,w,true,222761.50
66da08c0a595569edd55aea9,main-trial-16,g,g,true,223480.90
66da08c0a595569edd55aea9,main-trial-16,q,q,true,223673.50
66da08c0a595569edd55aea9,main-trial-16,s,s,true,223898.80
66da08c0a595569edd55aea9,main-trial-16,o,o,true,224013.50
66da08c0a595569edd55aea9,main-trial-16, , ,true,224171.60
66da08c0a595569edd55aea9,main-trial-16,c,c,true,224281.30
66da08c0a595569edd55aea9,main-trial-16,r,r,true,224449.80
66da08c0a595569edd55aea9,main-trial-16, , ,true,224534.10
66da08c0a595569edd55aea9,main-trial-16,c,c,true,224643.70
66da08c0a595569edd55aea9,main-trial-16,r,r,true,224815.20
66da08c0a595569edd55aea9,main-trial-16, , ,true,224901.80
66da08c0a595569edd55aea9,main-trial-16,c,c,true,225026.80
66da08c0a595569edd55aea9,main-trial-16,r, ,false,225211.00
66da08c0a595569edd55aea9,main-trial-16,r,r,true,225267.30
66da08c0a595569edd55aea9,main-trial-16, ,r,false,226229.30
66da08c0a595569edd55aea9,main-trial-16, ,b,false,226307.50
66da08c0a595569edd55aea9,main-trial-16, ,y,false,226371.70
66da08c0a595569edd55aea9,main-trial-16, , ,true,226668.20
66da08c0a595569edd55aea9,main-trial-16,r,r,true,226738.90
66da08c0a595569edd55aea9,main-trial-16,b,b,true,226852.80
66da08c0a595569edd55aea9,main-trial-16,y,y,true,226905.90
66da08c0a595569edd55aea9,main-trial-16,e,e,true,227318.30
66da08c0a595569edd55aea9,main-trial-16,a,a,true,227400.50
66da08c0a595569edd55aea9,main-trial-16, , ,true,227534.20
66da08c0a595569edd55aea9,main-trial-16,c,c,true,227682.40
66da08c0a595569edd55aea9,main-trial-16,v,v,true,227955.10
66da08c0a595569edd55aea9,main-trial-16, , ,true,228074.10
66da08c0a595569edd55aea9,main-trial-16,c,c,true,228280.30
66da08c0a595569edd55aea9,main-trial-16,r,r,true,228479.10
66da08c0a595569edd55aea9,main-trial-16, , ,true,228583.00
66da08c0a595569edd55aea9,main-trial-16,c,c,true,228691.40
66da08c0a595569edd55aea9,main-trial-16,v, ,false,228961.70
66da08c0a595569edd55aea9,main-trial-16,v,v,true,229176.40
66da08c0a595569edd55aea9,main-trial-16, , ,true,229551.70
66da08c0a595569edd55aea9,main-trial-16,c,c,true,229630.60
66da08c0a595569edd55aea9,main-trial-16,r,r,true,229813.60
66da08c0a595569edd55aea9,main-trial-16, , ,true,229913.70
66da08c0a595569edd55aea9,main-trial-16,c,c,true,230022.50
66da08c0a595569edd55aea9,main-trial-16,v,v,true,230185.40
66da08c0a595569edd55aea9,main-trial-16, , ,true,230302.70
66da08c0a595569edd55aea9,main-trial-16,c,c,true,230391.60
66da08c0a595569edd55aea9,main-trial-16,r,r,true,230603.50
66da08c0a595569edd55aea9,main-trial-17,y,y,true,232493.20
66da08c0a595569edd55aea9,main-trial-17,x,x,true,232596.20
66da08c0a595569edd55aea9,main-trial-17,f,f,true,232964.30
66da08c0a595569edd55aea9,main-trial-17,r,r,true,233314.70
66da08c0a595569edd55aea9,main-trial-17,z,z,true,233509.00
66da08c0a595569edd55aea9,main-trial-17, , ,true,233622.40
66da08c0a595569edd55aea9,main-trial-17,f,f,true,233737.30
66da08c0a595569edd55aea9,main-trial-17,e,e,true,233843.00
66da08c0a595569edd55aea9,main-trial-17, , ,true,233940.50
66da08c0a595569edd55aea9,main-trial-17,f,f,true,234011.50
66da08c0a595569edd55aea9,main-trial-17,e,e,true,234128.00
66da08c0a595569edd55aea9,main-trial-17, , ,true,234248.30
66da08c0a595569edd55aea9,main-trial-17,f,f,true,234356.80
66da08c0a595569edd55aea9,main-trial-17,e,e,true,234435.80
66da08c0a595569edd55aea9,main-trial-17, , ,true,234539.90
66da08c0a595569edd55aea9,main-trial-17,r,r,true,234699.90
66da08c0a595569edd55aea9,main-trial-17,f,f,true,234884.40
66da08c0a595569edd55aea9,main-trial-17,y,y,true,234986.40
66da08c0a595569edd55aea9,main-trial-17,v,u,false,235230.80
66da08c0a595569edd55aea9,main-trial-17,v,v,true,235447.50
66da08c0a595569edd55aea9,main-trial-17,u,u,true,235527.00
66da08c0a595569edd55aea9,main-trial-17, , ,true,235669.90
66da08c0a595569edd55aea9,main-trial-17,e,f,false,235830.20
66da08c0a595569edd55aea9,main-trial-17,e,e,true,235845.80
66da08c0a595569edd55aea9,main-trial-17,f,f,true,235949.50
66da08c0a595569edd55aea9,main-trial-17, , ,true,236168.30
66da08c0a595569edd55aea9,main-trial-17,e,e,true,236250.70
66da08c0a595569edd55aea9,main-trial-17,f,f,true,236322.90
66da08c0a595569edd55aea9,main-trial-17, , ,true,236524.40
66da08c0a595569edd55aea9,main-trial-17,e,e,true,236630.80
66da08c0a595569edd55aea9,main-trial-17,f,f,true,236686.30
66da08c0a595569edd55aea9,main-trial-17, , ,true,236819.70
66da08c0a595569edd55aea9,main-trial-17,r,r,true,236945.40
66da08c0a595569edd55aea9,main-trial-17,w,w,true,237108.80
66da08c0a595569edd55aea9,main-trial-17,l,l,true,237485.30
66da08c0a595569edd55aea9,main-trial-17,l,l,true,237640.80
66da08c0a595569edd55aea9,main-trial-17,v,v,true,237755.30
66da08c0a595569edd55aea9,main-trial-17, , ,true,237943.40
66da08c0a595569edd55aea9,main-trial-17,f,f,true,238163.20
66da08c0a595569edd55aea9,main-trial-17,e,e,true,238230.60
66da08c0a595569edd55aea9,main-trial-17, , ,true,238346.80
66da08c0a595569edd55aea9,main-trial-17,e,e,true,238632.90
66da08c0a595569edd55aea9,main-trial-17,f,f,true,238659.90
66da08c0a595569edd55aea9,main-trial-17, , ,true,238844.40
66da08c0a595569edd55aea9,main-trial-17,f,f,true,238975.90
66da08c0a595569edd55aea9,main-trial-17,e,e,true,239079.60
66da08c0a595569edd55aea9,main-trial-17, , ,true,239460.30
66da08c0a595569edd55aea9,main-trial-17,e,e,true,239575.40
66da08c0a595569edd55aea9,main-trial-17,f,f,true,239671.20
66da08c0a595569edd55aea9,main-trial-17, , ,true,239891.50
66da08c0a595569edd55aea9,main-trial-17,f,f,true,240030.30
66da08c0a595569edd55aea9,main-trial-17,e,e,true,240141.30
66da08c0a595569edd55aea9,main-trial-17, , ,true,240474.20
66da08c0a595569edd55aea9,main-trial-17,e,e,true,240593.50
66da08c0a595569edd55aea9,main-trial-17,f,f,true,240672.60
66da08c0a595569edd55aea9,main-trial-18,h,h,true,242730.90
66da08c0a595569edd55aea9,main-trial-18,w,w,true,242792.60
66da08c0a595569edd55aea9,main-trial-18,i,i,true,242950.90
66da08c0a595569edd55aea9,main-trial-18,z,z,true,243067.70
66da08c0a595569edd55aea9,main-trial-18,j,j,true,243274.90
66da08c0a595569edd55aea9,main-trial-18, , ,true,243427.10
66da08c0a595569edd55aea9,main-trial-18,f,f,true,243643.70
66da08c0a595569edd55aea9,main-trial-18,d,d,true,243745.50
66da08c0a595569edd55aea9,main-trial-18, , ,true,243969.20
66da08c0a595569edd55aea9,main-trial-18,f,f,true,244064.90
66da08c0a595569edd55aea9,main-trial-18,d,d,true,244141.30
66da08c0a595569edd55aea9,main-trial-18, , ,true,244302.40
66da08c0a595569edd55aea9,main-trial-18,f,f,true,244382.10
66da08c0a595569edd55aea9,main-trial-18,d,d,true,244453.70
66da08c0a595569edd55aea9,main-trial-18, , ,true,244586.50
66da08c0a595569edd55aea9,main-trial-18,s,s,true,244705.20
66da08c0a595569edd55aea9,main-trial-18,h,h,true,244802.30
66da08c0a595569edd55aea9,main-trial-18,k,k,true,245002.90
66da08c0a595569edd55aea9,main-trial-18,f,f,true,245161.70
66da08c0a595569edd55aea9,main-trial-18,i,i,true,245249.90
66da08c0a595569edd55aea9,main-trial-18, , ,true,245384.70
66da08c0a595569edd55aea9,main-trial-18,c,c,true,245565.20
66da08c0a595569edd55aea9,main-trial-18,e,e,true,245652.60
66da08c0a595569edd55aea9,main-trial-18, , ,true,245756.90
66da08c0a595569edd55aea9,main-trial-18,c,c,true,245837.40
66da08c0a595569edd55aea9,main-trial-18,e,e,true,245921.00
66da08c0a595569edd55aea9,main-trial-18, , ,true,246049.70
66da08c0a595569edd55aea9,main-trial-18,c,c,true,246138.30
66da08c0a595569edd55aea9,main-trial-18,e,e,true,246266.40
66da08c0a595569edd55aea9,main-trial-18, , ,true,246374.30
66da08c0a595569edd55aea9,main-trial-18,r,r,true,246520.60
66da08c0a595569edd55aea9,main-trial-18,v,v,true,246708.40
66da08c0a595569edd55aea9,main-trial-18,p,p,true,246818.10
66da08c0a595569edd55aea9,main-trial-18,b,b,true,247078.40
66da08c0a595569edd55aea9,main-trial-18,q,q,true,247181.40
66da08c0a595569edd55aea9,main-trial-18, , ,true,247317.00
66da08c0a595569edd55aea9,main-trial-18,f,f,true,247491.90
66da08c0a595569edd55aea9,main-trial-18,d,d,true,247577.30
66da08c0a595569edd55aea9,main-trial-18, , ,true,247850.20
66da08c0a595569edd55aea9,main-trial-18,c,d,false,248006.30
66da08c0a595569edd55aea9,main-trial-18,c,f,false,248119.50
66da08c0a595569edd55aea9,main-trial-18,c,c,true,248345.00
66da08c0a595569edd55aea9,main-trial-18,e,e,true,248416.60
66da08c0a595569edd55aea9,main-trial-18, , ,true,248512.70
66da08c0a595569edd55aea9,main-trial-18,f,f,true,248634.50
66da08c0a595569edd55aea9,main-trial-18,d,d,true,248711.90
66da08c0a595569edd55aea9,main-trial-18, , ,true,248854.80
66da08c0a595569edd55aea9,main-trial-18,c,c,true,248968.10
66da08c0a595569edd55aea9,main-trial-18,e,e,true,249067.80
66da08c0a595569edd55aea9,main-trial-18, , ,true,249215.00
66da08c0a595569edd55aea9,main-trial-18,f,f,true,249360.50
66da08c0a595569edd55aea9,main-trial-18,d,d,true,249444.40
66da08c0a595569edd55aea9,main-trial-18, , ,true,249639.50
66da08c0a595569edd55aea9,main-trial-18,c,c,true,249718.90
66da08c0a595569edd55aea9,main-trial-18,e,e,true,249790.10
66da08c0a595569edd55aea9,main-trial-19,q,q,true,252157.30
66da08c0a595569edd55aea9,main-trial-19,l,l,true,252242.40
66da08c0a595569edd55aea9,main-trial-19,h,h,true,252474.10
66da08c0a595569edd55aea9,main-trial-19,v,v,true,252706.60
66da08c0a595569edd55aea9,main-trial-19,u,u,true,252770.90
66da08c0a595569edd55aea9,main-trial-19, , ,true,252888.60
66da08c0a595569edd55aea9,main-trial-19,a,a,true,253108.10
66da08c0a595569edd55aea9,main-trial-19,a,a,true,253287.30
66da08c0a595569edd55aea9,main-trial-19, , ,true,253369.30
66da08c0a595569edd55aea9,main-trial-19,a,a,true,253466.80
66da08c0a595569edd55aea9,main-trial-19,a, ,false,253627.00
66da08c0a595569edd55aea9,main-trial-19,a,a,true,253710.70
66da08c0a595569edd55aea9,main-trial-19, ,a,false,254301.00
66da08c0a595569edd55aea9,main-trial-19, ,a,false,254473.00
66da08c0a595569edd55aea9,main-trial-19, , ,true,254681.10
66da08c0a595569edd55aea9,main-trial-19,a,a,true,254768.70
66da08c0a595569edd55aea9,main-trial-19,a,a,true,254960.60
66da08c0a595569edd55aea9,main-trial-19, , ,true,255140.60
66da08c0a595569edd55aea9,main-trial-19,t,t,true,255236.50
66da08c0a595569edd55aea9,main-trial-19,p,p,true,255368.60
66da08c0a595569edd55aea9,main-trial-19,m,m,true,255481.20
66da08c0a595569edd55aea9,main-trial-19,b,b,true,255702.80
66da08c0a595569edd55aea9,main-trial-19,f,f,true,255803.50
66da08c0a595569edd55aea9,main-trial-19, ,f,false,255944.10
66da08c0a595569edd55aea9,main-trial-19, , ,true,256094.50
66da08c0a595569edd55aea9,main-trial-19,f,f,true,256361.30
66da08c0a595569edd55aea9,main-trial-19,f,f,true,256540.40
66da08c0a595569edd55aea9,main-trial-19, , ,true,256747.00
66da08c0a595569edd55aea9,main-trial-19,f,f,true,256830.90
66da08c0a595569edd55aea9,main-trial-19,f, ,false,257004.00
66da08c0a595569edd55aea9,main-trial-19,f,f,true,257115.30
66da08c0a595569edd55aea9,main-trial-19, , ,true,257545.10
66da08c0a595569edd55aea9,main-trial-19,f,f,true,257623.50
66da08c0a595569edd55aea9,main-trial-19,f,f,true,257785.10
66da08c0a595569edd55aea9,main-trial-19, , ,true,258062.50
66da08c0a595569edd55aea9,main-trial-19,g,g,true,258268.80
66da08c0a595569edd55aea9,main-trial-19,m,m,true,258378.00
66da08c0a595569edd55aea9,main-trial-19,o,o,true,258439.50
66da08c0a595569edd55aea9,main-trial-19,e,e,true,258693.60
66da08c0a595569edd55aea9,main-trial-19,k,k,true,258815.10
66da08c0a595569edd55aea9,main-trial-19, , ,true,258982.50
66da08c0a595569edd55aea9,main-trial-19,a,a,true,259054.20
66da08c0a595569edd55aea9,main-trial-19,a,a,true,259231.40
66da08c0a595569edd55aea9,main-trial-19, , ,true,259396.60
66da08c0a595569edd55aea9,main-trial-19,f,f,true,259547.60
66da08c0a595569edd55aea9,main-trial-19,f,f,true,259703.40
66da08c0a595569edd55aea9,main-trial-19, , ,true,259785.30
66da08c0a595569edd55aea9,main-trial-19,a,a,true,259931.40
66da08c0a595569edd55aea9,main-trial-19,a,a,true,260119.00
66da08c0a595569edd55aea9,main-trial-19, , ,true,260208.60
66da08c0a595569edd55aea9,main-trial-19,f,f,true,260305.30
66da08c0a595569edd55aea9,main-trial-19,f, ,false,260564.90
66da08c0a595569edd55aea9,main-trial-19,f,f,true,260656.00
66da08c0a595569edd55aea9,main-trial-19, ,f,false,260907.20
66da08c0a595569edd55aea9,main-trial-19, , ,true,261080.70
66da08c0a595569edd55aea9,main-trial-19,a,a,true,261168.10
66da08c0a595569edd55aea9,main-trial-19,a,a,true,261356.80
66da08c0a595569edd55aea9,main-trial-19, , ,true,261566.90
66da08c0a595569edd55aea9,main-trial-19,f,f,true,261642.80
66da08c0a595569edd55aea9,main-trial-19,f,f,true,261832.20
66da08c0a595569edd55aea9,main-trial-20,s,s,true,263887.20
66da08c0a595569edd55aea9,main-trial-20,g,g,true,264219.20
66da08c0a595569edd55aea9,main-trial-20,p,p,true,264482.30
66da08c0a595569edd55aea9,main-trial-20,y,y,true,264874.20
66da08c0a595569edd55aea9,main-trial-20,n,n,true,264968.60
66da08c0a595569edd55aea9,main-trial-20, , ,true,265087.90
66da08c0a595569edd55aea9,main-trial-20,d,d,true,265181.10
66da08c0a595569edd55aea9,main-trial-20,f,f,true,265296.20
66da08c0a595569edd55aea9,main-trial-20, , ,true,265429.60
66da08c0a595569edd55aea9,main-trial-20,d,d,true,265538.00
66da08c0a595569edd55aea9,main-trial-20,f,f,true,265613.60
66da08c0a595569edd55aea9,main-trial-20, , ,true,265750.30
66da08c0a595569edd55aea9,main-trial-20,d,d,true,265822.00
66da08c0a595569edd55aea9,main-trial-20,f,f,true,265891.70
66da08c0a595569edd55aea9,main-trial-20, , ,true,266009.50
66da08c0a595569edd55aea9,main-trial-20,i,i,true,266348.40
66da08c0a595569edd55aea9,main-trial-20,j,j,true,266539.70
66da08c0a595569edd55aea9,main-trial-20,o,o,true,266687.30
66da08c0a595569edd55aea9,main-trial-20,i,i,true,266806.20
66da08c0a595569edd55aea9,main-trial-20,g,g,true,267253.00
66da08c0a595569edd55aea9,main-trial-20, , ,true,267408.80
66da08c0a595569edd55aea9,main-trial-20,f,d,false,267496.50
66da08c0a595569edd55aea9,main-trial-20,f,f,true,267572.20
66da08c0a595569edd55aea9,main-trial-20,g, ,false,267983.40
66da08c0a595569edd55aea9,main-trial-20,g,d,false,268122.20
66da08c0a595569edd55aea9,main-trial-20,g,f,false,268197.50
66da08c0a595569edd55aea9,main-trial-20,g, ,false,268333.10
66da08c0a595569edd55aea9,main-trial-20,g,d,false,268433.80
66da08c0a595569edd55aea9,main-trial-20,g,f,false,268502.00
66da08c0a595569edd55aea9,main-trial-20,g, ,false,268621.60
66da08c0a595569edd55aea9,main-trial-20,g,r,false,268759.00
66da08c0a595569edd55aea9,main-trial-20,g,e,false,268842.70
66da08c0a595569edd55aea9,main-trial-20,g,d,false,269351.30
66da08c0a595569edd55aea9,main-trial-20,g,f,false,269410.80
66da08c0a595569edd55aea9,main-trial-20,g,f,false,269733.40
66da08c0a595569edd55aea9,main-trial-20,g,g,true,270347.40
66da08c0a595569edd55aea9,main-trial-20, ,f,false,270475.20
66da08c0a595569edd55aea9,main-trial-20, , ,true,270567.40
66da08c0a595569edd55aea9,main-trial-20,f, ,false,270915.20
66da08c0a595569edd55aea9,main-trial-20,f,f,true,270953.00
66da08c0a595569edd55aea9,main-trial-20,g,g,true,271010.60
66da08c0a595569edd55aea9,main-trial-20, ,f,false,271242.80
66da08c0a595569edd55aea9,main-trial-20, , ,true,271331.00
66da08c0a595569edd55aea9,main-trial-20,f,g,false,271435.40
66da08c0a595569edd55aea9,main-trial-20,f,f,true,271483.00
66da08c0a595569edd55aea9,main-trial-20,g,g,true,271989.40
66da08c0a595569edd55aea9,main-trial-20, , ,true,272378.90
66da08c0a595569edd55aea9,main-trial-20,r,r,true,272539.70
66da08c0a595569edd55aea9,main-trial-20,e,e,true,272634.40
66da08c0a595569edd55aea9,main-trial-20,x,x,true,272849.10
66da08c0a595569edd55aea9,main-trial-20,e,e,true,273030.20
66da08c0a595569edd55aea9,main-trial-20,d,d,true,273364.50
66da08c0a595569edd55aea9,main-trial-20, , ,true,273543.20
66da08c0a595569edd55aea9,main-trial-20,d,d,true,274499.70
66da08c0a595569edd55aea9,main-trial-20,f,f,true,274564.20
66da08c0a595569edd55aea9,main-trial-20, , ,true,274736.80
66da08c0a595569edd55aea9,main-trial-20,f,f,true,274936.00
66da08c0a595569edd55aea9,main-trial-20,g,g,true,275007.70
66da08c0a595569edd55aea9,main-trial-20, , ,true,275130.20
66da08c0a595569edd55aea9,main-trial-20,d,d,true,275222.50
66da08c0a595569edd55aea9,main-trial-20,f,f,true,275302.50
66da08c0a595569edd55aea9,main-trial-20, , ,true,275486.00
66da08c0a595569edd55aea9,main-trial-20,f,f,true,275576.50
66da08c0a595569edd55aea9,main-trial-20,g,g,true,275648.20
66da08c0a595569edd55aea9,main-trial-20, , ,true,275813.50
66da08c0a595569edd55aea9,main-trial-20,d,d,true,275909.50
66da08c0a595569edd55aea9,main-trial-20,f,f,true,275973.20
66da08c0a595569edd55aea9,main-trial-20, , ,true,276165.60
66da08c0a595569edd55aea9,main-trial-20,f,f,true,276241.20
66da08c0a595569edd55aea9,main-trial-20,g,g,true,276313.70
66da08c0a595569edd55aea9,main-trial-21,z,z,true,278524.40
66da08c0a595569edd55aea9,main-trial-21,j,j,true,278739.70
66da08c0a595569edd55aea9,main-trial-21,s,f,false,278927.40
66da08c0a595569edd55aea9,main-trial-21,s,s,true,279192.90
66da08c0a595569edd55aea9,main-trial-21,j,j,true,279268.70
66da08c0a595569edd55aea9,main-trial-21,v,v,true,279556.10
66da08c0a595569edd55aea9,main-trial-21, , ,true,279725.10
66da08c0a595569edd55aea9,main-trial-21,f,d,false,279966.20
66da08c0a595569edd55aea9,main-trial-21,f,f,true,280025.80
66da08c0a595569edd55aea9,main-trial-21,d,f,false,280261.50
66da08c0a595569edd55aea9,main-trial-21,d,d,true,280352.80
66da08c0a595569edd55aea9,main-trial-21, , ,true,280559.90
66da08c0a595569edd55aea9,main-trial-21,f,f,true,280762.20
66da08c0a595569edd55aea9,main-trial-21,d,d,true,280838.30
66da08c0a595569edd55aea9,main-trial-21, , ,true,281022.40
66da08c0a595569edd55aea9,main-trial-21,f,f,true,281156.30
66da08c0a595569edd55aea9,main-trial-21,d,d,true,281217.90
66da08c0a595569edd55aea9,main-trial-21, , ,true,281296.70
66da08c0a595569edd55aea9,main-trial-21,t,t,true,281407.80
66da08c0a595569edd55aea9,main-trial-21,w,w,true,281555.90
66da08c0a595569edd55aea9,main-trial-21,a,a,true,281651.20
66da08c0a595569edd55aea9,main-trial-21,s,s,true,281796.10
66da08c0a595569edd55aea9,main-trial-21,d,d,true,281914.50
66da08c0a595569edd55aea9,main-trial-21, , ,true,282073.90
66da08c0a595569edd55aea9,main-trial-21,f,f,true,282565.20
66da08c0a595569edd55aea9,main-trial-21,r,r,true,282651.80
66da08c0a595569edd55aea9,main-trial-21, , ,true,282760.90
66da08c0a595569edd55aea9,main-trial-21,f,f,true,282893.00
66da08c0a595569edd55aea9,main-trial-21,r,r,true,282975.50
66da08c0a595569edd55aea9,main-trial-21, , ,true,283097.20
66da08c0a595569edd55aea9,main-trial-21,f,f,true,283184.50
66da08c0a595569edd55aea9,main-trial-21,r,r,true,283271.40
66da08c0a595569edd55aea9,main-trial-21, , ,true,283374.30
66da08c0a595569edd55aea9,main-trial-21,y,y,true,283666.10
66da08c0a595569edd55aea9,main-trial-21,n,n,true,283848.40
66da08c0a595569edd55aea9,main-trial-21,z,z,true,283975.80
66da08c0a595569edd55aea9,main-trial-21,j,j,true,284133.70
66da08c0a595569edd55aea9,main-trial-21,p,p,true,284242.20
66da08c0a595569edd55aea9,main-trial-21, , ,true,284372.30
66da08c0a595569edd55aea9,main-trial-21,f,f,true,284573.20
66da08c0a595569edd55aea9,main-trial-21,d,d,true,284661.60
66da08c0a595569edd55aea9,main-trial-21, , ,true,284778.10
66da08c0a595569edd55aea9,main-trial-21,f,f,true,284918.40
66da08c0a595569edd55aea9,main-trial-21,r,f,false,285168.20
66da08c0a595569edd55aea9,main-trial-21,r,r,true,285244.50
66da08c0a595569edd55aea9,main-trial-21, , ,true,285763.60
66da08c0a595569edd55aea9,main-trial-21,f,f,true,285866.90
66da08c0a595569edd55aea9,main-trial-21,d,d,true,285966.80
66da08c0a595569edd55aea9,main-trial-21, , ,true,286138.50
66da08c0a595569edd55aea9,main-trial-21,f,f,true,286206.90
66da08c0a595569edd55aea9,main-trial-21,r,r,true,286330.40
66da08c0a595569edd55aea9,main-trial-21, , ,true,286460.10
66da08c0a595569edd55aea9,main-trial-21,f,f,true,286567.60
66da08c0a595569edd55aea9,main-trial-21,d,d,true,286658.80
66da08c0a595569edd55aea9,main-trial-21, , ,true,286815.40
66da08c0a595569edd55aea9,main-trial-21,f,f,true,286885.30
66da08c0a595569edd55aea9,main-trial-21,r,r,true,286964.30
66da08c0a595569edd55aea9,main-trial-22,g,g,true,290487.80
66da08c0a595569edd55aea9,main-trial-22,k,p,false,290649.10
66da08c0a595569edd55aea9,main-trial-22,k,k,true,290808.50
66da08c0a595569edd55aea9,main-trial-22,p,p,true,291255.10
66da08c0a595569edd55aea9,main-trial-22,s,s,true,291503.30
66da08c0a595569edd55aea9,main-trial-22,w,w,true,291685.30
66da08c0a595569edd55aea9,main-trial-22, , ,true,291821.00
66da08c0a595569edd55aea9,main-trial-22,e,e,true,291940.40
66da08c0a595569edd55aea9,main-trial-22,f,f,true,292032.70
66da08c0a595569edd55aea9,main-trial-22, , ,true,292162.10
66da08c0a595569edd55aea9,main-trial-22,e,e,true,292349.20
66da08c0a595569edd55aea9,main-trial-22,f,f,true,292425.70
66da08c0a595569edd55aea9,main-trial-22, , ,true,292525.70
66da08c0a595569edd55aea9,main-trial-22,e,e,true,292657.10
66da08c0a595569edd55aea9,main-trial-22,f,f,true,292738.70
66da08c0a595569edd55aea9,main-trial-22, , ,true,292814.80
66da08c0a595569edd55aea9,main-trial-22,b,b,true,292976.60
66da08c0a595569edd55aea9,main-trial-22,t,t,true,293087.60
66da08c0a595569edd55aea9,main-trial-22,l,l,true,293317.60
66da08c0a595569edd55aea9,main-trial-22,i,i,true,293382.10
66da08c0a595569edd55aea9,main-trial-22,h,h,true,293575.80
66da08c0a595569edd55aea9,main-trial-22, , ,true,293715.30
66da08c0a595569edd55aea9,main-trial-22,f,f,true,293814.40
66da08c0a595569edd55aea9,main-trial-22,e,e,true,293879.10
66da08c0a595569edd55aea9,main-trial-22, , ,true,293992.20
66da08c0a595569edd55aea9,main-trial-22,f,f,true,294075.90
66da08c0a595569edd55aea9,main-trial-22,e,e,true,294172.20
66da08c0a595569edd55aea9,main-trial-22, , ,true,294318.50
66da08c0a595569edd55aea9,main-trial-22,f,f,true,294413.40
66da08c0a595569edd55aea9,main-trial-22,e,e,true,294511.30
66da08c0a595569edd55aea9,main-trial-22, , ,true,294601.30
66da08c0a595569edd55aea9,main-trial-22,a,a,true,294738.60
66da08c0a595569edd55aea9,main-trial-22,k,m,false,294842.40
66da08c0a595569edd55aea9,main-trial-22,k,k,true,295042.80
66da08c0a595569edd55aea9,main-trial-22,m,m,true,295811.90
66da08c0a595569edd55aea9,main-trial-22,g,g,true,295904.00
66da08c0a595569edd55aea9,main-trial-22,g,g,true,296047.00
66da08c0a595569edd55aea9,main-trial-22, , ,true,296179.10
66da08c0a595569edd55aea9,main-trial-22,e,e,true,296381.80
66da08c0a595569edd55aea9,main-trial-22,f,f,true,296426.90
66da08c0a595569edd55aea9,main-trial-22, , ,true,296548.20
66da08c0a595569edd55aea9,main-trial-22,f,f,true,296641.40
66da08c0a595569edd55aea9,main-trial-22,e,e,true,296725.10
66da08c0a595569edd55aea9,main-trial-22, , ,true,296881.80
66da08c0a595569edd55aea9,main-trial-22,e,f,false,296965.30
66da08c0a595569edd55aea9,main-trial-22,e,e,true,297028.40
66da08c0a595569edd55aea9,main-trial-22,f,f,true,297524.00
66da08c0a595569edd55aea9,main-trial-22, , ,true,297647.60
66da08c0a595569edd55aea9,main-trial-22,f,f,true,297758.70
66da08c0a595569edd55aea9,main-trial-22,e,e,true,297850.40
66da08c0a595569edd55aea9,main-trial-22, , ,true,298020.40
66da08c0a595569edd55aea9,main-trial-22,e,e,true,298128.40
66da08c0a595569edd55aea9,main-trial-22,f,f,true,298207.70
66da08c0a595569edd55aea9,main-trial-22, , ,true,298346.80
66da08c0a595569edd55aea9,main-trial-22,f,f,true,298438.10
66da08c0a595569edd55aea9,main-trial-22,e,e,true,298517.00
66da08c0a595569edd55aea9,main-trial-23,t,t,true,300701.50
66da08c0a595569edd55aea9,main-trial-23,u,u,true,300843.10
66da08c0a595569edd55aea9,main-trial-23,o,o,true,301099.40
66da08c0a595569edd55aea9,main-trial-23,n,n,true,301187.50
66da08c0a595569edd55aea9,main-trial-23,o,o,true,301354.00
66da08c0a595569edd55aea9,main-trial-23, , ,true,301504.40
66da08c0a595569edd55aea9,main-trial-23,f,f,true,301594.10
66da08c0a595569edd55aea9,main-trial-23,f,f,true,301747.40
66da08c0a595569edd55aea9,main-trial-23, , ,true,301876.20
66da08c0a595569edd55aea9,main-trial-23,f,f,true,301959.00
66da08c0a595569edd55aea9,main-trial-23,f, ,false,302136.20
66da08c0a595569edd55aea9,main-trial-23,f,f,true,302216.20
66da08c0a595569edd55aea9,main-trial-23, , ,true,302738.40
66da08c0a595569edd55aea9,main-trial-23,f,f,true,302841.60
66da08c0a595569edd55aea9,main-trial-23,f,f,true,303024.60
66da08c0a595569edd55aea9,main-trial-23, ,f,false,303213.10
66da08c0a595569edd55aea9,main-trial-23, , ,true,303363.50
66da08c0a595569edd55aea9,main-trial-23,d,d,true,303539.60
66da08c0a595569edd55aea9,main-trial-23,q,g,false,303729.70
66da08c0a595569edd55aea9,main-trial-23,q,q,true,303950.40
66da08c0a595569edd55aea9,main-trial-23,g,s,false,304287.50
66da08c0a595569edd55aea9,main-trial-23,g,t,false,304415.80
66da08c0a595569edd55aea9,main-trial-23,g,t,false,304543.90
66da08c0a595569edd55aea9,main-trial-23,g,s,false,304673.50
66da08c0a595569edd55aea9,main-trial-23,g, ,false,304806.60
66da08c0a595569edd55aea9,main-trial-23,g,a,false,304899.10
66da08c0a595569edd55aea9,main-trial-23,g,q,false,305424.80
66da08c0a595569edd55aea9,main-trial-23,g,g,true,305725.80
66da08c0a595569edd55aea9,main-trial-23,t,t,true,305899.60
66da08c0a595569edd55aea9,main-trial-23,s, ,false,306195.60
66da08c0a595569edd55aea9,main-trial-23,s,s,true,306468.30
66da08c0a595569edd55aea9,main-trial-23, , ,true,306572.20
66da08c0a595569edd55aea9,main-trial-23,a,a,true,306685.30
66da08c0a595569edd55aea9,main-trial-23,a,a,true,306892.30
66da08c0a595569edd55aea9,main-trial-23, , ,true,307081.70
66da08c0a595569edd55aea9,main-trial-23,a,a,true,307170.80
66da08c0a595569edd55aea9,main-trial-23,a, ,false,307349.40
66da08c0a595569edd55aea9,main-trial-23,a,a,true,307414.20
66da08c0a595569edd55aea9,main-trial-23, ,a,false,307819.60
66da08c0a595569edd55aea9,main-trial-23, , ,true,307953.30
66da08c0a595569edd55aea9,main-trial-23,a,a,true,308061.70
66da08c0a595569edd55aea9,main-trial-23,a,a,true,308255.90
66da08c0a595569edd55aea9,main-trial-23, , ,true,308441.70
66da08c0a595569edd55aea9,main-trial-23,i,i,true,308637.50
66da08c0a595569edd55aea9,main-trial-23,c,c,true,308737.10
66da08c0a595569edd55aea9,main-trial-23,w,w,true,308953.70
66da08c0a595569edd55aea9,main-trial-23,f,f,true,309227.20
66da08c0a595569edd55aea9,main-trial-23,t,t,true,309390.10
66da08c0a595569edd55aea9,main-trial-23, , ,true,309500.60
66da08c0a595569edd55aea9,main-trial-23,f,a,false,309593.20
66da08c0a595569edd55aea9,main-trial-23,f,f,true,309764.10
66da08c0a595569edd55aea9,main-trial-23,f,f,true,309959.40
66da08c0a595569edd55aea9,main-trial-23, , ,true,310106.10
66da08c0a595569edd55aea9,main-trial-23,a,a,true,310202.80
66da08c0a595569edd55aea9,main-trial-23,a,a,true,310383.70
66da08c0a595569edd55aea9,main-trial-23, , ,true,310521.30
66da08c0a595569edd55aea9,main-trial-23,f,f,true,310633.60
66da08c0a595569edd55aea9,main-trial-23,f,f,true,310806.90
66da08c0a595569edd55aea9,main-trial-23, , ,true,310894.50
66da08c0a595569edd55aea9,main-trial-23,a,a,true,311330.00
66da08c0a595569edd55aea9,main-trial-23,a,a,true,311492.10
66da08c0a595569edd55aea9,main-trial-23, , ,true,311647.70
66da08c0a595569edd55aea9,main-trial-23,f,f,true,311775.90
66da08c0a595569edd55aea9,main-trial-23,f,f,true,311924.60
66da08c0a595569edd55aea9,main-trial-23, , ,true,312057.60
66da08c0a595569edd55aea9,main-trial-23,a,a,true,312150.30
66da08c0a595569edd55aea9,main-trial-23,a, ,false,312298.50
66da08c0a595569edd55aea9,main-trial-23,a,a,true,312333.70
66da08c0a595569edd55aea9,main-trial-24,l,i,false,314508.50
66da08c0a595569edd55aea9,main-trial-24,l,c,false,314604.50
66da08c0a595569edd55aea9,main-trial-24,l,i,false,314976.60
66da08c0a595569edd55aea9,main-trial-24,l,c,false,315203.20
66da08c0a595569edd55aea9,main-trial-24,l,l,true,315434.00
66da08c0a595569edd55aea9,main-trial-24,c,c,true,315890.60
66da08c0a595569edd55aea9,main-trial-24,e,e,true,315985.70
66da08c0a595569edd55aea9,main-trial-24,g,g,true,316152.70
66da08c0a595569edd55aea9,main-trial-24,y,y,true,316244.80
66da08c0a595569edd55aea9,main-trial-24, , ,true,316412.10
66da08c0a595569edd55aea9,main-trial-24,e,e,true,316553.40
66da08c0a595569edd55aea9,main-trial-24,f,f,true,316605.20
66da08c0a595569edd55aea9,main-trial-24, , ,true,316806.80
66da08c0a595569edd55aea9,main-trial-24,e,e,true,316917.00
66da08c0a595569edd55aea9,main-trial-24,f,f,true,317000.80
66da08c0a595569edd55aea9,main-trial-24, , ,true,317157.80
66da08c0a595569edd55aea9,main-trial-24,e,e,true,317250.00
66da08c0a595569edd55aea9,main-trial-24,f,f,true,317321.10
66da08c0a595569edd55aea9,main-trial-24, , ,true,317413.50
66da08c0a595569edd55aea9,main-trial-24,n,n,true,317547.10
66da08c0a595569edd55aea9,main-trial-24,i,i,true,317581.70
66da08c0a595569edd55aea9,main-trial-24,e,e,true,317719.30
66da08c0a595569edd55aea9,main-trial-24,c,c,true,317798.00
66da08c0a595569edd55aea9,main-trial-24,n,n,true,317926.60
66da08c0a595569edd55aea9,main-trial-24, , ,true,318075.30
66da08c0a595569edd55aea9,main-trial-24,d,d,true,318175.10
66da08c0a595569edd55aea9,main-trial-24,r,r,true,318317.10
66da08c0a595569edd55aea9,main-trial-24, , ,true,318410.90
66da08c0a595569edd55aea9,main-trial-24,d,d,true,318500.00
66da08c0a595569edd55aea9,main-trial-24,r,r,true,318658.40
66da08c0a595569edd55aea9,main-trial-24, , ,true,318781.10
66da08c0a595569edd55aea9,main-trial-24,d,d,true,318874.50
66da08c0a595569edd55aea9,main-trial-24,r,r,true,319052.40
66da08c0a595569edd55aea9,main-trial-24, , ,true,319136.30
66da08c0a595569edd55aea9,main-trial-24,j,j,true,319224.20
66da08c0a595569edd55aea9,main-trial-24,u,u,true,319359.40
66da08c0a595569edd55aea9,main-trial-24,p,p,true,319470.10
66da08c0a595569edd55aea9,main-trial-24,t,t,true,319533.30
66da08c0a595569edd55aea9,main-trial-24,a,a,true,319601.10
66da08c0a595569edd55aea9,main-trial-24, , ,true,319689.90
66da08c0a595569edd55aea9,main-trial-24,e,e,true,319802.90
66da08c0a595569edd55aea9,main-trial-24,f,f,true,319853.40
66da08c0a595569edd55aea9,main-trial-24, , ,true,320006.50
66da08c0a595569edd55aea9,main-trial-24,d,d,true,320074.30
66da08c0a595569edd55aea9,main-trial-24,r,r,true,320236.10
66da08c0a595569edd55aea9,main-trial-24, , ,true,320356.90
66da08c0a595569edd55aea9,main-trial-24,e,e,true,320514.60
66da08c0a595569edd55aea9,main-trial-24,f,f,true,320593.50
66da08c0a595569edd55aea9,main-trial-24, , ,true,320742.00
66da08c0a595569edd55aea9,main-trial-24,d,d,true,320891.40
66da08c0a595569edd55aea9,main-trial-24,r,r,true,320981.20
66da08c0a595569edd55aea9,main-trial-24, , ,true,321118.90
66da08c0a595569edd55aea9,main-trial-24,e,e,true,321193.90
66da08c0a595569edd55aea9,main-trial-24,f,f,true,321269.20
66da08c0a595569edd55aea9,main-trial-24, , ,true,321399.30
66da08c0a595569edd55aea9,main-trial-24,d,d,true,321510.10
66da08c0a595569edd55aea9,main-trial-24,r,r,true,321606.10
66da08c0a595569edd55aea9,main-trial-25,b,b,true,323963.40
66da08c0a595569edd55aea9,main-trial-25,i,i,true,324350.80
66da08c0a595569edd55aea9,main-trial-25,l,l,true,324521.10
66da08c0a595569edd55aea9,main-trial-25,a,a,true,324597.30
66da08c0a595569edd55aea9,main-trial-25,j,j,true,324664.50
66da08c0a595569edd55aea9,main-trial-25, , ,true,324801.70
66da08c0a595569edd55aea9,main-trial-25,x,x,true,325184.70
66da08c0a595569edd55aea9,main-trial-25,c,c,true,325260.70
66da08c0a595569edd55aea9,main-trial-25, ,v,false,325536.30
66da08c0a595569edd55aea9,main-trial-25, , ,true,325667.50
66da08c0a595569edd55aea9,main-trial-25,x,x,true,326030.80
66da08c0a595569edd55aea9,main-trial-25,c,c,true,326090.20
66da08c0a595569edd55aea9,main-trial-25, ,x,false,326379.80
66da08c0a595569edd55aea9,main-trial-25, , ,true,326495.80
66da08c0a595569edd55aea9,main-trial-25,x,x,true,326696.50
66da08c0a595569edd55aea9,main-trial-25,c,c,true,326756.10
66da08c0a595569edd55aea9,main-trial-25, , ,true,327021.60
66da08c0a595569edd55aea9,main-trial-25,z,z,true,327192.10
66da08c0a595569edd55aea9,main-trial-25,o,l,false,327462.70
66da08c0a595569edd55aea9,main-trial-25,o,o,true,327615.20
66da08c0a595569edd55aea9,main-trial-25,l,l,true,327829.30
66da08c0a595569edd55aea9,main-trial-25,t,t,true,327915.10
66da08c0a595569edd55aea9,main-trial-25,i,i,true,327965.10
66da08c0a595569edd55aea9,main-trial-25, , ,true,328153.10
66da08c0a595569edd55aea9,main-trial-25,c,c,true,328239.60
66da08c0a595569edd55aea9,main-trial-25,e,e,true,328315.10
66da08c0a595569edd55aea9,main-trial-25, , ,true,328452.00
66da08c0a595569edd55aea9,main-trial-25,c,c,true,328516.40
66da08c0a595569edd55aea9,main-trial-25,e,e,true,328580.70
66da08c0a595569edd55aea9,main-trial-25, , ,true,328734.40
66da08c0a595569edd55aea9,main-trial-25,c,c,true,328875.70
66da08c0a595569edd55aea9,main-trial-25,e,e,true,328909.30
66da08c0a595569edd55aea9,main-trial-25, , ,true,329030.30
66da08c0a595569edd55aea9,main-trial-25,p,p,true,329122.60
66da08c0a595569edd55aea9,main-trial-25,p,p,true,329248.40
66da08c0a595569edd55aea9,main-trial-25,m,m,true,329359.50
66da08c0a595569edd55aea9,main-trial-25,z,z,true,329495.70
66da08c0a595569edd55aea9,main-trial-25,a,a,true,329668.60
66da08c0a595569edd55aea9,main-trial-25, , ,true,329751.20
66da08c0a595569edd55aea9,main-trial-25,x,x,true,330079.20
66da08c0a595569edd55aea9,main-trial-25,c,c,true,330150.40
66da08c0a595569edd55aea9,main-trial-25, , ,true,330261.30
66da08c0a595569edd55aea9,main-trial-25,c,c,true,330384.60
66da08c0a595569edd55aea9,main-trial-25,e,e,true,330506.90
66da08c0a595569edd55aea9,main-trial-25, , ,true,330634.40
66da08c0a595569edd55aea9,main-trial-25,x,x,true,330767.10
66da08c0a595569edd55aea9,main-trial-25,c,c,true,330850.80
66da08c0a595569edd55aea9,main-trial-25, , ,true,330984.20
66da08c0a595569edd55aea9,main-trial-25,c,c,true,331107.50
66da08c0a595569edd55aea9,main-trial-25,e,e,true,331174.80
66da08c0a595569edd55aea9,main-trial-25, , ,true,331333.20
66da08c0a595569edd55aea9,main-trial-25,x,x,true,331436.10
66da08c0a595569edd55aea9,main-trial-25,c,c,true,331518.90
66da08c0a595569edd55aea9,main-trial-25, , ,true,331661.30
66da08c0a595569edd55aea9,main-trial-25,c,c,true,331768.30
66da08c0a595569edd55aea9,main-trial-25,e,e,true,331816.10
66da08c0a595569edd55aea9,main-trial-26,i,i,true,334236.30
66da08c0a595569edd55aea9,main-trial-26,x,x,true,334441.50
66da08c0a595569edd55aea9,main-trial-26,s,s,true,334899.50
66da08c0a595569edd55aea9,main-trial-26,q,q,true,335072.40
66da08c0a595569edd55aea9,main-trial-26,q,q,true,335228.90
66da08c0a595569edd55aea9,main-trial-26, , ,true,335340.20
66da08c0a595569edd55aea9,main-trial-26,w,w,true,335449.30
66da08c0a595569edd55aea9,main-trial-26,d,d,true,335540.50
66da08c0a595569edd55aea9,main-trial-26, , ,true,335685.00
66da08c0a595569edd55aea9,main-trial-26,w,w,true,335757.90
66da08c0a595569edd55aea9,main-trial-26,d,d,true,335825.70
66da08c0a595569edd55aea9,main-trial-26, , ,true,335988.50
66da08c0a595569edd55aea9,main-trial-26,w,w,true,336085.50
66da08c0a595569edd55aea9,main-trial-26,d,d,true,336137.50
66da08c0a595569edd55aea9,main-trial-26, , ,true,336266.90
66da08c0a595569edd55aea9,main-trial-26,z,z,true,336645.60
66da08c0a595569edd55aea9,main-trial-26,l,l,true,336728.80
66da08c0a595569edd55aea9,main-trial-26,o,o,true,336835.30
66da08c0a595569edd55aea9,main-trial-26,e,e,true,336990.20
66da08c0a595569edd55aea9,main-trial-26,g,g,true,337708.60
66da08c0a595569edd55aea9,main-trial-26, , ,true,337855.80
66da08c0a595569edd55aea9,main-trial-26,d,d,true,338086.90
66da08c0a595569edd55aea9,main-trial-26,s,s,true,338166.30
66da08c0a595569edd55aea9,main-trial-26, , ,true,338293.40
66da08c0a595569edd55aea9,main-trial-26,d,d,true,338381.60
66da08c0a595569edd55aea9,main-trial-26,s,s,true,338489.00
66da08c0a595569edd55aea9,main-trial-26, , ,true,338641.00
66da08c0a595569edd55aea9,main-trial-26,d,d,true,338728.60
66da08c0a595569edd55aea9,main-trial-26,s,s,true,338789.70
66da08c0a595569edd55aea9,main-trial-26, , ,true,338903.00
66da08c0a595569edd55aea9,main-trial-26,j,k,false,339179.50
66da08c0a595569edd55aea9,main-trial-26,j,j,true,339624.40
66da08c0a595569edd55aea9,main-trial-26,y,y,true,340216.60
66da08c0a595569edd55aea9,main-trial-26,v,v,true,340319.80
66da08c0a595569edd55aea9,main-trial-26,o,o,true,340520.60
66da08c0a595569edd55aea9,main-trial-26,b,b,true,340706.20
66da08c0a595569edd55aea9,main-trial-26, , ,true,340859.80
66da08c0a595569edd55aea9,main-trial-26,w,w,true,341078.90
66da08c0a595569edd55aea9,main-trial-26,d,d,true,341138.30
66da08c0a595569edd55aea9,main-trial-26, , ,true,341282.10
66da08c0a595569edd55aea9,main-trial-26,d,d,true,341463.80
66da08c0a595569edd55aea9,main-trial-26,s,s,true,341535.00
66da08c0a595569edd55aea9,main-trial-26, , ,true,341731.60
66da08c0a595569edd55aea9,main-trial-26,w,d,false,341863.10
66da08c0a595569edd55aea9,main-trial-26,w,w,true,342162.10
66da08c0a595569edd55aea9,main-trial-26,d,d,true,342217.40
66da08c0a595569edd55aea9,main-trial-26, , ,true,342335.90
66da08c0a595569edd55aea9,main-trial-26,d,d,true,342452.60
66da08c0a595569edd55aea9,main-trial-26,s,s,true,342548.20
66da08c0a595569edd55aea9,main-trial-26, , ,true,342718.40
66da08c0a595569edd55aea9,main-trial-26,w,w,true,342843.00
66da08c0a595569edd55aea9,main-trial-26,d,d,true,342861.80
66da08c0a595569edd55aea9,main-trial-26, , ,true,343103.30
66da08c0a595569edd55aea9,main-trial-26,d,d,true,343162.50
66da08c0a595569edd55aea9,main-trial-26,s,s,true,343223.00
66da08c0a595569edd55aea9,main-trial-27,x,c,false,345292.00
66da08c0a595569edd55aea9,main-trial-27,x,x,true,345629.40
66da08c0a595569edd55aea9,main-trial-27,u,u,true,345686.80
66da08c0a595569edd55aea9,main-trial-27,r,r,true,345798.00
66da08c0a595569edd55aea9,main-trial-27,i,i,true,345902.30
66da08c0a595569edd55aea9,main-trial-27,s,s,true,345979.60
66da08c0a595569edd55aea9,main-trial-27, , ,true,346082.90
66da08c0a595569edd55aea9,main-trial-27,s,s,true,346199.60
66da08c0a595569edd55aea9,main-trial-27,r,r,true,346259.50
66da08c0a595569edd55aea9,main-trial-27, , ,true,346391.10
66da08c0a595569edd55aea9,main-trial-27,s,s,true,346484.30
66da08c0a595569edd55aea9,main-trial-27,r,r,true,346552.70
66da08c0a595569edd55aea9,main-trial-27, , ,true,346690.70
66da08c0a595569edd55aea9,main-trial-27,s,s,true,346788.40
66da08c0a595569edd55aea9,main-trial-27,r,r,true,346883.60
66da08c0a595569edd55aea9,main-trial-27, , ,true,346987.60
66da08c0a595569edd55aea9,main-trial-27,x,x,true,347103.50
66da08c0a595569edd55aea9,main-trial-27,u,u,true,347207.40
66da08c0a595569edd55aea9,main-trial-27,m,m,true,347368.60
66da08c0a595569edd55aea9,main-trial-27,p,p,true,347480.70
66da08c0a595569edd55aea9,main-trial-27,p,p,true,347648.60
66da08c0a595569edd55aea9,main-trial-27, , ,true,347781.30
66da08c0a595569edd55aea9,main-trial-27,w,w,true,347937.00
66da08c0a595569edd55aea9,main-trial-27,f,f,true,348006.50
66da08c0a595569edd55aea9,main-trial-27, , ,true,348125.90
66da08c0a595569edd55aea9,main-trial-27,w,w,true,348195.50
66da08c0a595569edd55aea9,main-trial-27,f,f,true,348258.30
66da08c0a595569edd55aea9,main-trial-27, , ,true,348395.40
66da08c0a595569edd55aea9,main-trial-27,w,w,true,348480.50
66da08c0a595569edd55aea9,main-trial-27,f,f,true,348555.10
66da08c0a595569edd55aea9,main-trial-27, , ,true,348631.00
66da08c0a595569edd55aea9,main-trial-27,s,s,true,348905.20
66da08c0a595569edd55aea9,main-trial-27,x,x,true,349169.90
66da08c0a595569edd55aea9,main-trial-27,q,q,true,349405.60
66da08c0a595569edd55aea9,main-trial-27,s,s,true,349585.50
66da08c0a595569edd55aea9,main-trial-27,y,y,true,349809.70
66da08c0a595569edd55aea9,main-trial-27, , ,true,349952.50
66da08c0a595569edd55aea9,main-trial-27,s,s,true,350101.70
66da08c0a595569edd55aea9,main-trial-27,r,r,true,350156.50
66da08c0a595569edd55aea9,main-trial-27, , ,true,350279.90
66da08c0a595569edd55aea9,main-trial-27,w,s,false,350373.40
66da08c0a595569edd55aea9,main-trial-27,w,w,true,350694.80
66da08c0a595569edd55aea9,main-trial-27,f,f,true,350750.60
66da08c0a595569edd55aea9,main-trial-27, , ,true,350914.70
66da08c0a595569edd55aea9,main-trial-27,s,s,true,351182.70
66da08c0a595569edd55aea9,main-trial-27,r,r,true,351242.70
66da08c0a595569edd55aea9,main-trial-27, , ,true,351374.00
66da08c0a595569edd55aea9,main-trial-27,w,w,true,351458.30
66da08c0a595569edd55aea9,main-trial-27,f,f,true,351538.10
66da08c0a595569edd55aea9,main-trial-27, , ,true,352047.70
66da08c0a595569edd55aea9,main-trial-27,s,w,false,352127.30
66da08c0a595569edd55aea9,main-trial-27,s,s,true,352387.80
66da08c0a595569edd55aea9,main-trial-27,r,r,true,352427.80
66da08c0a595569edd55aea9,main-trial-27, , ,true,352558.20
66da08c0a595569edd55aea9,main-trial-27,w,w,true,352614.60
66da08c0a595569edd55aea9,main-trial-27,f,f,true,352701.80
