user_id,trialId,expectedKey,typedKey,isCorrect,keydownTime
6419ae0434916e5dde92e2f2,intro-trial-1,v,v,true,26760.30
6419ae0434916e5dde92e2f2,intro-trial-1,r,r,true,27774.80
6419ae0434916e5dde92e2f2,intro-trial-1,n,n,true,28799.90
6419ae0434916e5dde92e2f2,intro-trial-1,v,v,true,29181.50
6419ae0434916e5dde92e2f2,intro-trial-1,a,a,true,29507.80
6419ae0434916e5dde92e2f2,intro-trial-1, , ,true,30484.00
6419ae0434916e5dde92e2f2,intro-trial-1,d,d,true,31464.90
6419ae0434916e5dde92e2f2,intro-trial-1,f,f,true,31745.60
6419ae0434916e5dde92e2f2,intro-trial-1, , ,true,32718.90
6419ae0434916e5dde92e2f2,intro-trial-1,d,d,true,33112.70
6419ae0434916e5dde92e2f2,intro-trial-1,f,f,true,33244.90
6419ae0434916e5dde92e2f2,intro-trial-1, , ,true,33620.80
6419ae0434916e5dde92e2f2,intro-trial-1,d,d,true,33863.20
6419ae0434916e5dde92e2f2,intro-trial-1,f,f,true,34023.20
6419ae0434916e5dde92e2f2,intro-trial-1, , ,true,34546.90
6419ae0434916e5dde92e2f2,intro-trial-1,e,e,true,35733.60
6419ae0434916e5dde92e2f2,intro-trial-1,l,l,true,36104.60
6419ae0434916e5dde92e2f2,intro-trial-1,c,c,true,37376.90
6419ae0434916e5dde92e2f2,intro-trial-1,m,m,true,38486.70
6419ae0434916e5dde92e2f2,intro-trial-1,h,h,true,39052.40
6419ae0434916e5dde92e2f2,intro-trial-1, , ,true,39431.10
6419ae0434916e5dde92e2f2,intro-trial-1,e,e,true,39711.90
6419ae0434916e5dde92e2f2,intro-trial-1,f,f,true,40203.40
6419ae0434916e5dde92e2f2,intro-trial-1, , ,true,41106.90
6419ae0434916e5dde92e2f2,intro-trial-1,e,e,true,41325.60
6419ae0434916e5dde92e2f2,intro-trial-1,f,f,true,41521.20
6419ae0434916e5dde92e2f2,intro-trial-1, , ,true,41763.00
6419ae0434916e5dde92e2f2,intro-trial-1,e,e,true,42023.40
6419ae0434916e5dde92e2f2,intro-trial-1,f,f,true,42147.70
6419ae0434916e5dde92e2f2,intro-trial-1, , ,true,42492.70
6419ae0434916e5dde92e2f2,intro-trial-1,f,f,true,43347.40
6419ae0434916e5dde92e2f2,intro-trial-1,n,n,true,43602.90
6419ae0434916e5dde92e2f2,intro-trial-1,o,p,false,43970.40
6419ae0434916e5dde92e2f2,intro-trial-1,o,w,false,44137.30
6419ae0434916e5dde92e2f2,intro-trial-1,o,o,true,45526.30
6419ae0434916e5dde92e2f2,intro-trial-1,w,w,true,46875.80
6419ae0434916e5dde92e2f2,intro-trial-1,s,s,true,47127.20
6419ae0434916e5dde92e2f2,intro-trial-1, , ,true,47480.40
6419ae0434916e5dde92e2f2,intro-trial-1,d,d,true,47891.80
6419ae0434916e5dde92e2f2,intro-trial-1,f,f,true,48051.50
6419ae0434916e5dde92e2f2,intro-trial-1, , ,true,48418.20
6419ae0434916e5dde92e2f2,intro-trial-1,e,e,true,48583.00
6419ae0434916e5dde92e2f2,intro-trial-1,f,f,true,48879.40
6419ae0434916e5dde92e2f2,intro-trial-1, , ,true,49099.10
6419ae0434916e5dde92e2f2,intro-trial-1,d,d,true,49261.80
6419ae0434916e5dde92e2f2,intro-trial-1,f,f,true,49998.90
6419ae0434916e5dde92e2f2,intro-trial-1, , ,true,50189.70
6419ae0434916e5dde92e2f2,intro-trial-1,e,e,true,50441.40
6419ae0434916e5dde92e2f2,intro-trial-1,f,f,true,50954.20
6419ae0434916e5dde92e2f2,intro-trial-1, , ,true,51296.20
6419ae0434916e5dde92e2f2,intro-trial-1,d,d,true,52761.00
6419ae0434916e5dde92e2f2,intro-trial-1,f,f,true,52932.60
6419ae0434916e5dde92e2f2,intro-trial-1, , ,true,53125.30
6419ae0434916e5dde92e2f2,intro-trial-1,e,e,true,53209.00
6419ae0434916e5dde92e2f2,intro-trial-1,f,d,false,53547.20
6419ae0434916e5dde92e2f2,intro-trial-1,f,f,true,54023.50
6419ae0434916e5dde92e2f2,intro-trial-2,z,z,true,67735.60
6419ae0434916e5dde92e2f2,intro-trial-2,o,o,true,68229.80
6419ae0434916e5dde92e2f2,intro-trial-2,t,t,true,68794.60
6419ae0434916e5dde92e2f2,intro-trial-2,l,l,true,70142.60
6419ae0434916e5dde92e2f2,intro-trial-2,w,w,true,70761.90
6419ae0434916e5dde92e2f2,intro-trial-2, , ,true,71236.80
6419ae0434916e5dde92e2f2,intro-trial-2,q,q,true,72210.40
6419ae0434916e5dde92e2f2,intro-trial-2,s,s,true,72550.80
6419ae0434916e5dde92e2f2,intro-trial-2, , ,true,73013.60
6419ae0434916e5dde92e2f2,intro-trial-2,q,q,true,73181.20
6419ae0434916e5dde92e2f2,intro-trial-2,s,s,true,73285.30
6419ae0434916e5dde92e2f2,intro-trial-2, , ,true,73651.60
6419ae0434916e5dde92e2f2,intro-trial-2,q,q,true,74044.10
6419ae0434916e5dde92e2f2,intro-trial-2,s,s,true,74475.90
6419ae0434916e5dde92e2f2,intro-trial-2, , ,true,74781.30
6419ae0434916e5dde92e2f2,intro-trial-2,g,g,true,76550.20
6419ae0434916e5dde92e2f2,intro-trial-2,n,n,true,76857.30
6419ae0434916e5dde92e2f2,intro-trial-2,h,h,true,77341.30
6419ae0434916e5dde92e2f2,intro-trial-2,g,g,true,78170.60
6419ae0434916e5dde92e2f2,intro-trial-2,m,m,true,78302.10
6419ae0434916e5dde92e2f2,intro-trial-2, , ,true,78662.80
6419ae0434916e5dde92e2f2,intro-trial-2,s,s,true,78884.90
6419ae0434916e5dde92e2f2,intro-trial-2,a,a,true,79431.40
6419ae0434916e5dde92e2f2,intro-trial-2, , ,true,79918.40
6419ae0434916e5dde92e2f2,intro-trial-2,s,s,true,80935.20
6419ae0434916e5dde92e2f2,intro-trial-2,a,a,true,81263.60
6419ae0434916e5dde92e2f2,intro-trial-2, , ,true,81669.40
6419ae0434916e5dde92e2f2,intro-trial-2,s,s,true,81934.50
6419ae0434916e5dde92e2f2,intro-trial-2,a,a,true,82128.30
6419ae0434916e5dde92e2f2,intro-trial-2, , ,true,82467.20
6419ae0434916e5dde92e2f2,intro-trial-2,n,n,true,84028.40
6419ae0434916e5dde92e2f2,intro-trial-2,z,z,true,86328.70
6419ae0434916e5dde92e2f2,intro-trial-2,c,c,true,87778.50
6419ae0434916e5dde92e2f2,intro-trial-2,j,j,true,89189.40
6419ae0434916e5dde92e2f2,intro-trial-2,x,x,true,89714.30
6419ae0434916e5dde92e2f2,intro-trial-2, , ,true,90222.90
6419ae0434916e5dde92e2f2,intro-trial-2,q,q,true,91200.70
6419ae0434916e5dde92e2f2,intro-trial-2,s,s,true,92135.70
6419ae0434916e5dde92e2f2,intro-trial-2, , ,true,92786.30
6419ae0434916e5dde92e2f2,intro-trial-2,s,s,true,93265.30
6419ae0434916e5dde92e2f2,intro-trial-2,a,a,true,93446.50
6419ae0434916e5dde92e2f2,intro-trial-2, , ,true,94183.30
6419ae0434916e5dde92e2f2,intro-trial-2,q,q,true,99472.60
6419ae0434916e5dde92e2f2,intro-trial-2,s,s,true,99953.90
6419ae0434916e5dde92e2f2,intro-trial-2, , ,true,100429.00
6419ae0434916e5dde92e2f2,intro-trial-2,s,s,true,100844.80
6419ae0434916e5dde92e2f2,intro-trial-2,a,a,true,100981.00
6419ae0434916e5dde92e2f2,intro-trial-2, , ,true,101450.00
6419ae0434916e5dde92e2f2,intro-trial-2,q,q,true,102436.50
6419ae0434916e5dde92e2f2,intro-trial-2,s,s,true,102911.10
6419ae0434916e5dde92e2f2,intro-trial-2, , ,true,103483.20
6419ae0434916e5dde92e2f2,intro-trial-2,s,s,true,103871.90
6419ae0434916e5dde92e2f2,intro-trial-2,a,a,true,104003.50
6419ae0434916e5dde92e2f2,intro-trial-3,m,m,true,114079.60
6419ae0434916e5dde92e2f2,intro-trial-3,i,i,true,114316.30
6419ae0434916e5dde92e2f2,intro-trial-3,g,g,true,114788.80
6419ae0434916e5dde92e2f2,intro-trial-3,x,x,true,116579.20
6419ae0434916e5dde92e2f2,intro-trial-3,b,b,true,116753.20
6419ae0434916e5dde92e2f2,intro-trial-3, , ,true,117218.90
6419ae0434916e5dde92e2f2,intro-trial-3,f,f,true,117878.50
6419ae0434916e5dde92e2f2,intro-trial-3,g,g,true,118165.30
6419ae0434916e5dde92e2f2,intro-trial-3, ,f,false,118926.00
6419ae0434916e5dde92e2f2,intro-trial-3, ,g,false,119398.30
6419ae0434916e5dde92e2f2,intro-trial-3, , ,true,120205.70
6419ae0434916e5dde92e2f2,intro-trial-3,f,f,true,120594.10
6419ae0434916e5dde92e2f2,intro-trial-3,g,g,true,120893.80
6419ae0434916e5dde92e2f2,intro-trial-3, , ,true,121209.40
6419ae0434916e5dde92e2f2,intro-trial-3,f,f,true,121363.60
6419ae0434916e5dde92e2f2,intro-trial-3,g,g,true,121561.70
6419ae0434916e5dde92e2f2,intro-trial-3, , ,true,121784.00
6419ae0434916e5dde92e2f2,intro-trial-3,y,y,true,122750.60
6419ae0434916e5dde92e2f2,intro-trial-3,n,n,true,122970.60
6419ae0434916e5dde92e2f2,intro-trial-3,d,d,true,123744.10
6419ae0434916e5dde92e2f2,intro-trial-3,e,e,true,123918.70
6419ae0434916e5dde92e2f2,intro-trial-3,c,c,true,124182.50
6419ae0434916e5dde92e2f2,intro-trial-3, , ,true,124391.00
6419ae0434916e5dde92e2f2,intro-trial-3,f,f,true,125063.60
6419ae0434916e5dde92e2f2,intro-trial-3,r,r,true,125364.40
6419ae0434916e5dde92e2f2,intro-trial-3, , ,true,125851.20
6419ae0434916e5dde92e2f2,intro-trial-3,f,f,true,125976.40
6419ae0434916e5dde92e2f2,intro-trial-3,r,r,true,126075.00
6419ae0434916e5dde92e2f2,intro-trial-3, , ,true,126315.90
6419ae0434916e5dde92e2f2,intro-trial-3,f,f,true,126422.70
6419ae0434916e5dde92e2f2,intro-trial-3,r,r,true,126490.70
6419ae0434916e5dde92e2f2,intro-trial-3, , ,true,126794.90
6419ae0434916e5dde92e2f2,intro-trial-3,p,p,true,127615.10
6419ae0434916e5dde92e2f2,intro-trial-3,k,k,true,128876.80
6419ae0434916e5dde92e2f2,intro-trial-3,y,y,true,129400.20
6419ae0434916e5dde92e2f2,intro-trial-3,k,k,true,129783.30
6419ae0434916e5dde92e2f2,intro-trial-3,a,a,true,130185.00
6419ae0434916e5dde92e2f2,intro-trial-3, , ,true,130453.80
6419ae0434916e5dde92e2f2,intro-trial-3,f,f,true,131018.70
6419ae0434916e5dde92e2f2,intro-trial-3,g,g,true,131246.10
6419ae0434916e5dde92e2f2,intro-trial-3, , ,true,131837.60
6419ae0434916e5dde92e2f2,intro-trial-3,f,f,true,132776.70
6419ae0434916e5dde92e2f2,intro-trial-3,r,r,true,132813.20
6419ae0434916e5dde92e2f2,intro-trial-3, , ,true,133261.10
6419ae0434916e5dde92e2f2,intro-trial-3,f,f,true,133677.70
6419ae0434916e5dde92e2f2,intro-trial-3,g,g,true,133863.50
6419ae0434916e5dde92e2f2,intro-trial-3, , ,true,134314.80
6419ae0434916e5dde92e2f2,intro-trial-3,f,f,true,134533.90
6419ae0434916e5dde92e2f2,intro-trial-3,r,r,true,134626.20
6419ae0434916e5dde92e2f2,intro-trial-3, , ,true,134886.30
6419ae0434916e5dde92e2f2,intro-trial-3,f,f,true,135102.20
6419ae0434916e5dde92e2f2,intro-trial-3,g,g,true,135376.30
6419ae0434916e5dde92e2f2,intro-trial-3, , ,true,135652.10
6419ae0434916e5dde92e2f2,intro-trial-3,f,f,true,135816.60
6419ae0434916e5dde92e2f2,intro-trial-3,r,r,true,136198.70
6419ae0434916e5dde92e2f2,main-trial-1,l,l,true,149775.10
6419ae0434916e5dde92e2f2,main-trial-1,l,l,true,150025.10
6419ae0434916e5dde92e2f2,main-trial-1,e,e,true,150424.80
6419ae0434916e5dde92e2f2,main-trial-1,a,a,true,150634.40
6419ae0434916e5dde92e2f2,main-trial-1,g,g,true,151808.90
6419ae0434916e5dde92e2f2,main-trial-1, , ,true,152167.80
6419ae0434916e5dde92e2f2,main-trial-1,a,a,true,152447.60
6419ae0434916e5dde92e2f2,main-trial-1,a,a,true,152635.80
6419ae0434916e5dde92e2f2,main-trial-1, , ,true,152937.90
6419ae0434916e5dde92e2f2,main-trial-1,a,a,true,153122.30
6419ae0434916e5dde92e2f2,main-trial-1,a,a,true,153358.60
6419ae0434916e5dde92e2f2,main-trial-1, , ,true,153662.30
6419ae0434916e5dde92e2f2,main-trial-1,a,a,true,154782.20
6419ae0434916e5dde92e2f2,main-trial-1,a,a,true,155014.10
6419ae0434916e5dde92e2f2,main-trial-1, , ,true,155303.90
6419ae0434916e5dde92e2f2,main-trial-1,h,h,true,156732.30
6419ae0434916e5dde92e2f2,main-trial-1,v,v,true,157038.60
6419ae0434916e5dde92e2f2,main-trial-1,n,n,true,157887.50
6419ae0434916e5dde92e2f2,main-trial-1,x,x,true,158383.50
6419ae0434916e5dde92e2f2,main-trial-1,s,s,true,158694.10
6419ae0434916e5dde92e2f2,main-trial-1, , ,true,159054.00
6419ae0434916e5dde92e2f2,main-trial-1,f,f,true,159800.70
6419ae0434916e5dde92e2f2,main-trial-1,f,f,true,159974.10
6419ae0434916e5dde92e2f2,main-trial-1, , ,true,160192.50
6419ae0434916e5dde92e2f2,main-trial-1,f,f,true,160494.10
6419ae0434916e5dde92e2f2,main-trial-1,f,f,true,160653.60
6419ae0434916e5dde92e2f2,main-trial-1, , ,true,160814.40
6419ae0434916e5dde92e2f2,main-trial-1,f,f,true,161075.00
6419ae0434916e5dde92e2f2,main-trial-1,f,f,true,161207.40
6419ae0434916e5dde92e2f2,main-trial-1, , ,true,161328.70
6419ae0434916e5dde92e2f2,main-trial-1,f,f,true,161617.10
6419ae0434916e5dde92e2f2,main-trial-1,z,z,true,162320.50
6419ae0434916e5dde92e2f2,main-trial-1,m,m,true,163292.70
6419ae0434916e5dde92e2f2,main-trial-1,c,c,true,163727.80
6419ae0434916e5dde92e2f2,main-trial-1,y,c,false,163980.00
6419ae0434916e5dde92e2f2,main-trial-1,y,y,true,164486.30
6419ae0434916e5dde92e2f2,main-trial-1, , ,true,164709.50
6419ae0434916e5dde92e2f2,main-trial-1,a,a,true,164969.10
6419ae0434916e5dde92e2f2,main-trial-1,a,a,true,165156.00
6419ae0434916e5dde92e2f2,main-trial-1, , ,true,165255.20
6419ae0434916e5dde92e2f2,main-trial-1,f,f,true,165545.00
6419ae0434916e5dde92e2f2,main-trial-1,f,f,true,165700.30
6419ae0434916e5dde92e2f2,main-trial-1, , ,true,165894.90
6419ae0434916e5dde92e2f2,main-trial-1,a,a,true,166225.90
6419ae0434916e5dde92e2f2,main-trial-1,a,a,true,166442.90
6419ae0434916e5dde92e2f2,main-trial-1, , ,true,166615.60
6419ae0434916e5dde92e2f2,main-trial-1,f,f,true,166852.90
6419ae0434916e5dde92e2f2,main-trial-1,f,f,true,167007.10
6419ae0434916e5dde92e2f2,main-trial-1, , ,true,167292.50
6419ae0434916e5dde92e2f2,main-trial-1,a,a,true,167812.90
6419ae0434916e5dde92e2f2,main-trial-1,a,a,true,167941.40
6419ae0434916e5dde92e2f2,main-trial-1, , ,true,168141.10
6419ae0434916e5dde92e2f2,main-trial-1,f,f,true,168353.80
6419ae0434916e5dde92e2f2,main-trial-1,f,f,true,168481.40
6419ae0434916e5dde92e2f2,main-trial-2,z,a,false,174872.20
6419ae0434916e5dde92e2f2,main-trial-2,z,f,false,175134.40
6419ae0434916e5dde92e2f2,main-trial-2,z,z,true,176408.20
6419ae0434916e5dde92e2f2,main-trial-2,f,f,true,176813.20
6419ae0434916e5dde92e2f2,main-trial-2,g,g,true,177069.80
6419ae0434916e5dde92e2f2,main-trial-2,j,j,true,178364.30
6419ae0434916e5dde92e2f2,main-trial-2,u,u,true,178629.50
6419ae0434916e5dde92e2f2,main-trial-2, , ,true,179064.80
6419ae0434916e5dde92e2f2,main-trial-2,d, ,false,179192.50
6419ae0434916e5dde92e2f2,main-trial-2,d,d,true,179732.70
6419ae0434916e5dde92e2f2,main-trial-2,r,d,false,179924.50
6419ae0434916e5dde92e2f2,main-trial-2,r,r,true,180011.00
6419ae0434916e5dde92e2f2,main-trial-2, , ,true,180414.60
6419ae0434916e5dde92e2f2,main-trial-2,d,d,true,180535.30
6419ae0434916e5dde92e2f2,main-trial-2,r,r,true,180734.40
6419ae0434916e5dde92e2f2,main-trial-2, , ,true,180988.80
6419ae0434916e5dde92e2f2,main-trial-2,d,d,true,181103.70
6419ae0434916e5dde92e2f2,main-trial-2,r,r,true,181284.50
6419ae0434916e5dde92e2f2,main-trial-2, , ,true,181544.70
6419ae0434916e5dde92e2f2,main-trial-2,v,v,true,182369.70
6419ae0434916e5dde92e2f2,main-trial-2,c,c,true,184076.10
6419ae0434916e5dde92e2f2,main-trial-2,a,a,true,184350.40
6419ae0434916e5dde92e2f2,main-trial-2,e,e,true,185299.90
6419ae0434916e5dde92e2f2,main-trial-2,a,a,true,185496.40
6419ae0434916e5dde92e2f2,main-trial-2, , ,true,185818.50
6419ae0434916e5dde92e2f2,main-trial-2,e,e,true,186074.90
6419ae0434916e5dde92e2f2,main-trial-2,f,f,true,186224.90
6419ae0434916e5dde92e2f2,main-trial-2, , ,true,186536.60
6419ae0434916e5dde92e2f2,main-trial-2,e,e,true,187207.90
6419ae0434916e5dde92e2f2,main-trial-2,f,f,true,187344.30
6419ae0434916e5dde92e2f2,main-trial-2, , ,true,187542.40
6419ae0434916e5dde92e2f2,main-trial-2,e,e,true,187721.80
6419ae0434916e5dde92e2f2,main-trial-2,f,f,true,187813.30
6419ae0434916e5dde92e2f2,main-trial-2, , ,true,187981.30
6419ae0434916e5dde92e2f2,main-trial-2,o,o,true,188839.60
6419ae0434916e5dde92e2f2,main-trial-2,t,t,true,190120.40
6419ae0434916e5dde92e2f2,main-trial-2,l,l,true,191100.40
6419ae0434916e5dde92e2f2,main-trial-2,r,r,true,191295.50
6419ae0434916e5dde92e2f2,main-trial-2,v,v,true,191962.80
6419ae0434916e5dde92e2f2,main-trial-2, , ,true,192161.10
6419ae0434916e5dde92e2f2,main-trial-2,d,d,true,192764.50
6419ae0434916e5dde92e2f2,main-trial-2,r,r,true,193019.20
6419ae0434916e5dde92e2f2,main-trial-2, , ,true,193157.50
6419ae0434916e5dde92e2f2,main-trial-2,e,e,true,193847.40
6419ae0434916e5dde92e2f2,main-trial-2,f,f,true,194035.10
6419ae0434916e5dde92e2f2,main-trial-2, , ,true,194181.10
6419ae0434916e5dde92e2f2,main-trial-2,d,d,true,194328.00
6419ae0434916e5dde92e2f2,main-trial-2,r,r,true,194545.70
6419ae0434916e5dde92e2f2,main-trial-2, , ,true,194813.20
6419ae0434916e5dde92e2f2,main-trial-2,e,e,true,194971.90
6419ae0434916e5dde92e2f2,main-trial-2,f,f,true,195105.50
6419ae0434916e5dde92e2f2,main-trial-2, , ,true,195289.00
6419ae0434916e5dde92e2f2,main-trial-2,d,d,true,195544.50
6419ae0434916e5dde92e2f2,main-trial-2,r,r,true,195874.20
6419ae0434916e5dde92e2f2,main-trial-2, , ,true,196109.60
6419ae0434916e5dde92e2f2,main-trial-2,e,e,true,196255.40
6419ae0434916e5dde92e2f2,main-trial-2,f,f,true,196420.70
6419ae0434916e5dde92e2f2,main-trial-3,b,b,true,202055.40
6419ae0434916e5dde92e2f2,main-trial-3,d,d,true,202286.10
6419ae0434916e5dde92e2f2,main-trial-3,t,t,true,202936.00
6419ae0434916e5dde92e2f2,main-trial-3,m,m,true,203119.00
6419ae0434916e5dde92e2f2,main-trial-3,u,u,true,203722.90
6419ae0434916e5dde92e2f2,main-trial-3, , ,true,204041.90
6419ae0434916e5dde92e2f2,main-trial-3,e,e,true,204292.00
6419ae0434916e5dde92e2f2,main-trial-3,f,f,true,204449.80
6419ae0434916e5dde92e2f2,main-trial-3, , ,true,204624.10
6419ae0434916e5dde92e2f2,main-trial-3,e,e,true,204862.40
6419ae0434916e5dde92e2f2,main-trial-3,f,f,true,205017.90
6419ae0434916e5dde92e2f2,main-trial-3, , ,true,205217.50
6419ae0434916e5dde92e2f2,main-trial-3,e,e,true,205468.10
6419ae0434916e5dde92e2f2,main-trial-3,f,f,true,205580.20
6419ae0434916e5dde92e2f2,main-trial-3, , ,true,205709.00
6419ae0434916e5dde92e2f2,main-trial-3,v,v,true,206864.20
6419ae0434916e5dde92e2f2,main-trial-3,m,m,true,207194.40
6419ae0434916e5dde92e2f2,main-trial-3,l,j,false,207909.10
6419ae0434916e5dde92e2f2,main-trial-3,l,l,true,208992.10
6419ae0434916e5dde92e2f2,main-trial-3,j,j,true,209646.10
6419ae0434916e5dde92e2f2,main-trial-3,l,l,true,210135.00
6419ae0434916e5dde92e2f2,main-trial-3, , ,true,210546.00
6419ae0434916e5dde92e2f2,main-trial-3,d,d,true,210999.80
6419ae0434916e5dde92e2f2,main-trial-3,r,r,true,211252.80
6419ae0434916e5dde92e2f2,main-trial-3, , ,true,211439.50
6419ae0434916e5dde92e2f2,main-trial-3,d,d,true,211632.70
6419ae0434916e5dde92e2f2,main-trial-3,r,r,true,211808.70
6419ae0434916e5dde92e2f2,main-trial-3, , ,true,212103.70
6419ae0434916e5dde92e2f2,main-trial-3,d,d,true,212283.70
6419ae0434916e5dde92e2f2,main-trial-3,r,r,true,212472.00
6419ae0434916e5dde92e2f2,main-trial-3, , ,true,212617.30
6419ae0434916e5dde92e2f2,main-trial-3,e,e,true,212826.70
6419ae0434916e5dde92e2f2,main-trial-3,d,f,false,213146.00
6419ae0434916e5dde92e2f2,main-trial-3,d,d,true,214990.30
6419ae0434916e5dde92e2f2,main-trial-3,l,l,true,215880.20
6419ae0434916e5dde92e2f2,main-trial-3,m,m,true,216990.80
6419ae0434916e5dde92e2f2,main-trial-3,b,b,true,217342.40
6419ae0434916e5dde92e2f2,main-trial-3, , ,true,217708.80
6419ae0434916e5dde92e2f2,main-trial-3,e,e,true,217934.60
6419ae0434916e5dde92e2f2,main-trial-3,f,f,true,218066.70
6419ae0434916e5dde92e2f2,main-trial-3, , ,true,218262.90
6419ae0434916e5dde92e2f2,main-trial-3,d,d,true,218437.60
6419ae0434916e5dde92e2f2,main-trial-3,r,r,true,218675.50
6419ae0434916e5dde92e2f2,main-trial-3, , ,true,219010.80
6419ae0434916e5dde92e2f2,main-trial-3,e,e,true,219184.60
6419ae0434916e5dde92e2f2,main-trial-3,f,f,true,219390.40
6419ae0434916e5dde92e2f2,main-trial-3, , ,true,219580.20
6419ae0434916e5dde92e2f2,main-trial-3,d,d,true,219973.60
6419ae0434916e5dde92e2f2,main-trial-3,r,r,true,220220.90
6419ae0434916e5dde92e2f2,main-trial-3, , ,true,220374.90
6419ae0434916e5dde92e2f2,main-trial-3,e,e,true,220689.30
6419ae0434916e5dde92e2f2,main-trial-3,f,f,true,221471.70
6419ae0434916e5dde92e2f2,main-trial-3, , ,true,221602.20
6419ae0434916e5dde92e2f2,main-trial-3,d,d,true,221724.90
6419ae0434916e5dde92e2f2,main-trial-3,r,r,true,221930.60
6419ae0434916e5dde92e2f2,main-trial-4,r,r,true,226298.70
6419ae0434916e5dde92e2f2,main-trial-4,x,x,true,226845.70
6419ae0434916e5dde92e2f2,main-trial-4,d,d,true,227670.40
6419ae0434916e5dde92e2f2,main-trial-4,l,l,true,228024.50
6419ae0434916e5dde92e2f2,main-trial-4,w,w,true,228181.10
6419ae0434916e5dde92e2f2,main-trial-4, , ,true,228489.00
6419ae0434916e5dde92e2f2,main-trial-4,s,d,false,228872.00
6419ae0434916e5dde92e2f2,main-trial-4,s,s,true,229825.30
6419ae0434916e5dde92e2f2,main-trial-4,f,f,true,230133.20
6419ae0434916e5dde92e2f2,main-trial-4, , ,true,230469.40
6419ae0434916e5dde92e2f2,main-trial-4,s,s,true,230691.60
6419ae0434916e5dde92e2f2,main-trial-4,f,f,true,230871.20
6419ae0434916e5dde92e2f2,main-trial-4, , ,true,231066.30
6419ae0434916e5dde92e2f2,main-trial-4,s,s,true,231273.10
6419ae0434916e5dde92e2f2,main-trial-4,f,f,true,231421.30
6419ae0434916e5dde92e2f2,main-trial-4, , ,true,231579.80
6419ae0434916e5dde92e2f2,main-trial-4,f,f,true,233129.90
6419ae0434916e5dde92e2f2,main-trial-4,v,v,true,233553.50
6419ae0434916e5dde92e2f2,main-trial-4,u,u,true,234326.30
6419ae0434916e5dde92e2f2,main-trial-4,a,a,true,234838.70
6419ae0434916e5dde92e2f2,main-trial-4,e,e,true,235334.80
6419ae0434916e5dde92e2f2,main-trial-4, , ,true,235501.90
6419ae0434916e5dde92e2f2,main-trial-4,b,b,true,236044.30
6419ae0434916e5dde92e2f2,main-trial-4,e,e,true,236208.90
6419ae0434916e5dde92e2f2,main-trial-4, , ,true,236313.00
6419ae0434916e5dde92e2f2,main-trial-4,b,b,true,236589.10
6419ae0434916e5dde92e2f2,main-trial-4,e,e,true,236734.70
6419ae0434916e5dde92e2f2,main-trial-4, , ,true,236811.20
6419ae0434916e5dde92e2f2,main-trial-4,b,b,true,237019.10
6419ae0434916e5dde92e2f2,main-trial-4,e,e,true,237087.30
6419ae0434916e5dde92e2f2,main-trial-4, , ,true,237245.70
6419ae0434916e5dde92e2f2,main-trial-4,s,s,true,238841.50
6419ae0434916e5dde92e2f2,main-trial-4,v,v,true,239462.30
6419ae0434916e5dde92e2f2,main-trial-4,d,d,true,240313.40
6419ae0434916e5dde92e2f2,main-trial-4,c,c,true,240917.50
6419ae0434916e5dde92e2f2,main-trial-4,i,i,true,241216.90
6419ae0434916e5dde92e2f2,main-trial-4, , ,true,241476.10
6419ae0434916e5dde92e2f2,main-trial-4,s,s,true,242715.20
6419ae0434916e5dde92e2f2,main-trial-4,f,f,true,242995.40
6419ae0434916e5dde92e2f2,main-trial-4, , ,true,243687.20
6419ae0434916e5dde92e2f2,main-trial-4,b,b,true,244422.30
6419ae0434916e5dde92e2f2,main-trial-4,e,e,true,244567.50
6419ae0434916e5dde92e2f2,main-trial-4, , ,true,244677.70
6419ae0434916e5dde92e2f2,main-trial-4,s,s,true,245040.00
6419ae0434916e5dde92e2f2,main-trial-4,f,f,true,245401.00
6419ae0434916e5dde92e2f2,main-trial-4, , ,true,245548.90
6419ae0434916e5dde92e2f2,main-trial-4,b,b,true,246234.00
6419ae0434916e5dde92e2f2,main-trial-4,e,e,true,246349.40
6419ae0434916e5dde92e2f2,main-trial-4, , ,true,246455.80
6419ae0434916e5dde92e2f2,main-trial-4,s,s,true,246823.70
6419ae0434916e5dde92e2f2,main-trial-4,f,f,true,247080.20
6419ae0434916e5dde92e2f2,main-trial-4, , ,true,247165.80
6419ae0434916e5dde92e2f2,main-trial-4,b,b,true,247426.00
6419ae0434916e5dde92e2f2,main-trial-4,e,e,true,247552.80
6419ae0434916e5dde92e2f2,main-trial-5,p,p,true,255022.60
6419ae0434916e5dde92e2f2,main-trial-5,h,h,true,255448.60
6419ae0434916e5dde92e2f2,main-trial-5,q,q,true,256724.50
6419ae0434916e5dde92e2f2,main-trial-5,c,c,true,258191.00
6419ae0434916e5dde92e2f2,main-trial-5,z,z,true,258858.80
6419ae0434916e5dde92e2f2,main-trial-5, , ,true,259079.90
6419ae0434916e5dde92e2f2,main-trial-5,c,c,true,260254.60
6419ae0434916e5dde92e2f2,main-trial-5,v,v,true,260511.70
6419ae0434916e5dde92e2f2,main-trial-5, , ,true,260685.40
6419ae0434916e5dde92e2f2,main-trial-5,c,c,true,260827.70
6419ae0434916e5dde92e2f2,main-trial-5,v,v,true,261047.40
6419ae0434916e5dde92e2f2,main-trial-5, , ,true,261179.90
6419ae0434916e5dde92e2f2,main-trial-5,c,c,true,261432.50
6419ae0434916e5dde92e2f2,main-trial-5,v,v,true,261634.50
6419ae0434916e5dde92e2f2,main-trial-5, , ,true,261771.10
6419ae0434916e5dde92e2f2,main-trial-5,d,d,true,262433.40
6419ae0434916e5dde92e2f2,main-trial-5,n,n,true,262935.10
6419ae0434916e5dde92e2f2,main-trial-5,x,x,true,264110.70
6419ae0434916e5dde92e2f2,main-trial-5,f,f,true,265463.80
6419ae0434916e5dde92e2f2,main-trial-5,w,w,true,266069.50
6419ae0434916e5dde92e2f2,main-trial-5, , ,true,266406.50
6419ae0434916e5dde92e2f2,main-trial-5,c,c,true,266691.70
6419ae0434916e5dde92e2f2,main-trial-5,r,r,true,267009.90
6419ae0434916e5dde92e2f2,main-trial-5, , ,true,267305.20
6419ae0434916e5dde92e2f2,main-trial-5,c,c,true,267413.60
6419ae0434916e5dde92e2f2,main-trial-5,r,r,true,267660.60
6419ae0434916e5dde92e2f2,main-trial-5, , ,true,267800.30
6419ae0434916e5dde92e2f2,main-trial-5,c,c,true,267950.40
6419ae0434916e5dde92e2f2,main-trial-5,r,r,true,268183.00
6419ae0434916e5dde92e2f2,main-trial-5, , ,true,268326.10
6419ae0434916e5dde92e2f2,main-trial-5,q,c,false,268691.40
6419ae0434916e5dde92e2f2,main-trial-5,q,q,true,270403.30
6419ae0434916e5dde92e2f2,main-trial-5,o,o,true,270687.70
6419ae0434916e5dde92e2f2,main-trial-5,b,b,true,271458.10
6419ae0434916e5dde92e2f2,main-trial-5,h,g,false,271765.40
6419ae0434916e5dde92e2f2,main-trial-5,h,b,false,271922.20
6419ae0434916e5dde92e2f2,main-trial-5,h, ,false,272260.30
6419ae0434916e5dde92e2f2,main-trial-5,h,h,true,273994.80
6419ae0434916e5dde92e2f2,main-trial-5,b,b,true,274205.20
6419ae0434916e5dde92e2f2,main-trial-5, , ,true,274604.30
6419ae0434916e5dde92e2f2,main-trial-5,c,c,true,275098.40
6419ae0434916e5dde92e2f2,main-trial-5,v,v,true,275922.60
6419ae0434916e5dde92e2f2,main-trial-5, , ,true,276315.60
6419ae0434916e5dde92e2f2,main-trial-5,c,c,true,276690.20
6419ae0434916e5dde92e2f2,main-trial-5,r,r,true,277049.60
6419ae0434916e5dde92e2f2,main-trial-5, , ,true,277596.50
6419ae0434916e5dde92e2f2,main-trial-5,c,c,true,278518.30
6419ae0434916e5dde92e2f2,main-trial-5,v,v,true,278730.20
6419ae0434916e5dde92e2f2,main-trial-5, , ,true,279056.90
6419ae0434916e5dde92e2f2,main-trial-5,c,c,true,279762.20
6419ae0434916e5dde92e2f2,main-trial-5,r,r,true,280033.10
6419ae0434916e5dde92e2f2,main-trial-5, , ,true,280771.10
6419ae0434916e5dde92e2f2,main-trial-5,c,c,true,281405.70
6419ae0434916e5dde92e2f2,main-trial-5,v,v,true,281713.30
6419ae0434916e5dde92e2f2,main-trial-5, , ,true,281885.90
6419ae0434916e5dde92e2f2,main-trial-5,c,c,true,282009.80
6419ae0434916e5dde92e2f2,main-trial-5,r,r,true,282404.70
6419ae0434916e5dde92e2f2,main-trial-6,t,t,true,288271.60
6419ae0434916e5dde92e2f2,main-trial-6,q,q,true,289145.10
6419ae0434916e5dde92e2f2,main-trial-6,c,c,true,290301.70
6419ae0434916e5dde92e2f2,main-trial-6,c,c,true,290433.70
6419ae0434916e5dde92e2f2,main-trial-6,h,h,true,290866.00
6419ae0434916e5dde92e2f2,main-trial-6, , ,true,291103.80
6419ae0434916e5dde92e2f2,main-trial-6,c,c,true,291468.60
6419ae0434916e5dde92e2f2,main-trial-6,r,r,true,291729.70
6419ae0434916e5dde92e2f2,main-trial-6, ,c,false,292098.20
6419ae0434916e5dde92e2f2,main-trial-6, , ,true,292459.10
6419ae0434916e5dde92e2f2,main-trial-6,c,c,true,292682.90
6419ae0434916e5dde92e2f2,main-trial-6,r,r,true,292927.50
6419ae0434916e5dde92e2f2,main-trial-6, , ,true,293245.10
6419ae0434916e5dde92e2f2,main-trial-6,c,c,true,293366.00
6419ae0434916e5dde92e2f2,main-trial-6,r,r,true,293618.50
6419ae0434916e5dde92e2f2,main-trial-6, , ,true,293865.40
6419ae0434916e5dde92e2f2,main-trial-6,i,i,true,294921.80
6419ae0434916e5dde92e2f2,main-trial-6,n,n,true,294981.70
6419ae0434916e5dde92e2f2,main-trial-6,t,t,true,295150.40
6419ae0434916e5dde92e2f2,main-trial-6,v,v,true,295989.70
6419ae0434916e5dde92e2f2,main-trial-6,w,w,true,296471.70
6419ae0434916e5dde92e2f2,main-trial-6, , ,true,296673.80
6419ae0434916e5dde92e2f2,main-trial-6,v,v,true,297367.80
6419ae0434916e5dde92e2f2,main-trial-6,r,r,true,297676.70
6419ae0434916e5dde92e2f2,main-trial-6, , ,true,297898.60
6419ae0434916e5dde92e2f2,main-trial-6,v,v,true,298176.50
6419ae0434916e5dde92e2f2,main-trial-6,r,r,true,298281.40
6419ae0434916e5dde92e2f2,main-trial-6, , ,true,298576.50
6419ae0434916e5dde92e2f2,main-trial-6,v,v,true,298776.20
6419ae0434916e5dde92e2f2,main-trial-6,r,r,true,298860.50
6419ae0434916e5dde92e2f2,main-trial-6, , ,true,299238.50
6419ae0434916e5dde92e2f2,main-trial-6,v,v,true,300326.70
6419ae0434916e5dde92e2f2,main-trial-6,n,n,true,300796.90
6419ae0434916e5dde92e2f2,main-trial-6,g,g,true,303228.40
6419ae0434916e5dde92e2f2,main-trial-6,q,q,true,305921.70
6419ae0434916e5dde92e2f2,main-trial-6,y,y,true,306086.30
6419ae0434916e5dde92e2f2,main-trial-6, , ,true,306439.30
6419ae0434916e5dde92e2f2,main-trial-6,c,c,true,306954.20
6419ae0434916e5dde92e2f2,main-trial-6,r,r,true,307284.20
6419ae0434916e5dde92e2f2,main-trial-6, , ,true,307541.40
6419ae0434916e5dde92e2f2,main-trial-6,v,v,true,308248.80
6419ae0434916e5dde92e2f2,main-trial-6,r,r,true,308491.50
6419ae0434916e5dde92e2f2,main-trial-6, , ,true,308675.30
6419ae0434916e5dde92e2f2,main-trial-6,c,c,true,309272.30
6419ae0434916e5dde92e2f2,main-trial-6,r,r,true,309508.20
6419ae0434916e5dde92e2f2,main-trial-6, , ,true,309765.20
6419ae0434916e5dde92e2f2,main-trial-6,v,v,true,310313.20
6419ae0434916e5dde92e2f2,main-trial-6,r,r,true,310590.20
6419ae0434916e5dde92e2f2,main-trial-6, , ,true,311214.30
6419ae0434916e5dde92e2f2,main-trial-6,c,c,true,312187.50
6419ae0434916e5dde92e2f2,main-trial-6,r,r,true,312459.10
6419ae0434916e5dde92e2f2,main-trial-6, , ,true,312679.50
6419ae0434916e5dde92e2f2,main-trial-6,v,v,true,313160.30
6419ae0434916e5dde92e2f2,main-trial-6,r,r,true,313404.40
6419ae0434916e5dde92e2f2,main-trial-6,, ,false,313586.20
6419ae0434916e5dde92e2f2,main-trial-7,f,f,true,318969.40
6419ae0434916e5dde92e2f2,main-trial-7,w,w,true,319495.40
6419ae0434916e5dde92e2f2,main-trial-7,d,d,true,320831.10
6419ae0434916e5dde92e2f2,main-trial-7,h,g,false,321224.40
6419ae0434916e5dde92e2f2,main-trial-7,h,n,false,321351.00
6419ae0434916e5dde92e2f2,main-trial-7,h, ,false,321785.80
6419ae0434916e5dde92e2f2,main-trial-7,h,s,false,322091.40
6419ae0434916e5dde92e2f2,main-trial-7,h,r,false,322367.80
6419ae0434916e5dde92e2f2,main-trial-7,h, ,false,322624.50
6419ae0434916e5dde92e2f2,main-trial-7,h,s,false,322767.50
6419ae0434916e5dde92e2f2,main-trial-7,h,r,false,322939.00
6419ae0434916e5dde92e2f2,main-trial-7,h, ,false,323261.30
6419ae0434916e5dde92e2f2,main-trial-7,h,h,true,325143.20
6419ae0434916e5dde92e2f2,main-trial-7,n,n,true,325277.00
6419ae0434916e5dde92e2f2,main-trial-7, , ,true,325635.90
6419ae0434916e5dde92e2f2,main-trial-7,s,s,true,325913.60
6419ae0434916e5dde92e2f2,main-trial-7,r,r,true,326258.60
6419ae0434916e5dde92e2f2,main-trial-7, , ,true,326522.60
6419ae0434916e5dde92e2f2,main-trial-7,s,s,true,326726.10
6419ae0434916e5dde92e2f2,main-trial-7,r,r,true,326901.50
6419ae0434916e5dde92e2f2,main-trial-7, , ,true,327153.90
6419ae0434916e5dde92e2f2,main-trial-7,s,s,true,327398.10
6419ae0434916e5dde92e2f2,main-trial-7,r,r,true,327564.00
6419ae0434916e5dde92e2f2,main-trial-7, , ,true,327835.40
6419ae0434916e5dde92e2f2,main-trial-7,r,r,true,328491.30
6419ae0434916e5dde92e2f2,main-trial-7,a,a,true,328601.60
6419ae0434916e5dde92e2f2,main-trial-7,h,h,true,328903.80
6419ae0434916e5dde92e2f2,main-trial-7,h,h,true,329054.70
6419ae0434916e5dde92e2f2,main-trial-7,m,m,true,329418.60
6419ae0434916e5dde92e2f2,main-trial-7, , ,true,329672.60
6419ae0434916e5dde92e2f2,main-trial-7,w,w,true,330321.90
6419ae0434916e5dde92e2f2,main-trial-7,f,f,true,330852.50
6419ae0434916e5dde92e2f2,main-trial-7, , ,true,331451.10
6419ae0434916e5dde92e2f2,main-trial-7,w,w,true,331652.50
6419ae0434916e5dde92e2f2,main-trial-7,f,f,true,332394.90
6419ae0434916e5dde92e2f2,main-trial-7, , ,true,332531.70
6419ae0434916e5dde92e2f2,main-trial-7,w,w,true,332647.30
6419ae0434916e5dde92e2f2,main-trial-7,f,f,true,332862.50
6419ae0434916e5dde92e2f2,main-trial-7, , ,true,333051.70
6419ae0434916e5dde92e2f2,main-trial-7,k,k,true,334817.90
6419ae0434916e5dde92e2f2,main-trial-7,d,d,true,335021.60
6419ae0434916e5dde92e2f2,main-trial-7,j,j,true,336107.60
6419ae0434916e5dde92e2f2,main-trial-7,o,o,true,336211.50
6419ae0434916e5dde92e2f2,main-trial-7,i,i,true,336409.20
6419ae0434916e5dde92e2f2,main-trial-7, , ,true,336805.40
6419ae0434916e5dde92e2f2,main-trial-7,s,d,false,337322.90
6419ae0434916e5dde92e2f2,main-trial-7,s,r,false,337745.70
6419ae0434916e5dde92e2f2,main-trial-7,s,s,true,338324.30
6419ae0434916e5dde92e2f2,main-trial-7,r,r,true,338608.70
6419ae0434916e5dde92e2f2,main-trial-7, , ,true,339091.30
6419ae0434916e5dde92e2f2,main-trial-7,w,w,true,339844.10
6419ae0434916e5dde92e2f2,main-trial-7,f,f,true,340337.50
6419ae0434916e5dde92e2f2,main-trial-7, , ,true,340587.40
6419ae0434916e5dde92e2f2,main-trial-7,s,s,true,341017.50
6419ae0434916e5dde92e2f2,main-trial-7,r,r,true,341430.90
6419ae0434916e5dde92e2f2,main-trial-7, ,w,false,341868.50
6419ae0434916e5dde92e2f2,main-trial-7, ,f,false,342126.40
6419ae0434916e5dde92e2f2,main-trial-7, , ,true,342306.20
6419ae0434916e5dde92e2f2,main-trial-7,w,w,true,342700.40
6419ae0434916e5dde92e2f2,main-trial-7,f,f,true,342906.30
6419ae0434916e5dde92e2f2,main-trial-7, , ,true,343158.40
6419ae0434916e5dde92e2f2,main-trial-7,s,s,true,343477.50
6419ae0434916e5dde92e2f2,main-trial-7,r,r,true,343711.30
6419ae0434916e5dde92e2f2,main-trial-7, , ,true,344093.90
6419ae0434916e5dde92e2f2,main-trial-7,w,w,true,344342.40
6419ae0434916e5dde92e2f2,main-trial-7,f,f,true,344605.30
6419ae0434916e5dde92e2f2,main-trial-8,g,g,true,350682.90
6419ae0434916e5dde92e2f2,main-trial-8,z,z,true,352153.80
6419ae0434916e5dde92e2f2,main-trial-8,y,y,true,352904.20
6419ae0434916e5dde92e2f2,main-trial-8,b,b,true,354806.80
6419ae0434916e5dde92e2f2,main-trial-8,z,z,true,354966.70
6419ae0434916e5dde92e2f2,main-trial-8, , ,true,355236.70
6419ae0434916e5dde92e2f2,main-trial-8,f,f,true,355710.40
6419ae0434916e5dde92e2f2,main-trial-8,r,r,true,355943.90
6419ae0434916e5dde92e2f2,main-trial-8, , ,true,356250.10
6419ae0434916e5dde92e2f2,main-trial-8,f,f,true,356393.00
6419ae0434916e5dde92e2f2,main-trial-8,r,r,true,356715.10
6419ae0434916e5dde92e2f2,main-trial-8, , ,true,356964.20
6419ae0434916e5dde92e2f2,main-trial-8,f,f,true,357157.10
6419ae0434916e5dde92e2f2,main-trial-8,r,r,true,357285.10
6419ae0434916e5dde92e2f2,main-trial-8, , ,true,357473.20
6419ae0434916e5dde92e2f2,main-trial-8,m,m,true,357837.50
6419ae0434916e5dde92e2f2,main-trial-8,v,v,true,358911.00
6419ae0434916e5dde92e2f2,main-trial-8,r,r,true,359874.00
6419ae0434916e5dde92e2f2,main-trial-8,p,p,true,360153.70
6419ae0434916e5dde92e2f2,main-trial-8,t,t,true,360340.30
6419ae0434916e5dde92e2f2,main-trial-8, , ,true,360815.60
6419ae0434916e5dde92e2f2,main-trial-8,v,v,true,361593.40
6419ae0434916e5dde92e2f2,main-trial-8,r,r,true,361846.90
6419ae0434916e5dde92e2f2,main-trial-8, , ,true,362237.10
6419ae0434916e5dde92e2f2,main-trial-8,v,v,true,362542.10
6419ae0434916e5dde92e2f2,main-trial-8,r,r,true,362709.80
6419ae0434916e5dde92e2f2,main-trial-8, , ,true,362950.80
6419ae0434916e5dde92e2f2,main-trial-8,v,v,true,363171.50
6419ae0434916e5dde92e2f2,main-trial-8,r,r,true,363308.10
6419ae0434916e5dde92e2f2,main-trial-8, , ,true,363468.10
6419ae0434916e5dde92e2f2,main-trial-8,m,m,true,364165.90
6419ae0434916e5dde92e2f2,main-trial-8,g,g,true,364575.00
6419ae0434916e5dde92e2f2,main-trial-8,b,b,true,365730.10
6419ae0434916e5dde92e2f2,main-trial-8,e,e,true,365973.90
6419ae0434916e5dde92e2f2,main-trial-8,q,q,true,366704.80
6419ae0434916e5dde92e2f2,main-trial-8, , ,true,367040.00
6419ae0434916e5dde92e2f2,main-trial-8,f,f,true,367597.30
6419ae0434916e5dde92e2f2,main-trial-8,r,r,true,367830.80
6419ae0434916e5dde92e2f2,main-trial-8, , ,true,368037.60
6419ae0434916e5dde92e2f2,main-trial-8,v,v,true,368589.90
6419ae0434916e5dde92e2f2,main-trial-8,r,r,true,368897.50
6419ae0434916e5dde92e2f2,main-trial-8, , ,true,369066.80
6419ae0434916e5dde92e2f2,main-trial-8,f,f,true,369624.50
6419ae0434916e5dde92e2f2,main-trial-8,r,r,true,369814.90
6419ae0434916e5dde92e2f2,main-trial-8, , ,true,369968.90
6419ae0434916e5dde92e2f2,main-trial-8,v,v,true,370596.70
6419ae0434916e5dde92e2f2,main-trial-8,r,r,true,370824.80
6419ae0434916e5dde92e2f2,main-trial-8, , ,true,370998.30
6419ae0434916e5dde92e2f2,main-trial-8,f,f,true,372012.00
6419ae0434916e5dde92e2f2,main-trial-8,r,r,true,372193.40
6419ae0434916e5dde92e2f2,main-trial-8, , ,true,372754.00
6419ae0434916e5dde92e2f2,main-trial-8,v,v,true,373437.90
6419ae0434916e5dde92e2f2,main-trial-8,r,r,true,373606.30
6419ae0434916e5dde92e2f2,main-trial-9,c,c,true,381408.50
6419ae0434916e5dde92e2f2,main-trial-9,y,y,true,382533.90
6419ae0434916e5dde92e2f2,main-trial-9,y,y,true,382712.60
6419ae0434916e5dde92e2f2,main-trial-9,i,i,true,383313.50
6419ae0434916e5dde92e2f2,main-trial-9,t,t,true,383444.90
6419ae0434916e5dde92e2f2,main-trial-9, , ,true,383617.00
6419ae0434916e5dde92e2f2,main-trial-9,f,f,true,384310.60
6419ae0434916e5dde92e2f2,main-trial-9,g,g,true,384555.00
6419ae0434916e5dde92e2f2,main-trial-9, , ,true,384707.20
6419ae0434916e5dde92e2f2,main-trial-9,f,f,true,384932.90
6419ae0434916e5dde92e2f2,main-trial-9,g,g,true,385138.40
6419ae0434916e5dde92e2f2,main-trial-9, , ,true,385305.40
6419ae0434916e5dde92e2f2,main-trial-9,f,f,true,385535.30
6419ae0434916e5dde92e2f2,main-trial-9,g,g,true,385722.10
6419ae0434916e5dde92e2f2,main-trial-9, , ,true,385856.40
6419ae0434916e5dde92e2f2,main-trial-9,p,p,true,386366.20
6419ae0434916e5dde92e2f2,main-trial-9,s,s,true,386582.10
6419ae0434916e5dde92e2f2,main-trial-9,l,l,true,387058.80
6419ae0434916e5dde92e2f2,main-trial-9,q,q,true,387944.80
6419ae0434916e5dde92e2f2,main-trial-9,d,d,true,388609.50
6419ae0434916e5dde92e2f2,main-trial-9, , ,true,388786.40
6419ae0434916e5dde92e2f2,main-trial-9,d,d,true,389852.80
6419ae0434916e5dde92e2f2,main-trial-9,f,f,true,390101.30
6419ae0434916e5dde92e2f2,main-trial-9, , ,true,390243.30
6419ae0434916e5dde92e2f2,main-trial-9,d,d,true,390505.20
6419ae0434916e5dde92e2f2,main-trial-9,f,f,true,390677.40
6419ae0434916e5dde92e2f2,main-trial-9, , ,true,390812.80
6419ae0434916e5dde92e2f2,main-trial-9,d,d,true,390936.80
6419ae0434916e5dde92e2f2,main-trial-9,f,f,true,391060.90
6419ae0434916e5dde92e2f2,main-trial-9, , ,true,391204.50
6419ae0434916e5dde92e2f2,main-trial-9,s,s,true,391649.40
6419ae0434916e5dde92e2f2,main-trial-9,p,p,true,391898.40
6419ae0434916e5dde92e2f2,main-trial-9,l,l,true,392002.80
6419ae0434916e5dde92e2f2,main-trial-9,x,w,false,392595.30
6419ae0434916e5dde92e2f2,main-trial-9,x,s,false,392865.40
6419ae0434916e5dde92e2f2,main-trial-9,x,x,true,394741.20
6419ae0434916e5dde92e2f2,main-trial-9,w,w,true,395154.20
6419ae0434916e5dde92e2f2,main-trial-9, , ,true,395386.30
6419ae0434916e5dde92e2f2,main-trial-9,f,f,true,396027.70
6419ae0434916e5dde92e2f2,main-trial-9,g,g,true,396278.00
6419ae0434916e5dde92e2f2,main-trial-9, , ,true,396475.40
6419ae0434916e5dde92e2f2,main-trial-9,d,d,true,396914.20
6419ae0434916e5dde92e2f2,main-trial-9,f,f,true,397151.30
6419ae0434916e5dde92e2f2,main-trial-9, , ,true,397344.80
6419ae0434916e5dde92e2f2,main-trial-9,f,f,true,397965.30
6419ae0434916e5dde92e2f2,main-trial-9,g,g,true,398168.30
6419ae0434916e5dde92e2f2,main-trial-9, , ,true,398315.10
6419ae0434916e5dde92e2f2,main-trial-9,d,d,true,398785.90
6419ae0434916e5dde92e2f2,main-trial-9,f,f,true,398994.60
6419ae0434916e5dde92e2f2,main-trial-9, , ,true,399118.00
6419ae0434916e5dde92e2f2,main-trial-9,f,f,true,399784.20
6419ae0434916e5dde92e2f2,main-trial-9,g,g,true,399967.50
6419ae0434916e5dde92e2f2,main-trial-9, , ,true,400144.70
6419ae0434916e5dde92e2f2,main-trial-9,d,d,true,400425.70
6419ae0434916e5dde92e2f2,main-trial-9,f,f,true,400517.80
6419ae0434916e5dde92e2f2,main-trial-10,k,k,true,406974.40
6419ae0434916e5dde92e2f2,main-trial-10,f,f,true,407209.80
6419ae0434916e5dde92e2f2,main-trial-10,d, ,false,407484.70
6419ae0434916e5dde92e2f2,main-trial-10,d,d,true,408580.00
6419ae0434916e5dde92e2f2,main-trial-10,q,q,true,410125.90
6419ae0434916e5dde92e2f2,main-trial-10,o,o,true,410390.00
6419ae0434916e5dde92e2f2,main-trial-10, , ,true,410749.60
6419ae0434916e5dde92e2f2,main-trial-10,f,f,true,411254.70
6419ae0434916e5dde92e2f2,main-trial-10,d,d,true,411346.60
6419ae0434916e5dde92e2f2,main-trial-10, , ,true,411579.20
6419ae0434916e5dde92e2f2,main-trial-10,f,f,true,411858.60
6419ae0434916e5dde92e2f2,main-trial-10,d,f,false,412160.80
6419ae0434916e5dde92e2f2,main-trial-10,d,d,true,412252.70
6419ae0434916e5dde92e2f2,main-trial-10, , ,true,412575.00
6419ae0434916e5dde92e2f2,main-trial-10,f,f,true,412803.70
6419ae0434916e5dde92e2f2,main-trial-10,d,d,true,412899.60
6419ae0434916e5dde92e2f2,main-trial-10, , ,true,413151.30
6419ae0434916e5dde92e2f2,main-trial-10,y,y,true,414173.00
6419ae0434916e5dde92e2f2,main-trial-10,n,n,true,414387.30
6419ae0434916e5dde92e2f2,main-trial-10,t,t,true,415016.90
6419ae0434916e5dde92e2f2,main-trial-10,p,p,true,415220.30
6419ae0434916e5dde92e2f2,main-trial-10,s,s,true,415343.20
6419ae0434916e5dde92e2f2,main-trial-10, , ,true,415849.70
6419ae0434916e5dde92e2f2,main-trial-10,f,f,true,416529.80
6419ae0434916e5dde92e2f2,main-trial-10,r,r,true,416854.60
6419ae0434916e5dde92e2f2,main-trial-10, , ,true,417361.00
6419ae0434916e5dde92e2f2,main-trial-10,f,f,true,417495.30
6419ae0434916e5dde92e2f2,main-trial-10,r,r,true,417603.60
6419ae0434916e5dde92e2f2,main-trial-10, , ,true,417857.00
6419ae0434916e5dde92e2f2,main-trial-10,f,f,true,418006.40
6419ae0434916e5dde92e2f2,main-trial-10,r,r,true,418110.60
6419ae0434916e5dde92e2f2,main-trial-10, , ,true,418308.40
6419ae0434916e5dde92e2f2,main-trial-10,m,m,true,418877.70
6419ae0434916e5dde92e2f2,main-trial-10,y,y,true,419321.70
6419ae0434916e5dde92e2f2,main-trial-10,k,a,false,419753.50
6419ae0434916e5dde92e2f2,main-trial-10,k,s,false,419856.80
6419ae0434916e5dde92e2f2,main-trial-10,k,k,true,420590.50
6419ae0434916e5dde92e2f2,main-trial-10,a,a,true,420666.40
6419ae0434916e5dde92e2f2,main-trial-10,s,s,true,420726.10
6419ae0434916e5dde92e2f2,main-trial-10, , ,true,420953.40
6419ae0434916e5dde92e2f2,main-trial-10,f,f,true,422169.80
6419ae0434916e5dde92e2f2,main-trial-10,d,d,true,422253.40
6419ae0434916e5dde92e2f2,main-trial-10, , ,true,422503.60
6419ae0434916e5dde92e2f2,main-trial-10,f,f,true,422836.80
6419ae0434916e5dde92e2f2,main-trial-10,r,r,true,423088.20
6419ae0434916e5dde92e2f2,main-trial-10, , ,true,423401.70
6419ae0434916e5dde92e2f2,main-trial-10,f,f,true,423755.30
6419ae0434916e5dde92e2f2,main-trial-10,d,d,true,423855.30
6419ae0434916e5dde92e2f2,main-trial-10, , ,true,424053.40
6419ae0434916e5dde92e2f2,main-trial-10,f,f,true,424398.40
6419ae0434916e5dde92e2f2,main-trial-10,r,r,true,424657.80
6419ae0434916e5dde92e2f2,main-trial-10, , ,true,424825.50
6419ae0434916e5dde92e2f2,main-trial-10,f,f,true,425056.20
6419ae0434916e5dde92e2f2,main-trial-10,d,d,true,425191.90
6419ae0434916e5dde92e2f2,main-trial-10, , ,true,425314.60
6419ae0434916e5dde92e2f2,main-trial-10,f,r,false,425556.70
6419ae0434916e5dde92e2f2,main-trial-10,f,f,true,425963.60
6419ae0434916e5dde92e2f2,main-trial-10,r,r,true,426261.20
6419ae0434916e5dde92e2f2,main-trial-11,y,y,true,432751.30
6419ae0434916e5dde92e2f2,main-trial-11,g,g,true,433067.90
6419ae0434916e5dde92e2f2,main-trial-11,d,d,true,433459.10
6419ae0434916e5dde92e2f2,main-trial-11,a,p,false,433636.90
6419ae0434916e5dde92e2f2,main-trial-11,a,a,true,433784.80
6419ae0434916e5dde92e2f2,main-trial-11,p, ,false,434013.10
6419ae0434916e5dde92e2f2,main-trial-11,p,w,false,434582.80
6419ae0434916e5dde92e2f2,main-trial-11,p,d,false,434875.80
6419ae0434916e5dde92e2f2,main-trial-11,p, ,false,435093.90
6419ae0434916e5dde92e2f2,main-trial-11,p,w,false,436958.30
6419ae0434916e5dde92e2f2,main-trial-11,p,d,false,437222.00
6419ae0434916e5dde92e2f2,main-trial-11,p, ,false,437545.20
6419ae0434916e5dde92e2f2,main-trial-11,p,p,true,438262.20
6419ae0434916e5dde92e2f2,main-trial-11, , ,true,438608.90
6419ae0434916e5dde92e2f2,main-trial-11,w,w,true,438782.90
6419ae0434916e5dde92e2f2,main-trial-11,d,d,true,438911.20
6419ae0434916e5dde92e2f2,main-trial-11, , ,true,439167.80
6419ae0434916e5dde92e2f2,main-trial-11,w,w,true,439398.10
6419ae0434916e5dde92e2f2,main-trial-11,d,d,true,439685.70
6419ae0434916e5dde92e2f2,main-trial-11, , ,true,440104.50
6419ae0434916e5dde92e2f2,main-trial-11,w,w,true,440283.60
6419ae0434916e5dde92e2f2,main-trial-11,d,d,true,440396.30
6419ae0434916e5dde92e2f2,main-trial-11, , ,true,440676.50
6419ae0434916e5dde92e2f2,main-trial-11,l, ,false,441928.10
6419ae0434916e5dde92e2f2,main-trial-11,l,l,true,442401.80
6419ae0434916e5dde92e2f2,main-trial-11,f,f,true,443028.10
6419ae0434916e5dde92e2f2,main-trial-11,s,s,true,443952.20
6419ae0434916e5dde92e2f2,main-trial-11,d, ,false,444305.00
6419ae0434916e5dde92e2f2,main-trial-11,d,d,true,444666.60
6419ae0434916e5dde92e2f2,main-trial-11,x,x,true,445046.80
6419ae0434916e5dde92e2f2,main-trial-11, , ,true,445405.60
6419ae0434916e5dde92e2f2,main-trial-11,d,d,true,445806.30
6419ae0434916e5dde92e2f2,main-trial-11,s,s,true,445897.90
6419ae0434916e5dde92e2f2,main-trial-11, , ,true,446084.60
6419ae0434916e5dde92e2f2,main-trial-11,d,d,true,446259.90
6419ae0434916e5dde92e2f2,main-trial-11,s,s,true,446359.60
6419ae0434916e5dde92e2f2,main-trial-11, , ,true,446541.60
6419ae0434916e5dde92e2f2,main-trial-11,d,d,true,446661.70
6419ae0434916e5dde92e2f2,main-trial-11,s,s,true,446754.50
6419ae0434916e5dde92e2f2,main-trial-11, , ,true,446913.00
6419ae0434916e5dde92e2f2,main-trial-11,i,d,false,447083.20
6419ae0434916e5dde92e2f2,main-trial-11,i,s,false,447098.50
6419ae0434916e5dde92e2f2,main-trial-11,i,i,true,447779.60
6419ae0434916e5dde92e2f2,main-trial-11,h,h,true,448250.80
6419ae0434916e5dde92e2f2,main-trial-11,c,c,true,448597.40
6419ae0434916e5dde92e2f2,main-trial-11,o,o,true,448714.90
6419ae0434916e5dde92e2f2,main-trial-11,n,n,true,448784.50
6419ae0434916e5dde92e2f2,main-trial-11, , ,true,449144.80
6419ae0434916e5dde92e2f2,main-trial-11,w,w,true,449905.90
6419ae0434916e5dde92e2f2,main-trial-11,d,d,true,450273.60
6419ae0434916e5dde92e2f2,main-trial-11, , ,true,450562.80
6419ae0434916e5dde92e2f2,main-trial-11,d,w,false,450706.50
6419ae0434916e5dde92e2f2,main-trial-11,d,d,true,450843.50
6419ae0434916e5dde92e2f2,main-trial-11,s,s,true,451684.40
6419ae0434916e5dde92e2f2,main-trial-11, , ,true,452393.60
6419ae0434916e5dde92e2f2,main-trial-11,w,w,true,452509.90
6419ae0434916e5dde92e2f2,main-trial-11,d,d,true,452661.40
6419ae0434916e5dde92e2f2,main-trial-11, , ,true,453044.80
6419ae0434916e5dde92e2f2,main-trial-11,d,s,false,453345.60
6419ae0434916e5dde92e2f2,main-trial-11,d,d,true,453442.20
6419ae0434916e5dde92e2f2,main-trial-11,s,s,true,454840.60
6419ae0434916e5dde92e2f2,main-trial-11, , ,true,455287.40
6419ae0434916e5dde92e2f2,main-trial-11,w,q,false,456649.20
6419ae0434916e5dde92e2f2,main-trial-11,w,d,false,456965.50
6419ae0434916e5dde92e2f2,main-trial-11,w, ,false,457134.20
6419ae0434916e5dde92e2f2,main-trial-11,w,d,false,457222.30
6419ae0434916e5dde92e2f2,main-trial-11,w,s,false,457269.80
6419ae0434916e5dde92e2f2,main-trial-11,w,q,false,458036.10
6419ae0434916e5dde92e2f2,main-trial-11,w,d,false,458284.20
6419ae0434916e5dde92e2f2,main-trial-11,w, ,false,458634.30
6419ae0434916e5dde92e2f2,main-trial-11,w,w,true,461232.60
6419ae0434916e5dde92e2f2,main-trial-11,d,d,true,461712.00
6419ae0434916e5dde92e2f2,main-trial-11, , ,true,462221.50
6419ae0434916e5dde92e2f2,main-trial-11,d,d,true,462651.40
6419ae0434916e5dde92e2f2,main-trial-11,s,s,true,462751.30
6419ae0434916e5dde92e2f2,main-trial-12,k,k,true,468647.90
6419ae0434916e5dde92e2f2,main-trial-12,h,h,true,469300.90
6419ae0434916e5dde92e2f2,main-trial-12,q,w,false,470556.20
6419ae0434916e5dde92e2f2,main-trial-12,q,t,false,470931.90
6419ae0434916e5dde92e2f2,main-trial-12,q,h,false,471139.40
6419ae0434916e5dde92e2f2,main-trial-12,q, ,false,471414.80
6419ae0434916e5dde92e2f2,main-trial-12,q,q,true,472423.80
6419ae0434916e5dde92e2f2,main-trial-12,t,t,true,473033.40
6419ae0434916e5dde92e2f2,main-trial-12,h,h,true,473159.10
6419ae0434916e5dde92e2f2,main-trial-12, , ,true,473526.70
6419ae0434916e5dde92e2f2,main-trial-12,f,f,true,473975.30
6419ae0434916e5dde92e2f2,main-trial-12,e,e,true,474286.30
6419ae0434916e5dde92e2f2,main-trial-12, , ,true,474525.40
6419ae0434916e5dde92e2f2,main-trial-12,f,f,true,474726.70
6419ae0434916e5dde92e2f2,main-trial-12,e,e,true,474859.00
6419ae0434916e5dde92e2f2,main-trial-12, , ,true,475038.70
6419ae0434916e5dde92e2f2,main-trial-12,f,f,true,475226.80
6419ae0434916e5dde92e2f2,main-trial-12,e,e,true,475330.70
6419ae0434916e5dde92e2f2,main-trial-12, , ,true,475527.70
6419ae0434916e5dde92e2f2,main-trial-12,h,h,true,476178.90
6419ae0434916e5dde92e2f2,main-trial-12,w,w,true,476509.80
6419ae0434916e5dde92e2f2,main-trial-12,g,g,true,477494.40
6419ae0434916e5dde92e2f2,main-trial-12,r,r,true,477828.40
6419ae0434916e5dde92e2f2,main-trial-12,i,i,true,478439.70
6419ae0434916e5dde92e2f2,main-trial-12, , ,true,479053.20
6419ae0434916e5dde92e2f2,main-trial-12,e,e,true,479497.70
6419ae0434916e5dde92e2f2,main-trial-12,f,f,true,479806.90
6419ae0434916e5dde92e2f2,main-trial-12, , ,true,480141.90
6419ae0434916e5dde92e2f2,main-trial-12,e,e,true,480342.60
6419ae0434916e5dde92e2f2,main-trial-12,f,f,true,480479.10
6419ae0434916e5dde92e2f2,main-trial-12, , ,true,480662.30
6419ae0434916e5dde92e2f2,main-trial-12,e,e,true,480874.80
6419ae0434916e5dde92e2f2,main-trial-12,f,f,true,481003.30
6419ae0434916e5dde92e2f2,main-trial-12, , ,true,481223.70
6419ae0434916e5dde92e2f2,main-trial-12,k,k,true,482088.00
6419ae0434916e5dde92e2f2,main-trial-12,y,y,true,482719.00
6419ae0434916e5dde92e2f2,main-trial-12,a,a,true,483483.90
6419ae0434916e5dde92e2f2,main-trial-12,y,y,true,484262.30
6419ae0434916e5dde92e2f2,main-trial-12,r,r,true,484579.70
6419ae0434916e5dde92e2f2,main-trial-12, , ,true,484762.80
6419ae0434916e5dde92e2f2,main-trial-12,f,f,true,485622.90
6419ae0434916e5dde92e2f2,main-trial-12,e,e,true,485758.60
6419ae0434916e5dde92e2f2,main-trial-12, , ,true,486011.90
6419ae0434916e5dde92e2f2,main-trial-12,e,e,true,486319.30
6419ae0434916e5dde92e2f2,main-trial-12,f,f,true,486451.30
6419ae0434916e5dde92e2f2,main-trial-12, , ,true,486613.10
6419ae0434916e5dde92e2f2,main-trial-12,f,f,true,486933.60
6419ae0434916e5dde92e2f2,main-trial-12,e,e,true,487045.70
6419ae0434916e5dde92e2f2,main-trial-12, , ,true,487193.30
6419ae0434916e5dde92e2f2,main-trial-12,e,e,true,487400.30
6419ae0434916e5dde92e2f2,main-trial-12,f,f,true,487524.70
6419ae0434916e5dde92e2f2,main-trial-12, , ,true,487720.30
6419ae0434916e5dde92e2f2,main-trial-12,f,f,true,487997.40
6419ae0434916e5dde92e2f2,main-trial-12,e,e,true,488098.00
6419ae0434916e5dde92e2f2,main-trial-12, , ,true,488569.60
6419ae0434916e5dde92e2f2,main-trial-12,e,e,true,488852.20
6419ae0434916e5dde92e2f2,main-trial-12,f,f,true,489003.20
6419ae0434916e5dde92e2f2,main-trial-13,r,r,true,500249.10
6419ae0434916e5dde92e2f2,main-trial-13,p,p,true,500416.80
6419ae0434916e5dde92e2f2,main-trial-13,l,l,true,500443.60
6419ae0434916e5dde92e2f2,main-trial-13,e,e,true,500536.30
6419ae0434916e5dde92e2f2,main-trial-13,a,a,true,500623.70
6419ae0434916e5dde92e2f2,main-trial-13, , ,true,500836.20
6419ae0434916e5dde92e2f2,main-trial-13,w,w,true,501879.50
6419ae0434916e5dde92e2f2,main-trial-13,f,f,true,502283.20
6419ae0434916e5dde92e2f2,main-trial-13, , ,true,502544.60
6419ae0434916e5dde92e2f2,main-trial-13,w,w,true,503769.90
6419ae0434916e5dde92e2f2,main-trial-13,f,f,true,504125.40
6419ae0434916e5dde92e2f2,main-trial-13, , ,true,504269.50
6419ae0434916e5dde92e2f2,main-trial-13,w,w,true,504631.30
6419ae0434916e5dde92e2f2,main-trial-13,f,f,true,504778.20
6419ae0434916e5dde92e2f2,main-trial-13, , ,true,504937.80
6419ae0434916e5dde92e2f2,main-trial-13,r,r,true,506205.70
6419ae0434916e5dde92e2f2,main-trial-13,g,g,true,506586.90
6419ae0434916e5dde92e2f2,main-trial-13,q,q,true,508700.40
6419ae0434916e5dde92e2f2,main-trial-13,m,m,true,509661.20
6419ae0434916e5dde92e2f2,main-trial-13,q,q,true,509846.60
6419ae0434916e5dde92e2f2,main-trial-13, , ,true,510145.20
6419ae0434916e5dde92e2f2,main-trial-13,s,s,true,511070.00
6419ae0434916e5dde92e2f2,main-trial-13,r,r,true,511383.70
6419ae0434916e5dde92e2f2,main-trial-13, , ,true,511594.20
6419ae0434916e5dde92e2f2,main-trial-13,s,s,true,511807.40
6419ae0434916e5dde92e2f2,main-trial-13,r,r,true,512003.30
6419ae0434916e5dde92e2f2,main-trial-13, , ,true,512199.60
6419ae0434916e5dde92e2f2,main-trial-13,s,s,true,512410.70
6419ae0434916e5dde92e2f2,main-trial-13,r,r,true,512543.40
6419ae0434916e5dde92e2f2,main-trial-13, , ,true,512671.00
6419ae0434916e5dde92e2f2,main-trial-13,o,o,true,513453.20
6419ae0434916e5dde92e2f2,main-trial-13,o,o,true,513597.50
6419ae0434916e5dde92e2f2,main-trial-13,o,o,true,513755.40
6419ae0434916e5dde92e2f2,main-trial-13,m,m,true,514043.00
6419ae0434916e5dde92e2f2,main-trial-13,z,z,true,514956.60
6419ae0434916e5dde92e2f2,main-trial-13, , ,true,515341.60
6419ae0434916e5dde92e2f2,main-trial-13,w,w,true,515878.30
6419ae0434916e5dde92e2f2,main-trial-13,f,f,true,516237.90
6419ae0434916e5dde92e2f2,main-trial-13, , ,true,516402.80
6419ae0434916e5dde92e2f2,main-trial-13,s,s,true,516962.10
6419ae0434916e5dde92e2f2,main-trial-13,r,r,true,517288.10
6419ae0434916e5dde92e2f2,main-trial-13, , ,true,517481.80
6419ae0434916e5dde92e2f2,main-trial-13,w,w,true,517794.00
6419ae0434916e5dde92e2f2,main-trial-13,f,f,true,518161.30
6419ae0434916e5dde92e2f2,main-trial-13, , ,true,518273.10
6419ae0434916e5dde92e2f2,main-trial-13,s,s,true,518415.40
6419ae0434916e5dde92e2f2,main-trial-13,r,r,true,518967.00
6419ae0434916e5dde92e2f2,main-trial-13, , ,true,519141.60
6419ae0434916e5dde92e2f2,main-trial-13,w,w,true,519386.80
6419ae0434916e5dde92e2f2,main-trial-13,f,f,true,519568.20
6419ae0434916e5dde92e2f2,main-trial-13, , ,true,519737.50
6419ae0434916e5dde92e2f2,main-trial-13,s,s,true,519859.10
6419ae0434916e5dde92e2f2,main-trial-13,r,r,true,520050.50
6419ae0434916e5dde92e2f2,main-trial-14,o,o,true,524068.30
6419ae0434916e5dde92e2f2,main-trial-14,g,g,true,524556.00
6419ae0434916e5dde92e2f2,main-trial-14,z,z,true,525305.30
6419ae0434916e5dde92e2f2,main-trial-14,g,e,false,526095.60
6419ae0434916e5dde92e2f2,main-trial-14,g, ,false,526394.60
6419ae0434916e5dde92e2f2,main-trial-14,g,g,true,528231.90
6419ae0434916e5dde92e2f2,main-trial-14,e,e,true,528327.60
6419ae0434916e5dde92e2f2,main-trial-14, , ,true,528499.10
6419ae0434916e5dde92e2f2,main-trial-14,f,f,true,529112.50
6419ae0434916e5dde92e2f2,main-trial-14,r,r,true,529449.10
6419ae0434916e5dde92e2f2,main-trial-14, , ,true,529744.90
6419ae0434916e5dde92e2f2,main-trial-14,f,f,true,529989.00
6419ae0434916e5dde92e2f2,main-trial-14,r,r,true,530089.20
6419ae0434916e5dde92e2f2,main-trial-14, , ,true,530323.30
6419ae0434916e5dde92e2f2,main-trial-14,f,f,true,530556.20
6419ae0434916e5dde92e2f2,main-trial-14,r,r,true,530669.20
6419ae0434916e5dde92e2f2,main-trial-14, , ,true,530816.70
6419ae0434916e5dde92e2f2,main-trial-14,v,v,true,532061.60
6419ae0434916e5dde92e2f2,main-trial-14,d,d,true,532437.50
6419ae0434916e5dde92e2f2,main-trial-14,r,r,true,532761.40
6419ae0434916e5dde92e2f2,main-trial-14,u,u,true,533010.30
6419ae0434916e5dde92e2f2,main-trial-14,n,n,true,533198.00
6419ae0434916e5dde92e2f2,main-trial-14, , ,true,533513.40
6419ae0434916e5dde92e2f2,main-trial-14,f,f,true,534177.90
6419ae0434916e5dde92e2f2,main-trial-14,d,d,true,534306.00
6419ae0434916e5dde92e2f2,main-trial-14, , ,true,534462.20
6419ae0434916e5dde92e2f2,main-trial-14,f,f,true,535053.80
6419ae0434916e5dde92e2f2,main-trial-14,d,d,true,535185.80
6419ae0434916e5dde92e2f2,main-trial-14, , ,true,535347.80
6419ae0434916e5dde92e2f2,main-trial-14,f,f,true,535635.90
6419ae0434916e5dde92e2f2,main-trial-14,d,d,true,535752.00
6419ae0434916e5dde92e2f2,main-trial-14, , ,true,535868.90
6419ae0434916e5dde92e2f2,main-trial-14,i,i,true,537452.20
6419ae0434916e5dde92e2f2,main-trial-14,p,p,true,537834.60
6419ae0434916e5dde92e2f2,main-trial-14,p,p,true,537970.00
6419ae0434916e5dde92e2f2,main-trial-14,i,i,true,538607.60
6419ae0434916e5dde92e2f2,main-trial-14,b,b,true,539012.60
6419ae0434916e5dde92e2f2,main-trial-14, , ,true,539523.40
6419ae0434916e5dde92e2f2,main-trial-14,f,f,true,540075.50
6419ae0434916e5dde92e2f2,main-trial-14,r,r,true,540283.70
6419ae0434916e5dde92e2f2,main-trial-14, , ,true,540597.40
6419ae0434916e5dde92e2f2,main-trial-14,f,f,true,540995.30
6419ae0434916e5dde92e2f2,main-trial-14,d,d,true,541211.60
6419ae0434916e5dde92e2f2,main-trial-14, , ,true,541584.90
6419ae0434916e5dde92e2f2,main-trial-14,f,f,true,541770.10
6419ae0434916e5dde92e2f2,main-trial-14,r,r,true,541898.30
6419ae0434916e5dde92e2f2,main-trial-14, , ,true,542110.40
6419ae0434916e5dde92e2f2,main-trial-14,f,f,true,542264.00
6419ae0434916e5dde92e2f2,main-trial-14,d,d,true,542423.90
6419ae0434916e5dde92e2f2,main-trial-14, , ,true,542653.00
6419ae0434916e5dde92e2f2,main-trial-14,f,f,true,542773.60
6419ae0434916e5dde92e2f2,main-trial-14,r,r,true,542873.30
6419ae0434916e5dde92e2f2,main-trial-14, , ,true,543208.20
6419ae0434916e5dde92e2f2,main-trial-14,f,f,true,543375.80
6419ae0434916e5dde92e2f2,main-trial-14,d,d,true,543524.00
6419ae0434916e5dde92e2f2,main-trial-15,i,i,true,550171.60
6419ae0434916e5dde92e2f2,main-trial-15,i,i,true,550304.20
6419ae0434916e5dde92e2f2,main-trial-15,d,d,true,550652.80
6419ae0434916e5dde92e2f2,main-trial-15,j,j,true,551921.40
6419ae0434916e5dde92e2f2,main-trial-15,o,o,true,552030.20
6419ae0434916e5dde92e2f2,main-trial-15, , ,true,552352.00
6419ae0434916e5dde92e2f2,main-trial-15,e,e,true,552478.30
6419ae0434916e5dde92e2f2,main-trial-15,f,f,true,552615.50
6419ae0434916e5dde92e2f2,main-trial-15, , ,true,552755.10
6419ae0434916e5dde92e2f2,main-trial-15,e,e,true,552953.60
6419ae0434916e5dde92e2f2,main-trial-15,f,f,true,553102.30
6419ae0434916e5dde92e2f2,main-trial-15, , ,true,553225.70
6419ae0434916e5dde92e2f2,main-trial-15,e,e,true,553363.10
6419ae0434916e5dde92e2f2,main-trial-15,f,f,true,553523.90
6419ae0434916e5dde92e2f2,main-trial-15, , ,true,553611.30
6419ae0434916e5dde92e2f2,main-trial-15,o,o,true,554322.30
6419ae0434916e5dde92e2f2,main-trial-15,x,x,true,555324.20
6419ae0434916e5dde92e2f2,main-trial-15,a, ,false,555525.90
6419ae0434916e5dde92e2f2,main-trial-15,a,a,true,556163.30
6419ae0434916e5dde92e2f2,main-trial-15,j,j,true,556379.80
6419ae0434916e5dde92e2f2,main-trial-15,j,j,true,556529.30
6419ae0434916e5dde92e2f2,main-trial-15, , ,true,556961.90
6419ae0434916e5dde92e2f2,main-trial-15,f,f,true,557623.10
6419ae0434916e5dde92e2f2,main-trial-15,e,e,true,557727.20
6419ae0434916e5dde92e2f2,main-trial-15, , ,true,557865.60
6419ae0434916e5dde92e2f2,main-trial-15,f,f,true,558061.40
6419ae0434916e5dde92e2f2,main-trial-15,e, ,false,558241.80
6419ae0434916e5dde92e2f2,main-trial-15,e,e,true,558479.60
6419ae0434916e5dde92e2f2,main-trial-15, ,e,false,558751.30
6419ae0434916e5dde92e2f2,main-trial-15, , ,true,558989.80
6419ae0434916e5dde92e2f2,main-trial-15,f,f,true,559110.00
6419ae0434916e5dde92e2f2,main-trial-15,e,e,true,559193.50
6419ae0434916e5dde92e2f2,main-trial-15, , ,true,559340.30
6419ae0434916e5dde92e2f2,main-trial-15,u,u,true,560085.10
6419ae0434916e5dde92e2f2,main-trial-15,x,x,true,560813.40
6419ae0434916e5dde92e2f2,main-trial-15,h,h,true,561374.00
6419ae0434916e5dde92e2f2,main-trial-15,p,p,true,562114.00
6419ae0434916e5dde92e2f2,main-trial-15,l,l,true,562177.30
6419ae0434916e5dde92e2f2,main-trial-15, , ,true,562468.70
6419ae0434916e5dde92e2f2,main-trial-15,e,e,true,563079.40
6419ae0434916e5dde92e2f2,main-trial-15,f,f,true,563302.30
6419ae0434916e5dde92e2f2,main-trial-15, , ,true,563428.40
6419ae0434916e5dde92e2f2,main-trial-15,f,f,true,563659.70
6419ae0434916e5dde92e2f2,main-trial-15,e,e,true,563768.00
6419ae0434916e5dde92e2f2,main-trial-15, , ,true,563886.90
6419ae0434916e5dde92e2f2,main-trial-15,e,e,true,564007.10
6419ae0434916e5dde92e2f2,main-trial-15,f,f,true,564131.60
6419ae0434916e5dde92e2f2,main-trial-15, , ,true,564275.60
6419ae0434916e5dde92e2f2,main-trial-15,f,f,true,564444.30
6419ae0434916e5dde92e2f2,main-trial-15,e,e,true,564568.90
6419ae0434916e5dde92e2f2,main-trial-15, , ,true,564723.70
6419ae0434916e5dde92e2f2,main-trial-15,e,e,true,565202.60
6419ae0434916e5dde92e2f2,main-trial-15,f,f,true,565338.60
6419ae0434916e5dde92e2f2,main-trial-15, , ,true,565511.40
6419ae0434916e5dde92e2f2,main-trial-15,f,f,true,565665.80
6419ae0434916e5dde92e2f2,main-trial-15,e,e,true,565778.50
6419ae0434916e5dde92e2f2,main-trial-16,j,j,true,571773.50
6419ae0434916e5dde92e2f2,main-trial-16,r,r,true,572177.90
6419ae0434916e5dde92e2f2,main-trial-16,i,i,true,572451.30
6419ae0434916e5dde92e2f2,main-trial-16,z,z,true,573142.80
6419ae0434916e5dde92e2f2,main-trial-16,t,t,true,573654.40
6419ae0434916e5dde92e2f2,main-trial-16, , ,true,573820.60
6419ae0434916e5dde92e2f2,main-trial-16,f,f,true,574410.70
6419ae0434916e5dde92e2f2,main-trial-16,d,d,true,574535.60
6419ae0434916e5dde92e2f2,main-trial-16, , ,true,574694.00
6419ae0434916e5dde92e2f2,main-trial-16,f,f,true,575009.50
6419ae0434916e5dde92e2f2,main-trial-16,d,d,true,575157.60
6419ae0434916e5dde92e2f2,main-trial-16, , ,true,575309.70
6419ae0434916e5dde92e2f2,main-trial-16,f,f,true,575522.50
6419ae0434916e5dde92e2f2,main-trial-16,d,d,true,575630.50
6419ae0434916e5dde92e2f2,main-trial-16, , ,true,575755.60
6419ae0434916e5dde92e2f2,main-trial-16,l,l,true,576196.20
6419ae0434916e5dde92e2f2,main-trial-16,e,e,true,576346.30
6419ae0434916e5dde92e2f2,main-trial-16,j,j,true,576953.20
6419ae0434916e5dde92e2f2,main-trial-16,v,v,true,577406.80
6419ae0434916e5dde92e2f2,main-trial-16,p,p,true,577737.40
6419ae0434916e5dde92e2f2,main-trial-16, , ,true,577964.70
6419ae0434916e5dde92e2f2,main-trial-16,c,c,true,578512.30
6419ae0434916e5dde92e2f2,main-trial-16,e,e,true,578620.50
6419ae0434916e5dde92e2f2,main-trial-16, , ,true,578764.50
6419ae0434916e5dde92e2f2,main-trial-16,c,c,true,578943.90
6419ae0434916e5dde92e2f2,main-trial-16,e,e,true,579056.30
6419ae0434916e5dde92e2f2,main-trial-16, , ,true,579232.70
6419ae0434916e5dde92e2f2,main-trial-16,c,c,true,579398.60
6419ae0434916e5dde92e2f2,main-trial-16,e,e,true,579465.50
6419ae0434916e5dde92e2f2,main-trial-16, , ,true,579642.00
6419ae0434916e5dde92e2f2,main-trial-16,u,u,true,580427.10
6419ae0434916e5dde92e2f2,main-trial-16,w,w,true,581195.70
6419ae0434916e5dde92e2f2,main-trial-16,b,b,true,582564.10
6419ae0434916e5dde92e2f2,main-trial-16,h,h,true,582941.80
6419ae0434916e5dde92e2f2,main-trial-16,r,r,true,583103.70
6419ae0434916e5dde92e2f2,main-trial-16, , ,true,583292.60
6419ae0434916e5dde92e2f2,main-trial-16,f,f,true,583841.40
6419ae0434916e5dde92e2f2,main-trial-16,d,d,true,583961.50
6419ae0434916e5dde92e2f2,main-trial-16, , ,true,584092.00
6419ae0434916e5dde92e2f2,main-trial-16,c,c,true,584500.20
6419ae0434916e5dde92e2f2,main-trial-16,e,e,true,584612.80
6419ae0434916e5dde92e2f2,main-trial-16, , ,true,584788.60
6419ae0434916e5dde92e2f2,main-trial-16,f,f,true,584995.80
6419ae0434916e5dde92e2f2,main-trial-16,d,d,true,585092.10
6419ae0434916e5dde92e2f2,main-trial-16, , ,true,585288.00
6419ae0434916e5dde92e2f2,main-trial-16,c,c,true,585421.90
6419ae0434916e5dde92e2f2,main-trial-16,e,e,true,585601.60
6419ae0434916e5dde92e2f2,main-trial-16, , ,true,585769.10
6419ae0434916e5dde92e2f2,main-trial-16,f,f,true,585966.00
6419ae0434916e5dde92e2f2,main-trial-16,d,d,true,586077.80
6419ae0434916e5dde92e2f2,main-trial-16, , ,true,586299.70
6419ae0434916e5dde92e2f2,main-trial-16,c,c,true,586431.50
6419ae0434916e5dde92e2f2,main-trial-16,e,e,true,586596.20
6419ae0434916e5dde92e2f2,main-trial-17,p,p,true,590665.30
6419ae0434916e5dde92e2f2,main-trial-17,p,p,true,590809.20
6419ae0434916e5dde92e2f2,main-trial-17,b,b,true,601369.90
6419ae0434916e5dde92e2f2,main-trial-17,h,h,true,603280.80
6419ae0434916e5dde92e2f2,main-trial-17,o,o,true,603372.70
6419ae0434916e5dde92e2f2,main-trial-17, , ,true,603730.50
6419ae0434916e5dde92e2f2,main-trial-17,f,f,true,604269.20
6419ae0434916e5dde92e2f2,main-trial-17,d,d,true,604389.10
6419ae0434916e5dde92e2f2,main-trial-17, , ,true,604576.00
6419ae0434916e5dde92e2f2,main-trial-17,f,f,true,605948.90
6419ae0434916e5dde92e2f2,main-trial-17,d,d,true,606081.20
6419ae0434916e5dde92e2f2,main-trial-17, , ,true,606401.40
6419ae0434916e5dde92e2f2,main-trial-17,f,f,true,606662.80
6419ae0434916e5dde92e2f2,main-trial-17,d,d,true,606755.70
6419ae0434916e5dde92e2f2,main-trial-17, , ,true,606910.00
6419ae0434916e5dde92e2f2,main-trial-17,f,f,true,607385.70
6419ae0434916e5dde92e2f2,main-trial-17,m,m,true,608720.80
6419ae0434916e5dde92e2f2,main-trial-17,t,t,true,609454.60
6419ae0434916e5dde92e2f2,main-trial-17,k,k,true,610871.70
6419ae0434916e5dde92e2f2,main-trial-17,x,x,true,611546.40
6419ae0434916e5dde92e2f2,main-trial-17, , ,true,611830.70
6419ae0434916e5dde92e2f2,main-trial-17,d,d,true,612178.80
6419ae0434916e5dde92e2f2,main-trial-17,r,r,true,612498.90
6419ae0434916e5dde92e2f2,main-trial-17, , ,true,612666.50
6419ae0434916e5dde92e2f2,main-trial-17,d,d,true,612816.10
6419ae0434916e5dde92e2f2,main-trial-17,r,r,true,612992.50
6419ae0434916e5dde92e2f2,main-trial-17, , ,true,613124.20
6419ae0434916e5dde92e2f2,main-trial-17,d,d,true,613259.40
6419ae0434916e5dde92e2f2,main-trial-17,r,r,true,613444.60
6419ae0434916e5dde92e2f2,main-trial-17, , ,true,613618.20
6419ae0434916e5dde92e2f2,main-trial-17,j,k,false,614182.80
6419ae0434916e5dde92e2f2,main-trial-17,j,j,true,615066.50
6419ae0434916e5dde92e2f2,main-trial-17,i,i,true,615174.90
6419ae0434916e5dde92e2f2,main-trial-17,n,n,true,615338.90
6419ae0434916e5dde92e2f2,main-trial-17,k,k,true,615409.90
6419ae0434916e5dde92e2f2,main-trial-17,j, ,false,615911.10
6419ae0434916e5dde92e2f2,main-trial-17,j,f,false,616255.40
6419ae0434916e5dde92e2f2,main-trial-17,j,d,false,616383.30
6419ae0434916e5dde92e2f2,main-trial-17,j, ,false,616534.40
6419ae0434916e5dde92e2f2,main-trial-17,j,d,false,616809.70
6419ae0434916e5dde92e2f2,main-trial-17,j,f,false,618135.30
6419ae0434916e5dde92e2f2,main-trial-17,j,d,false,618227.60
6419ae0434916e5dde92e2f2,main-trial-17,j,j,true,619378.50
6419ae0434916e5dde92e2f2,main-trial-17, , ,true,619815.30
6419ae0434916e5dde92e2f2,main-trial-17,f,f,true,620052.20
6419ae0434916e5dde92e2f2,main-trial-17,d,d,true,620148.50
6419ae0434916e5dde92e2f2,main-trial-17, , ,true,620773.20
6419ae0434916e5dde92e2f2,main-trial-17,d,d,true,620881.40
6419ae0434916e5dde92e2f2,main-trial-17,r,r,true,621089.30
6419ae0434916e5dde92e2f2,main-trial-17, ,f,false,622469.50
6419ae0434916e5dde92e2f2,main-trial-17, , ,true,622575.10
6419ae0434916e5dde92e2f2,main-trial-17,f,d,false,622920.40
6419ae0434916e5dde92e2f2,main-trial-17,f,d,false,623585.80
6419ae0434916e5dde92e2f2,main-trial-17,f,f,true,623815.30
6419ae0434916e5dde92e2f2,main-trial-17,d,d,true,623908.20
6419ae0434916e5dde92e2f2,main-trial-17, ,f,false,624028.40
6419ae0434916e5dde92e2f2,main-trial-17, ,d,false,624120.00
6419ae0434916e5dde92e2f2,main-trial-17, ,d,false,624597.20
6419ae0434916e5dde92e2f2,main-trial-17, ,r,false,624785.60
6419ae0434916e5dde92e2f2,main-trial-17, , ,true,625387.80
6419ae0434916e5dde92e2f2,main-trial-17,d,f,false,625559.90
6419ae0434916e5dde92e2f2,main-trial-17,d,d,true,625740.20
6419ae0434916e5dde92e2f2,main-trial-17,r,e,false,626083.60
6419ae0434916e5dde92e2f2,main-trial-17,r,f,false,626155.00
6419ae0434916e5dde92e2f2,main-trial-17,r,r,true,627335.40
6419ae0434916e5dde92e2f2,main-trial-17, ,f,false,628151.60
6419ae0434916e5dde92e2f2,main-trial-17, ,d,false,628255.20
6419ae0434916e5dde92e2f2,main-trial-17, , ,true,628767.40
6419ae0434916e5dde92e2f2,main-trial-17,f,f,true,629552.50
6419ae0434916e5dde92e2f2,main-trial-17,d,d,true,629623.80
6419ae0434916e5dde92e2f2,main-trial-17, , ,true,629938.60
6419ae0434916e5dde92e2f2,main-trial-17,d,d,true,630306.20
6419ae0434916e5dde92e2f2,main-trial-17,r,r,true,630530.70
6419ae0434916e5dde92e2f2,main-trial-18,g,q,false,638072.20
6419ae0434916e5dde92e2f2,main-trial-18,g,g,true,640623.80
6419ae0434916e5dde92e2f2,main-trial-18,q,q,true,640938.40
6419ae0434916e5dde92e2f2,main-trial-18,a,a,true,641332.10
6419ae0434916e5dde92e2f2,main-trial-18,p,p,true,642027.90
6419ae0434916e5dde92e2f2,main-trial-18,x,x,true,642493.60
6419ae0434916e5dde92e2f2,main-trial-18, , ,true,642846.90
6419ae0434916e5dde92e2f2,main-trial-18,d,d,true,643633.10
6419ae0434916e5dde92e2f2,main-trial-18,s,s,true,643720.40
6419ae0434916e5dde92e2f2,main-trial-18, , ,true,644012.50
6419ae0434916e5dde92e2f2,main-trial-18,d,d,true,644192.40
6419ae0434916e5dde92e2f2,main-trial-18,s,s,true,644292.90
6419ae0434916e5dde92e2f2,main-trial-18, , ,true,644472.10
6419ae0434916e5dde92e2f2,main-trial-18,d,d,true,644652.30
6419ae0434916e5dde92e2f2,main-trial-18,s,s,true,644752.80
6419ae0434916e5dde92e2f2,main-trial-18, , ,true,644949.70
6419ae0434916e5dde92e2f2,main-trial-18,i,i,true,645855.40
6419ae0434916e5dde92e2f2,main-trial-18,l,l,true,646126.80
6419ae0434916e5dde92e2f2,main-trial-18,i,i,true,646387.80
6419ae0434916e5dde92e2f2,main-trial-18,q,q,true,647341.90
6419ae0434916e5dde92e2f2,main-trial-18,v,v,true,647938.00
6419ae0434916e5dde92e2f2,main-trial-18, , ,true,648099.40
6419ae0434916e5dde92e2f2,main-trial-18,w,w,true,648796.10
6419ae0434916e5dde92e2f2,main-trial-18,d,d,true,649076.20
6419ae0434916e5dde92e2f2,main-trial-18, , ,true,649334.70
6419ae0434916e5dde92e2f2,main-trial-18,w,w,true,649586.60
6419ae0434916e5dde92e2f2,main-trial-18,d,d,true,649762.70
6419ae0434916e5dde92e2f2,main-trial-18, , ,true,649962.20
6419ae0434916e5dde92e2f2,main-trial-18,w,w,true,650103.80
6419ae0434916e5dde92e2f2,main-trial-18,d,d,true,650227.80
6419ae0434916e5dde92e2f2,main-trial-18, , ,true,650451.20
6419ae0434916e5dde92e2f2,main-trial-18,x,x,true,651516.30
6419ae0434916e5dde92e2f2,main-trial-18,m,m,true,651786.60
6419ae0434916e5dde92e2f2,main-trial-18,x,x,true,652747.00
6419ae0434916e5dde92e2f2,main-trial-18,y,y,true,653314.40
6419ae0434916e5dde92e2f2,main-trial-18,n,n,true,653534.80
6419ae0434916e5dde92e2f2,main-trial-18, , ,true,654474.40
6419ae0434916e5dde92e2f2,main-trial-18,d,d,true,654687.30
6419ae0434916e5dde92e2f2,main-trial-18,s,s,true,654747.00
6419ae0434916e5dde92e2f2,main-trial-18, , ,true,654964.50
6419ae0434916e5dde92e2f2,main-trial-18,w,w,true,655311.10
6419ae0434916e5dde92e2f2,main-trial-18,d,s,false,655654.90
6419ae0434916e5dde92e2f2,main-trial-18,d, ,false,656032.60
6419ae0434916e5dde92e2f2,main-trial-18,d,d,true,656230.70
6419ae0434916e5dde92e2f2,main-trial-18, ,d,false,657424.50
6419ae0434916e5dde92e2f2,main-trial-18, ,s,false,657540.20
6419ae0434916e5dde92e2f2,main-trial-18, , ,true,658073.30
6419ae0434916e5dde92e2f2,main-trial-18,d,d,true,658539.20
6419ae0434916e5dde92e2f2,main-trial-18,s,s,true,658627.20
6419ae0434916e5dde92e2f2,main-trial-18, , ,true,659240.30
6419ae0434916e5dde92e2f2,main-trial-18,w,w,true,659489.30
6419ae0434916e5dde92e2f2,main-trial-18,d,s,false,659746.10
6419ae0434916e5dde92e2f2,main-trial-18,d,d,true,660162.50
6419ae0434916e5dde92e2f2,main-trial-18, , ,true,660648.30
6419ae0434916e5dde92e2f2,main-trial-18,d,d,true,660896.60
6419ae0434916e5dde92e2f2,main-trial-18,s,s,true,660972.50
6419ae0434916e5dde92e2f2,main-trial-18, , ,true,661211.10
6419ae0434916e5dde92e2f2,main-trial-18,w,w,true,661367.10
6419ae0434916e5dde92e2f2,main-trial-18,d,d,true,661629.60
6419ae0434916e5dde92e2f2,main-trial-19,i,i,true,671386.80
6419ae0434916e5dde92e2f2,main-trial-19,p,p,true,672452.80
6419ae0434916e5dde92e2f2,main-trial-19,q,q,true,673836.00
6419ae0434916e5dde92e2f2,main-trial-19,t,t,true,674144.60
6419ae0434916e5dde92e2f2,main-trial-19,n,n,true,674475.20
6419ae0434916e5dde92e2f2,main-trial-19, , ,true,674695.70
6419ae0434916e5dde92e2f2,main-trial-19,d,d,true,675007.80
6419ae0434916e5dde92e2f2,main-trial-19,r,r,true,675329.00
6419ae0434916e5dde92e2f2,main-trial-19, , ,true,675647.80
6419ae0434916e5dde92e2f2,main-trial-19,d,d,true,675810.30
6419ae0434916e5dde92e2f2,main-trial-19,r,r,true,676083.00
6419ae0434916e5dde92e2f2,main-trial-19, , ,true,676391.00
6419ae0434916e5dde92e2f2,main-trial-19,d,d,true,676515.60
6419ae0434916e5dde92e2f2,main-trial-19,r,r,true,676791.60
6419ae0434916e5dde92e2f2,main-trial-19, , ,true,676993.80
6419ae0434916e5dde92e2f2,main-trial-19,z,x,false,678621.80
6419ae0434916e5dde92e2f2,main-trial-19,z,z,true,680018.10
6419ae0434916e5dde92e2f2,main-trial-19,g,g,true,681169.10
6419ae0434916e5dde92e2f2,main-trial-19,h,h,true,681472.30
6419ae0434916e5dde92e2f2,main-trial-19,b,b,true,682230.70
6419ae0434916e5dde92e2f2,main-trial-19,y,y,true,682537.20
6419ae0434916e5dde92e2f2,main-trial-19, , ,true,682727.40
6419ae0434916e5dde92e2f2,main-trial-19,f,f,true,683230.70
6419ae0434916e5dde92e2f2,main-trial-19,d,d,true,683359.00
6419ae0434916e5dde92e2f2,main-trial-19, , ,true,683483.90
6419ae0434916e5dde92e2f2,main-trial-19,f,f,true,683702.70
6419ae0434916e5dde92e2f2,main-trial-19,d,d,true,683823.40
6419ae0434916e5dde92e2f2,main-trial-19, , ,true,683984.60
6419ae0434916e5dde92e2f2,main-trial-19,f,f,true,684132.30
6419ae0434916e5dde92e2f2,main-trial-19,d,d,true,684248.80
6419ae0434916e5dde92e2f2,main-trial-19, , ,true,684509.20
6419ae0434916e5dde92e2f2,main-trial-19,w,w,true,685181.70
6419ae0434916e5dde92e2f2,main-trial-19,f,f,true,685753.00
6419ae0434916e5dde92e2f2,main-trial-19,z,z,true,687119.70
6419ae0434916e5dde92e2f2,main-trial-19,u,u,true,687417.90
6419ae0434916e5dde92e2f2,main-trial-19,y,y,true,687683.00
6419ae0434916e5dde92e2f2,main-trial-19, , ,true,688087.80
6419ae0434916e5dde92e2f2,main-trial-19,d,d,true,688544.60
6419ae0434916e5dde92e2f2,main-trial-19,r,r,true,688849.40
6419ae0434916e5dde92e2f2,main-trial-19, , ,true,689063.70
6419ae0434916e5dde92e2f2,main-trial-19,f,f,true,689793.60
6419ae0434916e5dde92e2f2,main-trial-19,d,d,true,689881.70
6419ae0434916e5dde92e2f2,main-trial-19, , ,true,690136.70
6419ae0434916e5dde92e2f2,main-trial-19,d,d,true,690741.80
6419ae0434916e5dde92e2f2,main-trial-19,r,r,true,691056.70
6419ae0434916e5dde92e2f2,main-trial-19, , ,true,691331.40
6419ae0434916e5dde92e2f2,main-trial-19,f,f,true,691744.60
6419ae0434916e5dde92e2f2,main-trial-19,d,d,true,691852.70
6419ae0434916e5dde92e2f2,main-trial-19, , ,true,692241.20
6419ae0434916e5dde92e2f2,main-trial-19,d,d,true,692871.70
6419ae0434916e5dde92e2f2,main-trial-19,r,r,true,693151.30
6419ae0434916e5dde92e2f2,main-trial-19, , ,true,693340.40
6419ae0434916e5dde92e2f2,main-trial-19,f,f,true,693788.00
6419ae0434916e5dde92e2f2,main-trial-19,d,d,true,693895.40
6419ae0434916e5dde92e2f2,main-trial-20,s,s,true,699095.20
6419ae0434916e5dde92e2f2,main-trial-20,t,t,true,699653.30
6419ae0434916e5dde92e2f2,main-trial-20,v,v,true,700611.50
6419ae0434916e5dde92e2f2,main-trial-20,h,h,true,700793.20
6419ae0434916e5dde92e2f2,main-trial-20,l,l,true,701138.10
6419ae0434916e5dde92e2f2,main-trial-20, , ,true,701408.70
6419ae0434916e5dde92e2f2,main-trial-20,w,w,true,701714.90
6419ae0434916e5dde92e2f2,main-trial-20,d,d,true,702081.60
6419ae0434916e5dde92e2f2,main-trial-20, , ,true,702238.20
6419ae0434916e5dde92e2f2,main-trial-20,w,w,true,702422.10
6419ae0434916e5dde92e2f2,main-trial-20,d,d,true,702586.40
6419ae0434916e5dde92e2f2,main-trial-20, , ,true,702807.10
6419ae0434916e5dde92e2f2,main-trial-20,w,w,true,703042.80
6419ae0434916e5dde92e2f2,main-trial-20,d,d,true,703263.70
6419ae0434916e5dde92e2f2,main-trial-20, , ,true,703485.00
6419ae0434916e5dde92e2f2,main-trial-20,g,g,true,704087.70
6419ae0434916e5dde92e2f2,main-trial-20,g,g,true,704257.00
6419ae0434916e5dde92e2f2,main-trial-20,f,f,true,704617.20
6419ae0434916e5dde92e2f2,main-trial-20,u,u,true,704910.50
6419ae0434916e5dde92e2f2,main-trial-20,h,h,true,704974.80
6419ae0434916e5dde92e2f2,main-trial-20, , ,true,705251.40
6419ae0434916e5dde92e2f2,main-trial-20,s,s,true,705574.10
6419ae0434916e5dde92e2f2,main-trial-20,e,e,true,705741.50
6419ae0434916e5dde92e2f2,main-trial-20, , ,true,705924.90
6419ae0434916e5dde92e2f2,main-trial-20,s,s,true,706090.20
6419ae0434916e5dde92e2f2,main-trial-20,e,e,true,706222.40
6419ae0434916e5dde92e2f2,main-trial-20, , ,true,706430.80
6419ae0434916e5dde92e2f2,main-trial-20,s,s,true,706592.50
6419ae0434916e5dde92e2f2,main-trial-20,e,e,true,706705.50
6419ae0434916e5dde92e2f2,main-trial-20, , ,true,707045.10
6419ae0434916e5dde92e2f2,main-trial-20,p,p,true,707591.50
6419ae0434916e5dde92e2f2,main-trial-20,a,a,true,707750.10
6419ae0434916e5dde92e2f2,main-trial-20,l,l,true,707948.00
6419ae0434916e5dde92e2f2,main-trial-20,p,p,true,708217.50
6419ae0434916e5dde92e2f2,main-trial-20,z, ,false,709145.30
6419ae0434916e5dde92e2f2,main-trial-20,z,w,false,709544.20
6419ae0434916e5dde92e2f2,main-trial-20,z,d,false,709825.70
6419ae0434916e5dde92e2f2,main-trial-20,z, ,false,710067.20
6419ae0434916e5dde92e2f2,main-trial-20,z,z,true,711133.90
6419ae0434916e5dde92e2f2,main-trial-20, , ,true,711444.70
6419ae0434916e5dde92e2f2,main-trial-20,w,w,true,711651.20
6419ae0434916e5dde92e2f2,main-trial-20,d,e,false,711788.10
6419ae0434916e5dde92e2f2,main-trial-20,d, ,false,712094.10
6419ae0434916e5dde92e2f2,main-trial-20,d,d,true,713107.10
6419ae0434916e5dde92e2f2,main-trial-20, , ,true,713338.20
6419ae0434916e5dde92e2f2,main-trial-20,s,s,true,713556.00
6419ae0434916e5dde92e2f2,main-trial-20,e,e,true,713656.10
6419ae0434916e5dde92e2f2,main-trial-20, , ,true,713942.70
6419ae0434916e5dde92e2f2,main-trial-20,w,w,true,714267.20
6419ae0434916e5dde92e2f2,main-trial-20,d,d,true,714484.40
6419ae0434916e5dde92e2f2,main-trial-20, , ,true,714714.20
6419ae0434916e5dde92e2f2,main-trial-20,s,s,true,714839.90
6419ae0434916e5dde92e2f2,main-trial-20,e,e,true,714991.90
6419ae0434916e5dde92e2f2,main-trial-20, , ,true,715168.70
6419ae0434916e5dde92e2f2,main-trial-20,w,w,true,715421.70
6419ae0434916e5dde92e2f2,main-trial-20,d,s,false,715826.00
6419ae0434916e5dde92e2f2,main-trial-20,d,d,true,716454.60
6419ae0434916e5dde92e2f2,main-trial-20, , ,true,716653.20
6419ae0434916e5dde92e2f2,main-trial-20,s,s,true,716786.70
6419ae0434916e5dde92e2f2,main-trial-20,e,e,true,716871.50
6419ae0434916e5dde92e2f2,main-trial-21,a,a,true,722170.60
6419ae0434916e5dde92e2f2,main-trial-21,k,k,true,724294.80
6419ae0434916e5dde92e2f2,main-trial-21,f,f,true,725428.40
6419ae0434916e5dde92e2f2,main-trial-21,y,y,true,725731.50
6419ae0434916e5dde92e2f2,main-trial-21,z,z,true,726041.00
6419ae0434916e5dde92e2f2,main-trial-21, , ,true,726297.60
6419ae0434916e5dde92e2f2,main-trial-21,v,v,true,727133.80
6419ae0434916e5dde92e2f2,main-trial-21,r,r,true,727377.60
6419ae0434916e5dde92e2f2,main-trial-21, , ,true,727626.50
6419ae0434916e5dde92e2f2,main-trial-21,v,v,true,727835.20
6419ae0434916e5dde92e2f2,main-trial-21,r,r,true,727943.60
6419ae0434916e5dde92e2f2,main-trial-21, , ,true,728290.00
6419ae0434916e5dde92e2f2,main-trial-21,v,v,true,728452.30
6419ae0434916e5dde92e2f2,main-trial-21,r,r,true,728573.40
6419ae0434916e5dde92e2f2,main-trial-21, , ,true,728919.90
6419ae0434916e5dde92e2f2,main-trial-21,c,c,true,729431.70
6419ae0434916e5dde92e2f2,main-trial-21,r,r,true,729749.80
6419ae0434916e5dde92e2f2,main-trial-21,c,c,true,730117.90
6419ae0434916e5dde92e2f2,main-trial-21,i,i,true,730976.00
6419ae0434916e5dde92e2f2,main-trial-21,f,f,true,731142.30
6419ae0434916e5dde92e2f2,main-trial-21, , ,true,731337.50
6419ae0434916e5dde92e2f2,main-trial-21,f,f,true,731800.30
6419ae0434916e5dde92e2f2,main-trial-21,r,r,true,732052.20
6419ae0434916e5dde92e2f2,main-trial-21, ,f,false,732343.70
6419ae0434916e5dde92e2f2,main-trial-21, ,r,false,732585.40
6419ae0434916e5dde92e2f2,main-trial-21, , ,true,732773.30
6419ae0434916e5dde92e2f2,main-trial-21,f,f,true,732962.40
6419ae0434916e5dde92e2f2,main-trial-21,r,r,true,733254.40
6419ae0434916e5dde92e2f2,main-trial-21, , ,true,733486.70
6419ae0434916e5dde92e2f2,main-trial-21,f,f,true,733672.10
6419ae0434916e5dde92e2f2,main-trial-21,r,r,true,733958.60
6419ae0434916e5dde92e2f2,main-trial-21, , ,true,734128.20
6419ae0434916e5dde92e2f2,main-trial-21,x,x,true,734734.60
6419ae0434916e5dde92e2f2,main-trial-21,x,x,true,734907.80
6419ae0434916e5dde92e2f2,main-trial-21,w,w,true,737080.60
6419ae0434916e5dde92e2f2,main-trial-21,z,z,true,737634.80
6419ae0434916e5dde92e2f2,main-trial-21,c,x,false,738681.30
6419ae0434916e5dde92e2f2,main-trial-21,c, ,false,739003.70
6419ae0434916e5dde92e2f2,main-trial-21,c,v,false,739865.20
6419ae0434916e5dde92e2f2,main-trial-21,c,r,false,740073.00
6419ae0434916e5dde92e2f2,main-trial-21,c, ,false,740269.20
6419ae0434916e5dde92e2f2,main-trial-21,c,c,true,742126.20
6419ae0434916e5dde92e2f2,main-trial-21, , ,true,742296.00
6419ae0434916e5dde92e2f2,main-trial-21,v,v,true,742711.30
6419ae0434916e5dde92e2f2,main-trial-21,r,r,true,742974.70
6419ae0434916e5dde92e2f2,main-trial-21, , ,true,743618.20
6419ae0434916e5dde92e2f2,main-trial-21,f,f,true,743947.40
6419ae0434916e5dde92e2f2,main-trial-21,r,r,true,744248.40
6419ae0434916e5dde92e2f2,main-trial-21, , ,true,744527.80
6419ae0434916e5dde92e2f2,main-trial-21,v,v,true,745281.20
6419ae0434916e5dde92e2f2,main-trial-21,r,r,true,745599.30
6419ae0434916e5dde92e2f2,main-trial-21, , ,true,745762.00
6419ae0434916e5dde92e2f2,main-trial-21,f,f,true,746425.90
6419ae0434916e5dde92e2f2,main-trial-21,r,r,true,746646.70
6419ae0434916e5dde92e2f2,main-trial-21, , ,true,746899.10
6419ae0434916e5dde92e2f2,main-trial-21,v,v,true,747717.80
6419ae0434916e5dde92e2f2,main-trial-21,r,r,true,748003.60
6419ae0434916e5dde92e2f2,main-trial-21, , ,true,748233.20
6419ae0434916e5dde92e2f2,main-trial-21,f,f,true,748757.20
6419ae0434916e5dde92e2f2,main-trial-21,r,r,true,748931.00
6419ae0434916e5dde92e2f2,main-trial-21,, ,false,749105.10
6419ae0434916e5dde92e2f2,main-trial-22,r,r,true,765950.50
6419ae0434916e5dde92e2f2,main-trial-22,f,f,true,766296.70
6419ae0434916e5dde92e2f2,main-trial-22,m,m,true,767101.90
6419ae0434916e5dde92e2f2,main-trial-22,y,y,true,767561.90
6419ae0434916e5dde92e2f2,main-trial-22,v,v,true,768208.10
6419ae0434916e5dde92e2f2,main-trial-22, , ,true,768588.80
6419ae0434916e5dde92e2f2,main-trial-22,z,z,true,769343.10
6419ae0434916e5dde92e2f2,main-trial-22,x,x,true,769707.50
6419ae0434916e5dde92e2f2,main-trial-22, ,x,false,770030.40
6419ae0434916e5dde92e2f2,main-trial-22, , ,true,770385.50
6419ae0434916e5dde92e2f2,main-trial-22,z,z,true,770585.40
6419ae0434916e5dde92e2f2,main-trial-22,x,x,true,770713.30
6419ae0434916e5dde92e2f2,main-trial-22, , ,true,770960.40
6419ae0434916e5dde92e2f2,main-trial-22,z,z,true,771184.30
6419ae0434916e5dde92e2f2,main-trial-22,x,x,true,771308.30
6419ae0434916e5dde92e2f2,main-trial-22, , ,true,771487.60
6419ae0434916e5dde92e2f2,main-trial-22,b,b,true,772120.70
6419ae0434916e5dde92e2f2,main-trial-22,y,y,true,772608.70
6419ae0434916e5dde92e2f2,main-trial-22,w,w,true,773074.80
6419ae0434916e5dde92e2f2,main-trial-22,e,e,true,773288.60
6419ae0434916e5dde92e2f2,main-trial-22,g,g,true,773477.30
6419ae0434916e5dde92e2f2,main-trial-22, , ,true,773800.50
6419ae0434916e5dde92e2f2,main-trial-22,z,z,true,774305.80
6419ae0434916e5dde92e2f2,main-trial-22,e,e,true,774736.00
6419ae0434916e5dde92e2f2,main-trial-22, ,z,false,775027.70
6419ae0434916e5dde92e2f2,main-trial-22, ,e,false,775192.20
6419ae0434916e5dde92e2f2,main-trial-22, , ,true,775433.10
6419ae0434916e5dde92e2f2,main-trial-22,z,z,true,775628.30
6419ae0434916e5dde92e2f2,main-trial-22,e,e,true,775724.30
6419ae0434916e5dde92e2f2,main-trial-22, , ,true,775967.90
6419ae0434916e5dde92e2f2,main-trial-22,z,z,true,776149.80
6419ae0434916e5dde92e2f2,main-trial-22,e,e,true,776234.50
6419ae0434916e5dde92e2f2,main-trial-22, , ,true,776523.90
6419ae0434916e5dde92e2f2,main-trial-22,d,d,true,778000.90
6419ae0434916e5dde92e2f2,main-trial-22,z,z,true,779076.00
6419ae0434916e5dde92e2f2,main-trial-22,j,j,true,779387.50
6419ae0434916e5dde92e2f2,main-trial-22,e,e,true,779605.60
6419ae0434916e5dde92e2f2,main-trial-22,l,l,true,779781.30
6419ae0434916e5dde92e2f2,main-trial-22, , ,true,780127.10
6419ae0434916e5dde92e2f2,main-trial-22,z,z,true,780892.30
6419ae0434916e5dde92e2f2,main-trial-22,x,x,true,781334.10
6419ae0434916e5dde92e2f2,main-trial-22, , ,true,781572.60
6419ae0434916e5dde92e2f2,main-trial-22,z,z,true,781832.20
6419ae0434916e5dde92e2f2,main-trial-22,e,x,false,781932.30
6419ae0434916e5dde92e2f2,main-trial-22,e,z,false,783224.10
6419ae0434916e5dde92e2f2,main-trial-22,e,e,true,783373.20
6419ae0434916e5dde92e2f2,main-trial-22, , ,true,783750.80
6419ae0434916e5dde92e2f2,main-trial-22,z,z,true,784145.10
6419ae0434916e5dde92e2f2,main-trial-22,x,x,true,784430.80
6419ae0434916e5dde92e2f2,main-trial-22, , ,true,784632.00
6419ae0434916e5dde92e2f2,main-trial-22,z,z,true,784805.90
6419ae0434916e5dde92e2f2,main-trial-22,e,e,true,784913.90
6419ae0434916e5dde92e2f2,main-trial-22, , ,true,785266.70
6419ae0434916e5dde92e2f2,main-trial-22,z,z,true,785443.90
6419ae0434916e5dde92e2f2,main-trial-22,x,x,true,785612.00
6419ae0434916e5dde92e2f2,main-trial-22, , ,true,785945.90
6419ae0434916e5dde92e2f2,main-trial-22,z,z,true,786089.60
6419ae0434916e5dde92e2f2,main-trial-22,e,e,true,786213.90
6419ae0434916e5dde92e2f2,main-trial-23,y,y,true,799757.30
6419ae0434916e5dde92e2f2,main-trial-23,i,i,true,799913.60
6419ae0434916e5dde92e2f2,main-trial-23,l,l,true,800186.00
6419ae0434916e5dde92e2f2,main-trial-23,j,j,true,801156.00
6419ae0434916e5dde92e2f2,main-trial-23,s,s,true,801285.70
6419ae0434916e5dde92e2f2,main-trial-23, , ,true,801875.60
6419ae0434916e5dde92e2f2,main-trial-23,v,v,true,802078.50
6419ae0434916e5dde92e2f2,main-trial-23,r,r,true,802339.50
6419ae0434916e5dde92e2f2,main-trial-23, , ,true,802530.20
6419ae0434916e5dde92e2f2,main-trial-23,v,v,true,802797.70
6419ae0434916e5dde92e2f2,main-trial-23,r,r,true,803069.20
6419ae0434916e5dde92e2f2,main-trial-23, , ,true,803219.50
6419ae0434916e5dde92e2f2,main-trial-23,v,v,true,803496.30
6419ae0434916e5dde92e2f2,main-trial-23,r,r,true,803680.40
6419ae0434916e5dde92e2f2,main-trial-23, , ,true,803899.40
6419ae0434916e5dde92e2f2,main-trial-23,f,f,true,805373.80
6419ae0434916e5dde92e2f2,main-trial-23,t,t,true,805644.80
6419ae0434916e5dde92e2f2,main-trial-23,h,h,true,805796.10
6419ae0434916e5dde92e2f2,main-trial-23,z,z,true,807280.60
6419ae0434916e5dde92e2f2,main-trial-23,n,n,true,807470.70
6419ae0434916e5dde92e2f2,main-trial-23, , ,true,807727.50
6419ae0434916e5dde92e2f2,main-trial-23,c,c,true,808117.90
6419ae0434916e5dde92e2f2,main-trial-23,r,r,true,808438.80
6419ae0434916e5dde92e2f2,main-trial-23, , ,true,808841.60
6419ae0434916e5dde92e2f2,main-trial-23,c,c,true,809012.90
6419ae0434916e5dde92e2f2,main-trial-23,r,r,true,809321.60
6419ae0434916e5dde92e2f2,main-trial-23, , ,true,809511.30
6419ae0434916e5dde92e2f2,main-trial-23,c,c,true,809732.60
6419ae0434916e5dde92e2f2,main-trial-23,r,r,true,810021.50
6419ae0434916e5dde92e2f2,main-trial-23, , ,true,810203.70
6419ae0434916e5dde92e2f2,main-trial-23,h,h,true,811642.50
6419ae0434916e5dde92e2f2,main-trial-23,k,k,true,812004.70
6419ae0434916e5dde92e2f2,main-trial-23,h,h,true,813302.60
6419ae0434916e5dde92e2f2,main-trial-23,c,c,true,813752.00
6419ae0434916e5dde92e2f2,main-trial-23,u,u,true,813928.80
6419ae0434916e5dde92e2f2,main-trial-23, , ,true,814212.20
6419ae0434916e5dde92e2f2,main-trial-23,v,c,false,814677.10
6419ae0434916e5dde92e2f2,main-trial-23,v,v,true,815410.90
6419ae0434916e5dde92e2f2,main-trial-23,r,r,true,815528.50
6419ae0434916e5dde92e2f2,main-trial-23, , ,true,815826.10
6419ae0434916e5dde92e2f2,main-trial-23,c,c,true,816212.10
6419ae0434916e5dde92e2f2,main-trial-23,r,r,true,816573.40
6419ae0434916e5dde92e2f2,main-trial-23, , ,true,816766.20
6419ae0434916e5dde92e2f2,main-trial-23,v,c,false,817125.20
6419ae0434916e5dde92e2f2,main-trial-23,v,r,false,817820.70
6419ae0434916e5dde92e2f2,main-trial-23,v,v,true,818909.70
6419ae0434916e5dde92e2f2,main-trial-23,r,r,true,819185.30
6419ae0434916e5dde92e2f2,main-trial-23, , ,true,819537.10
6419ae0434916e5dde92e2f2,main-trial-23,c,c,true,820534.60
6419ae0434916e5dde92e2f2,main-trial-23,r,r,true,820850.10
6419ae0434916e5dde92e2f2,main-trial-23, , ,true,821329.20
6419ae0434916e5dde92e2f2,main-trial-23,v,v,true,821882.00
6419ae0434916e5dde92e2f2,main-trial-23,r,r,true,822163.10
6419ae0434916e5dde92e2f2,main-trial-23, , ,true,822300.10
6419ae0434916e5dde92e2f2,main-trial-23,c,c,true,822593.60
6419ae0434916e5dde92e2f2,main-trial-23,r,r,true,822868.30
6419ae0434916e5dde92e2f2,main-trial-24,p,p,true,834580.40
6419ae0434916e5dde92e2f2,main-trial-24,x,x,true,836056.30
6419ae0434916e5dde92e2f2,main-trial-24,e,e,true,836466.00
6419ae0434916e5dde92e2f2,main-trial-24,h,h,true,836730.90
6419ae0434916e5dde92e2f2,main-trial-24,a,a,true,836903.10
6419ae0434916e5dde92e2f2,main-trial-24, , ,true,837141.20
6419ae0434916e5dde92e2f2,main-trial-24,s,s,true,837384.90
6419ae0434916e5dde92e2f2,main-trial-24,e,e,true,837646.40
6419ae0434916e5dde92e2f2,main-trial-24, , ,true,837835.10
6419ae0434916e5dde92e2f2,main-trial-24,s,s,true,838023.90
6419ae0434916e5dde92e2f2,main-trial-24,e,e,true,838163.50
6419ae0434916e5dde92e2f2,main-trial-24, , ,true,838462.70
6419ae0434916e5dde92e2f2,main-trial-24,s,s,true,838739.00
6419ae0434916e5dde92e2f2,main-trial-24,e,e,true,838843.00
6419ae0434916e5dde92e2f2,main-trial-24, , ,true,839089.90
6419ae0434916e5dde92e2f2,main-trial-24,q,q,true,840247.10
6419ae0434916e5dde92e2f2,main-trial-24,w,w,true,840563.40
6419ae0434916e5dde92e2f2,main-trial-24,h,h,true,842017.10
6419ae0434916e5dde92e2f2,main-trial-24,c,c,true,842279.60
6419ae0434916e5dde92e2f2,main-trial-24,n,n,true,842925.80
6419ae0434916e5dde92e2f2,main-trial-24, , ,true,843403.50
6419ae0434916e5dde92e2f2,main-trial-24,w,w,true,844116.40
6419ae0434916e5dde92e2f2,main-trial-24,d,d,true,844431.20
6419ae0434916e5dde92e2f2,main-trial-24, , ,true,844701.20
6419ae0434916e5dde92e2f2,main-trial-24,w,w,true,844957.30
6419ae0434916e5dde92e2f2,main-trial-24,d,d,true,845161.90
6419ae0434916e5dde92e2f2,main-trial-24, , ,true,845338.30
6419ae0434916e5dde92e2f2,main-trial-24,w,w,true,845557.60
6419ae0434916e5dde92e2f2,main-trial-24,d,d,true,845788.50
6419ae0434916e5dde92e2f2,main-trial-24, , ,true,845984.70
6419ae0434916e5dde92e2f2,main-trial-24,o,o,true,846632.80
6419ae0434916e5dde92e2f2,main-trial-24,z,z,true,847105.00
6419ae0434916e5dde92e2f2,main-trial-24,e,e,true,847624.40
6419ae0434916e5dde92e2f2,main-trial-24,o,o,true,848829.50
6419ae0434916e5dde92e2f2,main-trial-24,z,z,true,849441.20
6419ae0434916e5dde92e2f2,main-trial-24, , ,true,849764.60
6419ae0434916e5dde92e2f2,main-trial-24,s,s,true,850499.70
6419ae0434916e5dde92e2f2,main-trial-24,e,e,true,850789.20
6419ae0434916e5dde92e2f2,main-trial-24, , ,true,851231.70
6419ae0434916e5dde92e2f2,main-trial-24,w,w,true,851780.50
6419ae0434916e5dde92e2f2,main-trial-24,d,d,true,852107.50
6419ae0434916e5dde92e2f2,main-trial-24, , ,true,852550.70
6419ae0434916e5dde92e2f2,main-trial-24,s,s,true,852920.50
6419ae0434916e5dde92e2f2,main-trial-24,e,e,true,853148.80
6419ae0434916e5dde92e2f2,main-trial-24, , ,true,853355.60
6419ae0434916e5dde92e2f2,main-trial-24,w,w,true,853828.40
6419ae0434916e5dde92e2f2,main-trial-24,d,d,true,854119.20
6419ae0434916e5dde92e2f2,main-trial-24, , ,true,854317.40
6419ae0434916e5dde92e2f2,main-trial-24,s,s,true,855148.40
6419ae0434916e5dde92e2f2,main-trial-24,e,e,true,855609.10
6419ae0434916e5dde92e2f2,main-trial-24, , ,true,855782.70
6419ae0434916e5dde92e2f2,main-trial-24,w,w,true,855924.60
6419ae0434916e5dde92e2f2,main-trial-24,d,d,true,856187.80
6419ae0434916e5dde92e2f2,main-trial-25,a,a,true,862051.70
6419ae0434916e5dde92e2f2,main-trial-25,p,p,true,862399.20
6419ae0434916e5dde92e2f2,main-trial-25,d,d,true,863296.30
6419ae0434916e5dde92e2f2,main-trial-25,t,t,true,863681.30
6419ae0434916e5dde92e2f2,main-trial-25,d,d,true,864249.90
6419ae0434916e5dde92e2f2,main-trial-25, , ,true,864696.10
6419ae0434916e5dde92e2f2,main-trial-25,d,d,true,864943.00
6419ae0434916e5dde92e2f2,main-trial-25,f,f,true,865265.70
6419ae0434916e5dde92e2f2,main-trial-25, , ,true,865437.20
6419ae0434916e5dde92e2f2,main-trial-25,d,d,true,865555.60
6419ae0434916e5dde92e2f2,main-trial-25,f,f,true,865736.60
6419ae0434916e5dde92e2f2,main-trial-25, , ,true,865889.60
6419ae0434916e5dde92e2f2,main-trial-25,d,d,true,866022.90
6419ae0434916e5dde92e2f2,main-trial-25,f,f,true,866140.30
6419ae0434916e5dde92e2f2,main-trial-25, , ,true,866318.80
6419ae0434916e5dde92e2f2,main-trial-25,w,w,true,867541.40
6419ae0434916e5dde92e2f2,main-trial-25,q,q,true,868288.60
6419ae0434916e5dde92e2f2,main-trial-25,v,v,true,869566.00
6419ae0434916e5dde92e2f2,main-trial-25,d,d,true,869914.10
6419ae0434916e5dde92e2f2,main-trial-25,e,e,true,870126.50
6419ae0434916e5dde92e2f2,main-trial-25, , ,true,870499.50
6419ae0434916e5dde92e2f2,main-trial-25,f,f,true,871112.30
6419ae0434916e5dde92e2f2,main-trial-25,g,d,false,871240.50
6419ae0434916e5dde92e2f2,main-trial-25,g,g,true,872004.40
6419ae0434916e5dde92e2f2,main-trial-25, ,f,false,872334.30
6419ae0434916e5dde92e2f2,main-trial-25, ,g,false,872502.30
6419ae0434916e5dde92e2f2,main-trial-25, ,f,false,872737.20
6419ae0434916e5dde92e2f2,main-trial-25, ,g,false,872908.90
6419ae0434916e5dde92e2f2,main-trial-25, , ,true,873142.60
6419ae0434916e5dde92e2f2,main-trial-25,f,f,true,873299.10
6419ae0434916e5dde92e2f2,main-trial-25,g,g,true,873442.90
6419ae0434916e5dde92e2f2,main-trial-25, , ,true,873583.00
6419ae0434916e5dde92e2f2,main-trial-25,f,f,true,873667.30
6419ae0434916e5dde92e2f2,main-trial-25,g,g,true,873846.70
6419ae0434916e5dde92e2f2,main-trial-25, , ,true,874009.30
6419ae0434916e5dde92e2f2,main-trial-25,p,f,false,874036.40
6419ae0434916e5dde92e2f2,main-trial-25,p,g,false,874073.70
6419ae0434916e5dde92e2f2,main-trial-25,p,p,true,875043.00
6419ae0434916e5dde92e2f2,main-trial-25,p,p,true,875218.00
6419ae0434916e5dde92e2f2,main-trial-25,b,b,true,876494.40
6419ae0434916e5dde92e2f2,main-trial-25,c,c,true,876999.50
6419ae0434916e5dde92e2f2,main-trial-25,h,h,true,877159.40
6419ae0434916e5dde92e2f2,main-trial-25, , ,true,877451.10
6419ae0434916e5dde92e2f2,main-trial-25,d,d,true,878053.10
6419ae0434916e5dde92e2f2,main-trial-25,f,f,true,878370.60
6419ae0434916e5dde92e2f2,main-trial-25, , ,true,878577.30
6419ae0434916e5dde92e2f2,main-trial-25,f,f,true,879234.20
6419ae0434916e5dde92e2f2,main-trial-25,g,g,true,879828.00
6419ae0434916e5dde92e2f2,main-trial-25, , ,true,880005.70
6419ae0434916e5dde92e2f2,main-trial-25,d,d,true,880633.30
6419ae0434916e5dde92e2f2,main-trial-25,f,f,true,880880.10
6419ae0434916e5dde92e2f2,main-trial-25, , ,true,881039.40
6419ae0434916e5dde92e2f2,main-trial-25,f,f,true,881182.90
6419ae0434916e5dde92e2f2,main-trial-25,g,g,true,881599.10
6419ae0434916e5dde92e2f2,main-trial-25, , ,true,881889.70
6419ae0434916e5dde92e2f2,main-trial-25,d,d,true,882710.70
6419ae0434916e5dde92e2f2,main-trial-25,f,f,true,883083.10
6419ae0434916e5dde92e2f2,main-trial-25, , ,true,883249.50
6419ae0434916e5dde92e2f2,main-trial-25,f,f,true,883539.40
6419ae0434916e5dde92e2f2,main-trial-25,g,g,true,883862.20
6419ae0434916e5dde92e2f2,main-trial-26,s,s,true,891121.80
6419ae0434916e5dde92e2f2,main-trial-26,m,m,true,891465.60
6419ae0434916e5dde92e2f2,main-trial-26,p,p,true,892348.70
6419ae0434916e5dde92e2f2,main-trial-26,z,z,true,893751.40
6419ae0434916e5dde92e2f2,main-trial-26,q,q,true,894312.10
6419ae0434916e5dde92e2f2,main-trial-26, , ,true,894663.30
6419ae0434916e5dde92e2f2,main-trial-26,f,f,true,895242.60
6419ae0434916e5dde92e2f2,main-trial-26,f,f,true,895396.20
6419ae0434916e5dde92e2f2,main-trial-26, , ,true,895579.10
6419ae0434916e5dde92e2f2,main-trial-26,f,f,true,895839.40
6419ae0434916e5dde92e2f2,main-trial-26,f,f,true,895996.00
6419ae0434916e5dde92e2f2,main-trial-26, , ,true,896163.80
6419ae0434916e5dde92e2f2,main-trial-26,f,f,true,896405.90
6419ae0434916e5dde92e2f2,main-trial-26,f,f,true,896570.90
6419ae0434916e5dde92e2f2,main-trial-26, , ,true,896687.30
6419ae0434916e5dde92e2f2,main-trial-26,i,i,true,897813.40
6419ae0434916e5dde92e2f2,main-trial-26,l,l,true,898345.30
6419ae0434916e5dde92e2f2,main-trial-26,g,g,true,899560.50
6419ae0434916e5dde92e2f2,main-trial-26,y,y,true,899922.30
6419ae0434916e5dde92e2f2,main-trial-26,m,m,true,900204.50
6419ae0434916e5dde92e2f2,main-trial-26, , ,true,900617.80
6419ae0434916e5dde92e2f2,main-trial-26,a,a,true,901268.50
6419ae0434916e5dde92e2f2,main-trial-26,a,a,true,901432.60
6419ae0434916e5dde92e2f2,main-trial-26, , ,true,901647.10
6419ae0434916e5dde92e2f2,main-trial-26,a,a,true,901881.80
6419ae0434916e5dde92e2f2,main-trial-26,a,a,true,902037.00
6419ae0434916e5dde92e2f2,main-trial-26, , ,true,902275.20
6419ae0434916e5dde92e2f2,main-trial-26,a,a,true,902492.70
6419ae0434916e5dde92e2f2,main-trial-26,a,a,true,902657.90
6419ae0434916e5dde92e2f2,main-trial-26, , ,true,903133.40
6419ae0434916e5dde92e2f2,main-trial-26,f,f,true,904089.50
6419ae0434916e5dde92e2f2,main-trial-26,n,n,true,904321.90
6419ae0434916e5dde92e2f2,main-trial-26,l,l,true,905232.70
6419ae0434916e5dde92e2f2,main-trial-26,x,x,true,906103.00
6419ae0434916e5dde92e2f2,main-trial-26,t,t,true,906530.10
6419ae0434916e5dde92e2f2,main-trial-26, , ,true,907018.80
6419ae0434916e5dde92e2f2,main-trial-26,f,f,true,907422.20
6419ae0434916e5dde92e2f2,main-trial-26,f,f,true,907573.00
6419ae0434916e5dde92e2f2,main-trial-26, , ,true,907778.00
6419ae0434916e5dde92e2f2,main-trial-26,a,a,true,908073.50
6419ae0434916e5dde92e2f2,main-trial-26,a,a,true,908244.90
6419ae0434916e5dde92e2f2,main-trial-26, , ,true,908506.90
6419ae0434916e5dde92e2f2,main-trial-26,f,f,true,908788.20
6419ae0434916e5dde92e2f2,main-trial-26,f,f,true,908938.30
6419ae0434916e5dde92e2f2,main-trial-26, , ,true,909138.40
6419ae0434916e5dde92e2f2,main-trial-26,a,a,true,909406.00
6419ae0434916e5dde92e2f2,main-trial-26,a,a,true,909624.90
6419ae0434916e5dde92e2f2,main-trial-26, , ,true,909853.00
6419ae0434916e5dde92e2f2,main-trial-26,f,f,true,910099.40
6419ae0434916e5dde92e2f2,main-trial-26,f,f,true,910266.70
6419ae0434916e5dde92e2f2,main-trial-26, , ,true,910490.00
6419ae0434916e5dde92e2f2,main-trial-26,a,a,true,910692.80
6419ae0434916e5dde92e2f2,main-trial-26,a,a,true,910873.70
6419ae0434916e5dde92e2f2,main-trial-27,h,h,true,932584.00
6419ae0434916e5dde92e2f2,main-trial-27,b,b,true,935189.50
6419ae0434916e5dde92e2f2,main-trial-27,j,j,true,935651.10
6419ae0434916e5dde92e2f2,main-trial-27,p,p,true,936887.30
6419ae0434916e5dde92e2f2,main-trial-27,q,q,true,937309.70
6419ae0434916e5dde92e2f2,main-trial-27, , ,true,937625.70
6419ae0434916e5dde92e2f2,main-trial-27,x,x,true,938487.40
6419ae0434916e5dde92e2f2,main-trial-27,c,x,false,938747.60
6419ae0434916e5dde92e2f2,main-trial-27,c,c,true,938804.40
6419ae0434916e5dde92e2f2,main-trial-27, , ,true,939115.60
6419ae0434916e5dde92e2f2,main-trial-27,x,x,true,939252.30
6419ae0434916e5dde92e2f2,main-trial-27,c,c,true,939404.00
6419ae0434916e5dde92e2f2,main-trial-27, , ,true,939624.50
6419ae0434916e5dde92e2f2,main-trial-27,x,c,false,939882.50
6419ae0434916e5dde92e2f2,main-trial-27,x, ,false,940518.00
6419ae0434916e5dde92e2f2,main-trial-27,x,x,true,940697.50
6419ae0434916e5dde92e2f2,main-trial-27,c,c,true,940817.90
6419ae0434916e5dde92e2f2,main-trial-27, , ,true,941197.50
6419ae0434916e5dde92e2f2,main-trial-27,u,u,true,942075.00
6419ae0434916e5dde92e2f2,main-trial-27,u,u,true,942221.00
6419ae0434916e5dde92e2f2,main-trial-27,t,t,true,943039.90
6419ae0434916e5dde92e2f2,main-trial-27,e,e,true,943271.60
6419ae0434916e5dde92e2f2,main-trial-27,h,h,true,943402.80
6419ae0434916e5dde92e2f2,main-trial-27, , ,true,943682.20
6419ae0434916e5dde92e2f2,main-trial-27,c,c,true,943989.70
6419ae0434916e5dde92e2f2,main-trial-27,e,e,true,944199.60
6419ae0434916e5dde92e2f2,main-trial-27, , ,true,944392.50
6419ae0434916e5dde92e2f2,main-trial-27,c,c,true,944638.50
6419ae0434916e5dde92e2f2,main-trial-27,e,e,true,944771.20
6419ae0434916e5dde92e2f2,main-trial-27, , ,true,944973.70
6419ae0434916e5dde92e2f2,main-trial-27,c,c,true,945203.40
6419ae0434916e5dde92e2f2,main-trial-27,e,e,true,945314.90
6419ae0434916e5dde92e2f2,main-trial-27, , ,true,945521.90
6419ae0434916e5dde92e2f2,main-trial-27,y,y,true,946930.80
6419ae0434916e5dde92e2f2,main-trial-27,v,v,true,947318.00
6419ae0434916e5dde92e2f2,main-trial-27,q,q,true,948598.30
6419ae0434916e5dde92e2f2,main-trial-27,i,i,true,949001.00
6419ae0434916e5dde92e2f2,main-trial-27,f,f,true,949273.70
6419ae0434916e5dde92e2f2,main-trial-27, , ,true,949542.20
6419ae0434916e5dde92e2f2,main-trial-27,x,x,true,950513.60
6419ae0434916e5dde92e2f2,main-trial-27,c,c,true,950834.70
6419ae0434916e5dde92e2f2,main-trial-27, , ,true,951146.30
6419ae0434916e5dde92e2f2,main-trial-27,c,c,true,951458.50
6419ae0434916e5dde92e2f2,main-trial-27,e,e,true,951807.50
6419ae0434916e5dde92e2f2,main-trial-27, ,e,false,951915.30
6419ae0434916e5dde92e2f2,main-trial-27, , ,true,952263.50
6419ae0434916e5dde92e2f2,main-trial-27,x,x,true,952715.70
6419ae0434916e5dde92e2f2,main-trial-27,c,c,true,952992.90
6419ae0434916e5dde92e2f2,main-trial-27, , ,true,953132.40
6419ae0434916e5dde92e2f2,main-trial-27,c,c,true,953737.80
6419ae0434916e5dde92e2f2,main-trial-27,e,e,true,954075.40
6419ae0434916e5dde92e2f2,main-trial-27, , ,true,954398.40
6419ae0434916e5dde92e2f2,main-trial-27,x,x,true,955636.40
6419ae0434916e5dde92e2f2,main-trial-27,c,c,true,956017.70
6419ae0434916e5dde92e2f2,main-trial-27, , ,true,956234.40
6419ae0434916e5dde92e2f2,main-trial-27,c,c,true,956478.20
6419ae0434916e5dde92e2f2,main-trial-27,e,e,true,956791.20
