user_id,trialId,expectedKey,typedKey,isCorrect,keydownTime
58060d08b869700001d70b8c,intro-trial-1,c,c,true,54813.90
58060d08b869700001d70b8c,intro-trial-1,y,y,true,57118.70
58060d08b869700001d70b8c,intro-trial-1,z,z,true,58261.70
58060d08b869700001d70b8c,intro-trial-1,c,c,true,59653.50
58060d08b869700001d70b8c,intro-trial-1,k,k,true,59909.50
58060d08b869700001d70b8c,intro-trial-1, , ,true,60221.60
58060d08b869700001d70b8c,intro-trial-1,d,d,true,60941.40
58060d08b869700001d70b8c,intro-trial-1,f,f,true,61077.40
58060d08b869700001d70b8c,intro-trial-1, , ,true,62165.40
58060d08b869700001d70b8c,intro-trial-1,d,d,true,62381.40
58060d08b869700001d70b8c,intro-trial-1,f,f,true,62509.20
58060d08b869700001d70b8c,intro-trial-1, , ,true,62861.50
58060d08b869700001d70b8c,intro-trial-1,d,d,true,63021.50
58060d08b869700001d70b8c,intro-trial-1,f,f,true,63173.20
58060d08b869700001d70b8c,intro-trial-1, , ,true,63533.50
58060d08b869700001d70b8c,intro-trial-1,f,f,true,64173.50
58060d08b869700001d70b8c,intro-trial-1,w,w,true,64365.40
58060d08b869700001d70b8c,intro-trial-1,y,y,true,65605.50
58060d08b869700001d70b8c,intro-trial-1,k,k,true,66733.40
58060d08b869700001d70b8c,intro-trial-1,w,w,true,66917.30
58060d08b869700001d70b8c,intro-trial-1, , ,true,67519.00
58060d08b869700001d70b8c,intro-trial-1,e,e,true,68077.20
58060d08b869700001d70b8c,intro-trial-1,f,f,true,68189.00
58060d08b869700001d70b8c,intro-trial-1, , ,true,68541.30
58060d08b869700001d70b8c,intro-trial-1,e,e,true,68757.20
58060d08b869700001d70b8c,intro-trial-1,f,f,true,68933.10
58060d08b869700001d70b8c,intro-trial-1, , ,true,69269.20
58060d08b869700001d70b8c,intro-trial-1,e,e,true,69397.20
58060d08b869700001d70b8c,intro-trial-1,f,f,true,69589.80
58060d08b869700001d70b8c,intro-trial-1, , ,true,69813.00
58060d08b869700001d70b8c,intro-trial-1,h,h,true,71317.30
58060d08b869700001d70b8c,intro-trial-1,d,d,true,71541.20
58060d08b869700001d70b8c,intro-trial-1,e,r,false,72013.10
58060d08b869700001d70b8c,intro-trial-1,e,e,true,72549.20
58060d08b869700001d70b8c,intro-trial-1,r,r,true,72789.40
58060d08b869700001d70b8c,intro-trial-1,w,w,true,73701.10
58060d08b869700001d70b8c,intro-trial-1, , ,true,73965.10
58060d08b869700001d70b8c,intro-trial-1,d,d,true,75541.10
58060d08b869700001d70b8c,intro-trial-1,f,f,true,75669.10
58060d08b869700001d70b8c,intro-trial-1, , ,true,76221.10
58060d08b869700001d70b8c,intro-trial-1,e,e,true,76413.20
58060d08b869700001d70b8c,intro-trial-1,f,f,true,76573.40
58060d08b869700001d70b8c,intro-trial-1, , ,true,77093.00
58060d08b869700001d70b8c,intro-trial-1,d,d,true,77501.00
58060d08b869700001d70b8c,intro-trial-1,f,f,true,77630.30
58060d08b869700001d70b8c,intro-trial-1, , ,true,77988.90
58060d08b869700001d70b8c,intro-trial-1,e,e,true,78333.30
58060d08b869700001d70b8c,intro-trial-1,f,f,true,78484.90
58060d08b869700001d70b8c,intro-trial-1, , ,true,78837.00
58060d08b869700001d70b8c,intro-trial-1,d,d,true,79141.10
58060d08b869700001d70b8c,intro-trial-1,f,f,true,79357.00
58060d08b869700001d70b8c,intro-trial-1, , ,true,79773.20
58060d08b869700001d70b8c,intro-trial-1,e,e,true,80013.10
58060d08b869700001d70b8c,intro-trial-1,f,f,true,80148.90
58060d08b869700001d70b8c,intro-trial-2,a,a,true,99293.10
58060d08b869700001d70b8c,intro-trial-2,g,g,true,99540.60
58060d08b869700001d70b8c,intro-trial-2,b,b,true,100973.70
58060d08b869700001d70b8c,intro-trial-2,t,t,true,101932.40
58060d08b869700001d70b8c,intro-trial-2,f,f,true,102332.30
58060d08b869700001d70b8c,intro-trial-2, , ,true,102508.30
58060d08b869700001d70b8c,intro-trial-2,q,q,true,105028.50
58060d08b869700001d70b8c,intro-trial-2,s,s,true,105180.20
58060d08b869700001d70b8c,intro-trial-2, , ,true,105564.60
58060d08b869700001d70b8c,intro-trial-2,q,q,true,105812.20
58060d08b869700001d70b8c,intro-trial-2,s,s,true,105916.20
58060d08b869700001d70b8c,intro-trial-2, , ,true,106300.30
58060d08b869700001d70b8c,intro-trial-2,q,q,true,106476.20
58060d08b869700001d70b8c,intro-trial-2,s,s,true,106644.60
58060d08b869700001d70b8c,intro-trial-2, , ,true,107020.40
58060d08b869700001d70b8c,intro-trial-2,r,r,true,107756.30
58060d08b869700001d70b8c,intro-trial-2,h,h,true,107988.30
58060d08b869700001d70b8c,intro-trial-2,o,o,true,108676.30
58060d08b869700001d70b8c,intro-trial-2,t,t,true,108916.10
58060d08b869700001d70b8c,intro-trial-2,q,q,true,109508.30
58060d08b869700001d70b8c,intro-trial-2, , ,true,110052.20
58060d08b869700001d70b8c,intro-trial-2,s,s,true,110756.20
58060d08b869700001d70b8c,intro-trial-2,a,a,true,110884.10
58060d08b869700001d70b8c,intro-trial-2, , ,true,111613.50
58060d08b869700001d70b8c,intro-trial-2,s,s,true,111787.90
58060d08b869700001d70b8c,intro-trial-2,a,a,true,111932.60
58060d08b869700001d70b8c,intro-trial-2, , ,true,112260.10
58060d08b869700001d70b8c,intro-trial-2,s,s,true,112404.30
58060d08b869700001d70b8c,intro-trial-2,a,a,true,112539.80
58060d08b869700001d70b8c,intro-trial-2, , ,true,112964.00
58060d08b869700001d70b8c,intro-trial-2,s,s,true,113924.20
58060d08b869700001d70b8c,intro-trial-2,g,g,true,115044.00
58060d08b869700001d70b8c,intro-trial-2,b,b,true,115652.10
58060d08b869700001d70b8c,intro-trial-2,u,u,true,116476.10
58060d08b869700001d70b8c,intro-trial-2,f,f,true,116580.10
58060d08b869700001d70b8c,intro-trial-2, , ,true,116899.90
58060d08b869700001d70b8c,intro-trial-2,q,q,true,118340.00
58060d08b869700001d70b8c,intro-trial-2,s,s,true,118540.00
58060d08b869700001d70b8c,intro-trial-2, , ,true,118715.70
58060d08b869700001d70b8c,intro-trial-2,s,s,true,120331.90
58060d08b869700001d70b8c,intro-trial-2,a,a,true,120524.20
58060d08b869700001d70b8c,intro-trial-2, , ,true,120955.90
58060d08b869700001d70b8c,intro-trial-2,q,q,true,121661.40
58060d08b869700001d70b8c,intro-trial-2,s,s,true,121764.40
58060d08b869700001d70b8c,intro-trial-2, , ,true,122099.70
58060d08b869700001d70b8c,intro-trial-2,s,s,true,122411.90
58060d08b869700001d70b8c,intro-trial-2,a,a,true,122532.00
58060d08b869700001d70b8c,intro-trial-2, , ,true,122963.90
58060d08b869700001d70b8c,intro-trial-2,q,q,true,123339.80
58060d08b869700001d70b8c,intro-trial-2,s,s,true,123483.60
58060d08b869700001d70b8c,intro-trial-2, , ,true,123843.90
58060d08b869700001d70b8c,intro-trial-2,s,s,true,124179.80
58060d08b869700001d70b8c,intro-trial-2,a,a,true,124236.00
58060d08b869700001d70b8c,intro-trial-3,h,h,true,130371.60
58060d08b869700001d70b8c,intro-trial-3,d,d,true,130555.50
58060d08b869700001d70b8c,intro-trial-3,n,n,true,130771.70
58060d08b869700001d70b8c,intro-trial-3,m,m,true,131043.60
58060d08b869700001d70b8c,intro-trial-3,a,a,true,131211.80
58060d08b869700001d70b8c,intro-trial-3, , ,true,131892.60
58060d08b869700001d70b8c,intro-trial-3,f,f,true,132811.60
58060d08b869700001d70b8c,intro-trial-3,g,g,true,132971.50
58060d08b869700001d70b8c,intro-trial-3, , ,true,133131.50
58060d08b869700001d70b8c,intro-trial-3,f,f,true,133355.40
58060d08b869700001d70b8c,intro-trial-3,g, ,false,133603.50
58060d08b869700001d70b8c,intro-trial-3,g,g,true,134379.50
58060d08b869700001d70b8c,intro-trial-3, , ,true,134811.40
58060d08b869700001d70b8c,intro-trial-3,f,f,true,135011.40
58060d08b869700001d70b8c,intro-trial-3,g,g,true,135131.40
58060d08b869700001d70b8c,intro-trial-3, , ,true,135667.50
58060d08b869700001d70b8c,intro-trial-3,z,z,true,136779.60
58060d08b869700001d70b8c,intro-trial-3,f,f,true,137027.30
58060d08b869700001d70b8c,intro-trial-3,z,z,true,138179.50
58060d08b869700001d70b8c,intro-trial-3,h,h,true,138643.40
58060d08b869700001d70b8c,intro-trial-3,t,t,true,138867.40
58060d08b869700001d70b8c,intro-trial-3, , ,true,139475.40
58060d08b869700001d70b8c,intro-trial-3,f,f,true,140027.40
58060d08b869700001d70b8c,intro-trial-3,r,r,true,140139.40
58060d08b869700001d70b8c,intro-trial-3, , ,true,140483.40
58060d08b869700001d70b8c,intro-trial-3,f,f,true,140747.50
58060d08b869700001d70b8c,intro-trial-3,r,r,true,140859.30
58060d08b869700001d70b8c,intro-trial-3, , ,true,141163.20
58060d08b869700001d70b8c,intro-trial-3,f,f,true,141403.40
58060d08b869700001d70b8c,intro-trial-3,r,r,true,141523.30
58060d08b869700001d70b8c,intro-trial-3, , ,true,141867.20
58060d08b869700001d70b8c,intro-trial-3,l,l,true,142932.60
58060d08b869700001d70b8c,intro-trial-3,k,k,true,143291.30
58060d08b869700001d70b8c,intro-trial-3,j,j,true,144267.40
58060d08b869700001d70b8c,intro-trial-3,d,d,true,145595.30
58060d08b869700001d70b8c,intro-trial-3,f,f,true,145755.00
58060d08b869700001d70b8c,intro-trial-3, , ,true,146283.30
58060d08b869700001d70b8c,intro-trial-3,f,f,true,147507.50
58060d08b869700001d70b8c,intro-trial-3,g,g,true,147603.20
58060d08b869700001d70b8c,intro-trial-3, , ,true,148683.20
58060d08b869700001d70b8c,intro-trial-3,f,f,true,149427.10
58060d08b869700001d70b8c,intro-trial-3,r,r,true,149491.20
58060d08b869700001d70b8c,intro-trial-3, , ,true,149979.20
58060d08b869700001d70b8c,intro-trial-3,f,g,false,150451.20
58060d08b869700001d70b8c,intro-trial-3,f,f,true,151123.00
58060d08b869700001d70b8c,intro-trial-3,g,g,true,151235.40
58060d08b869700001d70b8c,intro-trial-3, , ,true,151715.10
58060d08b869700001d70b8c,intro-trial-3,f,f,true,152059.10
58060d08b869700001d70b8c,intro-trial-3,r,r,true,152163.00
58060d08b869700001d70b8c,intro-trial-3, ,e,false,152202.80
58060d08b869700001d70b8c,intro-trial-3, , ,true,152739.10
58060d08b869700001d70b8c,intro-trial-3,f,f,true,153300.20
58060d08b869700001d70b8c,intro-trial-3,g,g,true,153395.50
58060d08b869700001d70b8c,intro-trial-3, , ,true,153810.90
58060d08b869700001d70b8c,intro-trial-3,f,f,true,154139.30
58060d08b869700001d70b8c,intro-trial-3,r,r,true,154242.90
58060d08b869700001d70b8c,main-trial-1,q,q,true,162259.00
58060d08b869700001d70b8c,main-trial-1,s,s,true,162418.60
58060d08b869700001d70b8c,main-trial-1,o,o,true,162530.80
58060d08b869700001d70b8c,main-trial-1,p,p,true,162930.80
58060d08b869700001d70b8c,main-trial-1,r,r,true,163171.20
58060d08b869700001d70b8c,main-trial-1, , ,true,163484.30
58060d08b869700001d70b8c,main-trial-1,f,f,true,164066.60
58060d08b869700001d70b8c,main-trial-1,r,r,true,164194.80
58060d08b869700001d70b8c,main-trial-1, , ,true,164514.70
58060d08b869700001d70b8c,main-trial-1,f,f,true,164746.70
58060d08b869700001d70b8c,main-trial-1,r,r,true,164898.60
58060d08b869700001d70b8c,main-trial-1, , ,true,165226.80
58060d08b869700001d70b8c,main-trial-1,f,f,true,165522.70
58060d08b869700001d70b8c,main-trial-1,r,r,true,165659.30
58060d08b869700001d70b8c,main-trial-1, , ,true,166146.70
58060d08b869700001d70b8c,main-trial-1,f,f,true,166754.80
58060d08b869700001d70b8c,main-trial-1,d,d,true,166874.80
58060d08b869700001d70b8c,main-trial-1,b,b,true,167986.60
58060d08b869700001d70b8c,main-trial-1,a,a,true,168066.60
58060d08b869700001d70b8c,main-trial-1,y,y,true,168499.10
58060d08b869700001d70b8c,main-trial-1, , ,true,168898.60
58060d08b869700001d70b8c,main-trial-1,f,f,true,170210.50
58060d08b869700001d70b8c,main-trial-1,d,d,true,170314.50
58060d08b869700001d70b8c,main-trial-1, , ,true,170642.60
58060d08b869700001d70b8c,main-trial-1,f,f,true,170882.40
58060d08b869700001d70b8c,main-trial-1,d,d,true,171026.40
58060d08b869700001d70b8c,main-trial-1, , ,true,171362.60
58060d08b869700001d70b8c,main-trial-1,f,f,true,171650.60
58060d08b869700001d70b8c,main-trial-1,d,d,true,171730.60
58060d08b869700001d70b8c,main-trial-1, , ,true,172058.40
58060d08b869700001d70b8c,main-trial-1,j,j,true,172674.50
58060d08b869700001d70b8c,main-trial-1,d,d,true,173266.60
58060d08b869700001d70b8c,main-trial-1,w,w,true,174995.90
58060d08b869700001d70b8c,main-trial-1,m,m,true,175202.40
58060d08b869700001d70b8c,main-trial-1,w,w,true,175706.50
58060d08b869700001d70b8c,main-trial-1, , ,true,176154.40
58060d08b869700001d70b8c,main-trial-1,f,f,true,176802.40
58060d08b869700001d70b8c,main-trial-1,r,r,true,176914.40
58060d08b869700001d70b8c,main-trial-1, , ,true,177314.50
58060d08b869700001d70b8c,main-trial-1,f,f,true,177682.50
58060d08b869700001d70b8c,main-trial-1,d,d,true,177810.30
58060d08b869700001d70b8c,main-trial-1, , ,true,178138.30
58060d08b869700001d70b8c,main-trial-1,f,f,true,178450.40
58060d08b869700001d70b8c,main-trial-1,r,r,true,178562.50
58060d08b869700001d70b8c,main-trial-1, , ,true,178906.40
58060d08b869700001d70b8c,main-trial-1,f,f,true,179242.30
58060d08b869700001d70b8c,main-trial-1,d,d,true,179458.10
58060d08b869700001d70b8c,main-trial-1, , ,true,179930.40
58060d08b869700001d70b8c,main-trial-1,f,f,true,180210.40
58060d08b869700001d70b8c,main-trial-1,r,r,true,180338.30
58060d08b869700001d70b8c,main-trial-1, , ,true,180707.00
58060d08b869700001d70b8c,main-trial-1,f,f,true,180986.30
58060d08b869700001d70b8c,main-trial-1,d,d,true,181130.40
58060d08b869700001d70b8c,main-trial-2,k,k,true,186955.50
58060d08b869700001d70b8c,main-trial-2,m,w,false,187026.10
58060d08b869700001d70b8c,main-trial-2,m,m,true,188170.20
58060d08b869700001d70b8c,main-trial-2,w,w,true,189538.10
58060d08b869700001d70b8c,main-trial-2,o,o,true,189666.50
58060d08b869700001d70b8c,main-trial-2,m,m,true,189858.10
58060d08b869700001d70b8c,main-trial-2, , ,true,190178.10
58060d08b869700001d70b8c,main-trial-2,f,f,true,191002.10
58060d08b869700001d70b8c,main-trial-2,d,d,true,191114.00
58060d08b869700001d70b8c,main-trial-2, , ,true,191554.10
58060d08b869700001d70b8c,main-trial-2,f,f,true,192010.10
58060d08b869700001d70b8c,main-trial-2,d,d,true,192154.30
58060d08b869700001d70b8c,main-trial-2, , ,true,192481.90
58060d08b869700001d70b8c,main-trial-2,f,f,true,192810.00
58060d08b869700001d70b8c,main-trial-2,d,d,true,192945.90
58060d08b869700001d70b8c,main-trial-2, , ,true,193290.00
58060d08b869700001d70b8c,main-trial-2,o,o,true,193753.90
58060d08b869700001d70b8c,main-trial-2,c,c,true,196002.00
58060d08b869700001d70b8c,main-trial-2,e,e,true,196081.80
58060d08b869700001d70b8c,main-trial-2,e,e,true,197067.40
58060d08b869700001d70b8c,main-trial-2,r,r,true,197321.90
58060d08b869700001d70b8c,main-trial-2, , ,true,197753.80
58060d08b869700001d70b8c,main-trial-2,c,c,true,198154.00
58060d08b869700001d70b8c,main-trial-2,e,e,true,198257.80
58060d08b869700001d70b8c,main-trial-2, , ,true,198569.90
58060d08b869700001d70b8c,main-trial-2,c,c,true,198857.90
58060d08b869700001d70b8c,main-trial-2,e,e,true,198953.80
58060d08b869700001d70b8c,main-trial-2, , ,true,199273.90
58060d08b869700001d70b8c,main-trial-2,c,c,true,199545.80
58060d08b869700001d70b8c,main-trial-2,e,e,true,199633.80
58060d08b869700001d70b8c,main-trial-2, , ,true,200017.70
58060d08b869700001d70b8c,main-trial-2,q,q,true,200873.70
58060d08b869700001d70b8c,main-trial-2,t,t,true,201281.80
58060d08b869700001d70b8c,main-trial-2,o,o,true,201713.70
58060d08b869700001d70b8c,main-trial-2,b,b,true,202809.80
58060d08b869700001d70b8c,main-trial-2,k,k,true,202929.70
58060d08b869700001d70b8c,main-trial-2, , ,true,203457.70
58060d08b869700001d70b8c,main-trial-2,f,f,true,204457.70
58060d08b869700001d70b8c,main-trial-2,d,d,true,204529.70
58060d08b869700001d70b8c,main-trial-2, , ,true,204825.60
58060d08b869700001d70b8c,main-trial-2,c,c,true,205233.70
58060d08b869700001d70b8c,main-trial-2,e,e,true,205425.40
58060d08b869700001d70b8c,main-trial-2, , ,true,205921.60
58060d08b869700001d70b8c,main-trial-2,f,f,true,206289.50
58060d08b869700001d70b8c,main-trial-2,d,d,true,206385.60
58060d08b869700001d70b8c,main-trial-2, , ,true,206706.20
58060d08b869700001d70b8c,main-trial-2,c,c,true,207017.70
58060d08b869700001d70b8c,main-trial-2,e,e,true,207139.20
58060d08b869700001d70b8c,main-trial-2, , ,true,207521.90
58060d08b869700001d70b8c,main-trial-2,f,f,true,207913.60
58060d08b869700001d70b8c,main-trial-2,d,d,true,208049.50
58060d08b869700001d70b8c,main-trial-2, , ,true,208386.10
58060d08b869700001d70b8c,main-trial-2,c,c,true,208593.60
58060d08b869700001d70b8c,main-trial-2,e,e,true,208753.70
58060d08b869700001d70b8c,main-trial-3,z,z,true,214865.50
58060d08b869700001d70b8c,main-trial-3,q,q,true,215025.70
58060d08b869700001d70b8c,main-trial-3,s,s,true,216082.50
58060d08b869700001d70b8c,main-trial-3,s,s,true,216257.50
58060d08b869700001d70b8c,main-trial-3,z,z,true,216705.50
58060d08b869700001d70b8c,main-trial-3, , ,true,217314.70
58060d08b869700001d70b8c,main-trial-3,v,v,true,218113.40
58060d08b869700001d70b8c,main-trial-3,r,r,true,218201.30
58060d08b869700001d70b8c,main-trial-3, , ,true,218593.40
58060d08b869700001d70b8c,main-trial-3,v,v,true,218929.30
58060d08b869700001d70b8c,main-trial-3,r,r,true,219017.30
58060d08b869700001d70b8c,main-trial-3, , ,true,219281.20
58060d08b869700001d70b8c,main-trial-3,v,v,true,219585.30
58060d08b869700001d70b8c,main-trial-3,r,r,true,219697.40
58060d08b869700001d70b8c,main-trial-3, , ,true,219889.10
58060d08b869700001d70b8c,main-trial-3,w,w,true,220657.40
58060d08b869700001d70b8c,main-trial-3,t,t,true,221145.30
58060d08b869700001d70b8c,main-trial-3,k,k,true,222009.30
58060d08b869700001d70b8c,main-trial-3,x,x,true,222393.10
58060d08b869700001d70b8c,main-trial-3,y,y,true,222857.10
58060d08b869700001d70b8c,main-trial-3, , ,true,223345.20
58060d08b869700001d70b8c,main-trial-3,c,c,true,223993.10
58060d08b869700001d70b8c,main-trial-3,r,r,true,224113.20
58060d08b869700001d70b8c,main-trial-3, , ,true,224513.70
58060d08b869700001d70b8c,main-trial-3,c,c,true,224680.90
58060d08b869700001d70b8c,main-trial-3,r,r,true,224793.10
58060d08b869700001d70b8c,main-trial-3, , ,true,225089.20
58060d08b869700001d70b8c,main-trial-3,c,c,true,225241.00
58060d08b869700001d70b8c,main-trial-3,r,r,true,225337.10
58060d08b869700001d70b8c,main-trial-3, , ,true,225761.20
58060d08b869700001d70b8c,main-trial-3,w,w,true,227546.60
58060d08b869700001d70b8c,main-trial-3,v,v,true,227673.10
58060d08b869700001d70b8c,main-trial-3,g,g,true,229273.10
58060d08b869700001d70b8c,main-trial-3,d,d,true,229745.00
58060d08b869700001d70b8c,main-trial-3,b,b,true,230889.00
58060d08b869700001d70b8c,main-trial-3, , ,true,231353.00
58060d08b869700001d70b8c,main-trial-3,v,v,true,232113.00
58060d08b869700001d70b8c,main-trial-3,r,r,true,232200.90
58060d08b869700001d70b8c,main-trial-3, , ,true,232505.00
58060d08b869700001d70b8c,main-trial-3,c,c,true,233465.00
58060d08b869700001d70b8c,main-trial-3,r,r,true,233601.00
58060d08b869700001d70b8c,main-trial-3, , ,true,234049.00
58060d08b869700001d70b8c,main-trial-3,v,v,true,234416.90
58060d08b869700001d70b8c,main-trial-3,r,r,true,234536.90
58060d08b869700001d70b8c,main-trial-3, , ,true,234880.90
58060d08b869700001d70b8c,main-trial-3,c,c,true,235097.20
58060d08b869700001d70b8c,main-trial-3,r,r,true,235240.90
58060d08b869700001d70b8c,main-trial-3, , ,true,235624.90
58060d08b869700001d70b8c,main-trial-3,v,v,true,235808.60
58060d08b869700001d70b8c,main-trial-3,r,r,true,235928.80
58060d08b869700001d70b8c,main-trial-3, , ,true,236297.00
58060d08b869700001d70b8c,main-trial-3,c,c,true,236408.70
58060d08b869700001d70b8c,main-trial-3,r,r,true,236528.80
58060d08b869700001d70b8c,main-trial-4,y,y,true,243448.70
58060d08b869700001d70b8c,main-trial-4,c,c,true,243680.80
58060d08b869700001d70b8c,main-trial-4,i,i,true,243800.70
58060d08b869700001d70b8c,main-trial-4,m,m,true,244360.70
58060d08b869700001d70b8c,main-trial-4,g,g,true,244752.80
58060d08b869700001d70b8c,main-trial-4, , ,true,245048.60
58060d08b869700001d70b8c,main-trial-4,a,a,true,245640.60
58060d08b869700001d70b8c,main-trial-4,a,a,true,245824.70
58060d08b869700001d70b8c,main-trial-4, , ,true,246032.50
58060d08b869700001d70b8c,main-trial-4,a,a,true,246232.60
58060d08b869700001d70b8c,main-trial-4,a,a,true,246432.60
58060d08b869700001d70b8c,main-trial-4, , ,true,246616.40
58060d08b869700001d70b8c,main-trial-4,a,a,true,246784.60
58060d08b869700001d70b8c,main-trial-4,a,a,true,246992.50
58060d08b869700001d70b8c,main-trial-4, , ,true,247264.50
58060d08b869700001d70b8c,main-trial-4,c,c,true,248208.60
58060d08b869700001d70b8c,main-trial-4,a,a,true,248400.60
58060d08b869700001d70b8c,main-trial-4,f,f,true,249345.70
58060d08b869700001d70b8c,main-trial-4,h,h,true,249744.40
58060d08b869700001d70b8c,main-trial-4,b,b,true,250064.40
58060d08b869700001d70b8c,main-trial-4, , ,true,250072.30
58060d08b869700001d70b8c,main-trial-4,f, ,false,250888.70
58060d08b869700001d70b8c,main-trial-4,f,f,true,251456.50
58060d08b869700001d70b8c,main-trial-4,f,f,true,251648.50
58060d08b869700001d70b8c,main-trial-4, , ,true,251776.20
58060d08b869700001d70b8c,main-trial-4,f,f,true,252040.40
58060d08b869700001d70b8c,main-trial-4,f,f,true,252232.40
58060d08b869700001d70b8c,main-trial-4, , ,true,252384.30
58060d08b869700001d70b8c,main-trial-4,f,f,true,252600.40
58060d08b869700001d70b8c,main-trial-4,f,f,true,252800.30
58060d08b869700001d70b8c,main-trial-4, , ,true,252920.40
58060d08b869700001d70b8c,main-trial-4,j,j,true,253552.50
58060d08b869700001d70b8c,main-trial-4,i,i,true,253792.40
58060d08b869700001d70b8c,main-trial-4,n,n,true,253936.20
58060d08b869700001d70b8c,main-trial-4,t,t,true,254080.20
58060d08b869700001d70b8c,main-trial-4,y,y,true,254384.30
58060d08b869700001d70b8c,main-trial-4, , ,true,254737.00
58060d08b869700001d70b8c,main-trial-4,a,a,true,255184.30
58060d08b869700001d70b8c,main-trial-4,a,a,true,255376.20
58060d08b869700001d70b8c,main-trial-4, , ,true,255568.40
58060d08b869700001d70b8c,main-trial-4,f,f,true,255824.30
58060d08b869700001d70b8c,main-trial-4,f,f,true,256016.30
58060d08b869700001d70b8c,main-trial-4, , ,true,256232.60
58060d08b869700001d70b8c,main-trial-4,a,a,true,256504.50
58060d08b869700001d70b8c,main-trial-4,a,a,true,256704.50
58060d08b869700001d70b8c,main-trial-4, , ,true,256880.30
58060d08b869700001d70b8c,main-trial-4,f,f,true,257096.20
58060d08b869700001d70b8c,main-trial-4,f,f,true,257288.40
58060d08b869700001d70b8c,main-trial-4, , ,true,257512.30
58060d08b869700001d70b8c,main-trial-4,a,a,true,257728.30
58060d08b869700001d70b8c,main-trial-4,a,a,true,257928.20
58060d08b869700001d70b8c,main-trial-4, ,f,false,258184.20
58060d08b869700001d70b8c,main-trial-4, , ,true,258432.10
58060d08b869700001d70b8c,main-trial-4,f,f,true,259104.20
58060d08b869700001d70b8c,main-trial-4,f,f,true,259296.30
58060d08b869700001d70b8c,main-trial-5,f,f,true,264680.20
58060d08b869700001d70b8c,main-trial-5,n,n,true,264840.20
58060d08b869700001d70b8c,main-trial-5,q,q,true,264992.00
58060d08b869700001d70b8c,main-trial-5,p,p,true,266080.00
58060d08b869700001d70b8c,main-trial-5,r,r,true,266296.00
58060d08b869700001d70b8c,main-trial-5, , ,true,266880.00
58060d08b869700001d70b8c,main-trial-5,e,e,true,267416.30
58060d08b869700001d70b8c,main-trial-5,f,f,true,267520.00
58060d08b869700001d70b8c,main-trial-5, , ,true,267815.90
58060d08b869700001d70b8c,main-trial-5,e,e,true,268023.90
58060d08b869700001d70b8c,main-trial-5,f,f,true,268168.20
58060d08b869700001d70b8c,main-trial-5, , ,true,268512.10
58060d08b869700001d70b8c,main-trial-5,e,e,true,268672.30
58060d08b869700001d70b8c,main-trial-5,f,f,true,268840.40
58060d08b869700001d70b8c,main-trial-5, , ,true,269119.90
58060d08b869700001d70b8c,main-trial-5,y,y,true,270080.00
58060d08b869700001d70b8c,main-trial-5,g,g,true,270239.90
58060d08b869700001d70b8c,main-trial-5,g,g,true,270568.00
58060d08b869700001d70b8c,main-trial-5,k,k,true,271840.30
58060d08b869700001d70b8c,main-trial-5,g,g,true,271960.30
58060d08b869700001d70b8c,main-trial-5, , ,true,272529.40
58060d08b869700001d70b8c,main-trial-5,f,f,true,273071.90
58060d08b869700001d70b8c,main-trial-5,e,e,true,273184.00
58060d08b869700001d70b8c,main-trial-5, , ,true,273447.90
58060d08b869700001d70b8c,main-trial-5,f,f,true,273719.90
58060d08b869700001d70b8c,main-trial-5,e,e,true,273839.70
58060d08b869700001d70b8c,main-trial-5, , ,true,274159.90
58060d08b869700001d70b8c,main-trial-5,f,f,true,274303.90
58060d08b869700001d70b8c,main-trial-5,e,e,true,274463.80
58060d08b869700001d70b8c,main-trial-5, , ,true,274735.80
58060d08b869700001d70b8c,main-trial-5,u,u,true,275408.00
58060d08b869700001d70b8c,main-trial-5,j,j,true,275823.80
58060d08b869700001d70b8c,main-trial-5,o,o,true,276127.90
58060d08b869700001d70b8c,main-trial-5,o,o,true,276296.00
58060d08b869700001d70b8c,main-trial-5,h,h,true,276703.90
58060d08b869700001d70b8c,main-trial-5, , ,true,277271.80
58060d08b869700001d70b8c,main-trial-5,e,e,true,277799.80
58060d08b869700001d70b8c,main-trial-5,f,f,true,277919.70
58060d08b869700001d70b8c,main-trial-5, , ,true,278240.00
58060d08b869700001d70b8c,main-trial-5,f,f,true,278759.80
58060d08b869700001d70b8c,main-trial-5,e,r,false,278895.90
58060d08b869700001d70b8c,main-trial-5,e,e,true,279479.80
58060d08b869700001d70b8c,main-trial-5, , ,true,280335.70
58060d08b869700001d70b8c,main-trial-5,e,e,true,280711.80
58060d08b869700001d70b8c,main-trial-5,f,f,true,280847.60
58060d08b869700001d70b8c,main-trial-5, , ,true,281215.70
58060d08b869700001d70b8c,main-trial-5,f,f,true,281535.70
58060d08b869700001d70b8c,main-trial-5,e,e,true,281647.70
58060d08b869700001d70b8c,main-trial-5, , ,true,282032.10
58060d08b869700001d70b8c,main-trial-5,e,e,true,282407.70
58060d08b869700001d70b8c,main-trial-5,f,f,true,282519.70
58060d08b869700001d70b8c,main-trial-5, , ,true,282880.90
58060d08b869700001d70b8c,main-trial-5,f,f,true,283255.70
58060d08b869700001d70b8c,main-trial-5,e,e,true,283351.60
58060d08b869700001d70b8c,main-trial-6,n,n,true,288647.60
58060d08b869700001d70b8c,main-trial-6,m,m,true,288951.50
58060d08b869700001d70b8c,main-trial-6,o,o,true,289135.50
58060d08b869700001d70b8c,main-trial-6,v,v,true,289975.40
58060d08b869700001d70b8c,main-trial-6,n,n,true,290103.40
58060d08b869700001d70b8c,main-trial-6, , ,true,290391.50
58060d08b869700001d70b8c,main-trial-6,d,d,true,290975.40
58060d08b869700001d70b8c,main-trial-6,s,s,true,291087.40
58060d08b869700001d70b8c,main-trial-6, , ,true,291383.70
58060d08b869700001d70b8c,main-trial-6,d,d,true,291623.40
58060d08b869700001d70b8c,main-trial-6,s,s,true,291767.40
58060d08b869700001d70b8c,main-trial-6, , ,true,292023.30
58060d08b869700001d70b8c,main-trial-6,d,d,true,292351.40
58060d08b869700001d70b8c,main-trial-6,s,s,true,292487.40
58060d08b869700001d70b8c,main-trial-6, , ,true,292743.30
58060d08b869700001d70b8c,main-trial-6,w,w,true,293248.90
58060d08b869700001d70b8c,main-trial-6,w,w,true,293447.30
58060d08b869700001d70b8c,main-trial-6,y,y,true,295151.40
58060d08b869700001d70b8c,main-trial-6,h,h,true,295367.30
58060d08b869700001d70b8c,main-trial-6,v,v,true,296575.30
58060d08b869700001d70b8c,main-trial-6, , ,true,297039.30
58060d08b869700001d70b8c,main-trial-6,w,w,true,297641.90
58060d08b869700001d70b8c,main-trial-6,d,d,true,297759.30
58060d08b869700001d70b8c,main-trial-6, , ,true,298079.20
58060d08b869700001d70b8c,main-trial-6,w,w,true,298295.30
58060d08b869700001d70b8c,main-trial-6,d,d,true,298431.00
58060d08b869700001d70b8c,main-trial-6, , ,true,298727.20
58060d08b869700001d70b8c,main-trial-6,w,w,true,298887.10
58060d08b869700001d70b8c,main-trial-6,d,d,true,299039.60
58060d08b869700001d70b8c,main-trial-6, , ,true,299263.10
58060d08b869700001d70b8c,main-trial-6,m,m,true,299927.30
58060d08b869700001d70b8c,main-trial-6,a,a,true,300063.70
58060d08b869700001d70b8c,main-trial-6,k,k,true,300199.40
58060d08b869700001d70b8c,main-trial-6,j,j,true,301135.70
58060d08b869700001d70b8c,main-trial-6,j,j,true,301327.30
58060d08b869700001d70b8c,main-trial-6, , ,true,301663.20
58060d08b869700001d70b8c,main-trial-6,d,d,true,302263.10
58060d08b869700001d70b8c,main-trial-6,s,s,true,302351.20
58060d08b869700001d70b8c,main-trial-6, , ,true,302655.10
58060d08b869700001d70b8c,main-trial-6,w,w,true,303440.40
58060d08b869700001d70b8c,main-trial-6,d,d,true,303559.10
58060d08b869700001d70b8c,main-trial-6, , ,true,303975.10
58060d08b869700001d70b8c,main-trial-6,d,d,true,304327.00
58060d08b869700001d70b8c,main-trial-6,s,s,true,304375.00
58060d08b869700001d70b8c,main-trial-6, , ,true,304831.00
58060d08b869700001d70b8c,main-trial-6,w,w,true,305095.30
58060d08b869700001d70b8c,main-trial-6,d,d,true,305254.80
58060d08b869700001d70b8c,main-trial-6, , ,true,305663.40
58060d08b869700001d70b8c,main-trial-6,d,d,true,305991.10
58060d08b869700001d70b8c,main-trial-6,s,s,true,306103.10
58060d08b869700001d70b8c,main-trial-6, , ,true,306422.90
58060d08b869700001d70b8c,main-trial-6,w,w,true,306583.20
58060d08b869700001d70b8c,main-trial-6,d,d,true,306766.80
58060d08b869700001d70b8c,main-trial-7,x,x,true,311119.20
58060d08b869700001d70b8c,main-trial-7,x,x,true,311334.90
58060d08b869700001d70b8c,main-trial-7,n,n,true,311622.90
58060d08b869700001d70b8c,main-trial-7,f,f,true,312062.90
58060d08b869700001d70b8c,main-trial-7,y,y,true,312198.70
58060d08b869700001d70b8c,main-trial-7, , ,true,312550.90
58060d08b869700001d70b8c,main-trial-7,c,c,true,313095.30
58060d08b869700001d70b8c,main-trial-7,r,r,true,313246.80
58060d08b869700001d70b8c,main-trial-7, , ,true,313512.10
58060d08b869700001d70b8c,main-trial-7,c,c,true,313798.90
58060d08b869700001d70b8c,main-trial-7,r,r,true,313942.90
58060d08b869700001d70b8c,main-trial-7, , ,true,314262.80
58060d08b869700001d70b8c,main-trial-7,c,c,true,314447.00
58060d08b869700001d70b8c,main-trial-7,r,r,true,314582.80
58060d08b869700001d70b8c,main-trial-7, , ,true,314910.80
58060d08b869700001d70b8c,main-trial-7,f,f,true,315438.70
58060d08b869700001d70b8c,main-trial-7,w,w,true,315718.80
58060d08b869700001d70b8c,main-trial-7,t,t,true,316838.80
58060d08b869700001d70b8c,main-trial-7,z,z,true,317646.80
58060d08b869700001d70b8c,main-trial-7,f,f,true,317926.70
58060d08b869700001d70b8c,main-trial-7, , ,true,318430.80
58060d08b869700001d70b8c,main-trial-7,v,v,true,319174.80
58060d08b869700001d70b8c,main-trial-7,r,r,true,319319.00
58060d08b869700001d70b8c,main-trial-7, , ,true,319662.70
58060d08b869700001d70b8c,main-trial-7,v,v,true,319934.70
58060d08b869700001d70b8c,main-trial-7,r,r,true,320054.60
58060d08b869700001d70b8c,main-trial-7, , ,true,320350.70
58060d08b869700001d70b8c,main-trial-7,v,v,true,320598.70
58060d08b869700001d70b8c,main-trial-7,r,r,true,320702.80
58060d08b869700001d70b8c,main-trial-7, , ,true,320918.60
58060d08b869700001d70b8c,main-trial-7,j,j,true,321590.60
58060d08b869700001d70b8c,main-trial-7,n,n,true,321766.30
58060d08b869700001d70b8c,main-trial-7,c,c,true,321982.60
58060d08b869700001d70b8c,main-trial-7,x,x,true,323198.70
58060d08b869700001d70b8c,main-trial-7,l,l,true,323318.60
58060d08b869700001d70b8c,main-trial-7, , ,true,323679.90
58060d08b869700001d70b8c,main-trial-7,c,c,true,324278.50
58060d08b869700001d70b8c,main-trial-7,r,r,true,324398.60
58060d08b869700001d70b8c,main-trial-7, , ,true,324678.50
58060d08b869700001d70b8c,main-trial-7,v,c,false,324918.50
58060d08b869700001d70b8c,main-trial-7,v,v,true,326030.50
58060d08b869700001d70b8c,main-trial-7,r,r,true,326142.30
58060d08b869700001d70b8c,main-trial-7, , ,true,326519.30
58060d08b869700001d70b8c,main-trial-7,c,c,true,327014.50
58060d08b869700001d70b8c,main-trial-7,r,r,true,327142.50
58060d08b869700001d70b8c,main-trial-7, , ,true,327438.40
58060d08b869700001d70b8c,main-trial-7,v,v,true,327774.70
58060d08b869700001d70b8c,main-trial-7,r,r,true,327886.60
58060d08b869700001d70b8c,main-trial-7, , ,true,328254.50
58060d08b869700001d70b8c,main-trial-7,c,c,true,328574.60
58060d08b869700001d70b8c,main-trial-7,r,r,true,328742.40
58060d08b869700001d70b8c,main-trial-7, , ,true,329142.40
58060d08b869700001d70b8c,main-trial-7,v,v,true,329406.50
58060d08b869700001d70b8c,main-trial-7,r,r,true,329510.70
58060d08b869700001d70b8c,main-trial-8,y,y,true,335591.60
58060d08b869700001d70b8c,main-trial-8,w,w,true,335910.20
58060d08b869700001d70b8c,main-trial-8,q,q,true,336302.30
58060d08b869700001d70b8c,main-trial-8,q,q,true,337406.30
58060d08b869700001d70b8c,main-trial-8,d,d,true,337662.30
58060d08b869700001d70b8c,main-trial-8, , ,true,338326.20
58060d08b869700001d70b8c,main-trial-8,f,f,true,338870.30
58060d08b869700001d70b8c,main-trial-8,e,e,true,338950.10
58060d08b869700001d70b8c,main-trial-8, , ,true,339214.20
58060d08b869700001d70b8c,main-trial-8,f,f,true,339510.20
58060d08b869700001d70b8c,main-trial-8,e,e,true,339630.10
58060d08b869700001d70b8c,main-trial-8, , ,true,339942.00
58060d08b869700001d70b8c,main-trial-8,f,f,true,340126.10
58060d08b869700001d70b8c,main-trial-8,e,e,true,340254.50
58060d08b869700001d70b8c,main-trial-8, , ,true,340422.00
58060d08b869700001d70b8c,main-trial-8,j,j,true,341030.70
58060d08b869700001d70b8c,main-trial-8,l,l,true,341294.20
58060d08b869700001d70b8c,main-trial-8,d,d,true,341766.10
58060d08b869700001d70b8c,main-trial-8,u,u,true,341894.10
58060d08b869700001d70b8c,main-trial-8,h,h,true,342198.10
58060d08b869700001d70b8c,main-trial-8, , ,true,342550.10
58060d08b869700001d70b8c,main-trial-8,e,e,true,343222.30
58060d08b869700001d70b8c,main-trial-8,f,f,true,343342.30
58060d08b869700001d70b8c,main-trial-8, , ,true,343694.10
58060d08b869700001d70b8c,main-trial-8,e,e,true,344014.00
58060d08b869700001d70b8c,main-trial-8,f,f,true,344134.00
58060d08b869700001d70b8c,main-trial-8, , ,true,344462.00
58060d08b869700001d70b8c,main-trial-8,e,e,true,344662.00
58060d08b869700001d70b8c,main-trial-8,f,f,true,344782.10
58060d08b869700001d70b8c,main-trial-8, , ,true,345134.00
58060d08b869700001d70b8c,main-trial-8,x,x,true,345879.40
58060d08b869700001d70b8c,main-trial-8,o,o,true,346013.80
58060d08b869700001d70b8c,main-trial-8,r,r,true,347118.10
58060d08b869700001d70b8c,main-trial-8,l,l,true,347246.40
58060d08b869700001d70b8c,main-trial-8,i,i,true,347526.00
58060d08b869700001d70b8c,main-trial-8, , ,true,347918.00
58060d08b869700001d70b8c,main-trial-8,f,f,true,348662.00
58060d08b869700001d70b8c,main-trial-8,e,e,true,348773.90
58060d08b869700001d70b8c,main-trial-8, , ,true,349117.90
58060d08b869700001d70b8c,main-trial-8,e,e,true,349405.90
58060d08b869700001d70b8c,main-trial-8,f,f,true,349533.80
58060d08b869700001d70b8c,main-trial-8, , ,true,349845.80
58060d08b869700001d70b8c,main-trial-8,f,f,true,350157.90
58060d08b869700001d70b8c,main-trial-8,e,e,true,350278.20
58060d08b869700001d70b8c,main-trial-8, , ,true,350605.90
58060d08b869700001d70b8c,main-trial-8,e,e,true,350973.90
58060d08b869700001d70b8c,main-trial-8,f,f,true,351102.30
58060d08b869700001d70b8c,main-trial-8, , ,true,351438.00
58060d08b869700001d70b8c,main-trial-8,f,f,true,351757.90
58060d08b869700001d70b8c,main-trial-8,e,e,true,351877.70
58060d08b869700001d70b8c,main-trial-8, , ,true,352197.80
58060d08b869700001d70b8c,main-trial-8,e,e,true,352549.80
58060d08b869700001d70b8c,main-trial-8,f,f,true,352661.80
58060d08b869700001d70b8c,main-trial-9,l,l,true,359917.70
58060d08b869700001d70b8c,main-trial-9,a,a,true,360030.30
58060d08b869700001d70b8c,main-trial-9,i,i,true,360133.60
58060d08b869700001d70b8c,main-trial-9,v,v,true,361293.50
58060d08b869700001d70b8c,main-trial-9,x,x,true,361925.60
58060d08b869700001d70b8c,main-trial-9, , ,true,362053.40
58060d08b869700001d70b8c,main-trial-9,f,f,true,363989.50
58060d08b869700001d70b8c,main-trial-9,g,g,true,364157.60
58060d08b869700001d70b8c,main-trial-9, , ,true,364381.50
58060d08b869700001d70b8c,main-trial-9,f,f,true,364605.50
58060d08b869700001d70b8c,main-trial-9,g,g,true,364757.50
58060d08b869700001d70b8c,main-trial-9, , ,true,364837.50
58060d08b869700001d70b8c,main-trial-9,f,f,true,365133.50
58060d08b869700001d70b8c,main-trial-9,g,g,true,365277.50
58060d08b869700001d70b8c,main-trial-9, , ,true,365294.30
58060d08b869700001d70b8c,main-trial-9,w,w,true,366637.60
58060d08b869700001d70b8c,main-trial-9,e,e,true,367093.50
58060d08b869700001d70b8c,main-trial-9,g,g,true,367551.00
58060d08b869700001d70b8c,main-trial-9,k,k,true,368317.30
58060d08b869700001d70b8c,main-trial-9,u,u,true,368909.60
58060d08b869700001d70b8c,main-trial-9, , ,true,369229.60
58060d08b869700001d70b8c,main-trial-9,d,d,true,369797.40
58060d08b869700001d70b8c,main-trial-9,f,f,true,369925.40
58060d08b869700001d70b8c,main-trial-9, , ,true,370173.40
58060d08b869700001d70b8c,main-trial-9,d,d,true,370365.40
58060d08b869700001d70b8c,main-trial-9,f,f,true,370533.80
58060d08b869700001d70b8c,main-trial-9, , ,true,370669.20
58060d08b869700001d70b8c,main-trial-9,d,d,true,370909.40
58060d08b869700001d70b8c,main-trial-9,f,f,true,371037.40
58060d08b869700001d70b8c,main-trial-9, , ,true,371173.30
58060d08b869700001d70b8c,main-trial-9,f,f,true,372077.40
58060d08b869700001d70b8c,main-trial-9,d,d,true,372253.40
58060d08b869700001d70b8c,main-trial-9,p,p,true,373525.50
58060d08b869700001d70b8c,main-trial-9,e,e,true,373693.30
58060d08b869700001d70b8c,main-trial-9,f,f,true,373893.20
58060d08b869700001d70b8c,main-trial-9, , ,true,374453.30
58060d08b869700001d70b8c,main-trial-9,f,f,true,375765.30
58060d08b869700001d70b8c,main-trial-9,g,g,true,375965.20
58060d08b869700001d70b8c,main-trial-9, , ,true,376021.10
58060d08b869700001d70b8c,main-trial-9,d,f,false,377029.30
58060d08b869700001d70b8c,main-trial-9,d,d,true,377582.70
58060d08b869700001d70b8c,main-trial-9,f,f,true,377717.20
58060d08b869700001d70b8c,main-trial-9, , ,true,378325.20
58060d08b869700001d70b8c,main-trial-9,f,f,true,379029.30
58060d08b869700001d70b8c,main-trial-9,g,g,true,379125.60
58060d08b869700001d70b8c,main-trial-9, , ,true,379813.70
58060d08b869700001d70b8c,main-trial-9,d,d,true,380989.10
58060d08b869700001d70b8c,main-trial-9,f,f,true,381501.10
58060d08b869700001d70b8c,main-trial-9, , ,true,382037.10
58060d08b869700001d70b8c,main-trial-9,f,f,true,382701.10
58060d08b869700001d70b8c,main-trial-9,g,g,true,382868.90
58060d08b869700001d70b8c,main-trial-9, , ,true,383261.10
58060d08b869700001d70b8c,main-trial-9,d,d,true,384133.00
58060d08b869700001d70b8c,main-trial-9,f,f,true,384253.00
58060d08b869700001d70b8c,main-trial-10,d,d,true,389206.30
58060d08b869700001d70b8c,main-trial-10,g,g,true,389420.80
58060d08b869700001d70b8c,main-trial-10,s,s,true,389820.90
58060d08b869700001d70b8c,main-trial-10,a,a,true,390012.90
58060d08b869700001d70b8c,main-trial-10,w,w,true,390252.90
58060d08b869700001d70b8c,main-trial-10, , ,true,390660.90
58060d08b869700001d70b8c,main-trial-10,e,e,true,391148.80
58060d08b869700001d70b8c,main-trial-10,f,f,true,391284.90
58060d08b869700001d70b8c,main-trial-10, , ,true,391597.40
58060d08b869700001d70b8c,main-trial-10,e,e,true,391796.80
58060d08b869700001d70b8c,main-trial-10,f,f,true,391924.80
58060d08b869700001d70b8c,main-trial-10, , ,true,392172.60
58060d08b869700001d70b8c,main-trial-10,e,e,true,392485.30
58060d08b869700001d70b8c,main-trial-10,f,f,true,392588.80
58060d08b869700001d70b8c,main-trial-10, , ,true,392716.90
58060d08b869700001d70b8c,main-trial-10,g,g,true,393469.30
58060d08b869700001d70b8c,main-trial-10,d,d,true,394044.80
58060d08b869700001d70b8c,main-trial-10,f,f,true,395228.70
58060d08b869700001d70b8c,main-trial-10,m,m,true,395325.00
58060d08b869700001d70b8c,main-trial-10,i,i,true,395468.70
58060d08b869700001d70b8c,main-trial-10, , ,true,395844.70
58060d08b869700001d70b8c,main-trial-10,d,d,true,396188.50
58060d08b869700001d70b8c,main-trial-10,r,r,true,396372.60
58060d08b869700001d70b8c,main-trial-10, , ,true,396660.60
58060d08b869700001d70b8c,main-trial-10,d,d,true,396844.90
58060d08b869700001d70b8c,main-trial-10,r,r,true,397037.10
58060d08b869700001d70b8c,main-trial-10, , ,true,397316.70
58060d08b869700001d70b8c,main-trial-10,d,d,true,397460.50
58060d08b869700001d70b8c,main-trial-10,r,r,true,397636.50
58060d08b869700001d70b8c,main-trial-10, , ,true,397948.70
58060d08b869700001d70b8c,main-trial-10,p,p,true,398412.80
58060d08b869700001d70b8c,main-trial-10,v,v,true,398580.50
58060d08b869700001d70b8c,main-trial-10,v,v,true,398796.60
58060d08b869700001d70b8c,main-trial-10,d,d,true,399413.80
58060d08b869700001d70b8c,main-trial-10,r,r,true,399604.50
58060d08b869700001d70b8c,main-trial-10, , ,true,400036.50
58060d08b869700001d70b8c,main-trial-10,e,e,true,400876.60
58060d08b869700001d70b8c,main-trial-10,f,f,true,400988.50
58060d08b869700001d70b8c,main-trial-10, , ,true,401420.60
58060d08b869700001d70b8c,main-trial-10,d,d,true,403004.50
58060d08b869700001d70b8c,main-trial-10,r,r,true,403204.50
58060d08b869700001d70b8c,main-trial-10, , ,true,403580.50
58060d08b869700001d70b8c,main-trial-10,e,e,true,404148.50
58060d08b869700001d70b8c,main-trial-10,f,f,true,404252.50
58060d08b869700001d70b8c,main-trial-10, , ,true,404620.50
58060d08b869700001d70b8c,main-trial-10,d,d,true,405108.60
58060d08b869700001d70b8c,main-trial-10,r,r,true,405308.40
58060d08b869700001d70b8c,main-trial-10, , ,true,405644.40
58060d08b869700001d70b8c,main-trial-10,e,e,true,406196.50
58060d08b869700001d70b8c,main-trial-10,f,f,true,406308.40
58060d08b869700001d70b8c,main-trial-10, , ,true,406620.70
58060d08b869700001d70b8c,main-trial-10,d,d,true,406980.30
58060d08b869700001d70b8c,main-trial-10,r,r,true,407140.50
58060d08b869700001d70b8c,main-trial-11,i,i,true,412428.30
58060d08b869700001d70b8c,main-trial-11,e,e,true,412612.30
58060d08b869700001d70b8c,main-trial-11,x,x,true,414452.20
58060d08b869700001d70b8c,main-trial-11,p,p,true,414620.30
58060d08b869700001d70b8c,main-trial-11,t,t,true,414812.10
58060d08b869700001d70b8c,main-trial-11, , ,true,415084.10
58060d08b869700001d70b8c,main-trial-11,w,w,true,415788.10
58060d08b869700001d70b8c,main-trial-11,f,f,true,415924.50
58060d08b869700001d70b8c,main-trial-11, , ,true,416316.20
58060d08b869700001d70b8c,main-trial-11,w,w,true,416484.10
58060d08b869700001d70b8c,main-trial-11,f,f,true,416628.20
58060d08b869700001d70b8c,main-trial-11, , ,true,416948.10
58060d08b869700001d70b8c,main-trial-11,w,w,true,417099.90
58060d08b869700001d70b8c,main-trial-11,f,f,true,417228.20
58060d08b869700001d70b8c,main-trial-11, , ,true,417620.10
58060d08b869700001d70b8c,main-trial-11,z,z,true,418828.20
58060d08b869700001d70b8c,main-trial-11,d,d,true,420173.40
58060d08b869700001d70b8c,main-trial-11,u,u,true,420348.00
58060d08b869700001d70b8c,main-trial-11,z,z,true,420476.10
58060d08b869700001d70b8c,main-trial-11,z,z,true,420716.00
58060d08b869700001d70b8c,main-trial-11, , ,true,421044.00
58060d08b869700001d70b8c,main-trial-11,s,s,true,421804.10
58060d08b869700001d70b8c,main-trial-11,r,r,true,421988.10
58060d08b869700001d70b8c,main-trial-11, , ,true,422284.00
58060d08b869700001d70b8c,main-trial-11,s,s,true,422492.10
58060d08b869700001d70b8c,main-trial-11,r,r,true,422620.20
58060d08b869700001d70b8c,main-trial-11, , ,true,422835.90
58060d08b869700001d70b8c,main-trial-11,s,s,true,423051.90
58060d08b869700001d70b8c,main-trial-11,r,r,true,423164.10
58060d08b869700001d70b8c,main-trial-11, , ,true,423316.20
58060d08b869700001d70b8c,main-trial-11,a,a,true,424012.00
58060d08b869700001d70b8c,main-trial-11,x,x,true,424315.90
58060d08b869700001d70b8c,main-trial-11,m,m,true,424419.80
58060d08b869700001d70b8c,main-trial-11,i,i,true,424668.20
58060d08b869700001d70b8c,main-trial-11,s,s,true,424764.10
58060d08b869700001d70b8c,main-trial-11, , ,true,425203.80
58060d08b869700001d70b8c,main-trial-11,w,w,true,426092.00
58060d08b869700001d70b8c,main-trial-11,f,f,true,426219.90
58060d08b869700001d70b8c,main-trial-11, , ,true,426436.20
58060d08b869700001d70b8c,main-trial-11,s,s,true,426987.90
58060d08b869700001d70b8c,main-trial-11,r,r,true,427323.80
58060d08b869700001d70b8c,main-trial-11, , ,true,427652.20
58060d08b869700001d70b8c,main-trial-11,w,w,true,428235.90
58060d08b869700001d70b8c,main-trial-11,f,f,true,428372.20
58060d08b869700001d70b8c,main-trial-11, , ,true,428563.90
58060d08b869700001d70b8c,main-trial-11,s,s,true,428923.80
58060d08b869700001d70b8c,main-trial-11,r,r,true,429171.80
58060d08b869700001d70b8c,main-trial-11, , ,true,429411.80
58060d08b869700001d70b8c,main-trial-11,w,w,true,429963.90
58060d08b869700001d70b8c,main-trial-11,f,f,true,430067.80
58060d08b869700001d70b8c,main-trial-11, , ,true,430268.80
58060d08b869700001d70b8c,main-trial-11,s,s,true,430675.80
58060d08b869700001d70b8c,main-trial-11,r,r,true,430915.80
58060d08b869700001d70b8c,main-trial-12,l,l,true,435555.70
58060d08b869700001d70b8c,main-trial-12,a,a,true,435667.60
58060d08b869700001d70b8c,main-trial-12,w,w,true,435939.60
58060d08b869700001d70b8c,main-trial-12,w,w,true,436155.50
58060d08b869700001d70b8c,main-trial-12,n,n,true,436299.40
58060d08b869700001d70b8c,main-trial-12, , ,true,436515.60
58060d08b869700001d70b8c,main-trial-12,c,c,true,437467.60
58060d08b869700001d70b8c,main-trial-12,v,v,true,437587.60
58060d08b869700001d70b8c,main-trial-12, , ,true,437763.80
58060d08b869700001d70b8c,main-trial-12,c,c,true,437971.60
58060d08b869700001d70b8c,main-trial-12,v,v,true,438132.10
58060d08b869700001d70b8c,main-trial-12, , ,true,438244.00
58060d08b869700001d70b8c,main-trial-12,c,c,true,438435.40
58060d08b869700001d70b8c,main-trial-12,v,v,true,438595.40
58060d08b869700001d70b8c,main-trial-12, , ,true,438707.70
58060d08b869700001d70b8c,main-trial-12,b,b,true,439779.60
58060d08b869700001d70b8c,main-trial-12,s,s,true,439868.10
58060d08b869700001d70b8c,main-trial-12,y,y,true,440035.30
58060d08b869700001d70b8c,main-trial-12,p,p,true,440685.20
58060d08b869700001d70b8c,main-trial-12,d,d,true,441107.60
58060d08b869700001d70b8c,main-trial-12, , ,true,441683.50
58060d08b869700001d70b8c,main-trial-12,c,c,true,442563.60
58060d08b869700001d70b8c,main-trial-12,r,r,true,442699.50
58060d08b869700001d70b8c,main-trial-12, , ,true,442963.40
58060d08b869700001d70b8c,main-trial-12,c,c,true,443227.30
58060d08b869700001d70b8c,main-trial-12,r,r,true,443363.50
58060d08b869700001d70b8c,main-trial-12, , ,true,443627.50
58060d08b869700001d70b8c,main-trial-12,c,c,true,443755.30
58060d08b869700001d70b8c,main-trial-12,r,r,true,443875.20
58060d08b869700001d70b8c,main-trial-12, , ,true,444259.40
58060d08b869700001d70b8c,main-trial-12,x,x,true,445059.40
58060d08b869700001d70b8c,main-trial-12,r,r,true,445963.40
58060d08b869700001d70b8c,main-trial-12,e,e,true,446131.30
58060d08b869700001d70b8c,main-trial-12,r,r,true,446267.70
58060d08b869700001d70b8c,main-trial-12,e,e,true,446435.30
58060d08b869700001d70b8c,main-trial-12, , ,true,446867.50
58060d08b869700001d70b8c,main-trial-12,c,c,true,447755.40
58060d08b869700001d70b8c,main-trial-12,v,v,true,447883.30
58060d08b869700001d70b8c,main-trial-12, , ,true,448051.40
58060d08b869700001d70b8c,main-trial-12,c,c,true,448851.30
58060d08b869700001d70b8c,main-trial-12,r,r,true,448995.30
58060d08b869700001d70b8c,main-trial-12, , ,true,449363.40
58060d08b869700001d70b8c,main-trial-12,c,c,true,449563.40
58060d08b869700001d70b8c,main-trial-12,v,v,true,449899.30
58060d08b869700001d70b8c,main-trial-12, , ,true,450331.30
58060d08b869700001d70b8c,main-trial-12,c,c,true,450796.60
58060d08b869700001d70b8c,main-trial-12,r,r,true,450923.70
58060d08b869700001d70b8c,main-trial-12, , ,true,451323.30
58060d08b869700001d70b8c,main-trial-12,c,c,true,451875.30
58060d08b869700001d70b8c,main-trial-12,v,v,true,452035.40
58060d08b869700001d70b8c,main-trial-12, , ,true,452275.40
58060d08b869700001d70b8c,main-trial-12,c,c,true,452675.20
58060d08b869700001d70b8c,main-trial-12,r,r,true,452818.90
58060d08b869700001d70b8c,main-trial-13,b,b,true,458323.10
58060d08b869700001d70b8c,main-trial-13,w,w,true,458411.00
58060d08b869700001d70b8c,main-trial-13,i,i,true,458459.30
58060d08b869700001d70b8c,main-trial-13,f,f,true,458618.80
58060d08b869700001d70b8c,main-trial-13,e,e,true,458826.90
58060d08b869700001d70b8c,main-trial-13, , ,true,459259.10
58060d08b869700001d70b8c,main-trial-13,s,s,true,460131.10
58060d08b869700001d70b8c,main-trial-13,f,f,true,460378.80
58060d08b869700001d70b8c,main-trial-13, , ,true,460635.20
58060d08b869700001d70b8c,main-trial-13,s,s,true,460795.20
58060d08b869700001d70b8c,main-trial-13,f,f,true,460948.40
58060d08b869700001d70b8c,main-trial-13, , ,true,461131.00
58060d08b869700001d70b8c,main-trial-13,s,s,true,461242.80
58060d08b869700001d70b8c,main-trial-13,f,f,true,461387.00
58060d08b869700001d70b8c,main-trial-13, , ,true,461523.10
58060d08b869700001d70b8c,main-trial-13,u,u,true,462723.00
58060d08b869700001d70b8c,main-trial-13,f,f,true,462787.20
58060d08b869700001d70b8c,main-trial-13,t,t,true,462987.20
58060d08b869700001d70b8c,main-trial-13,g,q,false,463858.80
58060d08b869700001d70b8c,main-trial-13,g,g,true,464858.90
58060d08b869700001d70b8c,main-trial-13,q,q,true,464994.80
58060d08b869700001d70b8c,main-trial-13, , ,true,465378.90
58060d08b869700001d70b8c,main-trial-13,b,b,true,466346.90
58060d08b869700001d70b8c,main-trial-13,e,e,true,466530.80
58060d08b869700001d70b8c,main-trial-13, , ,true,466890.70
58060d08b869700001d70b8c,main-trial-13,b,b,true,467058.50
58060d08b869700001d70b8c,main-trial-13,e,e,true,467162.90
58060d08b869700001d70b8c,main-trial-13, , ,true,467482.80
58060d08b869700001d70b8c,main-trial-13,b,b,true,467579.00
58060d08b869700001d70b8c,main-trial-13,e,e,true,467690.70
58060d08b869700001d70b8c,main-trial-13, , ,true,468050.80
58060d08b869700001d70b8c,main-trial-13,p,p,true,468738.90
58060d08b869700001d70b8c,main-trial-13,r,r,true,468922.60
58060d08b869700001d70b8c,main-trial-13,c,c,true,469386.80
58060d08b869700001d70b8c,main-trial-13,l,l,true,470139.30
58060d08b869700001d70b8c,main-trial-13,f,f,true,470923.40
58060d08b869700001d70b8c,main-trial-13, , ,true,471108.00
58060d08b869700001d70b8c,main-trial-13,s,s,true,471562.80
58060d08b869700001d70b8c,main-trial-13,f,f,true,472194.70
58060d08b869700001d70b8c,main-trial-13, , ,true,472714.70
58060d08b869700001d70b8c,main-trial-13,b,b,true,474818.60
58060d08b869700001d70b8c,main-trial-13,e,e,true,474930.60
58060d08b869700001d70b8c,main-trial-13, , ,true,475202.50
58060d08b869700001d70b8c,main-trial-13,s,s,true,475802.60
58060d08b869700001d70b8c,main-trial-13,f,f,true,475962.60
58060d08b869700001d70b8c,main-trial-13, , ,true,476210.50
58060d08b869700001d70b8c,main-trial-13,b,b,true,476603.20
58060d08b869700001d70b8c,main-trial-13,e,e,true,476714.60
58060d08b869700001d70b8c,main-trial-13, , ,true,476946.50
58060d08b869700001d70b8c,main-trial-13,s,s,true,477466.50
58060d08b869700001d70b8c,main-trial-13,f,f,true,477738.80
58060d08b869700001d70b8c,main-trial-13, , ,true,478042.50
58060d08b869700001d70b8c,main-trial-13,b,b,true,478362.80
58060d08b869700001d70b8c,main-trial-13,e,e,true,478506.60
58060d08b869700001d70b8c,main-trial-14,p,p,true,490066.20
58060d08b869700001d70b8c,main-trial-14,e,e,true,490177.90
58060d08b869700001d70b8c,main-trial-14,z,z,true,491211.40
58060d08b869700001d70b8c,main-trial-14,d,d,true,491474.10
58060d08b869700001d70b8c,main-trial-14,d,d,true,491658.00
58060d08b869700001d70b8c,main-trial-14, , ,true,493058.10
58060d08b869700001d70b8c,main-trial-14,d,d,true,495226.10
58060d08b869700001d70b8c,main-trial-14,r,r,true,495434.10
58060d08b869700001d70b8c,main-trial-14, , ,true,495762.00
58060d08b869700001d70b8c,main-trial-14,d,d,true,495929.90
58060d08b869700001d70b8c,main-trial-14,r,r,true,496114.00
58060d08b869700001d70b8c,main-trial-14, , ,true,496362.00
58060d08b869700001d70b8c,main-trial-14,d,d,true,496529.90
58060d08b869700001d70b8c,main-trial-14,r,r,true,496705.80
58060d08b869700001d70b8c,main-trial-14, , ,true,496993.90
58060d08b869700001d70b8c,main-trial-14,e,e,true,497609.90
58060d08b869700001d70b8c,main-trial-14,h,h,true,497938.00
58060d08b869700001d70b8c,main-trial-14,v,v,true,498857.90
58060d08b869700001d70b8c,main-trial-14,a,a,true,498945.90
58060d08b869700001d70b8c,main-trial-14,o,o,true,499074.10
58060d08b869700001d70b8c,main-trial-14, , ,true,499449.90
58060d08b869700001d70b8c,main-trial-14,e,e,true,499866.00
58060d08b869700001d70b8c,main-trial-14,f,f,true,499969.80
58060d08b869700001d70b8c,main-trial-14, , ,true,500225.90
58060d08b869700001d70b8c,main-trial-14,e,e,true,500401.80
58060d08b869700001d70b8c,main-trial-14,f,f,true,500529.90
58060d08b869700001d70b8c,main-trial-14, , ,true,500802.10
58060d08b869700001d70b8c,main-trial-14,e,e,true,500898.20
58060d08b869700001d70b8c,main-trial-14,f,f,true,501002.10
58060d08b869700001d70b8c,main-trial-14, , ,true,501275.10
58060d08b869700001d70b8c,main-trial-14,h,h,true,502073.90
58060d08b869700001d70b8c,main-trial-14,z,z,true,502433.80
58060d08b869700001d70b8c,main-trial-14,x,x,true,503857.70
58060d08b869700001d70b8c,main-trial-14,y,y,true,504169.70
58060d08b869700001d70b8c,main-trial-14,i,i,true,504473.80
58060d08b869700001d70b8c,main-trial-14, , ,true,504961.60
58060d08b869700001d70b8c,main-trial-14,d,d,true,505441.70
58060d08b869700001d70b8c,main-trial-14,r,r,true,505625.70
58060d08b869700001d70b8c,main-trial-14, , ,true,506073.80
58060d08b869700001d70b8c,main-trial-14,e,e,true,506490.10
58060d08b869700001d70b8c,main-trial-14,f,f,true,506610.70
58060d08b869700001d70b8c,main-trial-14, , ,true,506889.70
58060d08b869700001d70b8c,main-trial-14,d,d,true,507129.70
58060d08b869700001d70b8c,main-trial-14,r,r,true,507345.70
58060d08b869700001d70b8c,main-trial-14, , ,true,507673.70
58060d08b869700001d70b8c,main-trial-14,e,e,true,507993.60
58060d08b869700001d70b8c,main-trial-14,f,f,true,508129.70
58060d08b869700001d70b8c,main-trial-14, , ,true,508377.70
58060d08b869700001d70b8c,main-trial-14,d,d,true,508593.60
58060d08b869700001d70b8c,main-trial-14,r,r,true,508825.60
58060d08b869700001d70b8c,main-trial-14, , ,true,509145.60
58060d08b869700001d70b8c,main-trial-14,e,e,true,509361.50
58060d08b869700001d70b8c,main-trial-14,f,f,true,509513.70
58060d08b869700001d70b8c,main-trial-15,a,a,true,513490.10
58060d08b869700001d70b8c,main-trial-15,p,p,true,513577.50
58060d08b869700001d70b8c,main-trial-15,i,i,true,513793.40
58060d08b869700001d70b8c,main-trial-15,x,x,true,514993.50
58060d08b869700001d70b8c,main-trial-15,z,z,true,515289.50
58060d08b869700001d70b8c,main-trial-15, , ,true,515505.50
58060d08b869700001d70b8c,main-trial-15,f,f,true,516209.50
58060d08b869700001d70b8c,main-trial-15,d,d,true,516329.50
58060d08b869700001d70b8c,main-trial-15, , ,true,516521.40
58060d08b869700001d70b8c,main-trial-15,f,f,true,516721.30
58060d08b869700001d70b8c,main-trial-15,d,d,true,516897.60
58060d08b869700001d70b8c,main-trial-15, , ,true,517121.30
58060d08b869700001d70b8c,main-trial-15,f,f,true,517281.20
58060d08b869700001d70b8c,main-trial-15,d,d,true,517401.50
58060d08b869700001d70b8c,main-trial-15, , ,true,517617.40
58060d08b869700001d70b8c,main-trial-15,o,o,true,518313.40
58060d08b869700001d70b8c,main-trial-15,x,x,true,518721.40
58060d08b869700001d70b8c,main-trial-15,g,g,true,519273.50
58060d08b869700001d70b8c,main-trial-15,x,x,true,520225.40
58060d08b869700001d70b8c,main-trial-15,s,s,true,520921.30
58060d08b869700001d70b8c,main-trial-15, , ,true,521401.50
58060d08b869700001d70b8c,main-trial-15,d,d,true,521817.50
58060d08b869700001d70b8c,main-trial-15,r,r,true,521986.40
58060d08b869700001d70b8c,main-trial-15, , ,true,522257.30
58060d08b869700001d70b8c,main-trial-15,d,d,true,522401.20
58060d08b869700001d70b8c,main-trial-15,r,r,true,522601.50
58060d08b869700001d70b8c,main-trial-15, , ,true,522857.10
58060d08b869700001d70b8c,main-trial-15,d,d,true,522969.00
58060d08b869700001d70b8c,main-trial-15,r,r,true,523153.20
58060d08b869700001d70b8c,main-trial-15, , ,true,523497.20
58060d08b869700001d70b8c,main-trial-15,v,v,true,524113.30
58060d08b869700001d70b8c,main-trial-15,o,o,true,524193.40
58060d08b869700001d70b8c,main-trial-15,e,w,false,524377.30
58060d08b869700001d70b8c,main-trial-15,e,e,true,525193.30
58060d08b869700001d70b8c,main-trial-15,v,v,true,526057.20
58060d08b869700001d70b8c,main-trial-15,b,b,true,526329.10
58060d08b869700001d70b8c,main-trial-15, , ,true,526785.50
58060d08b869700001d70b8c,main-trial-15,f,f,true,527761.20
58060d08b869700001d70b8c,main-trial-15,d,d,true,527833.10
58060d08b869700001d70b8c,main-trial-15, , ,true,528233.20
58060d08b869700001d70b8c,main-trial-15,d,d,true,529241.20
58060d08b869700001d70b8c,main-trial-15,r,r,true,529433.00
58060d08b869700001d70b8c,main-trial-15, , ,true,529753.30
58060d08b869700001d70b8c,main-trial-15,f,d,false,530481.40
58060d08b869700001d70b8c,main-trial-15,f,f,true,530609.00
58060d08b869700001d70b8c,main-trial-15,d,f,false,531241.10
58060d08b869700001d70b8c,main-trial-15,d,d,true,533298.50
58060d08b869700001d70b8c,main-trial-15, , ,true,533881.00
58060d08b869700001d70b8c,main-trial-15,d,d,true,534465.00
58060d08b869700001d70b8c,main-trial-15,r,r,true,534705.10
58060d08b869700001d70b8c,main-trial-15, , ,true,535097.00
58060d08b869700001d70b8c,main-trial-15,f,f,true,535409.00
58060d08b869700001d70b8c,main-trial-15,d,d,true,535505.00
58060d08b869700001d70b8c,main-trial-15, , ,true,535833.00
58060d08b869700001d70b8c,main-trial-15,d,f,false,536320.90
58060d08b869700001d70b8c,main-trial-15,d,d,true,536760.90
58060d08b869700001d70b8c,main-trial-15,r,r,true,536937.00
58060d08b869700001d70b8c,main-trial-16,y,y,true,543841.80
58060d08b869700001d70b8c,main-trial-16,x,x,true,544320.70
58060d08b869700001d70b8c,main-trial-16,n,n,true,544464.90
58060d08b869700001d70b8c,main-trial-16,g,g,true,545264.80
58060d08b869700001d70b8c,main-trial-16,o,o,true,545328.70
58060d08b869700001d70b8c,main-trial-16, , ,true,545704.70
58060d08b869700001d70b8c,main-trial-16,v,v,true,546368.60
58060d08b869700001d70b8c,main-trial-16,r,r,true,546464.60
58060d08b869700001d70b8c,main-trial-16, , ,true,546728.60
58060d08b869700001d70b8c,main-trial-16,v,v,true,546856.40
58060d08b869700001d70b8c,main-trial-16,r,r,true,546960.60
58060d08b869700001d70b8c,main-trial-16, , ,true,547176.60
58060d08b869700001d70b8c,main-trial-16,v,v,true,547273.00
58060d08b869700001d70b8c,main-trial-16,r,r,true,547384.90
58060d08b869700001d70b8c,main-trial-16, , ,true,547688.90
58060d08b869700001d70b8c,main-trial-16,l,l,true,548064.60
58060d08b869700001d70b8c,main-trial-16,i,i,true,548328.60
58060d08b869700001d70b8c,main-trial-16,q,q,true,549192.60
58060d08b869700001d70b8c,main-trial-16,u,u,true,549936.50
58060d08b869700001d70b8c,main-trial-16,b,b,true,550064.30
58060d08b869700001d70b8c,main-trial-16, , ,true,550488.70
58060d08b869700001d70b8c,main-trial-16,f,f,true,551000.60
58060d08b869700001d70b8c,main-trial-16,r,r,true,551104.60
58060d08b869700001d70b8c,main-trial-16, , ,true,551400.50
58060d08b869700001d70b8c,main-trial-16,f,f,true,551552.60
58060d08b869700001d70b8c,main-trial-16,r,r,true,551656.40
58060d08b869700001d70b8c,main-trial-16, , ,true,551888.70
58060d08b869700001d70b8c,main-trial-16,f,f,true,552024.30
58060d08b869700001d70b8c,main-trial-16,r,r,true,552128.50
58060d08b869700001d70b8c,main-trial-16, , ,true,552312.40
58060d08b869700001d70b8c,main-trial-16,g,g,true,552792.50
58060d08b869700001d70b8c,main-trial-16,m,m,true,552960.20
58060d08b869700001d70b8c,main-trial-16,t,t,true,553792.50
58060d08b869700001d70b8c,main-trial-16,p,p,true,553985.70
58060d08b869700001d70b8c,main-trial-16,x,x,true,554376.50
58060d08b869700001d70b8c,main-trial-16, , ,true,554928.60
58060d08b869700001d70b8c,main-trial-16,v,v,true,555616.40
58060d08b869700001d70b8c,main-trial-16,r,r,true,555704.50
58060d08b869700001d70b8c,main-trial-16, , ,true,555944.30
58060d08b869700001d70b8c,main-trial-16,f,f,true,556200.60
58060d08b869700001d70b8c,main-trial-16,r,r,true,556312.40
58060d08b869700001d70b8c,main-trial-16, , ,true,556592.50
58060d08b869700001d70b8c,main-trial-16,v,v,true,556808.20
58060d08b869700001d70b8c,main-trial-16,r,r,true,557160.40
58060d08b869700001d70b8c,main-trial-16, , ,true,557456.30
58060d08b869700001d70b8c,main-trial-16,f,f,true,557688.40
58060d08b869700001d70b8c,main-trial-16,r,r,true,557800.40
58060d08b869700001d70b8c,main-trial-16, , ,true,558088.30
58060d08b869700001d70b8c,main-trial-16,v,v,true,558248.30
58060d08b869700001d70b8c,main-trial-16,r,f,false,558576.40
58060d08b869700001d70b8c,main-trial-16,r,r,true,558744.20
58060d08b869700001d70b8c,main-trial-16, , ,true,559264.30
58060d08b869700001d70b8c,main-trial-16,f,v,false,559416.30
58060d08b869700001d70b8c,main-trial-16,f,f,true,561192.40
58060d08b869700001d70b8c,main-trial-16,r,r,true,561280.20
58060d08b869700001d70b8c,main-trial-17,c,c,true,565969.60
58060d08b869700001d70b8c,main-trial-17,q,q,true,566152.20
58060d08b869700001d70b8c,main-trial-17,g,g,true,567096.20
58060d08b869700001d70b8c,main-trial-17,f,f,true,567672.10
58060d08b869700001d70b8c,main-trial-17,c,c,true,568104.20
58060d08b869700001d70b8c,main-trial-17, , ,true,568456.10
58060d08b869700001d70b8c,main-trial-17,f,f,true,569000.20
58060d08b869700001d70b8c,main-trial-17,r,r,true,569096.10
58060d08b869700001d70b8c,main-trial-17, , ,true,569392.00
58060d08b869700001d70b8c,main-trial-17,f,f,true,569552.10
58060d08b869700001d70b8c,main-trial-17,r,r,true,569664.20
58060d08b869700001d70b8c,main-trial-17, , ,true,569872.10
58060d08b869700001d70b8c,main-trial-17,f,f,true,569992.10
58060d08b869700001d70b8c,main-trial-17,r,r,true,570096.10
58060d08b869700001d70b8c,main-trial-17, , ,true,570335.90
58060d08b869700001d70b8c,main-trial-17,g,g,true,572159.90
58060d08b869700001d70b8c,main-trial-17,w,w,true,572399.90
58060d08b869700001d70b8c,main-trial-17,a,a,true,572832.00
58060d08b869700001d70b8c,main-trial-17,t,t,true,573335.90
58060d08b869700001d70b8c,main-trial-17,k,k,true,573440.10
58060d08b869700001d70b8c,main-trial-17, , ,true,573855.90
58060d08b869700001d70b8c,main-trial-17,v,v,true,574479.90
58060d08b869700001d70b8c,main-trial-17,r,r,true,574552.00
58060d08b869700001d70b8c,main-trial-17, , ,true,574752.00
58060d08b869700001d70b8c,main-trial-17,v,v,true,574935.80
58060d08b869700001d70b8c,main-trial-17,r,r,true,575040.30
58060d08b869700001d70b8c,main-trial-17, , ,true,575223.70
58060d08b869700001d70b8c,main-trial-17,v,v,true,575368.00
58060d08b869700001d70b8c,main-trial-17,r,r,true,575463.90
58060d08b869700001d70b8c,main-trial-17, , ,true,575623.80
58060d08b869700001d70b8c,main-trial-17,l,l,true,576353.30
58060d08b869700001d70b8c,main-trial-17,l,l,true,576527.90
58060d08b869700001d70b8c,main-trial-17,l,l,true,576727.90
58060d08b869700001d70b8c,main-trial-17,r,r,true,576943.80
58060d08b869700001d70b8c,main-trial-17,e,e,true,577151.60
58060d08b869700001d70b8c,main-trial-17, , ,true,577607.90
58060d08b869700001d70b8c,main-trial-17,f,f,true,578559.80
58060d08b869700001d70b8c,main-trial-17,r,r,true,578655.80
58060d08b869700001d70b8c,main-trial-17, , ,true,578967.80
58060d08b869700001d70b8c,main-trial-17,v,v,true,579272.10
58060d08b869700001d70b8c,main-trial-17,r,r,true,579383.90
58060d08b869700001d70b8c,main-trial-17, , ,true,579607.80
58060d08b869700001d70b8c,main-trial-17,f,f,true,579879.80
58060d08b869700001d70b8c,main-trial-17,r,r,true,579991.60
58060d08b869700001d70b8c,main-trial-17, , ,true,580239.70
58060d08b869700001d70b8c,main-trial-17,v,v,true,580511.70
58060d08b869700001d70b8c,main-trial-17,r,r,true,580624.10
58060d08b869700001d70b8c,main-trial-17, , ,true,580936.00
58060d08b869700001d70b8c,main-trial-17,f,f,true,581207.80
58060d08b869700001d70b8c,main-trial-17,r,r,true,581319.90
58060d08b869700001d70b8c,main-trial-17, , ,true,581552.10
58060d08b869700001d70b8c,main-trial-17,v,v,true,581799.90
58060d08b869700001d70b8c,main-trial-17,r,r,true,581911.80
58060d08b869700001d70b8c,main-trial-18,k,k,true,588641.00
58060d08b869700001d70b8c,main-trial-18,f,f,true,588727.60
58060d08b869700001d70b8c,main-trial-18,z,z,true,589143.60
58060d08b869700001d70b8c,main-trial-18,w,w,true,590055.60
58060d08b869700001d70b8c,main-trial-18,w,w,true,590279.50
58060d08b869700001d70b8c,main-trial-18, , ,true,590544.00
58060d08b869700001d70b8c,main-trial-18,d,d,true,590847.50
58060d08b869700001d70b8c,main-trial-18,r,r,true,591015.30
58060d08b869700001d70b8c,main-trial-18, , ,true,591239.50
58060d08b869700001d70b8c,main-trial-18,d,d,true,591375.30
58060d08b869700001d70b8c,main-trial-18,r,r,true,591543.30
58060d08b869700001d70b8c,main-trial-18, , ,true,591711.40
58060d08b869700001d70b8c,main-trial-18,d,d,true,591871.50
58060d08b869700001d70b8c,main-trial-18,r,r,true,592047.20
58060d08b869700001d70b8c,main-trial-18, , ,true,592176.10
58060d08b869700001d70b8c,main-trial-18,l,l,true,592735.50
58060d08b869700001d70b8c,main-trial-18,c,c,true,593271.60
58060d08b869700001d70b8c,main-trial-18,v,v,true,593527.50
58060d08b869700001d70b8c,main-trial-18,p,p,true,594383.40
58060d08b869700001d70b8c,main-trial-18,p,p,true,594583.40
58060d08b869700001d70b8c,main-trial-18, , ,true,595095.40
58060d08b869700001d70b8c,main-trial-18,f,f,true,595895.40
58060d08b869700001d70b8c,main-trial-18,d,d,true,596007.50
58060d08b869700001d70b8c,main-trial-18, , ,true,596199.30
58060d08b869700001d70b8c,main-trial-18,f,f,true,596375.30
58060d08b869700001d70b8c,main-trial-18,d,d,true,596519.40
58060d08b869700001d70b8c,main-trial-18, , ,true,596727.30
58060d08b869700001d70b8c,main-trial-18,f,f,true,596919.40
58060d08b869700001d70b8c,main-trial-18,d,d,true,596999.40
58060d08b869700001d70b8c,main-trial-18, , ,true,597199.30
58060d08b869700001d70b8c,main-trial-18,t,t,true,597879.40
58060d08b869700001d70b8c,main-trial-18,g,g,true,598079.30
58060d08b869700001d70b8c,main-trial-18,f,f,true,599216.90
58060d08b869700001d70b8c,main-trial-18,c,c,true,599479.30
58060d08b869700001d70b8c,main-trial-18,a,a,true,599607.20
58060d08b869700001d70b8c,main-trial-18, , ,true,600063.50
58060d08b869700001d70b8c,main-trial-18,d,d,true,600599.30
58060d08b869700001d70b8c,main-trial-18,r,r,true,600759.10
58060d08b869700001d70b8c,main-trial-18, , ,true,600991.10
58060d08b869700001d70b8c,main-trial-18,f,f,true,601679.30
58060d08b869700001d70b8c,main-trial-18,d,d,true,601823.20
58060d08b869700001d70b8c,main-trial-18, , ,true,602055.50
58060d08b869700001d70b8c,main-trial-18,d,d,true,602951.30
58060d08b869700001d70b8c,main-trial-18,r,r,true,603159.20
58060d08b869700001d70b8c,main-trial-18, , ,true,603351.00
58060d08b869700001d70b8c,main-trial-18,f,f,true,603815.20
58060d08b869700001d70b8c,main-trial-18,d,d,true,603935.20
58060d08b869700001d70b8c,main-trial-18, , ,true,604199.10
58060d08b869700001d70b8c,main-trial-18,d,d,true,604551.10
58060d08b869700001d70b8c,main-trial-18,r,r,true,604735.00
58060d08b869700001d70b8c,main-trial-18, , ,true,605007.10
58060d08b869700001d70b8c,main-trial-18,f,f,true,605431.30
58060d08b869700001d70b8c,main-trial-18,d,d,true,605575.30
58060d08b869700001d70b8c,main-trial-19,i,i,true,611104.30
58060d08b869700001d70b8c,main-trial-19,y,y,true,611303.00
58060d08b869700001d70b8c,main-trial-19,b,b,true,611486.80
58060d08b869700001d70b8c,main-trial-19,h,h,true,612687.00
58060d08b869700001d70b8c,main-trial-19,y,y,true,612935.00
58060d08b869700001d70b8c,main-trial-19, , ,true,613342.90
58060d08b869700001d70b8c,main-trial-19,w,w,true,614599.00
58060d08b869700001d70b8c,main-trial-19,d,d,true,614678.80
58060d08b869700001d70b8c,main-trial-19, , ,true,614966.90
58060d08b869700001d70b8c,main-trial-19,w,w,true,615134.80
58060d08b869700001d70b8c,main-trial-19,d,d,true,615254.90
58060d08b869700001d70b8c,main-trial-19, , ,true,615471.00
58060d08b869700001d70b8c,main-trial-19,w,w,true,615647.00
58060d08b869700001d70b8c,main-trial-19,d,d,true,615790.90
58060d08b869700001d70b8c,main-trial-19, , ,true,615950.70
58060d08b869700001d70b8c,main-trial-19,d,d,true,616550.90
58060d08b869700001d70b8c,main-trial-19,s,s,true,616630.60
58060d08b869700001d70b8c,main-trial-19,z,z,true,618070.90
58060d08b869700001d70b8c,main-trial-19,e,e,true,618327.00
58060d08b869700001d70b8c,main-trial-19,s,s,true,618607.00
58060d08b869700001d70b8c,main-trial-19, , ,true,618878.70
58060d08b869700001d70b8c,main-trial-19,d,d,true,619990.70
58060d08b869700001d70b8c,main-trial-19,s,s,true,620151.00
58060d08b869700001d70b8c,main-trial-19, , ,true,620446.70
58060d08b869700001d70b8c,main-trial-19,d,d,true,620830.90
58060d08b869700001d70b8c,main-trial-19,s,s,true,620846.60
58060d08b869700001d70b8c,main-trial-19, , ,true,621304.00
58060d08b869700001d70b8c,main-trial-19,d,d,true,621470.80
58060d08b869700001d70b8c,main-trial-19,s,s,true,621535.00
58060d08b869700001d70b8c,main-trial-19, , ,true,621879.00
58060d08b869700001d70b8c,main-trial-19,k,k,true,622502.80
58060d08b869700001d70b8c,main-trial-19,x,c,false,622766.70
58060d08b869700001d70b8c,main-trial-19,x,x,true,623198.30
58060d08b869700001d70b8c,main-trial-19,v,v,true,624542.50
58060d08b869700001d70b8c,main-trial-19,g,q,false,625198.70
58060d08b869700001d70b8c,main-trial-19,g,w,false,626094.60
58060d08b869700001d70b8c,main-trial-19,g,g,true,629582.50
58060d08b869700001d70b8c,main-trial-19,w,w,true,629686.40
58060d08b869700001d70b8c,main-trial-19, , ,true,630310.80
58060d08b869700001d70b8c,main-trial-19,w,w,true,631182.50
58060d08b869700001d70b8c,main-trial-19,d,d,true,631302.30
58060d08b869700001d70b8c,main-trial-19, , ,true,631519.70
58060d08b869700001d70b8c,main-trial-19,d,d,true,632238.50
58060d08b869700001d70b8c,main-trial-19,s,s,true,632278.60
58060d08b869700001d70b8c,main-trial-19, , ,true,632654.50
58060d08b869700001d70b8c,main-trial-19,w,w,true,633158.40
58060d08b869700001d70b8c,main-trial-19,d,d,true,633454.30
58060d08b869700001d70b8c,main-trial-19, , ,true,633742.60
58060d08b869700001d70b8c,main-trial-19,d,d,true,634054.30
58060d08b869700001d70b8c,main-trial-19,s,s,true,634118.50
58060d08b869700001d70b8c,main-trial-19, , ,true,634478.30
58060d08b869700001d70b8c,main-trial-19,w,w,true,634798.40
58060d08b869700001d70b8c,main-trial-19,d,d,true,634926.20
58060d08b869700001d70b8c,main-trial-19, , ,true,635318.40
58060d08b869700001d70b8c,main-trial-19,d,d,true,635614.60
58060d08b869700001d70b8c,main-trial-19,s,s,true,635686.30
58060d08b869700001d70b8c,main-trial-20,x,x,true,641607.60
58060d08b869700001d70b8c,main-trial-20,l,l,true,641734.10
58060d08b869700001d70b8c,main-trial-20,c,c,true,641870.00
58060d08b869700001d70b8c,main-trial-20,l,l,true,642374.20
58060d08b869700001d70b8c,main-trial-20,l,l,true,642534.10
58060d08b869700001d70b8c,main-trial-20, , ,true,642838.20
58060d08b869700001d70b8c,main-trial-20,x,x,true,643430.20
58060d08b869700001d70b8c,main-trial-20,c,c,true,643558.10
58060d08b869700001d70b8c,main-trial-20, , ,true,643798.20
58060d08b869700001d70b8c,main-trial-20,x,x,true,643982.10
58060d08b869700001d70b8c,main-trial-20,c,c,true,644118.30
58060d08b869700001d70b8c,main-trial-20, , ,true,644253.90
58060d08b869700001d70b8c,main-trial-20,x,x,true,644438.00
58060d08b869700001d70b8c,main-trial-20,c,c,true,644582.10
58060d08b869700001d70b8c,main-trial-20, , ,true,644678.00
58060d08b869700001d70b8c,main-trial-20,y,y,true,645534.10
58060d08b869700001d70b8c,main-trial-20,a,a,true,645678.30
58060d08b869700001d70b8c,main-trial-20,h,h,true,645798.10
58060d08b869700001d70b8c,main-trial-20,g,g,true,646686.20
58060d08b869700001d70b8c,main-trial-20,z,z,true,647366.10
58060d08b869700001d70b8c,main-trial-20, , ,true,647677.90
58060d08b869700001d70b8c,main-trial-20,c,c,true,648262.00
58060d08b869700001d70b8c,main-trial-20,e,e,true,648350.00
58060d08b869700001d70b8c,main-trial-20, , ,true,648582.00
58060d08b869700001d70b8c,main-trial-20,c,c,true,648709.70
58060d08b869700001d70b8c,main-trial-20,e,e,true,648806.20
58060d08b869700001d70b8c,main-trial-20, , ,true,649037.80
58060d08b869700001d70b8c,main-trial-20,c,c,true,649117.80
58060d08b869700001d70b8c,main-trial-20,e,e,true,649205.70
58060d08b869700001d70b8c,main-trial-20, , ,true,649373.70
58060d08b869700001d70b8c,main-trial-20,d,d,true,650518.00
58060d08b869700001d70b8c,main-trial-20,m,m,true,650661.70
58060d08b869700001d70b8c,main-trial-20,p,p,true,651445.90
58060d08b869700001d70b8c,main-trial-20,r,r,true,651791.20
58060d08b869700001d70b8c,main-trial-20,z,z,true,652157.90
58060d08b869700001d70b8c,main-trial-20, , ,true,652741.90
58060d08b869700001d70b8c,main-trial-20,x,x,true,653781.90
58060d08b869700001d70b8c,main-trial-20,c,c,true,653901.80
58060d08b869700001d70b8c,main-trial-20, , ,true,654182.00
58060d08b869700001d70b8c,main-trial-20,c,c,true,654461.80
58060d08b869700001d70b8c,main-trial-20,e,x,false,654557.90
58060d08b869700001d70b8c,main-trial-20,e, ,false,654845.80
58060d08b869700001d70b8c,main-trial-20,e,c,false,656454.00
58060d08b869700001d70b8c,main-trial-20,e,e,true,656526.00
58060d08b869700001d70b8c,main-trial-20, , ,true,656909.80
58060d08b869700001d70b8c,main-trial-20,x,x,true,657494.60
58060d08b869700001d70b8c,main-trial-20,c,c,true,657630.00
58060d08b869700001d70b8c,main-trial-20, , ,true,657981.70
58060d08b869700001d70b8c,main-trial-20,c,c,true,658221.80
58060d08b869700001d70b8c,main-trial-20,e,e,true,658325.70
58060d08b869700001d70b8c,main-trial-20, , ,true,658581.70
58060d08b869700001d70b8c,main-trial-20,x,x,true,658901.80
58060d08b869700001d70b8c,main-trial-20,c,c,true,659069.50
58060d08b869700001d70b8c,main-trial-20, , ,true,659214.10
58060d08b869700001d70b8c,main-trial-20,c,c,true,659590.30
58060d08b869700001d70b8c,main-trial-20,e,e,true,659701.70
58060d08b869700001d70b8c,main-trial-21,v,v,true,664077.70
58060d08b869700001d70b8c,main-trial-21,k,k,true,664269.40
58060d08b869700001d70b8c,main-trial-21,u,u,true,665205.50
58060d08b869700001d70b8c,main-trial-21,b,b,true,666333.60
58060d08b869700001d70b8c,main-trial-21,m,m,true,666429.40
58060d08b869700001d70b8c,main-trial-21, , ,true,666797.50
58060d08b869700001d70b8c,main-trial-21,s,s,true,667293.50
58060d08b869700001d70b8c,main-trial-21,e,e,true,667533.50
58060d08b869700001d70b8c,main-trial-21, , ,true,667893.40
58060d08b869700001d70b8c,main-trial-21,s,s,true,668837.60
58060d08b869700001d70b8c,main-trial-21,e,e,true,668925.40
58060d08b869700001d70b8c,main-trial-21, , ,true,669189.40
58060d08b869700001d70b8c,main-trial-21,s,s,true,669357.30
58060d08b869700001d70b8c,main-trial-21,e,e,true,669461.40
58060d08b869700001d70b8c,main-trial-21, , ,true,669749.40
58060d08b869700001d70b8c,main-trial-21,d,d,true,670445.70
58060d08b869700001d70b8c,main-trial-21,w,w,true,671125.40
58060d08b869700001d70b8c,main-trial-21,z,z,true,672175.20
58060d08b869700001d70b8c,main-trial-21,p,p,true,672269.40
58060d08b869700001d70b8c,main-trial-21,z,z,true,672437.10
58060d08b869700001d70b8c,main-trial-21, , ,true,672773.30
58060d08b869700001d70b8c,main-trial-21,w,w,true,673413.60
58060d08b869700001d70b8c,main-trial-21,d,d,true,673581.10
58060d08b869700001d70b8c,main-trial-21, , ,true,673941.40
58060d08b869700001d70b8c,main-trial-21,w,w,true,674053.20
58060d08b869700001d70b8c,main-trial-21,d,d,true,674197.10
58060d08b869700001d70b8c,main-trial-21, , ,true,674397.30
58060d08b869700001d70b8c,main-trial-21,w,w,true,674533.30
58060d08b869700001d70b8c,main-trial-21,d,d,true,674621.20
58060d08b869700001d70b8c,main-trial-21, , ,true,674725.20
58060d08b869700001d70b8c,main-trial-21,y,y,true,675749.30
58060d08b869700001d70b8c,main-trial-21,o,o,true,675797.30
58060d08b869700001d70b8c,main-trial-21,u,u,true,676021.50
58060d08b869700001d70b8c,main-trial-21,w,w,true,676429.60
58060d08b869700001d70b8c,main-trial-21,i,i,true,676597.30
58060d08b869700001d70b8c,main-trial-21, , ,true,677045.50
58060d08b869700001d70b8c,main-trial-21,s,s,true,677437.20
58060d08b869700001d70b8c,main-trial-21,e,e,true,677605.00
58060d08b869700001d70b8c,main-trial-21, , ,true,677917.20
58060d08b869700001d70b8c,main-trial-21,w,w,true,678533.30
58060d08b869700001d70b8c,main-trial-21,d,d,true,678653.20
58060d08b869700001d70b8c,main-trial-21, , ,true,678829.00
58060d08b869700001d70b8c,main-trial-21,s,s,true,679141.30
58060d08b869700001d70b8c,main-trial-21,e,e,true,679445.20
58060d08b869700001d70b8c,main-trial-21, , ,true,679717.10
58060d08b869700001d70b8c,main-trial-21,w,w,true,680069.20
58060d08b869700001d70b8c,main-trial-21,d,d,true,680165.20
58060d08b869700001d70b8c,main-trial-21, , ,true,680317.00
58060d08b869700001d70b8c,main-trial-21,s,s,true,680629.20
58060d08b869700001d70b8c,main-trial-21,e,e,true,680885.10
58060d08b869700001d70b8c,main-trial-21, , ,true,681101.10
58060d08b869700001d70b8c,main-trial-21,w,w,true,681421.10
58060d08b869700001d70b8c,main-trial-21,d,d,true,681517.40
58060d08b869700001d70b8c,main-trial-22,o,o,true,688549.00
58060d08b869700001d70b8c,main-trial-22,m,m,true,688661.00
58060d08b869700001d70b8c,main-trial-22,x,z,false,688789.00
58060d08b869700001d70b8c,main-trial-22,x,x,true,689932.80
58060d08b869700001d70b8c,main-trial-22,o,o,true,690477.00
58060d08b869700001d70b8c,main-trial-22,g,g,true,690828.90
58060d08b869700001d70b8c,main-trial-22, , ,true,691132.90
58060d08b869700001d70b8c,main-trial-22,z,z,true,692508.90
58060d08b869700001d70b8c,main-trial-22,x,x,true,692621.00
58060d08b869700001d70b8c,main-trial-22, , ,true,692781.20
58060d08b869700001d70b8c,main-trial-22,z,z,true,693020.80
58060d08b869700001d70b8c,main-trial-22,x,x,true,693125.00
58060d08b869700001d70b8c,main-trial-22, , ,true,693324.70
58060d08b869700001d70b8c,main-trial-22,z,z,true,693500.90
58060d08b869700001d70b8c,main-trial-22,x,x,true,693605.00
58060d08b869700001d70b8c,main-trial-22, , ,true,693796.70
58060d08b869700001d70b8c,main-trial-22,g,g,true,694468.90
58060d08b869700001d70b8c,main-trial-22,u,u,true,694733.00
58060d08b869700001d70b8c,main-trial-22,k,k,true,695196.90
58060d08b869700001d70b8c,main-trial-22,r,r,true,695788.80
58060d08b869700001d70b8c,main-trial-22,s,s,true,696054.00
58060d08b869700001d70b8c,main-trial-22, , ,true,696356.70
58060d08b869700001d70b8c,main-trial-22,z,z,true,697572.80
58060d08b869700001d70b8c,main-trial-22,e,e,true,697748.90
58060d08b869700001d70b8c,main-trial-22, , ,true,698612.80
58060d08b869700001d70b8c,main-trial-22,z,z,true,698805.00
58060d08b869700001d70b8c,main-trial-22,e,e,true,698948.60
58060d08b869700001d70b8c,main-trial-22, , ,true,699228.70
58060d08b869700001d70b8c,main-trial-22,z,z,true,699364.50
58060d08b869700001d70b8c,main-trial-22,e,e,true,699437.00
58060d08b869700001d70b8c,main-trial-22, , ,true,699732.60
58060d08b869700001d70b8c,main-trial-22,x,x,true,700948.60
58060d08b869700001d70b8c,main-trial-22,f,f,true,701780.70
58060d08b869700001d70b8c,main-trial-22,e,e,true,701876.80
58060d08b869700001d70b8c,main-trial-22,q,q,true,702940.60
58060d08b869700001d70b8c,main-trial-22,j,j,true,703116.40
58060d08b869700001d70b8c,main-trial-22, , ,true,703564.50
58060d08b869700001d70b8c,main-trial-22,z,z,true,704628.90
58060d08b869700001d70b8c,main-trial-22,x,x,true,704757.00
58060d08b869700001d70b8c,main-trial-22, , ,true,705004.30
58060d08b869700001d70b8c,main-trial-22,z,z,true,706086.00
58060d08b869700001d70b8c,main-trial-22,e,e,true,706492.50
58060d08b869700001d70b8c,main-trial-22, , ,true,708196.50
58060d08b869700001d70b8c,main-trial-22,z,z,true,708444.60
58060d08b869700001d70b8c,main-trial-22,x,x,true,708564.40
58060d08b869700001d70b8c,main-trial-22, , ,true,708804.50
58060d08b869700001d70b8c,main-trial-22,z,z,true,709076.40
58060d08b869700001d70b8c,main-trial-22,e,e,true,709700.50
58060d08b869700001d70b8c,main-trial-22, , ,true,710068.40
58060d08b869700001d70b8c,main-trial-22,z,z,true,710364.40
58060d08b869700001d70b8c,main-trial-22,x,x,true,710517.00
58060d08b869700001d70b8c,main-trial-22, , ,true,710868.40
58060d08b869700001d70b8c,main-trial-22,z,z,true,711028.50
58060d08b869700001d70b8c,main-trial-22,e,e,true,711236.30
58060d08b869700001d70b8c,main-trial-23,d,d,true,715604.50
58060d08b869700001d70b8c,main-trial-23,a,a,true,715876.50
58060d08b869700001d70b8c,main-trial-23,i,i,true,716044.20
58060d08b869700001d70b8c,main-trial-23,h,h,true,716525.70
58060d08b869700001d70b8c,main-trial-23,i,i,true,716732.10
58060d08b869700001d70b8c,main-trial-23, , ,true,717188.20
58060d08b869700001d70b8c,main-trial-23,f,f,true,717516.20
58060d08b869700001d70b8c,main-trial-23,f,f,true,717676.10
58060d08b869700001d70b8c,main-trial-23, , ,true,717796.20
58060d08b869700001d70b8c,main-trial-23,f,f,true,717964.10
58060d08b869700001d70b8c,main-trial-23,f,f,true,718116.10
58060d08b869700001d70b8c,main-trial-23, , ,true,718268.00
58060d08b869700001d70b8c,main-trial-23,f,f,true,718412.20
58060d08b869700001d70b8c,main-trial-23,f,f,true,718588.20
58060d08b869700001d70b8c,main-trial-23, , ,true,718699.90
58060d08b869700001d70b8c,main-trial-23,v,v,true,719868.20
58060d08b869700001d70b8c,main-trial-23,r,r,true,719988.10
58060d08b869700001d70b8c,main-trial-23,w,q,false,720900.00
58060d08b869700001d70b8c,main-trial-23,w,w,true,722476.20
58060d08b869700001d70b8c,main-trial-23,q,q,true,722796.00
58060d08b869700001d70b8c,main-trial-23,h,h,true,723011.90
58060d08b869700001d70b8c,main-trial-23, , ,true,723476.10
58060d08b869700001d70b8c,main-trial-23,a,a,true,723788.00
58060d08b869700001d70b8c,main-trial-23,a,a,true,723988.00
58060d08b869700001d70b8c,main-trial-23, , ,true,724300.10
58060d08b869700001d70b8c,main-trial-23,a,a,true,724451.90
58060d08b869700001d70b8c,main-trial-23,a,a,true,724635.90
58060d08b869700001d70b8c,main-trial-23, , ,true,724892.00
58060d08b869700001d70b8c,main-trial-23,a,a,true,725011.80
58060d08b869700001d70b8c,main-trial-23,a,a,true,725219.80
58060d08b869700001d70b8c,main-trial-23, , ,true,725419.90
58060d08b869700001d70b8c,main-trial-23,e,e,true,726284.10
58060d08b869700001d70b8c,main-trial-23,v,v,true,726549.40
58060d08b869700001d70b8c,main-trial-23,z,a,false,727268.00
58060d08b869700001d70b8c,main-trial-23,z,z,true,727676.00
58060d08b869700001d70b8c,main-trial-23,a,a,true,727979.90
58060d08b869700001d70b8c,main-trial-23,h,h,true,728124.00
58060d08b869700001d70b8c,main-trial-23, , ,true,730500.10
58060d08b869700001d70b8c,main-trial-23,f,f,true,731155.90
58060d08b869700001d70b8c,main-trial-23,f,f,true,731331.80
58060d08b869700001d70b8c,main-trial-23, , ,true,731507.80
58060d08b869700001d70b8c,main-trial-23,a,a,true,732307.80
58060d08b869700001d70b8c,main-trial-23,a,a,true,732483.90
58060d08b869700001d70b8c,main-trial-23, , ,true,732579.40
58060d08b869700001d70b8c,main-trial-23,f,f,true,732955.80
58060d08b869700001d70b8c,main-trial-23,f,f,true,733147.90
58060d08b869700001d70b8c,main-trial-23, , ,true,733299.70
58060d08b869700001d70b8c,main-trial-23,a,a,true,733643.80
58060d08b869700001d70b8c,main-trial-23,a,a,true,733835.70
58060d08b869700001d70b8c,main-trial-23, , ,true,734027.80
58060d08b869700001d70b8c,main-trial-23,f,f,true,734387.80
58060d08b869700001d70b8c,main-trial-23,f,f,true,734555.80
58060d08b869700001d70b8c,main-trial-23, , ,true,734731.70
58060d08b869700001d70b8c,main-trial-23,a,a,true,735011.80
58060d08b869700001d70b8c,main-trial-23,a,a,true,735187.60
58060d08b869700001d70b8c,main-trial-24,s,s,true,740547.70
58060d08b869700001d70b8c,main-trial-24,a,a,true,740723.40
58060d08b869700001d70b8c,main-trial-24,q,q,true,740947.60
58060d08b869700001d70b8c,main-trial-24,w,w,true,742219.50
58060d08b869700001d70b8c,main-trial-24,k,k,true,742339.50
58060d08b869700001d70b8c,main-trial-24, , ,true,742611.60
58060d08b869700001d70b8c,main-trial-24,d,d,true,743019.50
58060d08b869700001d70b8c,main-trial-24,f,f,true,743180.00
58060d08b869700001d70b8c,main-trial-24, , ,true,743323.80
58060d08b869700001d70b8c,main-trial-24,d,d,true,743483.40
58060d08b869700001d70b8c,main-trial-24,f,f,true,743667.50
58060d08b869700001d70b8c,main-trial-24, , ,true,743755.50
58060d08b869700001d70b8c,main-trial-24,d,d,true,743899.40
58060d08b869700001d70b8c,main-trial-24,f,f,true,744043.90
58060d08b869700001d70b8c,main-trial-24, , ,true,744164.00
58060d08b869700001d70b8c,main-trial-24,v,v,true,746003.50
58060d08b869700001d70b8c,main-trial-24,k,k,true,746123.20
58060d08b869700001d70b8c,main-trial-24,n,n,true,746539.40
58060d08b869700001d70b8c,main-trial-24,q,q,true,747372.90
58060d08b869700001d70b8c,main-trial-24,k,k,true,747467.40
58060d08b869700001d70b8c,main-trial-24, , ,true,747859.40
58060d08b869700001d70b8c,main-trial-24,f,f,true,748587.50
58060d08b869700001d70b8c,main-trial-24,g,g,true,748747.10
58060d08b869700001d70b8c,main-trial-24, , ,true,748867.10
58060d08b869700001d70b8c,main-trial-24,f,f,true,749035.20
58060d08b869700001d70b8c,main-trial-24,g,g,true,749203.60
58060d08b869700001d70b8c,main-trial-24, , ,true,749211.50
58060d08b869700001d70b8c,main-trial-24,f,f,true,749427.30
58060d08b869700001d70b8c,main-trial-24,g,g,true,749563.30
58060d08b869700001d70b8c,main-trial-24, , ,true,749579.50
58060d08b869700001d70b8c,main-trial-24,e,e,true,750787.60
58060d08b869700001d70b8c,main-trial-24,b,b,true,751043.30
58060d08b869700001d70b8c,main-trial-24,z,z,true,752363.60
58060d08b869700001d70b8c,main-trial-24,o,o,true,752443.40
58060d08b869700001d70b8c,main-trial-24,d,d,true,752547.30
58060d08b869700001d70b8c,main-trial-24, , ,true,753043.30
58060d08b869700001d70b8c,main-trial-24,d,d,true,753747.20
58060d08b869700001d70b8c,main-trial-24,f,f,true,753859.40
58060d08b869700001d70b8c,main-trial-24, , ,true,754027.20
58060d08b869700001d70b8c,main-trial-24,f,f,true,754787.30
58060d08b869700001d70b8c,main-trial-24,g,g,true,755323.20
58060d08b869700001d70b8c,main-trial-24, , ,true,755603.30
58060d08b869700001d70b8c,main-trial-24,d,d,true,755843.30
58060d08b869700001d70b8c,main-trial-24,f,f,true,755979.20
58060d08b869700001d70b8c,main-trial-24, , ,true,756259.10
58060d08b869700001d70b8c,main-trial-24,f,f,true,756707.20
58060d08b869700001d70b8c,main-trial-24,g,g,true,756795.10
58060d08b869700001d70b8c,main-trial-24, , ,true,757067.10
58060d08b869700001d70b8c,main-trial-24,d,d,true,757468.40
58060d08b869700001d70b8c,main-trial-24,f,f,true,757595.10
58060d08b869700001d70b8c,main-trial-24, , ,true,757731.20
58060d08b869700001d70b8c,main-trial-24,f,f,true,758251.10
58060d08b869700001d70b8c,main-trial-24,g,g,true,758323.00
58060d08b869700001d70b8c,main-trial-25,u,u,true,763491.00
58060d08b869700001d70b8c,main-trial-25,s,s,true,763691.20
58060d08b869700001d70b8c,main-trial-25,v,v,true,765155.00
58060d08b869700001d70b8c,main-trial-25,q,q,true,765450.80
58060d08b869700001d70b8c,main-trial-25,q,q,true,765659.30
58060d08b869700001d70b8c,main-trial-25, , ,true,765843.00
58060d08b869700001d70b8c,main-trial-25,s,s,true,766499.00
58060d08b869700001d70b8c,main-trial-25,r,r,true,766826.90
58060d08b869700001d70b8c,main-trial-25, , ,true,767131.00
58060d08b869700001d70b8c,main-trial-25,s,s,true,767314.90
58060d08b869700001d70b8c,main-trial-25,r, ,false,767892.40
58060d08b869700001d70b8c,main-trial-25,r,r,true,768594.90
58060d08b869700001d70b8c,main-trial-25, , ,true,769114.90
58060d08b869700001d70b8c,main-trial-25,s,s,true,769306.70
58060d08b869700001d70b8c,main-trial-25,r,r,true,769491.30
58060d08b869700001d70b8c,main-trial-25, , ,true,769923.20
58060d08b869700001d70b8c,main-trial-25,r,r,true,770666.90
58060d08b869700001d70b8c,main-trial-25,b,b,true,770882.80
58060d08b869700001d70b8c,main-trial-25,g,g,true,773890.60
58060d08b869700001d70b8c,main-trial-25,w,w,true,773994.90
58060d08b869700001d70b8c,main-trial-25,r,r,true,776818.70
58060d08b869700001d70b8c,main-trial-25, , ,true,777482.60
58060d08b869700001d70b8c,main-trial-25,w,w,true,778444.10
58060d08b869700001d70b8c,main-trial-25,f,f,true,778618.60
58060d08b869700001d70b8c,main-trial-25, , ,true,778778.50
58060d08b869700001d70b8c,main-trial-25,w,w,true,778970.50
58060d08b869700001d70b8c,main-trial-25,f,f,true,779186.90
58060d08b869700001d70b8c,main-trial-25, , ,true,779291.00
58060d08b869700001d70b8c,main-trial-25,w,w,true,779562.50
58060d08b869700001d70b8c,main-trial-25,f,f,true,779682.40
58060d08b869700001d70b8c,main-trial-25, , ,true,779810.60
58060d08b869700001d70b8c,main-trial-25,q,q,true,780810.60
58060d08b869700001d70b8c,main-trial-25,t,t,true,781298.60
58060d08b869700001d70b8c,main-trial-25,h,h,true,782610.60
58060d08b869700001d70b8c,main-trial-25,b,b,true,782738.20
58060d08b869700001d70b8c,main-trial-25,h,h,true,782874.60
58060d08b869700001d70b8c,main-trial-25, , ,true,783370.50
58060d08b869700001d70b8c,main-trial-25,s,s,true,783938.40
58060d08b869700001d70b8c,main-trial-25,r,r,true,784194.50
58060d08b869700001d70b8c,main-trial-25, , ,true,784754.50
58060d08b869700001d70b8c,main-trial-25,w,w,true,785354.60
58060d08b869700001d70b8c,main-trial-25,f,f,true,785546.60
58060d08b869700001d70b8c,main-trial-25, , ,true,785874.40
58060d08b869700001d70b8c,main-trial-25,s,s,true,786330.40
58060d08b869700001d70b8c,main-trial-25,r,r,true,786818.40
58060d08b869700001d70b8c,main-trial-25, , ,true,787130.30
58060d08b869700001d70b8c,main-trial-25,w,w,true,787282.40
58060d08b869700001d70b8c,main-trial-25,f,f,true,787426.60
58060d08b869700001d70b8c,main-trial-25, , ,true,787754.40
58060d08b869700001d70b8c,main-trial-25,s,s,true,788098.30
58060d08b869700001d70b8c,main-trial-25,r,r,true,788515.90
58060d08b869700001d70b8c,main-trial-25, , ,true,788770.30
58060d08b869700001d70b8c,main-trial-25,w,w,true,788930.10
58060d08b869700001d70b8c,main-trial-25,f,f,true,789058.80
58060d08b869700001d70b8c,main-trial-26,z,z,true,805122.00
58060d08b869700001d70b8c,main-trial-26,k,k,true,805266.30
58060d08b869700001d70b8c,main-trial-26,w,w,true,806705.80
58060d08b869700001d70b8c,main-trial-26,b,b,true,806857.70
58060d08b869700001d70b8c,main-trial-26,q,q,true,807265.90
58060d08b869700001d70b8c,main-trial-26, , ,true,807578.10
58060d08b869700001d70b8c,main-trial-26,f,f,true,808473.80
58060d08b869700001d70b8c,main-trial-26,d,d,true,808609.90
58060d08b869700001d70b8c,main-trial-26, , ,true,808865.70
58060d08b869700001d70b8c,main-trial-26,f,f,true,809018.50
58060d08b869700001d70b8c,main-trial-26,d,d,true,809041.80
58060d08b869700001d70b8c,main-trial-26, , ,true,809385.70
58060d08b869700001d70b8c,main-trial-26,f,f,true,809498.10
58060d08b869700001d70b8c,main-trial-26,d,d,true,809545.90
58060d08b869700001d70b8c,main-trial-26, , ,true,809962.00
58060d08b869700001d70b8c,main-trial-26,z,z,true,810737.80
58060d08b869700001d70b8c,main-trial-26,d,d,true,810921.70
58060d08b869700001d70b8c,main-trial-26,t,t,true,811505.80
58060d08b869700001d70b8c,main-trial-26,h,r,false,811529.90
58060d08b869700001d70b8c,main-trial-26,h,h,true,811745.60
58060d08b869700001d70b8c,main-trial-26,e,e,true,811937.70
58060d08b869700001d70b8c,main-trial-26, , ,true,812417.60
58060d08b869700001d70b8c,main-trial-26,f,f,true,813075.40
58060d08b869700001d70b8c,main-trial-26,r,r,true,813169.70
58060d08b869700001d70b8c,main-trial-26, , ,true,813425.70
58060d08b869700001d70b8c,main-trial-26,f,f,true,813561.60
58060d08b869700001d70b8c,main-trial-26,r,r,true,813689.70
58060d08b869700001d70b8c,main-trial-26, , ,true,813865.60
58060d08b869700001d70b8c,main-trial-26,f,f,true,813961.70
58060d08b869700001d70b8c,main-trial-26,r,r,true,814081.50
58060d08b869700001d70b8c,main-trial-26, , ,true,814241.50
58060d08b869700001d70b8c,main-trial-26,c,c,true,815305.60
58060d08b869700001d70b8c,main-trial-26,e,e,true,815417.60
58060d08b869700001d70b8c,main-trial-26,i,i,true,815537.70
58060d08b869700001d70b8c,main-trial-26,z,z,true,816073.60
58060d08b869700001d70b8c,main-trial-26,f,f,true,816745.70
58060d08b869700001d70b8c,main-trial-26, , ,true,817033.60
58060d08b869700001d70b8c,main-trial-26,f,f,true,817945.80
58060d08b869700001d70b8c,main-trial-26,d,d,true,818025.50
58060d08b869700001d70b8c,main-trial-26, , ,true,818257.40
58060d08b869700001d70b8c,main-trial-26,f,f,true,818857.50
58060d08b869700001d70b8c,main-trial-26,r,r,true,818945.60
58060d08b869700001d70b8c,main-trial-26, , ,true,819185.40
58060d08b869700001d70b8c,main-trial-26,f,f,true,819409.70
58060d08b869700001d70b8c,main-trial-26,d,d,true,819497.70
58060d08b869700001d70b8c,main-trial-26, ,f,false,819921.70
58060d08b869700001d70b8c,main-trial-26, , ,true,820217.70
58060d08b869700001d70b8c,main-trial-26,f,f,true,820457.60
58060d08b869700001d70b8c,main-trial-26,r,r,true,820585.50
58060d08b869700001d70b8c,main-trial-26, , ,true,820969.50
58060d08b869700001d70b8c,main-trial-26,f,f,true,821225.40
58060d08b869700001d70b8c,main-trial-26,d,d,true,821377.50
58060d08b869700001d70b8c,main-trial-26, , ,true,821737.40
58060d08b869700001d70b8c,main-trial-26,f,f,true,822049.50
58060d08b869700001d70b8c,main-trial-26,r,r,true,822161.40
58060d08b869700001d70b8c,main-trial-27,w,w,true,827873.40
58060d08b869700001d70b8c,main-trial-27,t,t,true,828313.40
58060d08b869700001d70b8c,main-trial-27,r,r,true,828537.20
58060d08b869700001d70b8c,main-trial-27,c,c,true,829009.40
58060d08b869700001d70b8c,main-trial-27,k,j,false,829105.30
58060d08b869700001d70b8c,main-trial-27,k,k,true,829937.30
58060d08b869700001d70b8c,main-trial-27, , ,true,830209.30
58060d08b869700001d70b8c,main-trial-27,w,w,true,830569.30
58060d08b869700001d70b8c,main-trial-27,d,d,true,830681.20
58060d08b869700001d70b8c,main-trial-27, , ,true,830833.00
58060d08b869700001d70b8c,main-trial-27,w,w,true,831049.30
58060d08b869700001d70b8c,main-trial-27,d,d,true,831201.30
58060d08b869700001d70b8c,main-trial-27, , ,true,831249.00
58060d08b869700001d70b8c,main-trial-27,w,w,true,831497.30
58060d08b869700001d70b8c,main-trial-27,d,d,true,831609.50
58060d08b869700001d70b8c,main-trial-27, , ,true,831649.10
58060d08b869700001d70b8c,main-trial-27,b,b,true,832777.20
58060d08b869700001d70b8c,main-trial-27,d,d,true,833001.10
58060d08b869700001d70b8c,main-trial-27,l,l,true,834274.50
58060d08b869700001d70b8c,main-trial-27,j,j,true,835465.20
58060d08b869700001d70b8c,main-trial-27,u,u,true,836353.20
58060d08b869700001d70b8c,main-trial-27, , ,true,836729.00
58060d08b869700001d70b8c,main-trial-27,s,s,true,837185.30
58060d08b869700001d70b8c,main-trial-27,e,e,true,837337.40
58060d08b869700001d70b8c,main-trial-27, , ,true,837585.10
58060d08b869700001d70b8c,main-trial-27,s,s,true,837753.00
58060d08b869700001d70b8c,main-trial-27,e,e,true,837873.00
58060d08b869700001d70b8c,main-trial-27, , ,true,838096.90
58060d08b869700001d70b8c,main-trial-27,s,s,true,838233.10
58060d08b869700001d70b8c,main-trial-27,e,e,true,838369.10
58060d08b869700001d70b8c,main-trial-27, , ,true,838544.90
58060d08b869700001d70b8c,main-trial-27,b,b,true,839553.00
58060d08b869700001d70b8c,main-trial-27,h,h,true,839689.50
58060d08b869700001d70b8c,main-trial-27,q,q,true,841065.00
58060d08b869700001d70b8c,main-trial-27,a,a,true,841296.90
58060d08b869700001d70b8c,main-trial-27,a,a,true,841472.90
58060d08b869700001d70b8c,main-trial-27, , ,true,841689.00
58060d08b869700001d70b8c,main-trial-27,w,w,true,842328.90
58060d08b869700001d70b8c,main-trial-27,d,d,true,842441.00
58060d08b869700001d70b8c,main-trial-27, , ,true,842592.80
58060d08b869700001d70b8c,main-trial-27,s,s,true,843384.90
58060d08b869700001d70b8c,main-trial-27,e,e,true,843592.60
58060d08b869700001d70b8c,main-trial-27, , ,true,843928.90
58060d08b869700001d70b8c,main-trial-27,w,w,true,844112.80
58060d08b869700001d70b8c,main-trial-27,d,d,true,844273.20
58060d08b869700001d70b8c,main-trial-27, , ,true,846122.70
58060d08b869700001d70b8c,main-trial-27,s,s,true,846792.90
58060d08b869700001d70b8c,main-trial-27,e,e,true,846936.50
58060d08b869700001d70b8c,main-trial-27, , ,true,847304.70
58060d08b869700001d70b8c,main-trial-27,w,w,true,848280.80
58060d08b869700001d70b8c,main-trial-27,d,d,true,848392.60
58060d08b869700001d70b8c,main-trial-27, , ,true,848624.70
58060d08b869700001d70b8c,main-trial-27,s,s,true,848968.70
58060d08b869700001d70b8c,main-trial-27,e,e,true,849120.90
