user_id,trialId,expectedKey,typedKey,isCorrect,keydownTime
unknown,intro-trial-1,b,b,true,24740.90
unknown,intro-trial-1, , ,true,25158.60
unknown,intro-trial-1,f,f,true,25590.50
unknown,intro-trial-1,r,r,true,25785.10
unknown,intro-trial-1, , ,true,25987.90
unknown,intro-trial-1,f,f,true,26269.00
unknown,intro-trial-1,r,r,true,26462.90
unknown,intro-trial-1, , ,true,26646.80
unknown,intro-trial-1,t,t,true,26994.80
unknown,intro-trial-1, , ,true,27419.30
unknown,intro-trial-1,v,v,true,28045.40
unknown,intro-trial-1,r,r,true,28285.80
unknown,intro-trial-1, , ,true,28470.80
unknown,intro-trial-1,v,v,true,28846.60
unknown,intro-trial-1,r,r,true,29042.00
unknown,intro-trial-1, , ,true,29282.00
unknown,intro-trial-1,e,e,true,29682.90
unknown,intro-trial-1, , ,true,30087.80
unknown,intro-trial-1,f,f,true,30782.50
unknown,intro-trial-1,r,r,true,30991.10
unknown,intro-trial-1, , ,true,31191.10
unknown,intro-trial-1,v,v,true,31797.50
unknown,intro-trial-1,r,r,true,31986.90
unknown,intro-trial-1, , ,true,32237.10
unknown,intro-trial-1,f,f,true,32725.70
unknown,intro-trial-1,r,r,true,32910.70
unknown,intro-trial-1, , ,true,33142.60
unknown,intro-trial-1,v,v,true,33820.10
unknown,intro-trial-1,r,r,true,34029.10
unknown,main-trial-1,m,m,true,40556.40
unknown,main-trial-1, , ,true,40948.40
unknown,main-trial-1,d,d,true,41311.70
unknown,main-trial-1,f,f,true,41515.30
unknown,main-trial-1, , ,true,41748.30
unknown,main-trial-1,d,d,true,42258.00
unknown,main-trial-1,f,f,true,42449.50
unknown,main-trial-1, , ,true,42705.40
unknown,main-trial-1,o,o,true,43140.00
unknown,main-trial-1, , ,true,43526.10
unknown,main-trial-1,s,s,true,43954.80
unknown,main-trial-1,f,f,true,44172.40
unknown,main-trial-1, , ,true,44370.40
unknown,main-trial-1,s,s,true,44627.30
unknown,main-trial-1,f,f,true,44870.40
unknown,main-trial-1, , ,true,45542.00
unknown,main-trial-1,s,s,true,45860.30
unknown,main-trial-1, , ,true,46240.80
unknown,main-trial-1,d,d,true,46524.60
unknown,main-trial-1,f,f,true,46739.10
unknown,main-trial-1, , ,true,46960.20
unknown,main-trial-1,s,s,true,47505.30
unknown,main-trial-1,f,f,true,47803.10
unknown,main-trial-1, , ,true,48085.80
unknown,main-trial-1,d,d,true,48552.70
unknown,main-trial-1,f,f,true,48776.10
unknown,main-trial-1, , ,true,49020.70
unknown,main-trial-1,s,s,true,49388.60
unknown,main-trial-1,f,f,true,49643.60
unknown,main-trial-2,y,y,true,57186.80
unknown,main-trial-2, , ,true,57840.80
unknown,main-trial-2,w,w,true,58271.10
unknown,main-trial-2,w,w,true,58466.20
unknown,main-trial-2, , ,true,58719.50
unknown,main-trial-2,w,w,true,59067.30
unknown,main-trial-2,w,w,true,59272.20
unknown,main-trial-2, , ,true,59547.00
unknown,main-trial-2,v,v,true,59996.10
unknown,main-trial-2, , ,true,60428.90
unknown,main-trial-2,a,a,true,60872.60
unknown,main-trial-2,a,a,true,61086.60
unknown,main-trial-2, , ,true,61330.10
unknown,main-trial-2,a,a,true,61740.90
unknown,main-trial-2,a,a,true,61952.70
unknown,main-trial-2, , ,true,62237.80
unknown,main-trial-2,c,c,true,62720.00
unknown,main-trial-2, , ,true,63170.10
unknown,main-trial-2,w,w,true,63625.30
unknown,main-trial-2,w,w,true,63829.80
unknown,main-trial-2, , ,true,64066.60
unknown,main-trial-2,a,a,true,64548.00
unknown,main-trial-2,a,a,true,64739.70
unknown,main-trial-2, , ,true,65011.80
unknown,main-trial-2,w,w,true,65437.30
unknown,main-trial-2,w,w,true,65628.60
unknown,main-trial-2, ,w,false,65832.60
unknown,main-trial-2, , ,true,66795.50
unknown,main-trial-2,a,a,true,67158.40
unknown,main-trial-2,a,a,true,67389.20
unknown,main-trial-3,b,b,true,72860.50
unknown,main-trial-3, , ,true,73280.40
unknown,main-trial-3,f,f,true,73949.70
unknown,main-trial-3,r,r,true,74112.90
unknown,main-trial-3, , ,true,74321.00
unknown,main-trial-3,f,f,true,74477.00
unknown,main-trial-3,r,r,true,74638.60
unknown,main-trial-3, , ,true,74804.80
unknown,main-trial-3,b,b,true,75007.90
unknown,main-trial-3, , ,true,75175.00
unknown,main-trial-3,d,d,true,75403.60
unknown,main-trial-3,e,e,true,75574.40
unknown,main-trial-3, , ,true,75727.80
unknown,main-trial-3,d,d,true,75905.60
unknown,main-trial-3,e,e,true,76041.70
unknown,main-trial-3, , ,true,76210.70
unknown,main-trial-3,y,y,true,76568.60
unknown,main-trial-3, , ,true,76838.60
unknown,main-trial-3,f,f,true,77411.80
unknown,main-trial-3,r,r,true,77599.90
unknown,main-trial-3, , ,true,77795.80
unknown,main-trial-3,d,d,true,78033.80
unknown,main-trial-3,e,e,true,78191.30
unknown,main-trial-3, , ,true,78337.60
unknown,main-trial-3,f,f,true,78528.60
unknown,main-trial-3,r,r,true,78688.10
unknown,main-trial-3, , ,true,78857.00
unknown,main-trial-3,d,d,true,79201.80
unknown,main-trial-3,e,e,true,79352.60
unknown,main-trial-4,d,d,true,82583.20
unknown,main-trial-4, , ,true,82868.80
unknown,main-trial-4,a,a,true,83131.60
unknown,main-trial-4,a,a,true,83297.70
unknown,main-trial-4, , ,true,83523.00
unknown,main-trial-4,a,a,true,83802.60
unknown,main-trial-4,a,a,true,83967.70
unknown,main-trial-4, , ,true,84224.50
unknown,main-trial-4,q,q,true,84511.70
unknown,main-trial-4, , ,true,84927.00
unknown,main-trial-4,v,v,true,85503.30
unknown,main-trial-4,v,v,true,85686.10
unknown,main-trial-4, , ,true,85862.10
unknown,main-trial-4,v,v,true,86082.20
unknown,main-trial-4,v,v,true,86255.40
unknown,main-trial-4, , ,true,86484.90
unknown,main-trial-4,y,y,true,87094.20
unknown,main-trial-4, , ,true,87420.40
unknown,main-trial-4,a,a,true,88087.80
unknown,main-trial-4,a,a,true,88276.30
unknown,main-trial-4, , ,true,88496.40
unknown,main-trial-4,v,v,true,89029.50
unknown,main-trial-4,v,v,true,89205.30
unknown,main-trial-4, , ,true,89433.30
unknown,main-trial-4,a,a,true,89715.60
unknown,main-trial-4,a,a,true,89885.30
unknown,main-trial-4, , ,true,90167.50
unknown,main-trial-4,v,v,true,90462.60
unknown,main-trial-4,v,v,true,90644.30
unknown,main-trial-5,g,g,true,94636.00
unknown,main-trial-5, , ,true,94925.80
unknown,main-trial-5,f,f,true,95142.80
unknown,main-trial-5,f,f,true,95288.20
unknown,main-trial-5, , ,true,95522.90
unknown,main-trial-5,f,f,true,95754.20
unknown,main-trial-5,f,f,true,95910.00
unknown,main-trial-5, , ,true,96189.30
unknown,main-trial-5,l,l,true,97142.10
unknown,main-trial-5, , ,true,97787.60
unknown,main-trial-5,a,a,true,98283.90
unknown,main-trial-5,a,a,true,98477.30
unknown,main-trial-5, , ,true,98697.70
unknown,main-trial-5,a,a,true,98929.90
unknown,main-trial-5,a,a,true,99134.70
unknown,main-trial-5, , ,true,99384.10
unknown,main-trial-5,g,g,true,99629.10
unknown,main-trial-5, , ,true,99881.90
unknown,main-trial-5,f,f,true,100362.70
unknown,main-trial-5,f,f,true,100534.90
unknown,main-trial-5, , ,true,100743.80
unknown,main-trial-5,a,a,true,100971.40
unknown,main-trial-5,a,a,true,101148.10
unknown,main-trial-5, , ,true,101364.30
unknown,main-trial-5,f,f,true,101675.60
unknown,main-trial-5,f,f,true,101843.80
unknown,main-trial-5, , ,true,102110.30
unknown,main-trial-5,a,a,true,102323.80
unknown,main-trial-5,a,a,true,102510.00
unknown,main-trial-6,u,u,true,106171.50
unknown,main-trial-6, , ,true,106416.00
unknown,main-trial-6,s,s,true,106838.70
unknown,main-trial-6,f,f,true,106990.20
unknown,main-trial-6, , ,true,107110.70
unknown,main-trial-6,s,s,true,107280.80
unknown,main-trial-6,f,f,true,107407.60
unknown,main-trial-6, , ,true,107564.60
unknown,main-trial-6,z,z,true,108380.50
unknown,main-trial-6, , ,true,108726.50
unknown,main-trial-6,d,d,true,109236.40
unknown,main-trial-6,f,f,true,109416.20
unknown,main-trial-6, , ,true,109552.10
unknown,main-trial-6,d,d,true,109726.10
unknown,main-trial-6,f,f,true,109890.20
unknown,main-trial-6, , ,true,110051.20
unknown,main-trial-6,n,b,false,110411.70
unknown,main-trial-6,n,n,true,111206.30
unknown,main-trial-6, , ,true,111468.00
unknown,main-trial-6,s,s,true,111891.80
unknown,main-trial-6,f,f,true,112134.50
unknown,main-trial-6, , ,true,112312.20
unknown,main-trial-6,d,s,false,112492.40
unknown,main-trial-6,d,d,true,113465.70
unknown,main-trial-6,f,f,true,113684.70
unknown,main-trial-6, , ,true,113853.80
unknown,main-trial-6,s,s,true,114608.60
unknown,main-trial-6,f,f,true,114865.00
unknown,main-trial-6, , ,true,115119.80
unknown,main-trial-6,d,d,true,115590.30
unknown,main-trial-6,f,f,true,115796.70
unknown,main-trial-6,, ,false,116082.30
unknown,main-trial-7,m,m,true,119280.90
unknown,main-trial-7, , ,true,119495.80
unknown,main-trial-7,r,r,true,119645.10
unknown,main-trial-7,e,e,true,119818.70
unknown,main-trial-7, , ,true,119965.90
unknown,main-trial-7,r,r,true,120123.60
unknown,main-trial-7,e,e,true,120300.40
unknown,main-trial-7, , ,true,120419.70
unknown,main-trial-7,c,c,true,120607.10
unknown,main-trial-7, , ,true,120784.60
unknown,main-trial-7,f,f,true,121391.50
unknown,main-trial-7,s,s,true,121594.30
unknown,main-trial-7, , ,true,121731.90
unknown,main-trial-7,f,f,true,121955.90
unknown,main-trial-7,s,s,true,122167.80
unknown,main-trial-7, , ,true,122333.60
unknown,main-trial-7,d,d,true,122528.60
unknown,main-trial-7, , ,true,122758.50
unknown,main-trial-7,r,r,true,123232.90
unknown,main-trial-7,e,e,true,123390.50
unknown,main-trial-7, , ,true,123527.90
unknown,main-trial-7,f,f,true,123685.30
unknown,main-trial-7,s,s,true,123870.70
unknown,main-trial-7, , ,true,124056.60
unknown,main-trial-7,r,r,true,124934.70
unknown,main-trial-7,e,e,true,125117.70
unknown,main-trial-7, , ,true,125304.80
unknown,main-trial-7,f,f,true,125797.70
unknown,main-trial-7,s,s,true,126013.60
unknown,main-trial-8,r,r,true,129650.40
unknown,main-trial-8, , ,true,129803.10
unknown,main-trial-8,v,v,true,129996.30
unknown,main-trial-8,v,v,true,130170.90
unknown,main-trial-8, , ,true,130326.90
unknown,main-trial-8,v,v,true,130512.80
unknown,main-trial-8,v,v,true,130682.70
unknown,main-trial-8, , ,true,130889.90
unknown,main-trial-8,a,a,true,131276.70
unknown,main-trial-8, , ,true,131736.20
unknown,main-trial-8,s,s,true,132226.80
unknown,main-trial-8,s,s,true,132404.90
unknown,main-trial-8, , ,true,132580.60
unknown,main-trial-8,s,s,true,132785.50
unknown,main-trial-8,s,s,true,132967.70
unknown,main-trial-8, , ,true,133170.50
unknown,main-trial-8,m,m,true,133611.90
unknown,main-trial-8, , ,true,133967.70
unknown,main-trial-8,v,v,true,134472.90
unknown,main-trial-8,v,v,true,134659.70
unknown,main-trial-8, , ,true,134839.40
unknown,main-trial-8,s,s,true,135037.00
unknown,main-trial-8,s,s,true,135201.60
unknown,main-trial-8, , ,true,135474.80
unknown,main-trial-8,v,v,true,135765.60
unknown,main-trial-8,v,v,true,135946.40
unknown,main-trial-8, , ,true,136175.40
unknown,main-trial-8,s,s,true,136444.70
unknown,main-trial-8,s,s,true,136615.40
unknown,main-trial-9,c,c,true,141241.30
unknown,main-trial-9, , ,true,141398.50
unknown,main-trial-9,a,a,true,141609.40
unknown,main-trial-9,f,f,true,141824.40
unknown,main-trial-9, , ,true,142082.10
unknown,main-trial-9,a,a,true,142659.20
unknown,main-trial-9,f,f,true,142895.30
unknown,main-trial-9, , ,true,143115.90
unknown,main-trial-9,u,u,true,143416.50
unknown,main-trial-9, , ,true,143701.70
unknown,main-trial-9,e,e,true,144207.20
unknown,main-trial-9,r,r,true,144379.40
unknown,main-trial-9, , ,true,144529.20
unknown,main-trial-9,e,e,true,144696.40
unknown,main-trial-9,r,r,true,144875.10
unknown,main-trial-9, , ,true,145089.60
unknown,main-trial-9,m,m,true,145421.70
unknown,main-trial-9, , ,true,145611.00
unknown,main-trial-9,a,a,true,146348.40
unknown,main-trial-9,f,f,true,146539.10
unknown,main-trial-9, , ,true,146667.00
unknown,main-trial-9,e,e,true,146826.90
unknown,main-trial-9,r,r,true,146967.80
unknown,main-trial-9, , ,true,147119.10
unknown,main-trial-9,a,a,true,147284.70
unknown,main-trial-9,f,f,true,147435.80
unknown,main-trial-9, , ,true,147604.00
unknown,main-trial-9,e,e,true,147777.80
unknown,main-trial-9,r,r,true,147933.00
unknown,main-trial-10,c,c,true,151005.00
unknown,main-trial-10, , ,true,151139.10
unknown,main-trial-10,f,f,true,151288.00
unknown,main-trial-10,e,e,true,151437.20
unknown,main-trial-10, , ,true,151617.00
unknown,main-trial-10,f,f,true,151764.00
unknown,main-trial-10,e,e,true,151920.00
unknown,main-trial-10, , ,true,152082.90
unknown,main-trial-10,f,f,true,152257.20
unknown,main-trial-10, , ,true,152455.60
unknown,main-trial-10,d,d,true,153037.40
unknown,main-trial-10,r,r,true,153209.00
unknown,main-trial-10, , ,true,153373.10
unknown,main-trial-10,d,d,true,153526.50
unknown,main-trial-10,r,r,true,153678.20
unknown,main-trial-10, , ,true,153834.10
unknown,main-trial-10,w,w,true,154322.50
unknown,main-trial-10, , ,true,154712.40
unknown,main-trial-10,f,f,true,155423.60
unknown,main-trial-10,e,e,true,155585.90
unknown,main-trial-10, , ,true,155740.00
unknown,main-trial-10,d,d,true,155930.30
unknown,main-trial-10,r,r,true,156459.70
unknown,main-trial-10, , ,true,156683.30
unknown,main-trial-10,f,f,true,156915.20
unknown,main-trial-10,e,e,true,157077.80
unknown,main-trial-10, , ,true,157282.20
unknown,main-trial-10,d,d,true,157495.00
unknown,main-trial-10,r,r,true,157658.10
unknown,main-trial-10,, ,false,157878.50
unknown,main-trial-11,v,v,true,168339.60
unknown,main-trial-11, , ,true,168524.40
unknown,main-trial-11,r,r,true,168729.80
unknown,main-trial-11,r,r,true,168900.60
unknown,main-trial-11, , ,true,169084.80
unknown,main-trial-11,r,r,true,169256.50
unknown,main-trial-11,r,r,true,169428.30
unknown,main-trial-11, , ,true,169638.20
unknown,main-trial-11,w,w,true,170048.30
unknown,main-trial-11, , ,true,170492.70
unknown,main-trial-11,s,s,true,170849.30
unknown,main-trial-11,s,s,true,171024.00
unknown,main-trial-11, , ,true,171212.50
unknown,main-trial-11,s,s,true,171410.00
unknown,main-trial-11,s,s,true,171593.10
unknown,main-trial-11, , ,true,171784.30
unknown,main-trial-11,c,c,true,172067.40
unknown,main-trial-11, , ,true,172487.20
unknown,main-trial-11,r,r,true,172921.20
unknown,main-trial-11,r,r,true,173105.30
unknown,main-trial-11, , ,true,173278.00
unknown,main-trial-11,s,s,true,173475.10
unknown,main-trial-11,s,s,true,173662.40
unknown,main-trial-11, , ,true,173863.20
unknown,main-trial-11,r,r,true,174107.30
unknown,main-trial-11,r,r,true,174294.30
unknown,main-trial-11, , ,true,174491.10
unknown,main-trial-11,s,s,true,174705.00
unknown,main-trial-11,s,s,true,174884.10
unknown,main-trial-12,f,f,true,178904.40
unknown,main-trial-12, , ,true,179088.40
unknown,main-trial-12,v,v,true,179266.70
unknown,main-trial-12,f,f,true,179450.80
unknown,main-trial-12, , ,true,179673.20
unknown,main-trial-12,v,v,true,179884.90
unknown,main-trial-12,f,f,true,180067.30
unknown,main-trial-12, , ,true,180284.50
unknown,main-trial-12,j,j,true,180846.80
unknown,main-trial-12, , ,true,181102.90
unknown,main-trial-12,d,d,true,181287.00
unknown,main-trial-12,e,e,true,181442.00
unknown,main-trial-12, , ,true,181734.90
unknown,main-trial-12,d,d,true,182015.30
unknown,main-trial-12,e,e,true,182172.00
unknown,main-trial-12, , ,true,182409.90
unknown,main-trial-12,x,x,true,182736.90
unknown,main-trial-12, , ,true,183037.60
unknown,main-trial-12,v,v,true,184109.60
unknown,main-trial-12,f,f,true,184298.80
unknown,main-trial-12, , ,true,184497.90
unknown,main-trial-12,d,d,true,184954.60
unknown,main-trial-12,e,e,true,185103.90
unknown,main-trial-12, , ,true,185321.20
unknown,main-trial-12,v,v,true,185582.20
unknown,main-trial-12,f,f,true,185738.70
unknown,main-trial-12, , ,true,185930.00
unknown,main-trial-12,d,d,true,186175.90
unknown,main-trial-12,e,e,true,186314.80
unknown,main-trial-13,y,y,true,189580.10
unknown,main-trial-13, , ,true,189824.30
unknown,main-trial-13,s,s,true,190001.90
unknown,main-trial-13,d,d,true,190192.70
unknown,main-trial-13, , ,true,190332.30
unknown,main-trial-13,s,s,true,190497.50
unknown,main-trial-13,d,d,true,190658.20
unknown,main-trial-13, , ,true,190824.80
unknown,main-trial-13,w,w,true,191041.60
unknown,main-trial-13, , ,true,191248.00
unknown,main-trial-13,a,a,true,191883.50
unknown,main-trial-13,f,f,true,192077.80
unknown,main-trial-13, , ,true,192231.90
unknown,main-trial-13,a,a,true,192367.00
unknown,main-trial-13,f,f,true,192540.90
unknown,main-trial-13, , ,true,192729.40
unknown,main-trial-13,s,s,true,192918.90
unknown,main-trial-13, , ,true,193095.80
unknown,main-trial-13,s,s,true,193737.50
unknown,main-trial-13,d,d,true,194028.60
unknown,main-trial-13, , ,true,194247.70
unknown,main-trial-13,a,s,false,194429.90
unknown,main-trial-13,a,a,true,194999.00
unknown,main-trial-13,f,f,true,195181.70
unknown,main-trial-13, , ,true,195309.70
unknown,main-trial-13,s,s,true,195562.80
unknown,main-trial-13,d,d,true,195720.60
unknown,main-trial-13, , ,true,195881.90
unknown,main-trial-13,a,a,true,196282.30
unknown,main-trial-13,f,f,true,196473.70
unknown,main-trial-14,k,k,true,199861.10
unknown,main-trial-14, , ,true,200034.80
unknown,main-trial-14,s,s,true,200293.90
unknown,main-trial-14,d,d,true,200464.50
unknown,main-trial-14, , ,true,200600.10
unknown,main-trial-14,s,s,true,200780.80
unknown,main-trial-14,d,d,true,200946.20
unknown,main-trial-14, , ,true,201120.60
unknown,main-trial-14,s,s,true,201325.50
unknown,main-trial-14, , ,true,201614.60
unknown,main-trial-14,f,f,true,202420.50
unknown,main-trial-14,d,d,true,202614.90
unknown,main-trial-14, , ,true,202828.00
unknown,main-trial-14,f,f,true,203023.80
unknown,main-trial-14,d,d,true,203166.60
unknown,main-trial-14, , ,true,203410.00
unknown,main-trial-14,y,y,true,203753.30
unknown,main-trial-14, , ,true,204266.20
unknown,main-trial-14,s,s,true,205021.00
unknown,main-trial-14,d,d,true,205213.80
unknown,main-trial-14, , ,true,205434.00
unknown,main-trial-14,f,f,true,206103.80
unknown,main-trial-14,d,d,true,206300.10
unknown,main-trial-14, , ,true,206500.90
unknown,main-trial-14,s,s,true,206790.00
unknown,main-trial-14,d,d,true,206992.80
unknown,main-trial-14, , ,true,207278.80
unknown,main-trial-14,f,f,true,207674.20
unknown,main-trial-14,d,d,true,208269.20
unknown,main-trial-15,i,i,true,212572.20
unknown,main-trial-15, , ,true,212729.10
unknown,main-trial-15,e,e,true,212887.90
unknown,main-trial-15,r,r,true,213056.00
unknown,main-trial-15, , ,true,213172.30
unknown,main-trial-15,e,e,true,213322.60
unknown,main-trial-15,r,r,true,213469.10
unknown,main-trial-15, , ,true,213616.10
unknown,main-trial-15,a,a,true,213790.00
unknown,main-trial-15, , ,true,213986.70
unknown,main-trial-15,a,a,true,214930.60
unknown,main-trial-15,f,f,true,215086.90
unknown,main-trial-15, , ,true,215231.30
unknown,main-trial-15,a,a,true,215351.20
unknown,main-trial-15,f,f,true,215484.30
unknown,main-trial-15, , ,true,215662.70
unknown,main-trial-15,b,b,true,216131.80
unknown,main-trial-15, , ,true,216409.70
unknown,main-trial-15,e,e,true,216877.50
unknown,main-trial-15,r,r,true,217053.10
unknown,main-trial-15, , ,true,217218.90
unknown,main-trial-15,a,a,true,217347.20
unknown,main-trial-15,f,f,true,217497.80
unknown,main-trial-15, , ,true,217628.10
unknown,main-trial-15,e,e,true,217963.00
unknown,main-trial-15,r,r,true,218096.00
unknown,main-trial-15, , ,true,218263.30
unknown,main-trial-15,a,a,true,218423.00
unknown,main-trial-15,f,f,true,218586.20
unknown,main-trial-16,p,p,true,221913.60
unknown,main-trial-16, , ,true,222076.50
unknown,main-trial-16,s,s,true,222295.40
unknown,main-trial-16,s,s,true,222453.50
unknown,main-trial-16, , ,true,223149.40
unknown,main-trial-16,s,s,true,223564.70
unknown,main-trial-16,s,s,true,223725.30
unknown,main-trial-16, , ,true,223908.30
unknown,main-trial-16,r,r,true,224105.30
unknown,main-trial-16, , ,true,224303.90
unknown,main-trial-16,r,r,true,224910.30
unknown,main-trial-16,r,r,true,225092.50
unknown,main-trial-16, , ,true,225255.30
unknown,main-trial-16,r,r,true,225437.50
unknown,main-trial-16,r,r,true,225627.60
unknown,main-trial-16, , ,true,225816.40
unknown,main-trial-16,b,b,true,226215.50
unknown,main-trial-16, , ,true,226668.90
unknown,main-trial-16,s,s,true,226990.60
unknown,main-trial-16,s,s,true,227164.40
unknown,main-trial-16, , ,true,227363.40
unknown,main-trial-16,r,r,true,227627.70
unknown,main-trial-16,r,r,true,227803.20
unknown,main-trial-16, , ,true,228070.50
unknown,main-trial-16,s,s,true,228449.50
unknown,main-trial-16,s,s,true,228631.90
unknown,main-trial-16, , ,true,228865.40
unknown,main-trial-16,r,r,true,229107.30
unknown,main-trial-16,r,r,true,229300.60
unknown,main-trial-17,w,w,true,232579.50
unknown,main-trial-17, , ,true,232827.30
unknown,main-trial-17,s,s,true,233209.50
unknown,main-trial-17,e,e,true,233360.90
unknown,main-trial-17, , ,true,233503.30
unknown,main-trial-17,s,s,true,233672.10
unknown,main-trial-17,e,e,true,233832.90
unknown,main-trial-17, ,s,false,234033.00
unknown,main-trial-17, , ,true,234836.90
unknown,main-trial-17,b,b,true,235274.20
unknown,main-trial-17, , ,true,235593.20
unknown,main-trial-17,a,a,true,235906.50
unknown,main-trial-17,r,r,true,236078.80
unknown,main-trial-17, , ,true,236258.50
unknown,main-trial-17,a,a,true,236423.90
unknown,main-trial-17,r,r,true,236592.90
unknown,main-trial-17, , ,true,237069.00
unknown,main-trial-17,o,o,true,237547.20
unknown,main-trial-17, , ,true,237879.10
unknown,main-trial-17,s,s,true,238121.80
unknown,main-trial-17,e,e,true,238308.50
unknown,main-trial-17, , ,true,238459.70
unknown,main-trial-17,a,a,true,238664.10
unknown,main-trial-17,r,r,true,238924.90
unknown,main-trial-17, , ,true,239153.20
unknown,main-trial-17,s,s,true,239473.90
unknown,main-trial-17,e,e,true,239667.70
unknown,main-trial-17, , ,true,239909.00
unknown,main-trial-17,a,a,true,240129.80
unknown,main-trial-17,r,r,true,240350.40
unknown,main-trial-18,f,f,true,244159.40
unknown,main-trial-18, , ,true,244334.40
unknown,main-trial-18,w,w,true,244680.50
unknown,main-trial-18,r,e,false,244926.00
unknown,main-trial-18,r, ,false,245246.60
unknown,main-trial-18,r,w,false,245948.00
unknown,main-trial-18,r,r,true,246154.30
unknown,main-trial-18, , ,true,246366.60
unknown,main-trial-18,w,w,true,246527.90
unknown,main-trial-18,r,r,true,246727.90
unknown,main-trial-18, , ,true,246983.20
unknown,main-trial-18,p,p,true,247267.40
unknown,main-trial-18, , ,true,247520.20
unknown,main-trial-18,d,d,true,248029.80
unknown,main-trial-18,a,a,true,248208.80
unknown,main-trial-18, , ,true,248503.80
unknown,main-trial-18,d,d,true,248720.20
unknown,main-trial-18,a,a,true,248929.00
unknown,main-trial-18, , ,true,249182.00
unknown,main-trial-18,w,w,true,249396.10
unknown,main-trial-18, , ,true,249574.90
unknown,main-trial-18,w,w,true,250135.90
unknown,main-trial-18,r,r,true,250346.80
unknown,main-trial-18, , ,true,250508.70
unknown,main-trial-18,d,d,true,250673.00
unknown,main-trial-18,a,a,true,250857.10
unknown,main-trial-18, , ,true,251026.00
unknown,main-trial-18,w,w,true,251191.90
unknown,main-trial-18,r,r,true,251405.90
unknown,main-trial-18, , ,true,251575.20
unknown,main-trial-18,d,d,true,251747.70
unknown,main-trial-18,a,a,true,251940.90
unknown,main-trial-19,w,w,true,254899.30
unknown,main-trial-19, , ,true,255038.30
unknown,main-trial-19,w,w,true,255186.20
unknown,main-trial-19,e,e,true,255373.40
unknown,main-trial-19, , ,true,255585.60
unknown,main-trial-19,w,w,true,255727.20
unknown,main-trial-19,e,e,true,255901.80
unknown,main-trial-19, , ,true,256082.30
unknown,main-trial-19,c,c,true,256264.60
unknown,main-trial-19, , ,true,256441.70
unknown,main-trial-19,d,d,true,256686.80
unknown,main-trial-19,a,a,true,256877.60
unknown,main-trial-19, ,d,false,257082.80
unknown,main-trial-19, , ,true,257233.70
unknown,main-trial-19,d,d,true,257451.40
unknown,main-trial-19,a,a,true,257620.30
unknown,main-trial-19, , ,true,257906.50
unknown,main-trial-19,x,x,true,258536.90
unknown,main-trial-19, , ,true,258780.60
unknown,main-trial-19,w,w,true,259161.50
unknown,main-trial-19,e,e,true,259343.80
unknown,main-trial-19, , ,true,259496.70
unknown,main-trial-19,d,d,true,259735.50
unknown,main-trial-19,a,a,true,259937.70
unknown,main-trial-19, , ,true,260146.60
unknown,main-trial-19,w,w,true,260527.00
unknown,main-trial-19,e,e,true,260696.20
unknown,main-trial-19, , ,true,260878.60
unknown,main-trial-19,d,d,true,261069.90
unknown,main-trial-19,a,a,true,261270.30
unknown,main-trial-20,k,k,true,264256.90
unknown,main-trial-20, , ,true,264421.00
unknown,main-trial-20,e,e,true,264769.50
unknown,main-trial-20,w,w,true,265264.20
unknown,main-trial-20, , ,true,265442.40
unknown,main-trial-20,e,e,true,265789.80
unknown,main-trial-20,w,w,true,265956.20
unknown,main-trial-20, , ,true,266128.10
unknown,main-trial-20,m,m,true,266362.40
unknown,main-trial-20, , ,true,266536.30
unknown,main-trial-20,q,q,true,267261.80
unknown,main-trial-20,e,e,true,267514.00
unknown,main-trial-20, , ,true,267730.40
unknown,main-trial-20,q,q,true,267921.20
unknown,main-trial-20,e,e,true,268086.30
unknown,main-trial-20, , ,true,268721.70
unknown,main-trial-20,m,m,true,269065.30
unknown,main-trial-20, , ,true,269257.10
unknown,main-trial-20,e,e,true,270160.90
unknown,main-trial-20,w,w,true,270333.00
unknown,main-trial-20, , ,true,270497.00
unknown,main-trial-20,q,q,true,270968.50
unknown,main-trial-20,e,e,true,271288.80
unknown,main-trial-20, , ,true,271669.80
unknown,main-trial-20,e,e,true,272275.30
unknown,main-trial-20,w,w,true,272507.30
unknown,main-trial-20, , ,true,272811.10
unknown,main-trial-20,q,q,true,273241.70
unknown,main-trial-20,e,e,true,273747.40
unknown,main-trial-21,h,h,true,278694.60
unknown,main-trial-21, , ,true,278888.90
unknown,main-trial-21,w,w,true,279278.80
unknown,main-trial-21,d,d,true,279445.00
unknown,main-trial-21, , ,true,279573.10
unknown,main-trial-21,w,w,true,279720.20
unknown,main-trial-21,d,d,true,279886.90
unknown,main-trial-21, , ,true,280041.40
unknown,main-trial-21,l,l,true,281427.80
unknown,main-trial-21, , ,true,281672.40
unknown,main-trial-21,f,f,true,282201.30
unknown,main-trial-21,r,r,true,282346.80
unknown,main-trial-21, , ,true,282477.00
unknown,main-trial-21,f,f,true,282646.70
unknown,main-trial-21,r,r,true,282798.70
unknown,main-trial-21, , ,true,283040.40
unknown,main-trial-21,t,t,true,283428.60
unknown,main-trial-21, , ,true,283750.20
unknown,main-trial-21,w,w,true,284181.10
unknown,main-trial-21,d,d,true,284369.80
unknown,main-trial-21, , ,true,284532.00
unknown,main-trial-21,f,f,true,284957.90
unknown,main-trial-21,r,r,true,285120.50
unknown,main-trial-21, , ,true,285361.20
unknown,main-trial-21,w,w,true,286208.00
unknown,main-trial-21,d,d,true,286408.10
unknown,main-trial-21, , ,true,286603.80
unknown,main-trial-21,f,f,true,287159.40
unknown,main-trial-21,r,r,true,287318.20
unknown,main-trial-22,l,l,true,290802.60
unknown,main-trial-22, , ,true,290991.30
unknown,main-trial-22,e,e,true,291193.00
unknown,main-trial-22,e,e,true,291378.80
unknown,main-trial-22, , ,true,291616.90
unknown,main-trial-22,e,e,true,291930.80
unknown,main-trial-22,e,e,true,292142.00
unknown,main-trial-22, , ,true,292361.90
unknown,main-trial-22,h,h,true,292685.70
unknown,main-trial-22, , ,true,293047.10
unknown,main-trial-22,r,r,true,293413.20
unknown,main-trial-22,r,r,true,293592.90
unknown,main-trial-22, , ,true,293779.80
unknown,main-trial-22,r,r,true,293959.90
unknown,main-trial-22,r,r,true,294162.30
unknown,main-trial-22, , ,true,294369.70
unknown,main-trial-22,b,b,true,294726.90
unknown,main-trial-22, , ,true,295111.20
unknown,main-trial-22,e,e,true,295475.20
unknown,main-trial-22,e,e,true,295649.00
unknown,main-trial-22, , ,true,295830.10
unknown,main-trial-22,r,r,true,296041.50
unknown,main-trial-22,r,r,true,296218.90
unknown,main-trial-22, , ,true,296407.00
unknown,main-trial-22,e,e,true,296594.00
unknown,main-trial-22,e,e,true,296787.00
unknown,main-trial-22, , ,true,296989.10
unknown,main-trial-22,r,r,true,297172.30
unknown,main-trial-22,r,r,true,297368.90
unknown,main-trial-23,x,x,true,300644.80
unknown,main-trial-23, , ,true,300827.00
unknown,main-trial-23,d,d,true,300997.50
unknown,main-trial-23,s,s,true,301184.00
unknown,main-trial-23, , ,true,301353.60
unknown,main-trial-23,d,d,true,301524.60
unknown,main-trial-23,s,s,true,301714.90
unknown,main-trial-23, , ,true,301896.10
unknown,main-trial-23,s,s,true,302112.80
unknown,main-trial-23, , ,true,302392.70
unknown,main-trial-23,f,f,true,302812.70
unknown,main-trial-23,a,a,true,302994.80
unknown,main-trial-23, , ,true,303453.00
unknown,main-trial-23,f,f,true,303636.10
unknown,main-trial-23,a,a,true,303798.90
unknown,main-trial-23, , ,true,304078.00
unknown,main-trial-23,s,s,true,304311.80
unknown,main-trial-23, , ,true,304562.90
unknown,main-trial-23,d,d,true,305153.80
unknown,main-trial-23,s,a,false,305320.80
unknown,main-trial-23,s, ,false,305524.80
unknown,main-trial-23,s,f,false,305670.50
unknown,main-trial-23,s,a,false,305838.00
unknown,main-trial-23,s, ,false,306032.60
unknown,main-trial-23,s,d,false,306213.70
unknown,main-trial-23,s,s,true,306480.50
unknown,main-trial-23, , ,true,306704.80
unknown,main-trial-23,f,f,true,306924.10
unknown,main-trial-23,a,a,true,307140.80
unknown,main-trial-23, ,d,false,308570.50
unknown,main-trial-23, ,s,false,308692.50
unknown,main-trial-23, , ,true,308902.80
unknown,main-trial-23,d,a,false,309126.40
unknown,main-trial-23,d,f,false,309731.60
unknown,main-trial-23,d,a,false,309903.00
unknown,main-trial-23,d, ,false,311581.70
unknown,main-trial-23,d,d,true,311951.50
unknown,main-trial-23,s,s,true,312328.60
unknown,main-trial-23, , ,true,312882.50
unknown,main-trial-23,f,f,true,313579.00
unknown,main-trial-23,a,a,true,314014.40
unknown,main-trial-24,m,m,true,317175.60
unknown,main-trial-24, , ,true,317318.60
unknown,main-trial-24,e,e,true,317488.30
unknown,main-trial-24,e,e,true,317645.30
unknown,main-trial-24, , ,true,317830.60
unknown,main-trial-24,e,e,true,318002.40
unknown,main-trial-24,e,e,true,318178.40
unknown,main-trial-24, , ,true,318333.40
unknown,main-trial-24,t,t,true,318537.50
unknown,main-trial-24, , ,true,318721.00
unknown,main-trial-24,v,v,true,318926.60
unknown,main-trial-24,v,v,true,319104.00
unknown,main-trial-24, , ,true,319294.40
unknown,main-trial-24,v,v,true,319495.40
unknown,main-trial-24,v,v,true,319700.20
unknown,main-trial-24, , ,true,319896.60
unknown,main-trial-24,y,y,true,320195.20
unknown,main-trial-24, , ,true,320400.30
unknown,main-trial-24,e,e,true,320771.60
unknown,main-trial-24,e,e,true,320971.50
unknown,main-trial-24, , ,true,321144.40
unknown,main-trial-24,v,v,true,321974.90
unknown,main-trial-24,v,v,true,322167.20
unknown,main-trial-24, , ,true,322353.20
unknown,main-trial-24,e,e,true,322551.20
unknown,main-trial-24,e,e,true,322715.40
unknown,main-trial-24, , ,true,322958.00
unknown,main-trial-24,v,v,true,323439.30
unknown,main-trial-24,v,v,true,323662.50
unknown,main-trial-25,h,h,true,326594.70
unknown,main-trial-25, , ,true,326739.50
unknown,main-trial-25,a,a,true,326911.70
unknown,main-trial-25,a,a,true,327112.40
unknown,main-trial-25, , ,true,327336.80
unknown,main-trial-25,a,a,true,327592.00
unknown,main-trial-25,a,a,true,327770.30
unknown,main-trial-25, , ,true,327940.50
unknown,main-trial-25,g,g,true,328256.20
unknown,main-trial-25, , ,true,328491.10
unknown,main-trial-25,r,r,true,328920.70
unknown,main-trial-25,r,r,true,329097.90
unknown,main-trial-25, , ,true,329272.00
unknown,main-trial-25,r,r,true,329446.90
unknown,main-trial-25,r,r,true,329651.90
unknown,main-trial-25, , ,true,329864.20
unknown,main-trial-25,b,b,true,330124.50
unknown,main-trial-25, , ,true,330345.30
unknown,main-trial-25,a,a,true,330648.30
unknown,main-trial-25,a,a,true,330827.20
unknown,main-trial-25, , ,true,331038.00
unknown,main-trial-25,r,r,true,331242.30
unknown,main-trial-25,r,r,true,331420.20
unknown,main-trial-25, , ,true,331664.30
unknown,main-trial-25,a,a,true,331877.20
unknown,main-trial-25,a,a,true,332065.10
unknown,main-trial-25, , ,true,332259.10
unknown,main-trial-25,r,r,true,332438.00
unknown,main-trial-25,r,r,true,332623.10
unknown,main-trial-26,l,l,true,336519.50
unknown,main-trial-26, , ,true,336749.90
unknown,main-trial-26,s,s,true,337087.20
unknown,main-trial-26,f,f,true,337299.80
unknown,main-trial-26, , ,true,337441.80
unknown,main-trial-26,s,s,true,337628.70
unknown,main-trial-26,f,f,true,337751.50
unknown,main-trial-26, , ,true,337934.40
unknown,main-trial-26,e,e,true,338171.90
unknown,main-trial-26, , ,true,338374.00
unknown,main-trial-26,e,e,true,338633.40
unknown,main-trial-26,r,r,true,338830.90
unknown,main-trial-26, , ,true,338974.80
unknown,main-trial-26,e,e,true,339158.00
unknown,main-trial-26,r,r,true,339343.80
unknown,main-trial-26, , ,true,339528.00
unknown,main-trial-26,y,y,true,339919.90
unknown,main-trial-26, , ,true,340130.70
unknown,main-trial-26,s,s,true,340495.90
unknown,main-trial-26,f,f,true,340724.70
unknown,main-trial-26, , ,true,340914.80
unknown,main-trial-26,e,e,true,341132.00
unknown,main-trial-26,r,r,true,341307.30
unknown,main-trial-26, , ,true,341486.70
unknown,main-trial-26,s,s,true,341701.90
unknown,main-trial-26,f,f,true,342001.80
unknown,main-trial-26, , ,true,342204.50
unknown,main-trial-26,e,e,true,342486.80
unknown,main-trial-26,r,r,true,342680.60
unknown,main-trial-27,r,r,true,346048.50
unknown,main-trial-27, , ,true,346260.10
unknown,main-trial-27,f,f,true,346777.20
unknown,main-trial-27,d,d,true,346991.50
unknown,main-trial-27, , ,true,347228.70
unknown,main-trial-27,f,f,true,348146.50
unknown,main-trial-27,d,d,true,348330.80
unknown,main-trial-27, , ,true,348550.60
unknown,main-trial-27,i,i,true,348830.80
unknown,main-trial-27, , ,true,348950.30
unknown,main-trial-27,s,s,true,349218.40
unknown,main-trial-27,d,d,true,349420.20
unknown,main-trial-27, , ,true,349631.80
unknown,main-trial-27,s,s,true,349856.60
unknown,main-trial-27,d,d,true,350040.40
unknown,main-trial-27, , ,true,350224.50
unknown,main-trial-27,i,i,true,350472.60
unknown,main-trial-27, , ,true,350637.50
unknown,main-trial-27,f,f,true,350897.60
unknown,main-trial-27,d,d,true,351106.00
unknown,main-trial-27, , ,true,351325.60
unknown,main-trial-27,s,s,true,351707.90
unknown,main-trial-27,d,d,true,351907.00
unknown,main-trial-27, , ,true,352062.90
unknown,main-trial-27,f,f,true,352848.10
unknown,main-trial-27,d,d,true,353034.90
unknown,main-trial-27, , ,true,353274.40
unknown,main-trial-27,s,s,true,353578.30
unknown,main-trial-27,d,d,true,353808.80
unknown,main-trial-28,t,t,true,357358.90
unknown,main-trial-28, , ,true,357549.70
unknown,main-trial-28,w,w,true,357830.40
unknown,main-trial-28,f,w,false,357985.90
unknown,main-trial-28,f,f,true,358505.20
unknown,main-trial-28, , ,true,358714.00
unknown,main-trial-28,w,w,true,358917.60
unknown,main-trial-28,f,f,true,359152.90
unknown,main-trial-28, , ,true,359588.80
unknown,main-trial-28,r,r,true,359950.50
unknown,main-trial-28, , ,true,360195.70
unknown,main-trial-28,e,e,true,360378.40
unknown,main-trial-28,d,d,true,360558.60
unknown,main-trial-28, , ,true,360709.60
unknown,main-trial-28,e,e,true,360876.60
unknown,main-trial-28,d,d,true,361047.40
unknown,main-trial-28, , ,true,361199.90
unknown,main-trial-28,q,q,true,361490.90
unknown,main-trial-28, , ,true,361890.80
unknown,main-trial-28,w,w,true,362624.40
unknown,main-trial-28,f,f,true,362858.10
unknown,main-trial-28, , ,true,363021.70
unknown,main-trial-28,e,e,true,363879.10
unknown,main-trial-28,d,d,true,364356.10
unknown,main-trial-28, , ,true,364791.70
unknown,main-trial-28,w,w,true,365130.80
unknown,main-trial-28,f,f,true,365343.80
unknown,main-trial-28, , ,true,365540.80
unknown,main-trial-28,e,e,true,365794.80
unknown,main-trial-28,d,d,true,365990.60
unknown,main-trial-29,y,y,true,372665.80
unknown,main-trial-29, , ,true,372870.60
unknown,main-trial-29,d,d,true,373387.60
unknown,main-trial-29,v,v,true,373559.10
unknown,main-trial-29, , ,true,373717.70
unknown,main-trial-29,d,d,true,373874.60
unknown,main-trial-29,v,v,true,374006.50
unknown,main-trial-29, , ,true,374189.60
unknown,main-trial-29,s,s,true,374378.50
unknown,main-trial-29, , ,true,374535.60
unknown,main-trial-29,s,s,true,374733.90
unknown,main-trial-29,a,a,true,374910.50
unknown,main-trial-29, ,s,false,375111.20
unknown,main-trial-29, , ,true,375267.90
unknown,main-trial-29,s,s,true,375454.90
unknown,main-trial-29,a,a,true,375592.50
unknown,main-trial-29, , ,true,376165.70
unknown,main-trial-29,b,b,true,376423.30
unknown,main-trial-29, ,v,false,376425.30
unknown,main-trial-29, , ,true,377197.30
unknown,main-trial-29,d,d,true,377597.10
unknown,main-trial-29,v,v,true,377833.50
unknown,main-trial-29, , ,true,378040.80
unknown,main-trial-29,s,d,false,378473.40
unknown,main-trial-29,s,s,true,379266.00
unknown,main-trial-29,a,a,true,379438.10
unknown,main-trial-29, , ,true,379707.50
unknown,main-trial-29,d,d,true,380228.60
unknown,main-trial-29,v,v,true,380415.20
unknown,main-trial-29, , ,true,380603.20
unknown,main-trial-29,s,s,true,381347.20
unknown,main-trial-29,a,a,true,381521.10
unknown,main-trial-30,r,r,true,385047.90
unknown,main-trial-30, , ,true,385213.90
unknown,main-trial-30,w,w,true,386359.60
unknown,main-trial-30,r,r,true,386606.50
unknown,main-trial-30, , ,true,386785.00
unknown,main-trial-30,w,w,true,387004.60
unknown,main-trial-30,r,r,true,387202.50
unknown,main-trial-30, , ,true,387405.00
unknown,main-trial-30,c,c,true,387624.90
unknown,main-trial-30, , ,true,387805.90
unknown,main-trial-30,s,s,true,388011.70
unknown,main-trial-30,a,a,true,388201.00
unknown,main-trial-30, , ,true,388440.40
unknown,main-trial-30,s,s,true,388688.60
unknown,main-trial-30,a,a,true,388874.00
unknown,main-trial-30, , ,true,389101.80
unknown,main-trial-30,l,l,true,389816.80
unknown,main-trial-30, , ,true,390034.30
unknown,main-trial-30,w,w,true,390796.40
unknown,main-trial-30,r,r,true,391041.20
unknown,main-trial-30, , ,true,391206.40
unknown,main-trial-30,s,s,true,391620.30
unknown,main-trial-30,a,a,true,391806.00
unknown,main-trial-30, , ,true,392101.50
unknown,main-trial-30,w,w,true,392569.20
unknown,main-trial-30,r,r,true,392795.00
unknown,main-trial-30, , ,true,393048.20
unknown,main-trial-30,s,s,true,393572.50
unknown,main-trial-30,a,a,true,393795.10
unknown,main-trial-31,r,r,true,396713.30
unknown,main-trial-31, , ,true,396862.90
unknown,main-trial-31,d,d,true,396993.90
unknown,main-trial-31,s,s,true,397166.40
unknown,main-trial-31, , ,true,397305.80
unknown,main-trial-31,d,d,true,397458.80
unknown,main-trial-31,s,s,true,397629.10
unknown,main-trial-31, , ,true,397787.50
unknown,main-trial-31,e,e,true,397927.70
unknown,main-trial-31, , ,true,398084.10
unknown,main-trial-31,e,e,true,398489.10
unknown,main-trial-31,f,f,true,398644.10
unknown,main-trial-31, , ,true,398782.00
unknown,main-trial-31,e,e,true,398934.70
unknown,main-trial-31,f,f,true,399069.40
unknown,main-trial-31, , ,true,399228.50
unknown,main-trial-31,t,t,true,399697.70
unknown,main-trial-31, , ,true,399914.70
unknown,main-trial-31,d,d,true,400244.30
unknown,main-trial-31,s,s,true,400403.40
unknown,main-trial-31, ,d,false,400561.80
unknown,main-trial-31, , ,true,400680.20
unknown,main-trial-31,e,e,true,400796.40
unknown,main-trial-31,f,f,true,400948.60
unknown,main-trial-31, , ,true,401058.50
unknown,main-trial-31,d,d,true,401316.00
unknown,main-trial-31,s,e,false,401452.40
unknown,main-trial-31,s,s,true,402633.30
unknown,main-trial-31, , ,true,402860.80
unknown,main-trial-31,e,e,true,403452.90
unknown,main-trial-31,f,f,true,403632.60
unknown,main-trial-32,f,f,true,406364.60
unknown,main-trial-32, , ,true,406561.30
unknown,main-trial-32,f,f,true,406794.50
unknown,main-trial-32,v,v,true,407139.50
unknown,main-trial-32, , ,true,407313.70
unknown,main-trial-32,f,f,true,407484.30
unknown,main-trial-32,v,v,true,407669.60
unknown,main-trial-32, , ,true,407890.00
unknown,main-trial-32,u,u,true,408241.80
unknown,main-trial-32, , ,true,408451.50
unknown,main-trial-32,e,e,true,408966.40
unknown,main-trial-32,w,w,true,409306.70
unknown,main-trial-32, , ,true,409492.50
unknown,main-trial-32,e,w,false,409914.40
unknown,main-trial-32,e,e,true,410122.90
unknown,main-trial-32,w,e,false,411196.20
unknown,main-trial-32,w,w,true,411360.90
unknown,main-trial-32, , ,true,411937.00
unknown,main-trial-32,q,q,true,412393.90
unknown,main-trial-32, , ,true,413262.30
unknown,main-trial-32,f,f,true,413852.20
unknown,main-trial-32,v,v,true,414069.50
unknown,main-trial-32, , ,true,414239.20
unknown,main-trial-32,e,e,true,414893.10
unknown,main-trial-32,w,w,true,415066.30
unknown,main-trial-32, , ,true,415349.50
unknown,main-trial-32,f,f,true,415877.40
unknown,main-trial-32,v,v,true,416411.00
unknown,main-trial-32, , ,true,416835.20
unknown,main-trial-32,e,e,true,417175.50
unknown,main-trial-32,w,w,true,417349.10
unknown,main-trial-33,a,a,true,419958.90
unknown,main-trial-33, , ,true,420150.50
unknown,main-trial-33,v,v,true,420415.60
unknown,main-trial-33,f,f,true,420611.40
unknown,main-trial-33, , ,true,421199.80
unknown,main-trial-33,v,v,true,421375.80
unknown,main-trial-33,f,f,true,421519.40
unknown,main-trial-33, , ,true,421723.50
unknown,main-trial-33,g,g,true,421938.20
unknown,main-trial-33, , ,true,422135.70
unknown,main-trial-33,f,f,true,423053.70
unknown,main-trial-33,v,v,true,423241.60
unknown,main-trial-33, , ,true,423426.10
unknown,main-trial-33,f,f,true,423597.90
unknown,main-trial-33,v,v,true,423776.30
unknown,main-trial-33, , ,true,423949.50
unknown,main-trial-33,s,s,true,424170.40
unknown,main-trial-33, , ,true,424470.40
unknown,main-trial-33,v,v,true,425414.10
unknown,main-trial-33,f,f,true,425592.10
unknown,main-trial-33, , ,true,425768.30
unknown,main-trial-33,f,v,false,425933.30
unknown,main-trial-33,f,f,true,426115.00
unknown,main-trial-33,v,v,true,427388.60
unknown,main-trial-33, , ,true,427992.60
unknown,main-trial-33,v,v,true,428325.20
unknown,main-trial-33,f,f,true,428547.10
unknown,main-trial-33, , ,true,428765.00
unknown,main-trial-33,f,f,true,429087.20
unknown,main-trial-33,v,v,true,429870.90
unknown,main-trial-34,e,e,true,433439.90
unknown,main-trial-34, , ,true,433586.00
unknown,main-trial-34,d,d,true,433720.90
unknown,main-trial-34,r,r,true,433856.90
unknown,main-trial-34, , ,true,434205.20
unknown,main-trial-34,d,d,true,434380.20
unknown,main-trial-34,r,r,true,434542.20
unknown,main-trial-34, , ,true,434925.40
unknown,main-trial-34,e,e,true,435181.20
unknown,main-trial-34, , ,true,435364.00
unknown,main-trial-34,w,w,true,436085.50
unknown,main-trial-34,d,d,true,436287.00
unknown,main-trial-34, , ,true,436427.50
unknown,main-trial-34,w,w,true,436704.30
unknown,main-trial-34,d,d,true,436887.30
unknown,main-trial-34, , ,true,437024.10
unknown,main-trial-34,f,f,true,437368.20
unknown,main-trial-34, , ,true,437598.50
unknown,main-trial-34,d,d,true,437922.50
unknown,main-trial-34,r,r,true,438095.10
unknown,main-trial-34, , ,true,438314.00
unknown,main-trial-34,w,w,true,438499.30
unknown,main-trial-34,d,d,true,438680.30
unknown,main-trial-34, , ,true,438848.70
unknown,main-trial-34,d,r,false,439067.60
unknown,main-trial-34,d,d,true,439495.00
unknown,main-trial-34,r,r,true,439671.20
unknown,main-trial-34, , ,true,439876.30
unknown,main-trial-34,w,w,true,440197.30
unknown,main-trial-34,d,d,true,440759.30
unknown,main-trial-35,g,g,true,443891.90
unknown,main-trial-35, , ,true,444092.30
unknown,main-trial-35,d,d,true,444262.00
unknown,main-trial-35,a,a,true,444467.60
unknown,main-trial-35, ,d,false,444684.80
unknown,main-trial-35, , ,true,444887.90
unknown,main-trial-35,d,d,true,445401.30
unknown,main-trial-35,a,a,true,445545.90
unknown,main-trial-35, , ,true,445903.20
unknown,main-trial-35,w,w,true,446134.10
unknown,main-trial-35, , ,true,446383.00
unknown,main-trial-35,w,w,true,446650.10
unknown,main-trial-35,e,e,true,446837.10
unknown,main-trial-35, , ,true,447008.30
unknown,main-trial-35,w,w,true,447175.00
unknown,main-trial-35,e,e,true,447333.70
unknown,main-trial-35, , ,true,447544.30
unknown,main-trial-35,n,n,true,447923.70
unknown,main-trial-35, , ,true,448081.10
unknown,main-trial-35,d,d,true,448393.80
unknown,main-trial-35,a,a,true,448599.00
unknown,main-trial-35, , ,true,448808.70
unknown,main-trial-35,w,w,true,449193.40
unknown,main-trial-35,e,e,true,449369.50
unknown,main-trial-35, , ,true,449540.90
unknown,main-trial-35,d,d,true,449721.70
unknown,main-trial-35,a,a,true,449917.60
unknown,main-trial-35, , ,true,450093.00
unknown,main-trial-35,w,w,true,450224.60
unknown,main-trial-35,e,e,true,450408.50
unknown,main-trial-36,g,g,true,454356.60
unknown,main-trial-36, , ,true,454508.60
unknown,main-trial-36,e,e,true,454669.90
unknown,main-trial-36,r,r,true,454840.20
unknown,main-trial-36, , ,true,455023.60
unknown,main-trial-36,e,e,true,455178.50
unknown,main-trial-36,r,r,true,455339.50
unknown,main-trial-36, , ,true,455501.50
unknown,main-trial-36,e,e,true,455669.50
unknown,main-trial-36, , ,true,456029.70
unknown,main-trial-36,s,s,true,456244.00
unknown,main-trial-36,f,f,true,456574.10
unknown,main-trial-36, , ,true,456748.50
unknown,main-trial-36,s,s,true,456935.60
unknown,main-trial-36,f,f,true,457141.80
unknown,main-trial-36, , ,true,457376.70
unknown,main-trial-36,a,a,true,457839.60
unknown,main-trial-36, , ,true,458108.60
unknown,main-trial-36,e,e,true,458309.40
unknown,main-trial-36,r,r,true,458499.40
unknown,main-trial-36, , ,true,458833.00
unknown,main-trial-36,s,s,true,459172.00
unknown,main-trial-36,f,f,true,459365.30
unknown,main-trial-36, , ,true,459538.30
unknown,main-trial-36,e,e,true,459715.40
unknown,main-trial-36,r,r,true,459855.50
unknown,main-trial-36, , ,true,460012.60
unknown,main-trial-36,s,s,true,460170.50
unknown,main-trial-36,f,f,true,460370.40
unknown,main-trial-37,s,s,true,463117.20
unknown,main-trial-37, , ,true,463256.60
unknown,main-trial-37,e,e,true,463445.60
unknown,main-trial-37,d,d,true,463611.70
unknown,main-trial-37, , ,true,463733.30
unknown,main-trial-37,e,e,true,463877.70
unknown,main-trial-37,d,d,true,464043.50
unknown,main-trial-37, , ,true,464153.30
unknown,main-trial-37,w,w,true,464590.50
unknown,main-trial-37, , ,true,464896.50
unknown,main-trial-37,w,w,true,465976.20
unknown,main-trial-37,f,f,true,466421.80
unknown,main-trial-37, , ,true,466598.30
unknown,main-trial-37,w,w,true,466772.50
unknown,main-trial-37,f,d,false,466982.30
unknown,main-trial-37,f,f,true,467705.40
unknown,main-trial-37, , ,true,467949.30
unknown,main-trial-37,h,h,true,468153.10
unknown,main-trial-37, , ,true,468372.40
unknown,main-trial-37,e,e,true,468871.80
unknown,main-trial-37,d,d,true,469053.80
unknown,main-trial-37, , ,true,469201.60
unknown,main-trial-37,w,w,true,469826.10
unknown,main-trial-37,f,f,true,470073.40
unknown,main-trial-37, , ,true,470263.80
unknown,main-trial-37,e,e,true,470556.70
unknown,main-trial-37,d,d,true,470728.40
unknown,main-trial-37, , ,true,470932.00
unknown,main-trial-37,w,w,true,471433.90
unknown,main-trial-37,f,f,true,471643.70
unknown,main-trial-38,v,v,true,474483.50
unknown,main-trial-38, , ,true,474620.20
unknown,main-trial-38,s,s,true,474764.20
unknown,main-trial-38,e,e,true,474908.30
unknown,main-trial-38, , ,true,475045.50
unknown,main-trial-38,s,s,true,475204.50
unknown,main-trial-38,e,e,true,475378.00
unknown,main-trial-38, ,s,false,475547.90
unknown,main-trial-38, , ,true,476143.00
unknown,main-trial-38,e,e,true,476605.70
unknown,main-trial-38, , ,true,476963.90
unknown,main-trial-38,w,w,true,477746.20
unknown,main-trial-38,f,f,true,478185.70
unknown,main-trial-38, , ,true,478390.30
unknown,main-trial-38,w,w,true,478572.50
unknown,main-trial-38,f,d,false,478783.60
unknown,main-trial-38,f,f,true,478785.30
unknown,main-trial-38, , ,true,478955.20
unknown,main-trial-38,m, ,false,479743.90
unknown,main-trial-38,m, ,false,481332.30
unknown,main-trial-38,m,m,true,481624.80
unknown,main-trial-38, , ,true,481814.50
unknown,main-trial-38,s,s,true,482587.10
unknown,main-trial-38,e,e,true,482750.80
unknown,main-trial-38, , ,true,482933.30
unknown,main-trial-38,w,w,true,483085.30
unknown,main-trial-38,f,f,true,483285.30
unknown,main-trial-38, , ,true,483426.20
unknown,main-trial-38,s,s,true,483684.40
unknown,main-trial-38,e,e,true,483836.40
unknown,main-trial-38, , ,true,484011.30
unknown,main-trial-38,w,w,true,484166.10
unknown,main-trial-38,f,f,true,484401.20
unknown,main-trial-39,s,s,true,487329.80
unknown,main-trial-39, , ,true,487486.30
unknown,main-trial-39,r,r,true,487642.40
unknown,main-trial-39,r,r,true,487783.20
unknown,main-trial-39, , ,true,487932.40
unknown,main-trial-39,r,r,true,488190.10
unknown,main-trial-39,r,r,true,488344.60
unknown,main-trial-39, , ,true,488529.20
unknown,main-trial-39,f,f,true,488753.70
unknown,main-trial-39, , ,true,488949.40
unknown,main-trial-39,e,e,true,489173.70
unknown,main-trial-39,e,e,true,489346.20
unknown,main-trial-39, , ,true,489527.30
unknown,main-trial-39,e,e,true,489746.60
unknown,main-trial-39,e,e,true,489927.30
unknown,main-trial-39, , ,true,490142.70
unknown,main-trial-39,v,v,true,490383.40
unknown,main-trial-39, , ,true,490609.10
unknown,main-trial-39,r,e,false,490873.80
unknown,main-trial-39,r,r,true,491316.40
unknown,main-trial-39,r,r,true,491482.10
unknown,main-trial-39, , ,true,491650.70
unknown,main-trial-39,e,e,true,491799.60
unknown,main-trial-39,e,e,true,491965.30
unknown,main-trial-39, , ,true,492211.50
unknown,main-trial-39,r,r,true,492426.80
unknown,main-trial-39,r,r,true,492638.20
unknown,main-trial-39, , ,true,492982.20
unknown,main-trial-39,e,e,true,493406.40
unknown,main-trial-39,e,e,true,493632.60
unknown,main-trial-40,n,n,true,496941.50
unknown,main-trial-40, , ,true,497064.70
unknown,main-trial-40,d,d,true,497221.50
unknown,main-trial-40,e,e,true,497359.50
unknown,main-trial-40, , ,true,497482.60
unknown,main-trial-40,d,d,true,497624.40
unknown,main-trial-40,e,e,true,497763.10
unknown,main-trial-40, , ,true,497913.70
unknown,main-trial-40,d,d,true,498090.40
unknown,main-trial-40, , ,true,498267.00
unknown,main-trial-40,f,f,true,498895.60
unknown,main-trial-40,r,r,true,499031.70
unknown,main-trial-40, , ,true,499166.70
unknown,main-trial-40,f,f,true,499315.70
unknown,main-trial-40,r,r,true,499465.50
unknown,main-trial-40, , ,true,499994.50
unknown,main-trial-40,i,i,true,500722.50
unknown,main-trial-40, , ,true,500890.60
unknown,main-trial-40,d,d,true,501270.30
unknown,main-trial-40,e,e,true,501417.70
unknown,main-trial-40, , ,true,501592.90
unknown,main-trial-40,f,f,true,501734.50
unknown,main-trial-40,r,r,true,501865.50
unknown,main-trial-40, , ,true,502002.50
unknown,main-trial-40,d,d,true,502162.40
unknown,main-trial-40,e,e,true,502292.40
unknown,main-trial-40, , ,true,502452.60
unknown,main-trial-40,f,f,true,502599.50
unknown,main-trial-40,r,r,true,502726.60
unknown,main-trial-41,d,d,true,505284.70
unknown,main-trial-41, , ,true,505432.40
unknown,main-trial-41,d,d,true,505685.90
unknown,main-trial-41,v,v,true,505864.60
unknown,main-trial-41, , ,true,506011.40
unknown,main-trial-41,d,d,true,506223.70
unknown,main-trial-41,v,v,true,506406.70
unknown,main-trial-41, , ,true,506558.50
unknown,main-trial-41,l,;,false,507278.10
unknown,main-trial-41,l,l,true,507996.50
unknown,main-trial-41, , ,true,508199.00
unknown,main-trial-41,a,a,true,508681.70
unknown,main-trial-41,r,r,true,508846.00
unknown,main-trial-41, , ,true,508972.50
unknown,main-trial-41,a,a,true,509098.50
unknown,main-trial-41,r,r,true,509232.40
unknown,main-trial-41, , ,true,509388.60
unknown,main-trial-41,f,f,true,510195.30
unknown,main-trial-41, , ,true,510454.20
unknown,main-trial-41,d,d,true,510939.00
unknown,main-trial-41,v,v,true,511140.50
unknown,main-trial-41, , ,true,511351.80
unknown,main-trial-41,a,a,true,511931.80
unknown,main-trial-41,r,r,true,512116.50
unknown,main-trial-41, , ,true,512319.60
unknown,main-trial-41,d,d,true,512532.80
unknown,main-trial-41,v,v,true,512664.10
unknown,main-trial-41, , ,true,512815.20
unknown,main-trial-41,a,a,true,513001.80
unknown,main-trial-41,r,r,true,513207.50
unknown,main-trial-42,n,n,true,516039.20
unknown,main-trial-42, , ,true,516181.90
unknown,main-trial-42,r,r,true,516373.80
unknown,main-trial-42,e,e,true,516561.40
unknown,main-trial-42, , ,true,516678.50
unknown,main-trial-42,r,r,true,516863.80
unknown,main-trial-42,e,e,true,516999.40
unknown,main-trial-42, , ,true,517299.10
unknown,main-trial-42,m,m,true,517540.50
unknown,main-trial-42, , ,true,517760.60
unknown,main-trial-42,f,f,true,518246.60
unknown,main-trial-42,a,a,true,518451.50
unknown,main-trial-42, , ,true,518623.90
unknown,main-trial-42,f,f,true,518804.20
unknown,main-trial-42,a,a,true,518977.40
unknown,main-trial-42, , ,true,519191.70
unknown,main-trial-42,t,r,false,519623.80
unknown,main-trial-42,t,t,true,520532.10
unknown,main-trial-42, , ,true,520999.40
unknown,main-trial-42,r,r,true,521400.80
unknown,main-trial-42,e,e,true,521565.30
unknown,main-trial-42, , ,true,521759.70
unknown,main-trial-42,f,f,true,521914.50
unknown,main-trial-42,a,a,true,522053.40
unknown,main-trial-42, , ,true,522200.50
unknown,main-trial-42,r,r,true,522372.60
unknown,main-trial-42,e,e,true,522499.20
unknown,main-trial-42, , ,true,522717.60
unknown,main-trial-42,f,f,true,522880.30
unknown,main-trial-42,a,a,true,523028.00
unknown,main-trial-43,r,r,true,525749.30
unknown,main-trial-43, , ,true,525879.10
unknown,main-trial-43,e,e,true,526017.30
unknown,main-trial-43,f,f,true,526140.50
unknown,main-trial-43, , ,true,526265.30
unknown,main-trial-43,e,e,true,526406.30
unknown,main-trial-43,f,f,true,526542.40
unknown,main-trial-43, , ,true,526681.50
unknown,main-trial-43,z,z,true,527272.60
unknown,main-trial-43, , ,true,527670.90
unknown,main-trial-43,w,w,true,528118.40
unknown,main-trial-43,e,e,true,528279.60
unknown,main-trial-43, , ,true,528431.80
unknown,main-trial-43,w,w,true,528580.30
unknown,main-trial-43,e,e,true,528733.40
unknown,main-trial-43, , ,true,528871.20
unknown,main-trial-43,z,z,true,529093.00
unknown,main-trial-43, , ,true,529652.70
unknown,main-trial-43,e,e,true,529989.40
unknown,main-trial-43,f,f,true,530134.10
unknown,main-trial-43, , ,true,530272.60
unknown,main-trial-43,w,w,true,530445.40
unknown,main-trial-43,e,e,true,530613.20
unknown,main-trial-43, , ,true,530748.20
unknown,main-trial-43,e,e,true,531841.10
unknown,main-trial-43,f,f,true,532007.20
unknown,main-trial-43, , ,true,532186.30
unknown,main-trial-43,w,w,true,532369.80
unknown,main-trial-43,e,e,true,532543.40
unknown,main-trial-44,n,n,true,536807.00
unknown,main-trial-44, , ,true,536983.90
unknown,main-trial-44,v,v,true,537206.20
unknown,main-trial-44,v,v,true,537385.20
unknown,main-trial-44, , ,true,537558.30
unknown,main-trial-44,v,v,true,538013.50
unknown,main-trial-44,v,v,true,538194.40
unknown,main-trial-44, , ,true,538377.60
unknown,main-trial-44,c,c,true,538631.00
unknown,main-trial-44, , ,true,538822.40
unknown,main-trial-44,e,e,true,538979.00
unknown,main-trial-44,e,e,true,539147.60
unknown,main-trial-44, , ,true,539332.20
unknown,main-trial-44,e,e,true,539512.80
unknown,main-trial-44,e,e,true,539691.00
unknown,main-trial-44, , ,true,539894.90
unknown,main-trial-44,i,i,true,540212.00
unknown,main-trial-44, , ,true,540384.90
unknown,main-trial-44,v,v,true,540947.20
unknown,main-trial-44,v,v,true,541108.10
unknown,main-trial-44, , ,true,541235.60
unknown,main-trial-44,e,e,true,541404.80
unknown,main-trial-44,e,e,true,541563.00
unknown,main-trial-44, ,e,false,541939.30
unknown,main-trial-44, , ,true,542381.00
unknown,main-trial-44,v,v,true,542802.90
unknown,main-trial-44,v,v,true,542982.90
unknown,main-trial-44, , ,true,543145.80
unknown,main-trial-44,e,e,true,543357.10
unknown,main-trial-44,e,e,true,543512.90
unknown,main-trial-45,p,p,true,547546.30
unknown,main-trial-45, , ,true,547711.30
unknown,main-trial-45,f,f,true,547909.40
unknown,main-trial-45,a,a,true,548072.80
unknown,main-trial-45, , ,true,548224.90
unknown,main-trial-45,f,f,true,548359.80
unknown,main-trial-45,a,a,true,548518.20
unknown,main-trial-45, , ,true,548722.50
unknown,main-trial-45,n,n,true,548925.00
unknown,main-trial-45, , ,true,549102.70
unknown,main-trial-45,r,r,true,549550.80
unknown,main-trial-45,e,e,true,549680.80
unknown,main-trial-45, , ,true,549884.30
unknown,main-trial-45,r,r,true,550060.20
unknown,main-trial-45,e,e,true,550173.50
unknown,main-trial-45, , ,true,550361.10
unknown,main-trial-45,c,c,true,550602.00
unknown,main-trial-45, , ,true,550798.10
unknown,main-trial-45,f,f,true,551469.70
unknown,main-trial-45,a,a,true,551625.20
unknown,main-trial-45, , ,true,551780.90
unknown,main-trial-45,r,r,true,551960.80
unknown,main-trial-45,e,e,true,552070.80
unknown,main-trial-45, , ,true,552306.40
unknown,main-trial-45,f,f,true,552824.20
unknown,main-trial-45,a,a,true,552987.00
unknown,main-trial-45, , ,true,553201.20
unknown,main-trial-45,r,r,true,553788.40
unknown,main-trial-45,e,e,true,553931.70
unknown,main-trial-46,m,m,true,557307.90
unknown,main-trial-46, , ,true,557472.80
unknown,main-trial-46,d,d,true,557622.80
unknown,main-trial-46,a,e,false,557749.30
unknown,main-trial-46,a,a,true,558295.50
unknown,main-trial-46, , ,true,558698.30
unknown,main-trial-46,d,d,true,558881.10
unknown,main-trial-46,a,a,true,559018.20
unknown,main-trial-46, , ,true,559292.90
unknown,main-trial-46,p,p,true,559475.80
unknown,main-trial-46, , ,true,559664.60
unknown,main-trial-46,w,w,true,560358.90
unknown,main-trial-46,r,r,true,560597.80
unknown,main-trial-46, , ,true,560750.90
unknown,main-trial-46,w,w,true,560938.70
unknown,main-trial-46,r,r,true,561148.70
unknown,main-trial-46, , ,true,561357.80
unknown,main-trial-46,s,s,true,561600.70
unknown,main-trial-46, , ,true,561810.70
unknown,main-trial-46,d,d,true,562230.90
unknown,main-trial-46,a,a,true,562397.60
unknown,main-trial-46, , ,true,562592.80
unknown,main-trial-46,w,w,true,562935.90
unknown,main-trial-46,r,r,true,563168.80
unknown,main-trial-46, , ,true,563361.70
unknown,main-trial-46,d,d,true,563741.20
unknown,main-trial-46,a,a,true,563948.60
unknown,main-trial-46, , ,true,564114.70
unknown,main-trial-46,w,w,true,564400.70
unknown,main-trial-46,r,r,true,564626.60
unknown,main-trial-47,j,j,true,567469.10
unknown,main-trial-47, , ,true,567592.50
unknown,main-trial-47,w,w,true,567765.70
unknown,main-trial-47,e,e,true,567917.80
unknown,main-trial-47, , ,true,568015.60
unknown,main-trial-47,w,w,true,568149.90
unknown,main-trial-47,e,e,true,568319.80
unknown,main-trial-47, , ,true,568556.00
unknown,main-trial-47,l,l,true,569430.60
unknown,main-trial-47, , ,true,569739.00
unknown,main-trial-47,e,e,true,570107.60
unknown,main-trial-47,f,f,true,570234.40
unknown,main-trial-47, , ,true,570372.70
unknown,main-trial-47,e,e,true,570509.70
unknown,main-trial-47,f,f,true,570634.30
unknown,main-trial-47, , ,true,570787.70
unknown,main-trial-47,m,m,true,571105.80
unknown,main-trial-47, , ,true,571307.70
unknown,main-trial-47,w,w,true,572030.10
unknown,main-trial-47,e,e,true,572207.70
unknown,main-trial-47, , ,true,572355.70
unknown,main-trial-47,e,e,true,572563.80
unknown,main-trial-47,f,f,true,572707.40
unknown,main-trial-47, , ,true,572953.90
unknown,main-trial-47,w,w,true,573370.60
unknown,main-trial-47,e,e,true,573541.00
unknown,main-trial-47, , ,true,573710.30
unknown,main-trial-47,e,e,true,573863.60
unknown,main-trial-47,f,f,true,574020.30
unknown,main-trial-48,c,c,true,577242.50
unknown,main-trial-48, , ,true,577404.40
unknown,main-trial-48,f,f,true,577592.60
unknown,main-trial-48,s,s,true,577766.40
unknown,main-trial-48, , ,true,578302.10
unknown,main-trial-48,f,f,true,578566.00
unknown,main-trial-48,s,s,true,578708.50
unknown,main-trial-48, , ,true,578924.70
unknown,main-trial-48,s,s,true,579170.60
unknown,main-trial-48, , ,true,579363.40
unknown,main-trial-48,r,r,true,579686.30
unknown,main-trial-48,e,e,true,579795.00
unknown,main-trial-48, , ,true,580001.40
unknown,main-trial-48,r,r,true,580191.30
unknown,main-trial-48,e,e,true,580301.50
unknown,main-trial-48, , ,true,580536.70
unknown,main-trial-48,v,v,true,580786.40
unknown,main-trial-48, , ,true,581095.20
unknown,main-trial-48,f,f,true,581607.60
unknown,main-trial-48,s,s,true,581955.70
unknown,main-trial-48, , ,true,582289.50
unknown,main-trial-48,r,r,true,582524.30
unknown,main-trial-48,e,e,true,582661.10
unknown,main-trial-48, , ,true,582957.30
unknown,main-trial-48,f,f,true,583341.50
unknown,main-trial-48,s,s,true,583522.20
unknown,main-trial-48, , ,true,583770.30
unknown,main-trial-48,r,r,true,584092.30
unknown,main-trial-48,e,e,true,584226.10
unknown,main-trial-49,n,n,true,587023.90
unknown,main-trial-49, , ,true,587161.00
unknown,main-trial-49,a,a,true,587329.20
unknown,main-trial-49,d,d,true,587500.80
unknown,main-trial-49, , ,true,587631.80
unknown,main-trial-49,a,a,true,587791.30
unknown,main-trial-49,d,d,true,587923.00
unknown,main-trial-49, , ,true,588102.90
unknown,main-trial-49,x,x,true,588588.60
unknown,main-trial-49, , ,true,588956.80
unknown,main-trial-49,f,f,true,589571.30
unknown,main-trial-49,d,d,true,589719.70
unknown,main-trial-49, , ,true,589886.90
unknown,main-trial-49,f,f,true,590062.00
unknown,main-trial-49,d,d,true,590175.50
unknown,main-trial-49, , ,true,590377.30
unknown,main-trial-49,l,l,true,591217.70
unknown,main-trial-49, , ,true,591439.20
unknown,main-trial-49,a,a,true,592010.60
unknown,main-trial-49,d,d,true,592219.10
unknown,main-trial-49, , ,true,592384.70
unknown,main-trial-49,f,f,true,592834.20
unknown,main-trial-49,d,d,true,593030.20
unknown,main-trial-49, , ,true,593244.10
unknown,main-trial-49,a,a,true,593463.80
unknown,main-trial-49,d,d,true,593663.90
unknown,main-trial-49, , ,true,593852.70
unknown,main-trial-49,f,f,true,594085.10
unknown,main-trial-49,d,d,true,594262.70
unknown,main-trial-50,m,m,true,597295.20
unknown,main-trial-50, , ,true,597466.10
unknown,main-trial-50,f,d,false,598264.70
unknown,main-trial-50,f,g,false,598565.80
unknown,main-trial-50,f,f,true,599840.20
unknown,main-trial-50,d,d,true,600039.30
unknown,main-trial-50, , ,true,600272.80
unknown,main-trial-50,f,f,true,600607.80
unknown,main-trial-50,d,d,true,600787.90
unknown,main-trial-50, , ,true,600956.20
unknown,main-trial-50,z,z,true,601433.00
unknown,main-trial-50, , ,true,601659.30
unknown,main-trial-50,a,a,true,602376.00
unknown,main-trial-50,d,d,true,602635.70
unknown,main-trial-50, , ,true,602828.90
unknown,main-trial-50,a,a,true,603016.10
unknown,main-trial-50,d,d,true,603175.10
unknown,main-trial-50, , ,true,603734.50
unknown,main-trial-50,b,b,true,604150.50
unknown,main-trial-50, , ,true,604609.50
unknown,main-trial-50,f,f,true,605022.20
unknown,main-trial-50,d,d,true,605237.20
unknown,main-trial-50, , ,true,605450.40
unknown,main-trial-50,a,a,true,605686.10
unknown,main-trial-50,d,d,true,605932.10
unknown,main-trial-50, , ,true,606184.20
unknown,main-trial-50,f,f,true,606606.40
unknown,main-trial-50,d,d,true,606808.70
unknown,main-trial-50, , ,true,607065.60
unknown,main-trial-50,a,a,true,607334.20
unknown,main-trial-50,d,d,true,607940.30
unknown,main-trial-51,c,c,true,610895.70
unknown,main-trial-51, , ,true,611097.30
unknown,main-trial-51,a,a,true,611187.10
unknown,main-trial-51,s,s,true,611351.70
unknown,main-trial-51, , ,true,611481.10
unknown,main-trial-51,a,a,true,611600.30
unknown,main-trial-51,s,s,true,611750.80
unknown,main-trial-51, , ,true,611907.80
unknown,main-trial-51,h,h,true,612260.40
unknown,main-trial-51, , ,true,612450.40
unknown,main-trial-51,f,f,true,613131.30
unknown,main-trial-51,s,s,true,613287.40
unknown,main-trial-51, , ,true,613429.80
unknown,main-trial-51,f,f,true,613605.80
unknown,main-trial-51,s,s,true,613739.80
unknown,main-trial-51, , ,true,613913.60
unknown,main-trial-51,c,c,true,614264.10
unknown,main-trial-51, , ,true,614522.70
unknown,main-trial-51,a,a,true,614752.00
unknown,main-trial-51,s,s,true,614926.90
unknown,main-trial-51, , ,true,615064.70
unknown,main-trial-51,f,f,true,615256.80
unknown,main-trial-51,s,s,true,615421.70
unknown,main-trial-51, , ,true,615689.70
unknown,main-trial-51,a,a,true,616406.10
unknown,main-trial-51,s,s,true,616889.10
unknown,main-trial-51, , ,true,617390.00
unknown,main-trial-51,f,f,true,617864.10
unknown,main-trial-51,s,s,true,618100.70
unknown,main-trial-52,o,o,true,621214.40
unknown,main-trial-52, , ,true,621342.50
unknown,main-trial-52,e,e,true,621513.60
unknown,main-trial-52,d,d,true,621684.60
unknown,main-trial-52, , ,true,621789.30
unknown,main-trial-52,e,e,true,621923.00
unknown,main-trial-52,d,d,true,622080.20
unknown,main-trial-52, , ,true,622209.60
unknown,main-trial-52,m,m,true,622364.60
unknown,main-trial-52, , ,true,622522.50
unknown,main-trial-52,f,f,true,623027.30
unknown,main-trial-52,e,e,true,623167.60
unknown,main-trial-52, , ,true,623313.90
unknown,main-trial-52,f,f,true,623458.40
unknown,main-trial-52,e,e,true,623614.70
unknown,main-trial-52, , ,true,623798.90
unknown,main-trial-52,k,k,true,624217.40
unknown,main-trial-52, , ,true,624364.60
unknown,main-trial-52,e,e,true,624582.80
unknown,main-trial-52,d,d,true,624743.50
unknown,main-trial-52, , ,true,624854.30
unknown,main-trial-52,f,f,true,625003.30
unknown,main-trial-52,e,e,true,625130.40
unknown,main-trial-52, , ,true,625272.70
unknown,main-trial-52,e,e,true,626659.40
unknown,main-trial-52,d,d,true,626829.80
unknown,main-trial-52, , ,true,626975.40
unknown,main-trial-52,f,f,true,627201.00
unknown,main-trial-52,e,e,true,627357.30
unknown,main-trial-53,k,k,true,630210.60
unknown,main-trial-53, , ,true,630337.20
unknown,main-trial-53,r,r,true,630458.20
unknown,main-trial-53,r,r,true,630593.20
unknown,main-trial-53, , ,true,630781.30
unknown,main-trial-53,r,r,true,630980.40
unknown,main-trial-53,r,r,true,631118.50
unknown,main-trial-53, , ,true,631314.50
unknown,main-trial-53,q,q,true,634686.30
unknown,main-trial-53, , ,true,635053.80
unknown,main-trial-53,a,a,true,635925.10
unknown,main-trial-53,a,a,true,636102.60
unknown,main-trial-53, , ,true,636320.60
unknown,main-trial-53,a,a,true,636603.10
unknown,main-trial-53,a,a,true,636772.30
unknown,main-trial-53, , ,true,636984.70
unknown,main-trial-53,w,w,true,637525.00
unknown,main-trial-53, , ,true,638013.10
unknown,main-trial-53,r,r,true,638558.70
unknown,main-trial-53,r,r,true,638778.50
unknown,main-trial-53, , ,true,638998.40
unknown,main-trial-53,a,a,true,639392.00
unknown,main-trial-53,a,a,true,639597.00
unknown,main-trial-53, , ,true,639868.10
unknown,main-trial-53,r,r,true,640331.20
unknown,main-trial-53,r,r,true,640529.90
unknown,main-trial-53, , ,true,640774.10
unknown,main-trial-53,a,a,true,641111.20
unknown,main-trial-53,a,a,true,641281.00
unknown,main-trial-54,l,l,true,645529.70
unknown,main-trial-54, , ,true,645707.10
unknown,main-trial-54,f,f,true,646768.70
unknown,main-trial-54,e,e,true,646927.30
unknown,main-trial-54, , ,true,647068.70
unknown,main-trial-54,f,f,true,647228.00
unknown,main-trial-54,e,e,true,647384.80
unknown,main-trial-54, , ,true,647551.50
unknown,main-trial-54,q,q,true,647936.70
unknown,main-trial-54, , ,true,648410.60
unknown,main-trial-54,e,e,true,648649.00
unknown,main-trial-54,d,d,true,648807.60
unknown,main-trial-54, , ,true,648926.50
unknown,main-trial-54,e,e,true,649081.60
unknown,main-trial-54,d,d,true,649247.60
unknown,main-trial-54, , ,true,649372.70
unknown,main-trial-54,d,d,true,649656.90
unknown,main-trial-54, , ,true,649970.80
unknown,main-trial-54,f,f,true,650545.20
unknown,main-trial-54,e,e,true,650689.50
unknown,main-trial-54, , ,true,650847.60
unknown,main-trial-54,e,d,false,651007.70
unknown,main-trial-54,e,e,true,651787.00
unknown,main-trial-54,d,d,true,651967.50
unknown,main-trial-54, , ,true,652108.80
unknown,main-trial-54,f,f,true,652385.60
unknown,main-trial-54,e,e,true,652534.60
unknown,main-trial-54, , ,true,652697.50
unknown,main-trial-54,e,e,true,652864.70
unknown,main-trial-54,d,d,true,653032.50
unknown,main-trial-55,i,i,true,655938.20
unknown,main-trial-55, , ,true,656078.80
unknown,main-trial-55,a,a,true,656426.50
unknown,main-trial-55,r,r,true,656563.80
unknown,main-trial-55, , ,true,656687.90
unknown,main-trial-55,a,a,true,656817.60
unknown,main-trial-55,r,r,true,656961.00
unknown,main-trial-55, , ,true,657182.20
unknown,main-trial-55,j,j,true,657862.30
unknown,main-trial-55, , ,true,658001.60
unknown,main-trial-55,s,s,true,658285.90
unknown,main-trial-55,e,e,true,658438.40
unknown,main-trial-55, , ,true,658570.50
unknown,main-trial-55,s,s,true,658701.70
unknown,main-trial-55,e,e,true,658858.40
unknown,main-trial-55, ,s,false,659029.90
unknown,main-trial-55, , ,true,659649.00
unknown,main-trial-55,o,o,true,659959.70
unknown,main-trial-55, , ,true,660104.50
unknown,main-trial-55,a,a,true,660509.00
unknown,main-trial-55,r,r,true,660712.20
unknown,main-trial-55, , ,true,660813.30
unknown,main-trial-55,s,s,true,660961.50
unknown,main-trial-55,e,e,true,661099.60
unknown,main-trial-55, , ,true,661240.60
unknown,main-trial-55,a,a,true,661416.60
unknown,main-trial-55,r,r,true,661563.40
unknown,main-trial-55, , ,true,661731.40
unknown,main-trial-55,s,s,true,661869.60
unknown,main-trial-55,e,e,true,662013.60
unknown,main-trial-56,h,h,true,665835.80
unknown,main-trial-56, , ,true,666006.40
unknown,main-trial-56,f,f,true,666613.00
unknown,main-trial-56,s,s,true,666740.60
unknown,main-trial-56, , ,true,666906.70
unknown,main-trial-56,f,f,true,667061.70
unknown,main-trial-56,s,s,true,667182.00
unknown,main-trial-56, , ,true,667366.70
unknown,main-trial-56,t,t,true,667832.70
unknown,main-trial-56, , ,true,668108.30
unknown,main-trial-56,a,a,true,668428.40
unknown,main-trial-56,s,s,true,668598.70
unknown,main-trial-56, , ,true,668708.20
unknown,main-trial-56,a,a,true,668899.70
unknown,main-trial-56,s,s,true,669067.60
unknown,main-trial-56, , ,true,669299.40
unknown,main-trial-56,v,v,true,669679.50
unknown,main-trial-56, , ,true,670065.70
unknown,main-trial-56,f,f,true,670455.80
unknown,main-trial-56,s,s,true,670648.50
unknown,main-trial-56, , ,true,670827.30
unknown,main-trial-56,a,a,true,671591.30
unknown,main-trial-56,s,s,true,672192.20
unknown,main-trial-56, , ,true,672544.20
unknown,main-trial-56,f,f,true,672787.60
unknown,main-trial-56,s,s,true,672988.80
unknown,main-trial-56, , ,true,673229.40
unknown,main-trial-56,a,a,true,673429.40
unknown,main-trial-56,s,s,true,673618.80
unknown,main-trial-57,h,h,true,677445.10
unknown,main-trial-57, , ,true,677580.70
unknown,main-trial-57,a,a,true,677712.50
unknown,main-trial-57,d,d,true,677848.00
unknown,main-trial-57, , ,true,677978.70
unknown,main-trial-57,a,a,true,678122.10
unknown,main-trial-57,d,d,true,678238.10
unknown,main-trial-57, , ,true,678426.10
unknown,main-trial-57,g,g,true,678798.90
unknown,main-trial-57, , ,true,678949.00
unknown,main-trial-57,a,a,true,679201.50
unknown,main-trial-57,s,s,true,679370.50
unknown,main-trial-57, , ,true,679480.90
unknown,main-trial-57,a,a,true,679624.90
unknown,main-trial-57,s,s,true,679785.30
unknown,main-trial-57, , ,true,680034.20
unknown,main-trial-57,p,p,true,680471.50
unknown,main-trial-57, , ,true,680660.90
unknown,main-trial-57,a,a,true,681232.30
unknown,main-trial-57,d,d,true,681837.80
unknown,main-trial-57, , ,true,682067.90
unknown,main-trial-57,a,a,true,682299.50
unknown,main-trial-57,s,s,true,682567.90
unknown,main-trial-57, , ,true,682757.80
unknown,main-trial-57,a,a,true,682966.40
unknown,main-trial-57,d,d,true,683189.80
unknown,main-trial-57, , ,true,683444.90
unknown,main-trial-57,a,a,true,683730.40
unknown,main-trial-57,s,s,true,684209.30
unknown,main-trial-58,b,b,true,687302.60
unknown,main-trial-58, , ,true,687520.20
unknown,main-trial-58,f,f,true,687714.10
unknown,main-trial-58,r,r,true,687862.20
unknown,main-trial-58, , ,true,688025.20
unknown,main-trial-58,f,f,true,688172.00
unknown,main-trial-58,r,r,true,688305.00
unknown,main-trial-58, , ,true,688480.30
unknown,main-trial-58,g,g,true,688734.60
unknown,main-trial-58, , ,true,688964.30
unknown,main-trial-58,w,w,true,689528.40
unknown,main-trial-58,d,d,true,689942.20
unknown,main-trial-58, , ,true,690168.10
unknown,main-trial-58,w,w,true,690326.00
unknown,main-trial-58,d,d,true,690514.00
unknown,main-trial-58, , ,true,690713.00
unknown,main-trial-58,g,g,true,691206.80
unknown,main-trial-58, , ,true,691613.20
unknown,main-trial-58,f,f,true,691936.50
unknown,main-trial-58,r,r,true,692082.00
unknown,main-trial-58, , ,true,692268.00
unknown,main-trial-58,w,a,false,692473.40
unknown,main-trial-58,w,d,false,692834.30
unknown,main-trial-58,w,w,true,693232.20
unknown,main-trial-58,d,d,true,693431.00
unknown,main-trial-58, , ,true,693655.30
unknown,main-trial-58,f,f,true,694224.60
unknown,main-trial-58,r,r,true,694466.20
unknown,main-trial-58, , ,true,694715.00
unknown,main-trial-58,w,w,true,695112.50
unknown,main-trial-58,d,d,true,695417.70
unknown,main-trial-59,w,w,true,699081.90
unknown,main-trial-59, , ,true,699236.80
unknown,main-trial-59,a,a,true,699400.00
unknown,main-trial-59,a,a,true,699557.00
unknown,main-trial-59, , ,true,699759.90
unknown,main-trial-59,a,a,true,699927.00
unknown,main-trial-59,a,a,true,700093.50
unknown,main-trial-59, , ,true,700273.00
unknown,main-trial-59,e,e,true,700459.20
unknown,main-trial-59, , ,true,700653.90
unknown,main-trial-59,f,f,true,701090.90
unknown,main-trial-59,f,f,true,701257.00
unknown,main-trial-59, , ,true,701415.00
unknown,main-trial-59,f,f,true,701603.90
unknown,main-trial-59,f,f,true,701777.70
unknown,main-trial-59, , ,true,701972.10
unknown,main-trial-59,t,t,true,702203.20
unknown,main-trial-59, , ,true,702417.50
unknown,main-trial-59,a,a,true,702615.00
unknown,main-trial-59,a,s,false,702791.90
unknown,main-trial-59,a,a,true,703684.60
unknown,main-trial-59, , ,true,703980.90
unknown,main-trial-59,f,f,true,704389.70
unknown,main-trial-59,f,f,true,704568.10
unknown,main-trial-59, , ,true,704808.00
unknown,main-trial-59,a,a,true,705113.10
unknown,main-trial-59,a,a,true,705278.90
unknown,main-trial-59, , ,true,705547.10
unknown,main-trial-59,f,f,true,705829.20
unknown,main-trial-59,f,f,true,705997.40
unknown,main-trial-60,g,g,true,708775.60
unknown,main-trial-60, , ,true,708941.70
unknown,main-trial-60,s,s,true,709114.80
unknown,main-trial-60,a,a,true,709286.90
unknown,main-trial-60, , ,true,709457.80
unknown,main-trial-60,s,s,true,709592.50
unknown,main-trial-60,a,a,true,709769.90
unknown,main-trial-60, , ,true,709925.80
unknown,main-trial-60,g,g,true,710141.90
unknown,main-trial-60, , ,true,710610.00
unknown,main-trial-60,w,w,true,711001.60
unknown,main-trial-60,r,r,true,711323.50
unknown,main-trial-60, , ,true,711525.90
unknown,main-trial-60,w,w,true,711683.80
unknown,main-trial-60,r,r,true,711909.50
unknown,main-trial-60, , ,true,712170.20
unknown,main-trial-60,a,a,true,712381.20
unknown,main-trial-60, , ,true,712604.90
unknown,main-trial-60,s,s,true,712878.80
unknown,main-trial-60,a,a,true,713091.60
unknown,main-trial-60, , ,true,713357.70
unknown,main-trial-60,w,w,true,713533.80
unknown,main-trial-60,r,r,true,713769.10
unknown,main-trial-60, , ,true,713985.20
unknown,main-trial-60,s,s,true,714584.20
unknown,main-trial-60,a,a,true,714798.60
unknown,main-trial-60, , ,true,715019.80
unknown,main-trial-60,w,w,true,715246.00
unknown,main-trial-60,r,r,true,715486.80
unknown,main-trial-61,h,h,true,718451.80
unknown,main-trial-61, , ,true,718598.50
unknown,main-trial-61,d,d,true,718720.20
unknown,main-trial-61,r,r,true,718863.20
unknown,main-trial-61, , ,true,718975.20
unknown,main-trial-61,d,d,true,719122.70
unknown,main-trial-61,r,r,true,719256.30
unknown,main-trial-61, , ,true,719433.00
unknown,main-trial-61,k,k,true,719660.50
unknown,main-trial-61, , ,true,719823.60
unknown,main-trial-61,f,d,false,720225.70
unknown,main-trial-61,f,f,true,720930.90
unknown,main-trial-61,e,e,true,721047.50
unknown,main-trial-61, , ,true,721225.20
unknown,main-trial-61,f,f,true,721376.00
unknown,main-trial-61,e,e,true,721479.10
unknown,main-trial-61, , ,true,721683.70
unknown,main-trial-61,q,q,true,722417.30
unknown,main-trial-61, , ,true,722757.60
unknown,main-trial-61,d,d,true,723126.40
unknown,main-trial-61,r,r,true,723268.80
unknown,main-trial-61, , ,true,723410.50
unknown,main-trial-61,f,f,true,723566.40
unknown,main-trial-61,e,e,true,723700.60
unknown,main-trial-61, , ,true,723893.20
unknown,main-trial-61,d,d,true,724334.00
unknown,main-trial-61,r,r,true,724740.30
unknown,main-trial-61, , ,true,724999.90
unknown,main-trial-61,f,f,true,725248.90
unknown,main-trial-61,e,e,true,725395.20
unknown,main-trial-62,d,d,true,728193.30
unknown,main-trial-62, , ,true,728340.40
unknown,main-trial-62,v,v,true,728442.00
unknown,main-trial-62,v,v,true,728584.80
unknown,main-trial-62, , ,true,728728.90
unknown,main-trial-62,v,v,true,729600.30
unknown,main-trial-62,v,v,true,729755.20
unknown,main-trial-62, , ,true,729915.40
unknown,main-trial-62,g,g,true,730378.70
unknown,main-trial-62, , ,true,730715.20
unknown,main-trial-62,a,a,true,730957.80
unknown,main-trial-62,a,a,true,731109.60
unknown,main-trial-62, , ,true,731277.80
unknown,main-trial-62,a,a,true,731512.60
unknown,main-trial-62,a,a,true,731645.40
unknown,main-trial-62, , ,true,731855.50
unknown,main-trial-62,w,x,false,732638.00
unknown,main-trial-62,w,w,true,733407.40
unknown,main-trial-62, , ,true,733824.10
unknown,main-trial-62,v,v,true,734444.00
unknown,main-trial-62,v,v,true,734603.10
unknown,main-trial-62, , ,true,734753.30
unknown,main-trial-62,a,a,true,734913.40
unknown,main-trial-62,a,a,true,735126.90
unknown,main-trial-62, , ,true,735353.40
unknown,main-trial-62,v,v,true,735716.50
unknown,main-trial-62,v,v,true,735872.20
unknown,main-trial-62, , ,true,736159.40
unknown,main-trial-62,a,a,true,736415.40
unknown,main-trial-62,a,a,true,736581.10
unknown,main-trial-63,b,b,true,739370.90
unknown,main-trial-63, , ,true,739505.60
unknown,main-trial-63,w,w,true,739838.40
unknown,main-trial-63,f,f,true,740251.50
unknown,main-trial-63, , ,true,740785.70
unknown,main-trial-63,w,w,true,741092.60
unknown,main-trial-63,f,f,true,741284.30
unknown,main-trial-63, , ,true,741525.60
unknown,main-trial-63,n,n,true,741812.40
unknown,main-trial-63, , ,true,741990.30
unknown,main-trial-63,s,s,true,742195.50
unknown,main-trial-63,e,e,true,742354.00
unknown,main-trial-63, , ,true,742501.60
unknown,main-trial-63,s,s,true,742665.00
unknown,main-trial-63,e,e,true,742826.90
unknown,main-trial-63, , ,true,743076.20
unknown,main-trial-63,s,s,true,743335.30
unknown,main-trial-63, , ,true,743576.10
unknown,main-trial-63,w,w,true,744007.60
unknown,main-trial-63,f,f,true,744196.20
unknown,main-trial-63, , ,true,744372.20
unknown,main-trial-63,s,s,true,744558.90
unknown,main-trial-63,e,e,true,744712.90
unknown,main-trial-63, , ,true,744836.00
unknown,main-trial-63,w,w,true,745394.70
unknown,main-trial-63,f,f,true,745602.00
unknown,main-trial-63, , ,true,745912.50
unknown,main-trial-63,s,s,true,746361.50
unknown,main-trial-63,e,e,true,746550.90
unknown,main-trial-64,e,e,true,749185.60
unknown,main-trial-64, , ,true,749310.60
unknown,main-trial-64,d,d,true,749434.30
unknown,main-trial-64,e,e,true,749555.90
unknown,main-trial-64, , ,true,749698.30
unknown,main-trial-64,d,d,true,749829.90
unknown,main-trial-64,e,e,true,749955.80
unknown,main-trial-64, , ,true,750124.90
unknown,main-trial-64,l,l,true,750633.50
unknown,main-trial-64, , ,true,750822.90
unknown,main-trial-64,v,v,true,751549.50
unknown,main-trial-64,f,f,true,751840.80
unknown,main-trial-64, , ,true,751957.60
unknown,main-trial-64,v,v,true,752115.70
unknown,main-trial-64,f,f,true,752261.30
unknown,main-trial-64, , ,true,752408.90
unknown,main-trial-64,l,l,true,753527.30
unknown,main-trial-64, , ,true,753692.30
unknown,main-trial-64,d,d,true,754131.20
unknown,main-trial-64,e,e,true,754295.00
unknown,main-trial-64, , ,true,754427.90
unknown,main-trial-64,v,v,true,754594.80
unknown,main-trial-64,f,f,true,754872.00
unknown,main-trial-64, , ,true,755075.20
unknown,main-trial-64,d,d,true,755389.30
unknown,main-trial-64,e,e,true,755551.70
unknown,main-trial-64, , ,true,755744.80
unknown,main-trial-64,v,v,true,756127.10
unknown,main-trial-64,f,f,true,756305.70
unknown,main-trial-65,h,h,true,759116.50
unknown,main-trial-65, , ,true,759288.10
unknown,main-trial-65,f,f,true,759954.20
unknown,main-trial-65,v,c,false,760157.80
unknown,main-trial-65,v,v,true,761658.60
unknown,main-trial-65, , ,true,762102.30
unknown,main-trial-65,f,f,true,762256.70
unknown,main-trial-65,v,v,true,762438.80
unknown,main-trial-65, , ,true,762621.20
unknown,main-trial-65,f,f,true,762946.30
unknown,main-trial-65, , ,true,763147.20
unknown,main-trial-65,v,v,true,763664.10
unknown,main-trial-65,f,f,true,763865.90
unknown,main-trial-65, , ,true,764052.70
unknown,main-trial-65,v,v,true,764266.30
unknown,main-trial-65,f,f,true,764436.80
unknown,main-trial-65, , ,true,764602.70
unknown,main-trial-65,x,x,true,765058.50
unknown,main-trial-65, , ,true,765293.90
unknown,main-trial-65,f,f,true,766173.40
unknown,main-trial-65,v,v,true,766389.40
unknown,main-trial-65, , ,true,766907.90
unknown,main-trial-65,v,v,true,767320.00
unknown,main-trial-65,f,f,true,767535.20
unknown,main-trial-65, , ,true,767770.30
unknown,main-trial-65,f,f,true,768055.90
unknown,main-trial-65,v,v,true,768256.70
unknown,main-trial-65, , ,true,768496.90
unknown,main-trial-65,v,v,true,768830.20
unknown,main-trial-65,f,f,true,769089.80
unknown,main-trial-66,j,j,true,771990.20
unknown,main-trial-66, , ,true,772095.40
unknown,main-trial-66,a,a,true,772254.50
unknown,main-trial-66,a,a,true,772406.60
unknown,main-trial-66, , ,true,772578.90
unknown,main-trial-66,a,a,true,772757.60
unknown,main-trial-66,a,a,true,772901.60
unknown,main-trial-66, , ,true,773075.90
unknown,main-trial-66,e,e,true,773274.60
unknown,main-trial-66, , ,true,773438.40
unknown,main-trial-66,w,w,true,773672.70
unknown,main-trial-66,w,w,true,773852.80
unknown,main-trial-66, , ,true,774099.40
unknown,main-trial-66,w,w,true,774360.80
unknown,main-trial-66,w,w,true,774527.50
unknown,main-trial-66, , ,true,774721.60
unknown,main-trial-66,b,v,false,775170.30
unknown,main-trial-66,b,b,true,775702.70
unknown,main-trial-66, , ,true,775875.70
unknown,main-trial-66,a,a,true,776501.20
unknown,main-trial-66,a,a,true,776656.50
unknown,main-trial-66, , ,true,776840.60
unknown,main-trial-66,w,w,true,777218.90
unknown,main-trial-66,w,w,true,777383.40
unknown,main-trial-66, , ,true,777637.90
unknown,main-trial-66,a,a,true,777951.80
unknown,main-trial-66,a,a,true,778109.40
unknown,main-trial-66, , ,true,778382.80
unknown,main-trial-66,w,w,true,779327.00
unknown,main-trial-66,w,w,true,779511.40
unknown,main-trial-67,a,a,true,782268.90
unknown,main-trial-67, , ,true,782421.40
unknown,main-trial-67,a,a,true,782666.60
unknown,main-trial-67,f,f,true,782851.40
unknown,main-trial-67, , ,true,782999.40
unknown,main-trial-67,a,a,true,783383.70
unknown,main-trial-67,f,f,true,783567.10
unknown,main-trial-67, , ,true,783734.20
unknown,main-trial-67,d,d,true,784284.10
unknown,main-trial-67, , ,true,784465.20
unknown,main-trial-67,s,s,true,784955.60
unknown,main-trial-67,d,d,true,785316.90
unknown,main-trial-67, , ,true,785485.20
unknown,main-trial-67,s,s,true,785889.40
unknown,main-trial-67,d,d,true,786061.30
unknown,main-trial-67, , ,true,786224.20
unknown,main-trial-67,c,c,true,786442.20
unknown,main-trial-67, , ,true,786637.30
unknown,main-trial-67,a,a,true,786973.90
unknown,main-trial-67,f,f,true,787260.80
unknown,main-trial-67, , ,true,787435.50
unknown,main-trial-67,s,s,true,787970.90
unknown,main-trial-67,d,d,true,788181.50
unknown,main-trial-67, , ,true,788334.10
unknown,main-trial-67,a,a,true,788736.70
unknown,main-trial-67,f,f,true,788998.40
unknown,main-trial-67, , ,true,789180.40
unknown,main-trial-67,s,s,true,789675.60
unknown,main-trial-67,d,d,true,789882.50
unknown,main-trial-68,a,a,true,792800.90
unknown,main-trial-68, , ,true,792941.10
unknown,main-trial-68,s,s,true,793125.30
unknown,main-trial-68,a,a,true,793299.90
unknown,main-trial-68, , ,true,793457.90
unknown,main-trial-68,s,s,true,793605.10
unknown,main-trial-68,a,a,true,793773.60
unknown,main-trial-68, , ,true,793914.10
unknown,main-trial-68,s,s,true,794111.50
unknown,main-trial-68, , ,true,794326.50
unknown,main-trial-68,d,d,true,794728.30
unknown,main-trial-68,v,v,true,795000.10
unknown,main-trial-68, , ,true,795184.70
unknown,main-trial-68,d,d,true,795352.10
unknown,main-trial-68,v,v,true,795541.10
unknown,main-trial-68, , ,true,795725.10
unknown,main-trial-68,u,u,true,796330.00
unknown,main-trial-68, , ,true,796553.90
unknown,main-trial-68,s,s,true,797035.30
unknown,main-trial-68,a,a,true,797199.10
unknown,main-trial-68, , ,true,797356.90
unknown,main-trial-68,d,d,true,797988.40
unknown,main-trial-68,v,v,true,798217.00
unknown,main-trial-68, , ,true,798408.90
unknown,main-trial-68,s,s,true,798869.60
unknown,main-trial-68,a,a,true,799046.50
unknown,main-trial-68, , ,true,799232.90
unknown,main-trial-68,d,d,true,799456.90
unknown,main-trial-68,v,v,true,799588.80
unknown,main-trial-69,k,k,true,802600.60
unknown,main-trial-69, , ,true,802746.00
unknown,main-trial-69,w,w,true,802923.30
unknown,main-trial-69,d,d,true,803101.10
unknown,main-trial-69, , ,true,803222.90
unknown,main-trial-69,w,w,true,803374.00
unknown,main-trial-69,d,d,true,803551.30
unknown,main-trial-69, , ,true,803703.30
unknown,main-trial-69,v,v,true,803980.80
unknown,main-trial-69, , ,true,804201.00
unknown,main-trial-69,d,d,true,804723.20
unknown,main-trial-69,r,r,true,804884.90
unknown,main-trial-69, , ,true,804996.80
unknown,main-trial-69,d,d,true,805135.70
unknown,main-trial-69,r,r,true,805272.10
unknown,main-trial-69, , ,true,805438.00
unknown,main-trial-69,y,y,true,805997.00
unknown,main-trial-69, , ,true,806200.00
unknown,main-trial-69,w,w,true,806643.20
unknown,main-trial-69,d,d,true,806836.00
unknown,main-trial-69, , ,true,806970.00
unknown,main-trial-69,d,d,true,807608.40
unknown,main-trial-69,r,r,true,807748.90
unknown,main-trial-69, , ,true,807904.80
unknown,main-trial-69,w,w,true,808120.90
unknown,main-trial-69,d,d,true,808287.90
unknown,main-trial-69, , ,true,808460.20
unknown,main-trial-69,d,d,true,808647.20
unknown,main-trial-69,r,r,true,808775.10
unknown,main-trial-70,e,e,true,811499.60
unknown,main-trial-70, , ,true,811628.30
unknown,main-trial-70,e,e,true,811808.60
unknown,main-trial-70,w,w,true,811965.10
unknown,main-trial-70, , ,true,812091.70
unknown,main-trial-70,e,e,true,812261.80
unknown,main-trial-70,w,w,true,812427.40
unknown,main-trial-70, , ,true,812605.10
unknown,main-trial-70,g,g,true,812889.50
unknown,main-trial-70, , ,true,813097.70
unknown,main-trial-70,f,f,true,813664.40
unknown,main-trial-70,v,v,true,813869.80
unknown,main-trial-70, , ,true,814019.40
unknown,main-trial-70,f,f,true,814187.40
unknown,main-trial-70,v,v,true,814357.20
unknown,main-trial-70, , ,true,814508.80
unknown,main-trial-70,j,j,true,815380.50
unknown,main-trial-70, , ,true,815539.50
unknown,main-trial-70,e,e,true,815877.30
unknown,main-trial-70,w,w,true,816141.40
unknown,main-trial-70, , ,true,816296.70
unknown,main-trial-70,f,f,true,817045.20
unknown,main-trial-70,v,v,true,817214.50
unknown,main-trial-70, , ,true,817398.50
unknown,main-trial-70,e,e,true,817807.40
unknown,main-trial-70,w,w,true,817966.10
unknown,main-trial-70, , ,true,818163.80
unknown,main-trial-70,f,f,true,819507.30
unknown,main-trial-70,v,v,true,819945.80
unknown,main-trial-71,x,z,false,823210.20
unknown,main-trial-71,x,x,true,824775.80
unknown,main-trial-71, , ,true,825202.30
unknown,main-trial-71,f,f,true,825582.90
unknown,main-trial-71,a,a,true,825732.10
unknown,main-trial-71, ,f,false,825905.70
unknown,main-trial-71, , ,true,826658.20
unknown,main-trial-71,f,f,true,826873.60
unknown,main-trial-71,a,a,true,827052.60
unknown,main-trial-71, , ,true,827267.10
unknown,main-trial-71,b,b,true,827542.20
unknown,main-trial-71, , ,true,827779.10
unknown,main-trial-71,d,d,true,828284.90
unknown,main-trial-71,s,s,true,828468.40
unknown,main-trial-71, , ,true,828633.80
unknown,main-trial-71,d,d,true,828844.40
unknown,main-trial-71,s,s,true,829029.70
unknown,main-trial-71, , ,true,829200.60
unknown,main-trial-71,w,w,true,829541.70
unknown,main-trial-71, , ,true,829830.50
unknown,main-trial-71,f,f,true,830284.00
unknown,main-trial-71,a,a,true,830491.30
unknown,main-trial-71, , ,true,830675.50
unknown,main-trial-71,d,d,true,830842.50
unknown,main-trial-71,s,s,true,830956.90
unknown,main-trial-71, , ,true,831148.20
unknown,main-trial-71,f,f,true,831306.30
unknown,main-trial-71,a,a,true,831495.20
unknown,main-trial-71, , ,true,831726.60
unknown,main-trial-71,d,d,true,831920.30
unknown,main-trial-71,s,s,true,832047.00
unknown,main-trial-72,l,l,true,835501.60
unknown,main-trial-72, , ,true,835711.50
unknown,main-trial-72,s,s,true,835977.50
unknown,main-trial-72,s,s,true,836164.40
unknown,main-trial-72, , ,true,836351.20
unknown,main-trial-72,s,s,true,836539.30
unknown,main-trial-72,s,s,true,836702.30
unknown,main-trial-72, , ,true,836872.40
unknown,main-trial-72,u,u,true,837054.60
unknown,main-trial-72, , ,true,837227.30
unknown,main-trial-72,v,v,true,837820.80
unknown,main-trial-72,v,v,true,837999.60
unknown,main-trial-72, , ,true,838177.30
unknown,main-trial-72,v,v,true,838371.30
unknown,main-trial-72,v,v,true,838580.10
unknown,main-trial-72, , ,true,838794.30
unknown,main-trial-72,f,f,true,839055.60
unknown,main-trial-72, , ,true,839279.10
unknown,main-trial-72,s,s,true,839619.30
unknown,main-trial-72,s,s,true,839772.90
unknown,main-trial-72, , ,true,839959.00
unknown,main-trial-72,v,v,true,840142.00
unknown,main-trial-72,v,v,true,840305.30
unknown,main-trial-72, , ,true,840514.20
unknown,main-trial-72,s,s,true,840708.00
unknown,main-trial-72,s,s,true,840866.20
unknown,main-trial-72, , ,true,841456.20
unknown,main-trial-72,v,v,true,841905.40
unknown,main-trial-72,v,v,true,842167.30
unknown,main-trial-73,i,i,true,845321.50
unknown,main-trial-73, , ,true,845464.20
unknown,main-trial-73,e,e,true,846265.40
unknown,main-trial-73,f,f,true,846413.00
unknown,main-trial-73, , ,true,846587.90
unknown,main-trial-73,e,e,true,846727.80
unknown,main-trial-73,f,f,true,846885.00
unknown,main-trial-73, , ,true,847058.30
unknown,main-trial-73,y,y,true,847487.60
unknown,main-trial-73, , ,true,847709.10
unknown,main-trial-73,d,d,true,848173.90
unknown,main-trial-73,s,s,true,848379.40
unknown,main-trial-73, , ,true,848527.10
unknown,main-trial-73,d,d,true,848715.80
unknown,main-trial-73,s,s,true,848898.20
unknown,main-trial-73, , ,true,849056.30
unknown,main-trial-73,b,b,true,849519.70
unknown,main-trial-73, , ,true,849735.00
unknown,main-trial-73,e,e,true,850289.40
unknown,main-trial-73,f,f,true,850454.80
unknown,main-trial-73, , ,true,850615.90
unknown,main-trial-73,d,d,true,851095.50
unknown,main-trial-73,s, ,false,851511.30
unknown,main-trial-73,s,e,false,851867.30
unknown,main-trial-73,s,f,false,852038.00
unknown,main-trial-73,s,s,true,852621.70
unknown,main-trial-73, , ,true,853366.60
unknown,main-trial-73,e,e,true,853599.20
unknown,main-trial-73,f,f,true,853773.10
unknown,main-trial-73, , ,true,854664.80
unknown,main-trial-73,d,d,true,854913.90
unknown,main-trial-73,s,s,true,855088.20
unknown,main-trial-74,n,n,true,858801.80
unknown,main-trial-74, , ,true,858936.10
unknown,main-trial-74,q,q,true,859496.70
unknown,main-trial-74,e,e,true,859801.00
unknown,main-trial-74, ,r,false,859807.90
unknown,main-trial-74, , ,true,860174.60
unknown,main-trial-74,q,q,true,860305.90
unknown,main-trial-74,e,e,true,860536.70
unknown,main-trial-74, , ,true,861316.90
unknown,main-trial-74,l,l,true,861937.60
unknown,main-trial-74, , ,true,862096.90
unknown,main-trial-74,e,e,true,862647.20
unknown,main-trial-74,w,w,true,862820.80
unknown,main-trial-74, , ,true,862966.70
unknown,main-trial-74,e,e,true,863425.60
unknown,main-trial-74,w,w,true,863603.10
unknown,main-trial-74, , ,true,863795.00
unknown,main-trial-74,x,x,true,864436.40
unknown,main-trial-74, , ,true,864649.10
unknown,main-trial-74,q,q,true,865554.10
unknown,main-trial-74,e,e,true,866132.80
unknown,main-trial-74, , ,true,866593.90
unknown,main-trial-74,e,e,true,866957.10
unknown,main-trial-74,w,w,true,867255.50
unknown,main-trial-74, , ,true,867486.10
unknown,main-trial-74,q,q,true,867682.90
unknown,main-trial-74,e,e,true,867916.50
unknown,main-trial-74, , ,true,868147.50
unknown,main-trial-74,e,e,true,868359.30
unknown,main-trial-74,w,w,true,868582.90
unknown,main-trial-75,k,k,true,871527.30
unknown,main-trial-75, , ,true,871636.50
unknown,main-trial-75,a,a,true,871759.60
unknown,main-trial-75,s,s,true,871925.00
unknown,main-trial-75, , ,true,872031.50
unknown,main-trial-75,a,a,true,872161.60
unknown,main-trial-75,s,s,true,872323.60
unknown,main-trial-75, , ,true,872506.80
unknown,main-trial-75,y,y,true,872878.80
unknown,main-trial-75, , ,true,873063.60
unknown,main-trial-75,a,a,true,873602.90
unknown,main-trial-75,d,d,true,873819.70
unknown,main-trial-75, , ,true,873957.50
unknown,main-trial-75,a,a,true,874175.60
unknown,main-trial-75,d,d,true,874379.50
unknown,main-trial-75, , ,true,874601.40
unknown,main-trial-75,i,u,false,875043.00
unknown,main-trial-75,i,i,true,875731.00
unknown,main-trial-75, , ,true,875852.70
unknown,main-trial-75,a,a,true,876778.20
unknown,main-trial-75,s,s,true,877490.80
unknown,main-trial-75, , ,true,877737.80
unknown,main-trial-75,a,a,true,877969.90
unknown,main-trial-75,d,d,true,878205.70
unknown,main-trial-75, , ,true,878361.30
unknown,main-trial-75,a,a,true,878568.50
unknown,main-trial-75,s,s,true,878771.40
unknown,main-trial-75, , ,true,878954.20
unknown,main-trial-75,a,a,true,879200.80
unknown,main-trial-75,d,d,true,879524.50
unknown,main-trial-76,b,b,true,882346.30
unknown,main-trial-76, , ,true,882482.70
unknown,main-trial-76,a,a,true,882600.40
unknown,main-trial-76,r,r,true,882723.50
unknown,main-trial-76, , ,true,882863.50
unknown,main-trial-76,a,a,true,883001.00
unknown,main-trial-76,r,r,true,883123.40
unknown,main-trial-76, , ,true,883274.60
unknown,main-trial-76,w,w,true,883792.90
unknown,main-trial-76, , ,true,884233.10
unknown,main-trial-76,d,d,true,884681.70
unknown,main-trial-76,v,v,true,884867.60
unknown,main-trial-76, , ,true,885023.30
unknown,main-trial-76,d,d,true,885177.40
unknown,main-trial-76,v,v,true,885339.90
unknown,main-trial-76, , ,true,885497.50
unknown,main-trial-76,t,t,true,886182.00
unknown,main-trial-76, , ,true,886512.40
unknown,main-trial-76,a,a,true,886690.20
unknown,main-trial-76,r,r,true,886843.20
unknown,main-trial-76, , ,true,887014.60
unknown,main-trial-76,d,d,true,887210.60
unknown,main-trial-76,v,v,true,887416.00
unknown,main-trial-76, , ,true,887589.90
unknown,main-trial-76,a,a,true,888066.40
unknown,main-trial-76,r,r,true,888222.00
unknown,main-trial-76, , ,true,888413.30
unknown,main-trial-76,d,d,true,888682.00
unknown,main-trial-76,v,v,true,888847.50
