user_id,trialId,expectedKey,typedKey,isCorrect,keydownTime
6642df031fa926d87545bc56,intro-trial-1,r,r,true,31783.70
6642df031fa926d87545bc56,intro-trial-1,s,s,true,32197.10
6642df031fa926d87545bc56,intro-trial-1,m,m,true,32619.60
6642df031fa926d87545bc56,intro-trial-1,w,w,true,32961.00
6642df031fa926d87545bc56,intro-trial-1,g,g,true,33335.80
6642df031fa926d87545bc56,intro-trial-1, ,d,false,33746.20
6642df031fa926d87545bc56,intro-trial-1, ,f,false,33961.70
6642df031fa926d87545bc56,intro-trial-1, , ,true,34886.10
6642df031fa926d87545bc56,intro-trial-1,d,d,true,35190.90
6642df031fa926d87545bc56,intro-trial-1,f,f,true,35356.20
6642df031fa926d87545bc56,intro-trial-1, , ,true,35628.80
6642df031fa926d87545bc56,intro-trial-1,d,d,true,35823.90
6642df031fa926d87545bc56,intro-trial-1,f,f,true,35998.80
6642df031fa926d87545bc56,intro-trial-1, , ,true,36188.10
6642df031fa926d87545bc56,intro-trial-1,d,d,true,36483.90
6642df031fa926d87545bc56,intro-trial-1,f,f,true,36659.50
6642df031fa926d87545bc56,intro-trial-1, , ,true,36963.10
6642df031fa926d87545bc56,intro-trial-1,e,e,true,37281.70
6642df031fa926d87545bc56,intro-trial-1,b,b,true,38133.80
6642df031fa926d87545bc56,intro-trial-1,k,k,true,38869.00
6642df031fa926d87545bc56,intro-trial-1,t,t,true,39246.90
6642df031fa926d87545bc56,intro-trial-1,s,s,true,39446.90
6642df031fa926d87545bc56,intro-trial-1, , ,true,40104.40
6642df031fa926d87545bc56,intro-trial-1,e,e,true,40331.20
6642df031fa926d87545bc56,intro-trial-1,f,f,true,40551.90
6642df031fa926d87545bc56,intro-trial-1, , ,true,40832.20
6642df031fa926d87545bc56,intro-trial-1,e,e,true,40996.10
6642df031fa926d87545bc56,intro-trial-1,f,f,true,41149.40
6642df031fa926d87545bc56,intro-trial-1, , ,true,41302.00
6642df031fa926d87545bc56,intro-trial-1,e,e,true,41525.00
6642df031fa926d87545bc56,intro-trial-1,f,f,true,41635.10
6642df031fa926d87545bc56,intro-trial-1, , ,true,42240.10
6642df031fa926d87545bc56,intro-trial-1,q,q,true,43144.80
6642df031fa926d87545bc56,intro-trial-1,h,h,true,44085.10
6642df031fa926d87545bc56,intro-trial-1,j,j,true,44554.40
6642df031fa926d87545bc56,intro-trial-1,w,e,false,44907.10
6642df031fa926d87545bc56,intro-trial-1,w,w,true,45379.90
6642df031fa926d87545bc56,intro-trial-1,e,e,true,45637.30
6642df031fa926d87545bc56,intro-trial-1, , ,true,46126.90
6642df031fa926d87545bc56,intro-trial-1,d,d,true,46436.70
6642df031fa926d87545bc56,intro-trial-1,f,f,true,46614.20
6642df031fa926d87545bc56,intro-trial-1, , ,true,47000.50
6642df031fa926d87545bc56,intro-trial-1,e,e,true,48009.20
6642df031fa926d87545bc56,intro-trial-1,f,f,true,48209.40
6642df031fa926d87545bc56,intro-trial-1, , ,true,48554.00
6642df031fa926d87545bc56,intro-trial-1,d,d,true,48840.90
6642df031fa926d87545bc56,intro-trial-1,f,f,true,49018.00
6642df031fa926d87545bc56,intro-trial-1, , ,true,49251.00
6642df031fa926d87545bc56,intro-trial-1,e,e,true,49523.00
6642df031fa926d87545bc56,intro-trial-1,f,f,true,49703.00
6642df031fa926d87545bc56,intro-trial-1, , ,true,50194.20
6642df031fa926d87545bc56,intro-trial-1,d,d,true,50643.70
6642df031fa926d87545bc56,intro-trial-1,f,f,true,50837.70
6642df031fa926d87545bc56,intro-trial-1, , ,true,51016.10
6642df031fa926d87545bc56,intro-trial-1,e,e,true,51205.00
6642df031fa926d87545bc56,intro-trial-1,f,f,true,51356.10
6642df031fa926d87545bc56,intro-trial-2,p,p,true,57353.20
6642df031fa926d87545bc56,intro-trial-2,w,w,true,57593.70
6642df031fa926d87545bc56,intro-trial-2,f,f,true,59091.40
6642df031fa926d87545bc56,intro-trial-2,b,b,true,59453.10
6642df031fa926d87545bc56,intro-trial-2,h,h,true,59663.70
6642df031fa926d87545bc56,intro-trial-2, , ,true,60321.60
6642df031fa926d87545bc56,intro-trial-2,q,q,true,60662.90
6642df031fa926d87545bc56,intro-trial-2,s,s,true,60896.50
6642df031fa926d87545bc56,intro-trial-2, , ,true,61144.70
6642df031fa926d87545bc56,intro-trial-2,q,q,true,61320.30
6642df031fa926d87545bc56,intro-trial-2,s,s,true,61471.40
6642df031fa926d87545bc56,intro-trial-2, , ,true,61674.10
6642df031fa926d87545bc56,intro-trial-2,q,q,true,61856.10
6642df031fa926d87545bc56,intro-trial-2,s,s,true,61947.00
6642df031fa926d87545bc56,intro-trial-2, , ,true,62208.50
6642df031fa926d87545bc56,intro-trial-2,b,b,true,62500.60
6642df031fa926d87545bc56,intro-trial-2,j,j,true,62828.80
6642df031fa926d87545bc56,intro-trial-2,z,z,true,63977.40
6642df031fa926d87545bc56,intro-trial-2,z,z,true,64134.60
6642df031fa926d87545bc56,intro-trial-2,m,m,true,64501.00
6642df031fa926d87545bc56,intro-trial-2, , ,true,64848.60
6642df031fa926d87545bc56,intro-trial-2,s,s,true,65161.90
6642df031fa926d87545bc56,intro-trial-2,a,a,true,65364.50
6642df031fa926d87545bc56,intro-trial-2, , ,true,65566.00
6642df031fa926d87545bc56,intro-trial-2,s,s,true,65733.90
6642df031fa926d87545bc56,intro-trial-2,a,a,true,65826.10
6642df031fa926d87545bc56,intro-trial-2, , ,true,66198.90
6642df031fa926d87545bc56,intro-trial-2,s,s,true,66380.30
6642df031fa926d87545bc56,intro-trial-2,a,a,true,66468.80
6642df031fa926d87545bc56,intro-trial-2, , ,true,66751.30
6642df031fa926d87545bc56,intro-trial-2,j,j,true,67347.80
6642df031fa926d87545bc56,intro-trial-2,p,p,true,67600.30
6642df031fa926d87545bc56,intro-trial-2,x,x,true,68482.70
6642df031fa926d87545bc56,intro-trial-2,s,s,true,68736.60
6642df031fa926d87545bc56,intro-trial-2,h,h,true,68908.80
6642df031fa926d87545bc56,intro-trial-2, , ,true,69266.80
6642df031fa926d87545bc56,intro-trial-2,q,q,true,69491.90
6642df031fa926d87545bc56,intro-trial-2,s,a,false,69805.10
6642df031fa926d87545bc56,intro-trial-2,s, ,false,70129.10
6642df031fa926d87545bc56,intro-trial-2,s,s,true,70284.30
6642df031fa926d87545bc56,intro-trial-2, ,a,false,70384.60
6642df031fa926d87545bc56,intro-trial-2, , ,true,70853.40
6642df031fa926d87545bc56,intro-trial-2,s,q,false,71102.10
6642df031fa926d87545bc56,intro-trial-2,s,s,true,71903.30
6642df031fa926d87545bc56,intro-trial-2,a,a,true,72122.20
6642df031fa926d87545bc56,intro-trial-2, , ,true,72480.40
6642df031fa926d87545bc56,intro-trial-2,q,q,true,72654.70
6642df031fa926d87545bc56,intro-trial-2,s,s,true,73537.80
6642df031fa926d87545bc56,intro-trial-2, , ,true,73871.80
6642df031fa926d87545bc56,intro-trial-2,s,s,true,74284.10
6642df031fa926d87545bc56,intro-trial-2,a,a,true,74406.70
6642df031fa926d87545bc56,intro-trial-2, , ,true,75032.70
6642df031fa926d87545bc56,intro-trial-2,q,w,false,75391.50
6642df031fa926d87545bc56,intro-trial-2,q,q,true,75736.00
6642df031fa926d87545bc56,intro-trial-2,s,s,true,76013.10
6642df031fa926d87545bc56,intro-trial-2, , ,true,76299.60
6642df031fa926d87545bc56,intro-trial-2,s,s,true,76537.90
6642df031fa926d87545bc56,intro-trial-2,a,a,true,76690.90
6642df031fa926d87545bc56,intro-trial-3,z,z,true,83342.30
6642df031fa926d87545bc56,intro-trial-3,q,q,true,84266.30
6642df031fa926d87545bc56,intro-trial-3,i,i,true,84568.90
6642df031fa926d87545bc56,intro-trial-3,n,n,true,84755.90
6642df031fa926d87545bc56,intro-trial-3,x,x,true,85089.40
6642df031fa926d87545bc56,intro-trial-3, , ,true,85472.30
6642df031fa926d87545bc56,intro-trial-3,f,f,true,85983.30
6642df031fa926d87545bc56,intro-trial-3,g,g,true,86207.20
6642df031fa926d87545bc56,intro-trial-3, , ,true,86426.90
6642df031fa926d87545bc56,intro-trial-3,f,f,true,86584.40
6642df031fa926d87545bc56,intro-trial-3,g,g,true,86772.40
6642df031fa926d87545bc56,intro-trial-3, , ,true,86960.70
6642df031fa926d87545bc56,intro-trial-3,f,f,true,87158.90
6642df031fa926d87545bc56,intro-trial-3,g,g,true,87363.90
6642df031fa926d87545bc56,intro-trial-3, , ,true,87481.40
6642df031fa926d87545bc56,intro-trial-3,o,o,true,87691.90
6642df031fa926d87545bc56,intro-trial-3,h,f,false,88032.60
6642df031fa926d87545bc56,intro-trial-3,h,f,false,88160.00
6642df031fa926d87545bc56,intro-trial-3,h,h,true,88713.20
6642df031fa926d87545bc56,intro-trial-3,h,h,true,88863.10
6642df031fa926d87545bc56,intro-trial-3,y,y,true,89443.40
6642df031fa926d87545bc56,intro-trial-3,t,t,true,89776.00
6642df031fa926d87545bc56,intro-trial-3, , ,true,90027.10
6642df031fa926d87545bc56,intro-trial-3,f,f,true,90211.00
6642df031fa926d87545bc56,intro-trial-3,r,r,true,90391.60
6642df031fa926d87545bc56,intro-trial-3, , ,true,90570.00
6642df031fa926d87545bc56,intro-trial-3,f,f,true,90676.30
6642df031fa926d87545bc56,intro-trial-3,r,r,true,90877.70
6642df031fa926d87545bc56,intro-trial-3, , ,true,91094.70
6642df031fa926d87545bc56,intro-trial-3,f,f,true,91265.50
6642df031fa926d87545bc56,intro-trial-3,r,r,true,91454.30
6642df031fa926d87545bc56,intro-trial-3, , ,true,91600.70
6642df031fa926d87545bc56,intro-trial-3,u,u,true,91907.60
6642df031fa926d87545bc56,intro-trial-3,o,o,true,92235.10
6642df031fa926d87545bc56,intro-trial-3,u,u,true,92794.00
6642df031fa926d87545bc56,intro-trial-3,m,m,true,93218.70
6642df031fa926d87545bc56,intro-trial-3,e,e,true,93471.10
6642df031fa926d87545bc56,intro-trial-3, , ,true,93787.60
6642df031fa926d87545bc56,intro-trial-3,f,f,true,93941.10
6642df031fa926d87545bc56,intro-trial-3,g,g,true,94154.40
6642df031fa926d87545bc56,intro-trial-3, , ,true,94404.30
6642df031fa926d87545bc56,intro-trial-3,f,f,true,94599.20
6642df031fa926d87545bc56,intro-trial-3,r,r,true,94807.90
6642df031fa926d87545bc56,intro-trial-3, , ,true,95049.30
6642df031fa926d87545bc56,intro-trial-3,f,f,true,95240.20
6642df031fa926d87545bc56,intro-trial-3,g,g,true,95433.00
6642df031fa926d87545bc56,intro-trial-3, , ,true,96193.10
6642df031fa926d87545bc56,intro-trial-3,f,g,false,96479.80
6642df031fa926d87545bc56,intro-trial-3,f,f,true,96854.70
6642df031fa926d87545bc56,intro-trial-3,r,e,false,97127.60
6642df031fa926d87545bc56,intro-trial-3,r,r,true,97889.90
6642df031fa926d87545bc56,intro-trial-3, , ,true,98238.60
6642df031fa926d87545bc56,intro-trial-3,f,f,true,98396.50
6642df031fa926d87545bc56,intro-trial-3,g,g,true,98609.30
6642df031fa926d87545bc56,intro-trial-3, , ,true,98862.60
6642df031fa926d87545bc56,intro-trial-3,f,f,true,99042.70
6642df031fa926d87545bc56,intro-trial-3,r,r,true,99231.80
6642df031fa926d87545bc56,main-trial-1,z,z,true,107364.10
6642df031fa926d87545bc56,main-trial-1,x,x,true,107945.40
6642df031fa926d87545bc56,main-trial-1,s,s,true,108201.80
6642df031fa926d87545bc56,main-trial-1,p,p,true,108452.50
6642df031fa926d87545bc56,main-trial-1,p,p,true,108582.40
6642df031fa926d87545bc56,main-trial-1, , ,true,108838.20
6642df031fa926d87545bc56,main-trial-1,f,f,true,108963.10
6642df031fa926d87545bc56,main-trial-1,e,e,true,109137.50
6642df031fa926d87545bc56,main-trial-1, , ,true,109313.50
6642df031fa926d87545bc56,main-trial-1,f,f,true,109401.40
6642df031fa926d87545bc56,main-trial-1,e,e,true,109494.70
6642df031fa926d87545bc56,main-trial-1, , ,true,109758.00
6642df031fa926d87545bc56,main-trial-1,f,f,true,109909.40
6642df031fa926d87545bc56,main-trial-1,e,e,true,110025.80
6642df031fa926d87545bc56,main-trial-1, , ,true,110260.40
6642df031fa926d87545bc56,main-trial-1,t,t,true,110625.70
6642df031fa926d87545bc56,main-trial-1,a,a,true,110844.40
6642df031fa926d87545bc56,main-trial-1,n,n,true,110980.30
6642df031fa926d87545bc56,main-trial-1,o,o,true,111242.90
6642df031fa926d87545bc56,main-trial-1,d,d,true,111346.90
6642df031fa926d87545bc56,main-trial-1, , ,true,111669.50
6642df031fa926d87545bc56,main-trial-1,e,e,true,111866.60
6642df031fa926d87545bc56,main-trial-1,f,f,true,111985.40
6642df031fa926d87545bc56,main-trial-1, , ,true,112163.60
6642df031fa926d87545bc56,main-trial-1,e,e,true,112291.60
6642df031fa926d87545bc56,main-trial-1,f,f,true,112365.20
6642df031fa926d87545bc56,main-trial-1, , ,true,112599.00
6642df031fa926d87545bc56,main-trial-1,e,e,true,112752.40
6642df031fa926d87545bc56,main-trial-1,f,f,true,112832.90
6642df031fa926d87545bc56,main-trial-1, , ,true,113102.00
6642df031fa926d87545bc56,main-trial-1,l,l,true,113453.50
6642df031fa926d87545bc56,main-trial-1,c,c,true,113697.90
6642df031fa926d87545bc56,main-trial-1,c,c,true,113889.60
6642df031fa926d87545bc56,main-trial-1,j, ,false,114089.40
6642df031fa926d87545bc56,main-trial-1,j,j,true,114515.70
6642df031fa926d87545bc56,main-trial-1,e,e,true,114713.10
6642df031fa926d87545bc56,main-trial-1, , ,true,115024.20
6642df031fa926d87545bc56,main-trial-1,f,f,true,115775.80
6642df031fa926d87545bc56,main-trial-1,e,e,true,115933.00
6642df031fa926d87545bc56,main-trial-1, , ,true,116116.80
6642df031fa926d87545bc56,main-trial-1,e,e,true,116266.50
6642df031fa926d87545bc56,main-trial-1,f,f,true,116336.20
6642df031fa926d87545bc56,main-trial-1, , ,true,116608.70
6642df031fa926d87545bc56,main-trial-1,f,f,true,116821.30
6642df031fa926d87545bc56,main-trial-1,e,e,true,117015.40
6642df031fa926d87545bc56,main-trial-1, , ,true,117345.80
6642df031fa926d87545bc56,main-trial-1,e,e,true,117608.90
6642df031fa926d87545bc56,main-trial-1,f,f,true,117785.50
6642df031fa926d87545bc56,main-trial-1, , ,true,118250.00
6642df031fa926d87545bc56,main-trial-1,f,f,true,118698.60
6642df031fa926d87545bc56,main-trial-1,e,e,true,118892.80
6642df031fa926d87545bc56,main-trial-1, , ,true,119123.40
6642df031fa926d87545bc56,main-trial-1,e,e,true,119301.30
6642df031fa926d87545bc56,main-trial-1,f,f,true,119348.40
6642df031fa926d87545bc56,main-trial-2,p,p,true,123810.50
6642df031fa926d87545bc56,main-trial-2,v,v,true,124025.70
6642df031fa926d87545bc56,main-trial-2,d,d,true,124521.60
6642df031fa926d87545bc56,main-trial-2,y,y,true,124874.30
6642df031fa926d87545bc56,main-trial-2,x,x,true,125122.70
6642df031fa926d87545bc56,main-trial-2, , ,true,125321.40
6642df031fa926d87545bc56,main-trial-2,d,d,true,125445.80
6642df031fa926d87545bc56,main-trial-2,r,r,true,125644.60
6642df031fa926d87545bc56,main-trial-2, , ,true,125812.40
6642df031fa926d87545bc56,main-trial-2,d,d,true,125940.10
6642df031fa926d87545bc56,main-trial-2,r,r,true,126138.10
6642df031fa926d87545bc56,main-trial-2, , ,true,126292.70
6642df031fa926d87545bc56,main-trial-2,d,d,true,126416.30
6642df031fa926d87545bc56,main-trial-2,r,r,true,126594.70
6642df031fa926d87545bc56,main-trial-2, , ,true,126759.40
6642df031fa926d87545bc56,main-trial-2,a,a,true,126916.70
6642df031fa926d87545bc56,main-trial-2,u,u,true,127035.20
6642df031fa926d87545bc56,main-trial-2,b,b,true,127312.60
6642df031fa926d87545bc56,main-trial-2,u,u,true,127485.60
6642df031fa926d87545bc56,main-trial-2,l,l,true,127837.80
6642df031fa926d87545bc56,main-trial-2, , ,true,128170.40
6642df031fa926d87545bc56,main-trial-2,f,d,false,128336.70
6642df031fa926d87545bc56,main-trial-2,f,f,true,128695.40
6642df031fa926d87545bc56,main-trial-2,d,d,true,128886.40
6642df031fa926d87545bc56,main-trial-2, , ,true,129031.10
6642df031fa926d87545bc56,main-trial-2,f,f,true,129182.50
6642df031fa926d87545bc56,main-trial-2,d,d,true,129365.50
6642df031fa926d87545bc56,main-trial-2, , ,true,129514.90
6642df031fa926d87545bc56,main-trial-2,f,f,true,129659.20
6642df031fa926d87545bc56,main-trial-2,d,d,true,129839.70
6642df031fa926d87545bc56,main-trial-2, , ,true,130007.20
6642df031fa926d87545bc56,main-trial-2,x,x,true,130186.20
6642df031fa926d87545bc56,main-trial-2,f,f,true,130428.80
6642df031fa926d87545bc56,main-trial-2,k,j,false,130765.30
6642df031fa926d87545bc56,main-trial-2,k,u,false,131292.10
6642df031fa926d87545bc56,main-trial-2,k,k,true,131686.60
6642df031fa926d87545bc56,main-trial-2,u,u,true,132154.00
6642df031fa926d87545bc56,main-trial-2,k,k,true,132425.50
6642df031fa926d87545bc56,main-trial-2, , ,true,132755.90
6642df031fa926d87545bc56,main-trial-2,d,d,true,132987.70
6642df031fa926d87545bc56,main-trial-2,r,r,true,133199.00
6642df031fa926d87545bc56,main-trial-2, , ,true,133363.60
6642df031fa926d87545bc56,main-trial-2,f,f,true,133605.50
6642df031fa926d87545bc56,main-trial-2,d,d,true,134057.30
6642df031fa926d87545bc56,main-trial-2, , ,true,134385.80
6642df031fa926d87545bc56,main-trial-2,d,d,true,134748.20
6642df031fa926d87545bc56,main-trial-2,r,r,true,134956.50
6642df031fa926d87545bc56,main-trial-2, , ,true,135170.20
6642df031fa926d87545bc56,main-trial-2,f,f,true,135519.60
6642df031fa926d87545bc56,main-trial-2,d,d,true,135743.40
6642df031fa926d87545bc56,main-trial-2, , ,true,136146.10
6642df031fa926d87545bc56,main-trial-2,d,d,true,136325.70
6642df031fa926d87545bc56,main-trial-2,r,r,true,136534.00
6642df031fa926d87545bc56,main-trial-2, ,r,false,137361.60
6642df031fa926d87545bc56,main-trial-2, , ,true,137752.60
6642df031fa926d87545bc56,main-trial-2,f,f,true,137971.90
6642df031fa926d87545bc56,main-trial-2,d,d,true,138174.10
6642df031fa926d87545bc56,main-trial-3,g,g,true,142364.80
6642df031fa926d87545bc56,main-trial-3,n,n,true,142564.50
6642df031fa926d87545bc56,main-trial-3,i,i,true,142762.90
6642df031fa926d87545bc56,main-trial-3,m,m,true,142933.50
6642df031fa926d87545bc56,main-trial-3,f,f,true,143072.60
6642df031fa926d87545bc56,main-trial-3, , ,true,143338.50
6642df031fa926d87545bc56,main-trial-3,c,c,true,143537.40
6642df031fa926d87545bc56,main-trial-3,r,r,true,143762.80
6642df031fa926d87545bc56,main-trial-3, , ,true,143931.10
6642df031fa926d87545bc56,main-trial-3,c,c,true,144037.50
6642df031fa926d87545bc56,main-trial-3,r,r,true,144249.70
6642df031fa926d87545bc56,main-trial-3, , ,true,144491.50
6642df031fa926d87545bc56,main-trial-3,c,c,true,144616.50
6642df031fa926d87545bc56,main-trial-3,r,r,true,144833.50
6642df031fa926d87545bc56,main-trial-3, , ,true,145033.40
6642df031fa926d87545bc56,main-trial-3,y,y,true,145455.90
6642df031fa926d87545bc56,main-trial-3,x,x,true,145613.30
6642df031fa926d87545bc56,main-trial-3,d,d,true,146194.70
6642df031fa926d87545bc56,main-trial-3,l,l,true,146444.70
6642df031fa926d87545bc56,main-trial-3,k,k,true,146676.10
6642df031fa926d87545bc56,main-trial-3, , ,true,146957.00
6642df031fa926d87545bc56,main-trial-3,v,v,true,147231.90
6642df031fa926d87545bc56,main-trial-3,r,r,true,147516.90
6642df031fa926d87545bc56,main-trial-3, , ,true,147715.00
6642df031fa926d87545bc56,main-trial-3,v,v,true,147843.90
6642df031fa926d87545bc56,main-trial-3,r,r,true,148071.40
6642df031fa926d87545bc56,main-trial-3, , ,true,148283.10
6642df031fa926d87545bc56,main-trial-3,v,v,true,148406.10
6642df031fa926d87545bc56,main-trial-3,r,r,true,148621.60
6642df031fa926d87545bc56,main-trial-3, , ,true,148789.30
6642df031fa926d87545bc56,main-trial-3,c,c,true,149419.10
6642df031fa926d87545bc56,main-trial-3,n,n,true,149581.80
6642df031fa926d87545bc56,main-trial-3,x,x,true,149898.30
6642df031fa926d87545bc56,main-trial-3,w,w,true,150365.10
6642df031fa926d87545bc56,main-trial-3,n,n,true,150603.40
6642df031fa926d87545bc56,main-trial-3, , ,true,150873.80
6642df031fa926d87545bc56,main-trial-3,c,c,true,151060.80
6642df031fa926d87545bc56,main-trial-3,r,r,true,151307.00
6642df031fa926d87545bc56,main-trial-3, , ,true,151559.10
6642df031fa926d87545bc56,main-trial-3,v,v,true,151848.10
6642df031fa926d87545bc56,main-trial-3,r,e,false,152135.50
6642df031fa926d87545bc56,main-trial-3,r,r,true,152815.90
6642df031fa926d87545bc56,main-trial-3, , ,true,153313.70
6642df031fa926d87545bc56,main-trial-3,c,c,true,153495.80
6642df031fa926d87545bc56,main-trial-3,r,r,true,153727.60
6642df031fa926d87545bc56,main-trial-3, , ,true,154005.20
6642df031fa926d87545bc56,main-trial-3,v,v,true,154223.40
6642df031fa926d87545bc56,main-trial-3,r,r,true,154428.30
6642df031fa926d87545bc56,main-trial-3, , ,true,154767.40
6642df031fa926d87545bc56,main-trial-3,c,c,true,155060.40
6642df031fa926d87545bc56,main-trial-3,r,r,true,155298.10
6642df031fa926d87545bc56,main-trial-3, , ,true,155521.60
6642df031fa926d87545bc56,main-trial-3,v,v,true,155710.30
6642df031fa926d87545bc56,main-trial-3,r,r,true,155903.00
6642df031fa926d87545bc56,main-trial-4,l,l,true,160230.30
6642df031fa926d87545bc56,main-trial-4,h,h,true,160819.80
6642df031fa926d87545bc56,main-trial-4,h,h,true,160972.20
6642df031fa926d87545bc56,main-trial-4,z,z,true,161210.70
6642df031fa926d87545bc56,main-trial-4,d,d,true,161453.90
6642df031fa926d87545bc56,main-trial-4, , ,true,161778.40
6642df031fa926d87545bc56,main-trial-4,f,f,true,162072.80
6642df031fa926d87545bc56,main-trial-4,g,h,false,162783.80
6642df031fa926d87545bc56,main-trial-4,g,g,true,163109.10
6642df031fa926d87545bc56,main-trial-4, , ,true,163447.90
6642df031fa926d87545bc56,main-trial-4,f,f,true,163616.10
6642df031fa926d87545bc56,main-trial-4,g,g,true,163800.70
6642df031fa926d87545bc56,main-trial-4, , ,true,164439.70
6642df031fa926d87545bc56,main-trial-4,f,f,true,165197.30
6642df031fa926d87545bc56,main-trial-4,g,g,true,165448.40
6642df031fa926d87545bc56,main-trial-4, , ,true,165848.00
6642df031fa926d87545bc56,main-trial-4,i,i,true,166280.40
6642df031fa926d87545bc56,main-trial-4,m,m,true,166475.80
6642df031fa926d87545bc56,main-trial-4,h,m,false,166670.10
6642df031fa926d87545bc56,main-trial-4,h,h,true,167152.20
6642df031fa926d87545bc56,main-trial-4,o,o,true,167433.20
6642df031fa926d87545bc56,main-trial-4,c,c,true,167884.00
6642df031fa926d87545bc56,main-trial-4, , ,true,168194.00
6642df031fa926d87545bc56,main-trial-4,d,d,true,168604.20
6642df031fa926d87545bc56,main-trial-4,f,f,true,168828.00
6642df031fa926d87545bc56,main-trial-4, , ,true,169180.50
6642df031fa926d87545bc56,main-trial-4,d,d,true,169741.60
6642df031fa926d87545bc56,main-trial-4,f,f,true,169956.80
6642df031fa926d87545bc56,main-trial-4, , ,true,170137.30
6642df031fa926d87545bc56,main-trial-4,d,d,true,170291.10
6642df031fa926d87545bc56,main-trial-4,f,f,true,170477.40
6642df031fa926d87545bc56,main-trial-4, , ,true,170635.60
6642df031fa926d87545bc56,main-trial-4,n,n,true,170875.00
6642df031fa926d87545bc56,main-trial-4,y,y,true,171233.40
6642df031fa926d87545bc56,main-trial-4,g,g,true,171943.30
6642df031fa926d87545bc56,main-trial-4,s,s,true,172288.70
6642df031fa926d87545bc56,main-trial-4,p,p,true,172450.20
6642df031fa926d87545bc56,main-trial-4, , ,true,172896.20
6642df031fa926d87545bc56,main-trial-4,f,f,true,173244.50
6642df031fa926d87545bc56,main-trial-4,g,g,true,173486.90
6642df031fa926d87545bc56,main-trial-4, , ,true,173891.20
6642df031fa926d87545bc56,main-trial-4,d,d,true,175301.00
6642df031fa926d87545bc56,main-trial-4,f,f,true,175541.60
6642df031fa926d87545bc56,main-trial-4, , ,true,175928.00
6642df031fa926d87545bc56,main-trial-4,f,f,true,176124.60
6642df031fa926d87545bc56,main-trial-4,g,g,true,176322.50
6642df031fa926d87545bc56,main-trial-4, , ,true,176583.20
6642df031fa926d87545bc56,main-trial-4,d,d,true,176848.00
6642df031fa926d87545bc56,main-trial-4,f,f,true,177285.60
6642df031fa926d87545bc56,main-trial-4, , ,true,177843.70
6642df031fa926d87545bc56,main-trial-4,f,f,true,178005.80
6642df031fa926d87545bc56,main-trial-4,g,g,true,178226.20
6642df031fa926d87545bc56,main-trial-4, , ,true,178466.60
6642df031fa926d87545bc56,main-trial-4,d,d,true,178668.30
6642df031fa926d87545bc56,main-trial-4,f,f,true,179005.60
6642df031fa926d87545bc56,main-trial-5,b,b,true,183226.00
6642df031fa926d87545bc56,main-trial-5,t,t,true,183513.00
6642df031fa926d87545bc56,main-trial-5,t,t,true,183654.00
6642df031fa926d87545bc56,main-trial-5,l,l,true,184149.60
6642df031fa926d87545bc56,main-trial-5,x, ,false,184643.00
6642df031fa926d87545bc56,main-trial-5,x,x,true,185100.90
6642df031fa926d87545bc56,main-trial-5, , ,true,185814.40
6642df031fa926d87545bc56,main-trial-5,f,f,true,186153.90
6642df031fa926d87545bc56,main-trial-5,d,d,true,186377.90
6642df031fa926d87545bc56,main-trial-5, , ,true,186617.90
6642df031fa926d87545bc56,main-trial-5,f,f,true,186762.30
6642df031fa926d87545bc56,main-trial-5,d,d,true,186945.20
6642df031fa926d87545bc56,main-trial-5, , ,true,187088.40
6642df031fa926d87545bc56,main-trial-5,f,f,true,187277.50
6642df031fa926d87545bc56,main-trial-5,d,d,true,187459.40
6642df031fa926d87545bc56,main-trial-5, , ,true,187669.60
6642df031fa926d87545bc56,main-trial-5,u,u,true,187933.80
6642df031fa926d87545bc56,main-trial-5,v,v,true,188123.10
6642df031fa926d87545bc56,main-trial-5,j,j,true,189334.10
6642df031fa926d87545bc56,main-trial-5,s,s,true,189610.80
6642df031fa926d87545bc56,main-trial-5,o,o,true,189750.20
6642df031fa926d87545bc56,main-trial-5, , ,true,189996.50
6642df031fa926d87545bc56,main-trial-5,c,c,true,190163.20
6642df031fa926d87545bc56,main-trial-5,e,e,true,190378.40
6642df031fa926d87545bc56,main-trial-5, , ,true,190568.50
6642df031fa926d87545bc56,main-trial-5,c,c,true,190693.10
6642df031fa926d87545bc56,main-trial-5,e,e,true,190822.70
6642df031fa926d87545bc56,main-trial-5, , ,true,191046.20
6642df031fa926d87545bc56,main-trial-5,c,c,true,191202.60
6642df031fa926d87545bc56,main-trial-5,e,e,true,191317.80
6642df031fa926d87545bc56,main-trial-5, , ,true,191505.50
6642df031fa926d87545bc56,main-trial-5,x,x,true,191734.00
6642df031fa926d87545bc56,main-trial-5,n,n,true,191899.00
6642df031fa926d87545bc56,main-trial-5,j,j,true,192196.50
6642df031fa926d87545bc56,main-trial-5,d,d,true,192441.20
6642df031fa926d87545bc56,main-trial-5,r,r,true,192646.80
6642df031fa926d87545bc56,main-trial-5, , ,true,192859.30
6642df031fa926d87545bc56,main-trial-5,f,f,true,193110.00
6642df031fa926d87545bc56,main-trial-5,d,d,true,193394.60
6642df031fa926d87545bc56,main-trial-5, , ,true,193756.50
6642df031fa926d87545bc56,main-trial-5,c,c,true,193981.60
6642df031fa926d87545bc56,main-trial-5,e,e,true,194218.90
6642df031fa926d87545bc56,main-trial-5, , ,true,194403.80
6642df031fa926d87545bc56,main-trial-5,f,f,true,194778.10
6642df031fa926d87545bc56,main-trial-5,d,d,true,195007.30
6642df031fa926d87545bc56,main-trial-5, , ,true,195257.80
6642df031fa926d87545bc56,main-trial-5,c,c,true,195417.40
6642df031fa926d87545bc56,main-trial-5,e,e,true,195655.40
6642df031fa926d87545bc56,main-trial-5, , ,true,195947.50
6642df031fa926d87545bc56,main-trial-5,f,f,true,196202.50
6642df031fa926d87545bc56,main-trial-5,d,d,true,196620.30
6642df031fa926d87545bc56,main-trial-5, , ,true,196928.70
6642df031fa926d87545bc56,main-trial-5,c,c,true,197127.30
6642df031fa926d87545bc56,main-trial-5,e,e,true,197256.40
6642df031fa926d87545bc56,main-trial-6,h,h,true,201435.00
6642df031fa926d87545bc56,main-trial-6,j,j,true,201649.20
6642df031fa926d87545bc56,main-trial-6,f,f,true,202293.50
6642df031fa926d87545bc56,main-trial-6,l,l,true,203107.20
6642df031fa926d87545bc56,main-trial-6,b,b,true,203451.60
6642df031fa926d87545bc56,main-trial-6, , ,true,203761.10
6642df031fa926d87545bc56,main-trial-6,v,v,true,204146.00
6642df031fa926d87545bc56,main-trial-6,r,r,true,204339.80
6642df031fa926d87545bc56,main-trial-6, , ,true,204547.80
6642df031fa926d87545bc56,main-trial-6,v,v,true,204714.80
6642df031fa926d87545bc56,main-trial-6,r,r,true,204833.20
6642df031fa926d87545bc56,main-trial-6, , ,true,205145.00
6642df031fa926d87545bc56,main-trial-6,v,v,true,205310.20
6642df031fa926d87545bc56,main-trial-6,r,r,true,205385.70
6642df031fa926d87545bc56,main-trial-6, , ,true,205669.10
6642df031fa926d87545bc56,main-trial-6,a,a,true,205855.90
6642df031fa926d87545bc56,main-trial-6,b,b,true,206011.70
6642df031fa926d87545bc56,main-trial-6,z,z,true,206314.10
6642df031fa926d87545bc56,main-trial-6,d,d,true,206696.30
6642df031fa926d87545bc56,main-trial-6,h,h,true,207366.10
6642df031fa926d87545bc56,main-trial-6, , ,true,208083.00
6642df031fa926d87545bc56,main-trial-6,f,f,true,208292.60
6642df031fa926d87545bc56,main-trial-6,r,e,false,208473.10
6642df031fa926d87545bc56,main-trial-6,r,r,true,208878.20
6642df031fa926d87545bc56,main-trial-6, , ,true,209109.40
6642df031fa926d87545bc56,main-trial-6,f,f,true,209256.70
6642df031fa926d87545bc56,main-trial-6,r,r,true,209476.70
6642df031fa926d87545bc56,main-trial-6, , ,true,209981.50
6642df031fa926d87545bc56,main-trial-6,f,f,true,210179.90
6642df031fa926d87545bc56,main-trial-6,r,r,true,210387.20
6642df031fa926d87545bc56,main-trial-6, , ,true,210732.20
6642df031fa926d87545bc56,main-trial-6,i,i,true,211138.00
6642df031fa926d87545bc56,main-trial-6,j,j,true,211396.70
6642df031fa926d87545bc56,main-trial-6,w,w,true,212485.60
6642df031fa926d87545bc56,main-trial-6,u,u,true,212662.20
6642df031fa926d87545bc56,main-trial-6,o,o,true,212836.40
6642df031fa926d87545bc56,main-trial-6, , ,true,213115.30
6642df031fa926d87545bc56,main-trial-6,v,v,true,213501.90
6642df031fa926d87545bc56,main-trial-6,r,r,true,213737.70
6642df031fa926d87545bc56,main-trial-6, , ,true,214080.70
6642df031fa926d87545bc56,main-trial-6,f,f,true,214511.50
6642df031fa926d87545bc56,main-trial-6,r,r,true,215645.50
6642df031fa926d87545bc56,main-trial-6, , ,true,216202.10
6642df031fa926d87545bc56,main-trial-6,v,v,true,216451.70
6642df031fa926d87545bc56,main-trial-6,r,r,true,216622.60
6642df031fa926d87545bc56,main-trial-6, , ,true,216948.30
6642df031fa926d87545bc56,main-trial-6,f,f,true,217208.20
6642df031fa926d87545bc56,main-trial-6,r,r,true,217340.20
6642df031fa926d87545bc56,main-trial-6, , ,true,217763.90
6642df031fa926d87545bc56,main-trial-6,v,v,true,217985.10
6642df031fa926d87545bc56,main-trial-6,r,r,true,218208.40
6642df031fa926d87545bc56,main-trial-6, , ,true,218455.70
6642df031fa926d87545bc56,main-trial-6,f,f,true,218665.40
6642df031fa926d87545bc56,main-trial-6,r,r,true,218791.20
6642df031fa926d87545bc56,main-trial-7,p,p,true,223298.80
6642df031fa926d87545bc56,main-trial-7,p,p,true,223437.70
6642df031fa926d87545bc56,main-trial-7,j,j,true,224023.30
6642df031fa926d87545bc56,main-trial-7,w,w,true,224725.80
6642df031fa926d87545bc56,main-trial-7,q,q,true,224967.70
6642df031fa926d87545bc56,main-trial-7, , ,true,225228.60
6642df031fa926d87545bc56,main-trial-7,d,d,true,225438.50
6642df031fa926d87545bc56,main-trial-7,r,r,true,225830.60
6642df031fa926d87545bc56,main-trial-7, , ,true,226055.80
6642df031fa926d87545bc56,main-trial-7,d,d,true,226219.90
6642df031fa926d87545bc56,main-trial-7,r,r,true,226422.60
6642df031fa926d87545bc56,main-trial-7, , ,true,226580.70
6642df031fa926d87545bc56,main-trial-7,d,d,true,226728.10
6642df031fa926d87545bc56,main-trial-7,r,r,true,226917.10
6642df031fa926d87545bc56,main-trial-7, , ,true,227070.30
6642df031fa926d87545bc56,main-trial-7,e,e,true,227238.70
6642df031fa926d87545bc56,main-trial-7,s,s,true,227476.90
6642df031fa926d87545bc56,main-trial-7,g,g,true,228416.80
6642df031fa926d87545bc56,main-trial-7,y,y,true,228771.00
6642df031fa926d87545bc56,main-trial-7,m,m,true,229088.80
6642df031fa926d87545bc56,main-trial-7, , ,true,229289.40
6642df031fa926d87545bc56,main-trial-7,e,e,true,229468.90
6642df031fa926d87545bc56,main-trial-7,f,f,true,229618.60
6642df031fa926d87545bc56,main-trial-7, , ,true,229755.10
6642df031fa926d87545bc56,main-trial-7,e,e,true,229920.10
6642df031fa926d87545bc56,main-trial-7,f,f,true,229999.50
6642df031fa926d87545bc56,main-trial-7, , ,true,230194.10
6642df031fa926d87545bc56,main-trial-7,e,e,true,230373.80
6642df031fa926d87545bc56,main-trial-7,f,f,true,230455.60
6642df031fa926d87545bc56,main-trial-7, , ,true,230716.20
6642df031fa926d87545bc56,main-trial-7,i,l,false,231180.90
6642df031fa926d87545bc56,main-trial-7,i,i,true,233009.20
6642df031fa926d87545bc56,main-trial-7,z,z,true,233361.20
6642df031fa926d87545bc56,main-trial-7,n,n,true,233649.50
6642df031fa926d87545bc56,main-trial-7,e,e,true,233887.80
6642df031fa926d87545bc56,main-trial-7,j,j,true,234145.10
6642df031fa926d87545bc56,main-trial-7, , ,true,234541.40
6642df031fa926d87545bc56,main-trial-7,d,d,true,234722.10
6642df031fa926d87545bc56,main-trial-7,r,r,true,234912.30
6642df031fa926d87545bc56,main-trial-7, , ,true,235230.70
6642df031fa926d87545bc56,main-trial-7,e,e,true,235452.80
6642df031fa926d87545bc56,main-trial-7,f,f,true,235632.10
6642df031fa926d87545bc56,main-trial-7, , ,true,236048.50
6642df031fa926d87545bc56,main-trial-7,d,d,true,236392.70
6642df031fa926d87545bc56,main-trial-7,r,r,true,236580.80
6642df031fa926d87545bc56,main-trial-7, , ,true,236875.70
6642df031fa926d87545bc56,main-trial-7,e,e,true,237061.80
6642df031fa926d87545bc56,main-trial-7,f,f,true,237262.90
6642df031fa926d87545bc56,main-trial-7, , ,true,237488.60
6642df031fa926d87545bc56,main-trial-7,d,d,true,237635.10
6642df031fa926d87545bc56,main-trial-7,r,r,true,237819.80
6642df031fa926d87545bc56,main-trial-7, , ,true,238027.00
6642df031fa926d87545bc56,main-trial-7,e,e,true,238150.90
6642df031fa926d87545bc56,main-trial-7,f,f,true,238286.10
6642df031fa926d87545bc56,main-trial-8,n,n,true,242314.90
6642df031fa926d87545bc56,main-trial-8,k,k,true,242530.30
6642df031fa926d87545bc56,main-trial-8,y,y,true,243150.60
6642df031fa926d87545bc56,main-trial-8,g,g,true,243417.20
6642df031fa926d87545bc56,main-trial-8,s,s,true,243604.80
6642df031fa926d87545bc56,main-trial-8, , ,true,243849.00
6642df031fa926d87545bc56,main-trial-8,z,z,true,244095.70
6642df031fa926d87545bc56,main-trial-8,x,x,true,244407.90
6642df031fa926d87545bc56,main-trial-8, , ,true,244759.80
6642df031fa926d87545bc56,main-trial-8,z,z,true,244912.30
6642df031fa926d87545bc56,main-trial-8,x,x,true,245153.30
6642df031fa926d87545bc56,main-trial-8, , ,true,245393.60
6642df031fa926d87545bc56,main-trial-8,z,z,true,245570.40
6642df031fa926d87545bc56,main-trial-8,x,x,true,245720.40
6642df031fa926d87545bc56,main-trial-8, , ,true,245919.50
6642df031fa926d87545bc56,main-trial-8,b,b,true,246281.80
6642df031fa926d87545bc56,main-trial-8,w,w,true,247158.50
6642df031fa926d87545bc56,main-trial-8,p,o,false,247716.20
6642df031fa926d87545bc56,main-trial-8,p,p,true,248083.70
6642df031fa926d87545bc56,main-trial-8,r,r,true,248305.70
6642df031fa926d87545bc56,main-trial-8,b,b,true,248736.50
6642df031fa926d87545bc56,main-trial-8, , ,true,249100.20
6642df031fa926d87545bc56,main-trial-8,z,z,true,249361.60
6642df031fa926d87545bc56,main-trial-8,e,e,true,249641.20
6642df031fa926d87545bc56,main-trial-8, , ,true,249854.90
6642df031fa926d87545bc56,main-trial-8,z,z,true,250011.70
6642df031fa926d87545bc56,main-trial-8,e,e,true,250230.80
6642df031fa926d87545bc56,main-trial-8, , ,true,250999.70
6642df031fa926d87545bc56,main-trial-8,z,z,true,251139.00
6642df031fa926d87545bc56,main-trial-8,e,e,true,251400.70
6642df031fa926d87545bc56,main-trial-8, , ,true,251534.40
6642df031fa926d87545bc56,main-trial-8,l,l,true,251733.90
6642df031fa926d87545bc56,main-trial-8,t,t,true,252407.80
6642df031fa926d87545bc56,main-trial-8,y,y,true,252825.50
6642df031fa926d87545bc56,main-trial-8,i,i,true,253150.80
6642df031fa926d87545bc56,main-trial-8,n,n,true,253349.90
6642df031fa926d87545bc56,main-trial-8, , ,true,253488.80
6642df031fa926d87545bc56,main-trial-8,z,z,true,253739.60
6642df031fa926d87545bc56,main-trial-8,x,x,true,254280.70
6642df031fa926d87545bc56,main-trial-8, , ,true,254717.30
6642df031fa926d87545bc56,main-trial-8,z,z,true,255163.10
6642df031fa926d87545bc56,main-trial-8,e,e,true,255435.90
6642df031fa926d87545bc56,main-trial-8, , ,true,255849.30
6642df031fa926d87545bc56,main-trial-8,z,z,true,256073.30
6642df031fa926d87545bc56,main-trial-8,x,x,true,256307.90
6642df031fa926d87545bc56,main-trial-8, , ,true,256620.80
6642df031fa926d87545bc56,main-trial-8,z,z,true,256812.90
6642df031fa926d87545bc56,main-trial-8,e,e,true,257063.00
6642df031fa926d87545bc56,main-trial-8, , ,true,257369.30
6642df031fa926d87545bc56,main-trial-8,z,z,true,257634.40
6642df031fa926d87545bc56,main-trial-8,x,x,true,257853.40
6642df031fa926d87545bc56,main-trial-8, , ,true,258060.60
6642df031fa926d87545bc56,main-trial-8,z,z,true,258178.20
6642df031fa926d87545bc56,main-trial-8,e,e,true,258412.50
6642df031fa926d87545bc56,main-trial-9,w,w,true,262126.90
6642df031fa926d87545bc56,main-trial-9,i,i,true,262271.70
6642df031fa926d87545bc56,main-trial-9,o,o,true,262548.10
6642df031fa926d87545bc56,main-trial-9,o,o,true,262694.60
6642df031fa926d87545bc56,main-trial-9,m,m,true,262866.60
6642df031fa926d87545bc56,main-trial-9, , ,true,263073.40
6642df031fa926d87545bc56,main-trial-9,v,r,false,263397.50
6642df031fa926d87545bc56,main-trial-9,v,v,true,263752.80
6642df031fa926d87545bc56,main-trial-9,r,r,true,263998.10
6642df031fa926d87545bc56,main-trial-9, , ,true,264201.70
6642df031fa926d87545bc56,main-trial-9,v,v,true,264430.00
6642df031fa926d87545bc56,main-trial-9,r,r,true,264580.00
6642df031fa926d87545bc56,main-trial-9, , ,true,264827.40
6642df031fa926d87545bc56,main-trial-9,v,v,true,264965.10
6642df031fa926d87545bc56,main-trial-9,r,r,true,265097.40
6642df031fa926d87545bc56,main-trial-9, , ,true,265307.00
6642df031fa926d87545bc56,main-trial-9,v,v,true,265572.40
6642df031fa926d87545bc56,main-trial-9,g,g,true,265808.10
6642df031fa926d87545bc56,main-trial-9,a,a,true,266125.20
6642df031fa926d87545bc56,main-trial-9,k,k,true,266313.00
6642df031fa926d87545bc56,main-trial-9,i,i,true,266502.10
6642df031fa926d87545bc56,main-trial-9, , ,true,266675.20
6642df031fa926d87545bc56,main-trial-9,c,c,true,266963.30
6642df031fa926d87545bc56,main-trial-9,r,r,true,267248.40
6642df031fa926d87545bc56,main-trial-9, , ,true,267467.90
6642df031fa926d87545bc56,main-trial-9,c,c,true,267591.00
6642df031fa926d87545bc56,main-trial-9,r,r,true,267852.70
6642df031fa926d87545bc56,main-trial-9, , ,true,268058.70
6642df031fa926d87545bc56,main-trial-9,c,c,true,268200.20
6642df031fa926d87545bc56,main-trial-9,r,r,true,268423.80
6642df031fa926d87545bc56,main-trial-9, , ,true,268569.60
6642df031fa926d87545bc56,main-trial-9,n,n,true,268775.30
6642df031fa926d87545bc56,main-trial-9,f,f,true,269477.40
6642df031fa926d87545bc56,main-trial-9,j,j,true,269743.30
6642df031fa926d87545bc56,main-trial-9,x,x,true,270141.40
6642df031fa926d87545bc56,main-trial-9,m,m,true,270367.60
6642df031fa926d87545bc56,main-trial-9, , ,true,270562.60
6642df031fa926d87545bc56,main-trial-9,v,v,true,270719.90
6642df031fa926d87545bc56,main-trial-9,r,r,true,271016.90
6642df031fa926d87545bc56,main-trial-9, , ,true,271320.60
6642df031fa926d87545bc56,main-trial-9,c,c,true,271755.80
6642df031fa926d87545bc56,main-trial-9,r,r,true,272026.60
6642df031fa926d87545bc56,main-trial-9, , ,true,272262.30
6642df031fa926d87545bc56,main-trial-9,v,c,false,272459.20
6642df031fa926d87545bc56,main-trial-9,v,v,true,272826.20
6642df031fa926d87545bc56,main-trial-9,r,r,true,273086.90
6642df031fa926d87545bc56,main-trial-9, , ,true,273308.30
6642df031fa926d87545bc56,main-trial-9,c,c,true,273465.20
6642df031fa926d87545bc56,main-trial-9,r,r,true,273734.40
6642df031fa926d87545bc56,main-trial-9, , ,true,274101.30
6642df031fa926d87545bc56,main-trial-9,v,v,true,274333.60
6642df031fa926d87545bc56,main-trial-9,r,r,true,274630.80
6642df031fa926d87545bc56,main-trial-9, , ,true,274895.20
6642df031fa926d87545bc56,main-trial-9,c,c,true,275038.00
6642df031fa926d87545bc56,main-trial-9,r,r,true,275250.80
6642df031fa926d87545bc56,main-trial-10,v,v,true,279940.10
6642df031fa926d87545bc56,main-trial-10,x,x,true,280278.10
6642df031fa926d87545bc56,main-trial-10,p,p,true,280689.70
6642df031fa926d87545bc56,main-trial-10,m,m,true,281214.70
6642df031fa926d87545bc56,main-trial-10,w,w,true,281682.40
6642df031fa926d87545bc56,main-trial-10, , ,true,281942.70
6642df031fa926d87545bc56,main-trial-10,e,e,true,282192.10
6642df031fa926d87545bc56,main-trial-10,f,f,true,282350.00
6642df031fa926d87545bc56,main-trial-10, , ,true,282507.00
6642df031fa926d87545bc56,main-trial-10,e,e,true,282648.20
6642df031fa926d87545bc56,main-trial-10,f,f,true,282732.00
6642df031fa926d87545bc56,main-trial-10, , ,true,282911.00
6642df031fa926d87545bc56,main-trial-10,e,e,true,283079.20
6642df031fa926d87545bc56,main-trial-10,f,f,true,283167.80
6642df031fa926d87545bc56,main-trial-10, , ,true,283328.50
6642df031fa926d87545bc56,main-trial-10,i,i,true,283512.80
6642df031fa926d87545bc56,main-trial-10,g,g,true,283640.00
6642df031fa926d87545bc56,main-trial-10,s,s,true,284268.50
6642df031fa926d87545bc56,main-trial-10,x,x,true,284621.30
6642df031fa926d87545bc56,main-trial-10,g,g,true,285035.40
6642df031fa926d87545bc56,main-trial-10, , ,true,285379.40
6642df031fa926d87545bc56,main-trial-10,d,f,false,285664.70
6642df031fa926d87545bc56,main-trial-10,d,d,true,285998.70
6642df031fa926d87545bc56,main-trial-10,r,r,true,286222.60
6642df031fa926d87545bc56,main-trial-10, , ,true,286397.90
6642df031fa926d87545bc56,main-trial-10,d,d,true,286542.40
6642df031fa926d87545bc56,main-trial-10,r,r,true,286734.00
6642df031fa926d87545bc56,main-trial-10, , ,true,286894.70
6642df031fa926d87545bc56,main-trial-10,d,d,true,287043.90
6642df031fa926d87545bc56,main-trial-10,r,r,true,287239.30
6642df031fa926d87545bc56,main-trial-10, , ,true,287421.10
6642df031fa926d87545bc56,main-trial-10,g,g,true,288833.40
6642df031fa926d87545bc56,main-trial-10,q,q,true,290052.10
6642df031fa926d87545bc56,main-trial-10,h,h,true,290290.50
6642df031fa926d87545bc56,main-trial-10,t,t,true,291205.30
6642df031fa926d87545bc56,main-trial-10,u,u,true,291320.60
6642df031fa926d87545bc56,main-trial-10, , ,true,291582.80
6642df031fa926d87545bc56,main-trial-10,e,e,true,291727.80
6642df031fa926d87545bc56,main-trial-10,f,f,true,291894.70
6642df031fa926d87545bc56,main-trial-10, , ,true,292074.90
6642df031fa926d87545bc56,main-trial-10,d,d,true,292389.10
6642df031fa926d87545bc56,main-trial-10,r,r,true,292578.20
6642df031fa926d87545bc56,main-trial-10, , ,true,292762.70
6642df031fa926d87545bc56,main-trial-10,e,e,true,292900.00
6642df031fa926d87545bc56,main-trial-10,f,f,true,293116.80
6642df031fa926d87545bc56,main-trial-10, , ,true,293291.30
6642df031fa926d87545bc56,main-trial-10,d,d,true,293444.60
6642df031fa926d87545bc56,main-trial-10,r,r,true,293642.60
6642df031fa926d87545bc56,main-trial-10, , ,true,293919.40
6642df031fa926d87545bc56,main-trial-10,e,e,true,294149.60
6642df031fa926d87545bc56,main-trial-10,f,f,true,294343.20
6642df031fa926d87545bc56,main-trial-10, , ,true,294548.50
6642df031fa926d87545bc56,main-trial-10,d,d,true,294690.10
6642df031fa926d87545bc56,main-trial-10,r,r,true,294890.10
6642df031fa926d87545bc56,main-trial-11,b,b,true,298464.60
6642df031fa926d87545bc56,main-trial-11,u,u,true,298617.10
6642df031fa926d87545bc56,main-trial-11,n,n,true,298690.40
6642df031fa926d87545bc56,main-trial-11,r,r,true,299242.70
6642df031fa926d87545bc56,main-trial-11,q,q,true,299560.90
6642df031fa926d87545bc56,main-trial-11, , ,true,299850.50
6642df031fa926d87545bc56,main-trial-11,e,e,true,299990.40
6642df031fa926d87545bc56,main-trial-11,f,f,true,300154.00
6642df031fa926d87545bc56,main-trial-11, , ,true,300285.90
6642df031fa926d87545bc56,main-trial-11,e,e,true,300414.30
6642df031fa926d87545bc56,main-trial-11,f,f,true,300499.80
6642df031fa926d87545bc56,main-trial-11, , ,true,300668.10
6642df031fa926d87545bc56,main-trial-11,e,e,true,300827.10
6642df031fa926d87545bc56,main-trial-11,f,f,true,301217.70
6642df031fa926d87545bc56,main-trial-11, , ,true,301526.50
6642df031fa926d87545bc56,main-trial-11,d,d,true,301757.00
6642df031fa926d87545bc56,main-trial-11,o,o,true,301901.80
6642df031fa926d87545bc56,main-trial-11,g,g,true,302062.10
6642df031fa926d87545bc56,main-trial-11,k,k,true,302651.90
6642df031fa926d87545bc56,main-trial-11,u,u,true,303114.30
6642df031fa926d87545bc56,main-trial-11, , ,true,303445.40
6642df031fa926d87545bc56,main-trial-11,f,f,true,303632.40
6642df031fa926d87545bc56,main-trial-11,e,e,true,303761.20
6642df031fa926d87545bc56,main-trial-11, , ,true,303943.50
6642df031fa926d87545bc56,main-trial-11,f,f,true,304088.70
6642df031fa926d87545bc56,main-trial-11,e,e,true,304188.40
6642df031fa926d87545bc56,main-trial-11, , ,true,304368.60
6642df031fa926d87545bc56,main-trial-11,f,f,true,304519.40
6642df031fa926d87545bc56,main-trial-11,e,e,true,304599.60
6642df031fa926d87545bc56,main-trial-11, , ,true,304782.20
6642df031fa926d87545bc56,main-trial-11,j,j,true,305039.80
6642df031fa926d87545bc56,main-trial-11,z,z,true,305110.00
6642df031fa926d87545bc56,main-trial-11,a,z,false,305356.90
6642df031fa926d87545bc56,main-trial-11,a,a,true,305769.00
6642df031fa926d87545bc56,main-trial-11,f,f,true,306423.10
6642df031fa926d87545bc56,main-trial-11,h,h,true,306833.20
6642df031fa926d87545bc56,main-trial-11, , ,true,307187.20
6642df031fa926d87545bc56,main-trial-11,e,e,true,307413.30
6642df031fa926d87545bc56,main-trial-11,f,f,true,307593.30
6642df031fa926d87545bc56,main-trial-11, , ,true,307740.80
6642df031fa926d87545bc56,main-trial-11,f,f,true,307953.30
6642df031fa926d87545bc56,main-trial-11,e,e,true,308075.10
6642df031fa926d87545bc56,main-trial-11, , ,true,308311.00
6642df031fa926d87545bc56,main-trial-11,e,e,true,308569.40
6642df031fa926d87545bc56,main-trial-11,f,f,true,308696.90
6642df031fa926d87545bc56,main-trial-11, , ,true,308948.50
6642df031fa926d87545bc56,main-trial-11,f,f,true,309118.70
6642df031fa926d87545bc56,main-trial-11,e,e,true,309243.10
6642df031fa926d87545bc56,main-trial-11, , ,true,309535.00
6642df031fa926d87545bc56,main-trial-11,e,e,true,309682.60
6642df031fa926d87545bc56,main-trial-11,f,f,true,309758.20
6642df031fa926d87545bc56,main-trial-11, , ,true,310038.00
6642df031fa926d87545bc56,main-trial-11,f,f,true,310262.10
6642df031fa926d87545bc56,main-trial-11,e,e,true,310374.30
6642df031fa926d87545bc56,main-trial-12,z,z,true,314179.70
6642df031fa926d87545bc56,main-trial-12,g,g,true,314597.90
6642df031fa926d87545bc56,main-trial-12,u,u,true,315211.90
6642df031fa926d87545bc56,main-trial-12,b,b,true,315735.10
6642df031fa926d87545bc56,main-trial-12,q,q,true,316033.60
6642df031fa926d87545bc56,main-trial-12, , ,true,316332.40
6642df031fa926d87545bc56,main-trial-12,c,c,true,316560.40
6642df031fa926d87545bc56,main-trial-12,v,v,true,317537.80
6642df031fa926d87545bc56,main-trial-12, , ,true,317713.60
6642df031fa926d87545bc56,main-trial-12,c,c,true,317867.40
6642df031fa926d87545bc56,main-trial-12,v,v,true,318072.70
6642df031fa926d87545bc56,main-trial-12, , ,true,318250.50
6642df031fa926d87545bc56,main-trial-12,c,c,true,318386.90
6642df031fa926d87545bc56,main-trial-12,v,v,true,318575.80
6642df031fa926d87545bc56,main-trial-12, , ,true,318751.20
6642df031fa926d87545bc56,main-trial-12,q,q,true,319092.80
6642df031fa926d87545bc56,main-trial-12,v,v,true,319752.20
6642df031fa926d87545bc56,main-trial-12,e,e,true,320300.90
6642df031fa926d87545bc56,main-trial-12,l,l,true,320529.10
6642df031fa926d87545bc56,main-trial-12,y,y,true,320679.60
6642df031fa926d87545bc56,main-trial-12, , ,true,320888.70
6642df031fa926d87545bc56,main-trial-12,c,c,true,321292.80
6642df031fa926d87545bc56,main-trial-12,r,r,true,321551.50
6642df031fa926d87545bc56,main-trial-12, , ,true,321788.50
6642df031fa926d87545bc56,main-trial-12,c,c,true,321893.00
6642df031fa926d87545bc56,main-trial-12,r,r,true,322135.10
6642df031fa926d87545bc56,main-trial-12, , ,true,322325.40
6642df031fa926d87545bc56,main-trial-12,c,c,true,322470.20
6642df031fa926d87545bc56,main-trial-12,r,r,true,322726.40
6642df031fa926d87545bc56,main-trial-12, , ,true,322954.00
6642df031fa926d87545bc56,main-trial-12,g,c,false,323112.30
6642df031fa926d87545bc56,main-trial-12,g,r,false,323381.50
6642df031fa926d87545bc56,main-trial-12,g, ,false,323703.40
6642df031fa926d87545bc56,main-trial-12,g,g,true,323928.20
6642df031fa926d87545bc56,main-trial-12,y,y,true,324421.70
6642df031fa926d87545bc56,main-trial-12,f,f,true,324707.80
6642df031fa926d87545bc56,main-trial-12,m,m,true,325029.30
6642df031fa926d87545bc56,main-trial-12,d,d,true,325296.50
6642df031fa926d87545bc56,main-trial-12, , ,true,325504.30
6642df031fa926d87545bc56,main-trial-12,c,c,true,325694.00
6642df031fa926d87545bc56,main-trial-12,v,v,true,325982.40
6642df031fa926d87545bc56,main-trial-12, , ,true,326251.60
6642df031fa926d87545bc56,main-trial-12,c,c,true,326428.40
6642df031fa926d87545bc56,main-trial-12,r,v,false,326678.90
6642df031fa926d87545bc56,main-trial-12,r,r,true,327161.00
6642df031fa926d87545bc56,main-trial-12, , ,true,327539.80
6642df031fa926d87545bc56,main-trial-12,c,c,true,327697.10
6642df031fa926d87545bc56,main-trial-12,v,v,true,327928.40
6642df031fa926d87545bc56,main-trial-12, , ,true,328313.50
6642df031fa926d87545bc56,main-trial-12,c,c,true,328572.90
6642df031fa926d87545bc56,main-trial-12,r,r,true,328869.70
6642df031fa926d87545bc56,main-trial-12, , ,true,329290.90
6642df031fa926d87545bc56,main-trial-12,c,c,true,329665.80
6642df031fa926d87545bc56,main-trial-12,v,v,true,329907.30
6642df031fa926d87545bc56,main-trial-12, , ,true,330139.90
6642df031fa926d87545bc56,main-trial-12,c,c,true,330315.90
6642df031fa926d87545bc56,main-trial-12,r,r,true,330547.60
6642df031fa926d87545bc56,main-trial-13,p,p,true,334684.10
6642df031fa926d87545bc56,main-trial-13,x,x,true,334938.00
6642df031fa926d87545bc56,main-trial-13,g,g,true,335383.70
6642df031fa926d87545bc56,main-trial-13,m,m,true,335607.60
6642df031fa926d87545bc56,main-trial-13,z,z,true,335774.80
6642df031fa926d87545bc56,main-trial-13, , ,true,335994.00
6642df031fa926d87545bc56,main-trial-13,w,w,true,336190.70
6642df031fa926d87545bc56,main-trial-13,d,f,false,336449.30
6642df031fa926d87545bc56,main-trial-13,d, ,false,336636.00
6642df031fa926d87545bc56,main-trial-13,d,w,false,336793.60
6642df031fa926d87545bc56,main-trial-13,d,f,false,336898.50
6642df031fa926d87545bc56,main-trial-13,d,d,true,337248.00
6642df031fa926d87545bc56,main-trial-13, , ,true,337683.90
6642df031fa926d87545bc56,main-trial-13,w,w,true,337866.40
6642df031fa926d87545bc56,main-trial-13,d,s,false,338270.30
6642df031fa926d87545bc56,main-trial-13,d,d,true,338711.10
6642df031fa926d87545bc56,main-trial-13, , ,true,339069.70
6642df031fa926d87545bc56,main-trial-13,w,w,true,339290.90
6642df031fa926d87545bc56,main-trial-13,d,d,true,339371.10
6642df031fa926d87545bc56,main-trial-13, , ,true,339618.90
6642df031fa926d87545bc56,main-trial-13,y,w,false,339796.00
6642df031fa926d87545bc56,main-trial-13,y,y,true,340887.70
6642df031fa926d87545bc56,main-trial-13,n,n,true,341075.50
6642df031fa926d87545bc56,main-trial-13,h,h,true,341408.80
6642df031fa926d87545bc56,main-trial-13,o,o,true,341614.90
6642df031fa926d87545bc56,main-trial-13,z,z,true,341757.90
6642df031fa926d87545bc56,main-trial-13, , ,true,341997.40
6642df031fa926d87545bc56,main-trial-13,s,s,true,342163.20
6642df031fa926d87545bc56,main-trial-13,e,e,true,342383.40
6642df031fa926d87545bc56,main-trial-13, , ,true,342536.00
6642df031fa926d87545bc56,main-trial-13,s,s,true,342667.70
6642df031fa926d87545bc56,main-trial-13,e,e,true,342849.80
6642df031fa926d87545bc56,main-trial-13, , ,true,343019.30
6642df031fa926d87545bc56,main-trial-13,s,s,true,343130.90
6642df031fa926d87545bc56,main-trial-13,e,e,true,343335.60
6642df031fa926d87545bc56,main-trial-13, , ,true,343501.70
6642df031fa926d87545bc56,main-trial-13,o,o,true,344235.30
6642df031fa926d87545bc56,main-trial-13,y,y,true,344357.60
6642df031fa926d87545bc56,main-trial-13,b,b,true,345011.10
6642df031fa926d87545bc56,main-trial-13,u,u,true,345127.30
6642df031fa926d87545bc56,main-trial-13,k,k,true,345366.10
6642df031fa926d87545bc56,main-trial-13, , ,true,345614.50
6642df031fa926d87545bc56,main-trial-13,w,w,true,346248.80
6642df031fa926d87545bc56,main-trial-13,d,f,false,346464.40
6642df031fa926d87545bc56,main-trial-13,d,f,false,346912.00
6642df031fa926d87545bc56,main-trial-13,d,s,false,347201.50
6642df031fa926d87545bc56,main-trial-13,d,d,true,347529.10
6642df031fa926d87545bc56,main-trial-13, , ,true,348006.30
6642df031fa926d87545bc56,main-trial-13,s,s,true,348221.60
6642df031fa926d87545bc56,main-trial-13,e,e,true,348436.10
6642df031fa926d87545bc56,main-trial-13, , ,true,348663.90
6642df031fa926d87545bc56,main-trial-13,w,w,true,348796.60
6642df031fa926d87545bc56,main-trial-13,d,d,true,348963.90
6642df031fa926d87545bc56,main-trial-13, , ,true,349148.10
6642df031fa926d87545bc56,main-trial-13,s,s,true,349267.10
6642df031fa926d87545bc56,main-trial-13,e,e,true,349458.20
6642df031fa926d87545bc56,main-trial-13, , ,true,349657.10
6642df031fa926d87545bc56,main-trial-13,w,w,true,349784.10
6642df031fa926d87545bc56,main-trial-13,d,d,true,350227.90
6642df031fa926d87545bc56,main-trial-13, , ,true,350452.50
6642df031fa926d87545bc56,main-trial-13,s,s,true,350584.70
6642df031fa926d87545bc56,main-trial-13,e,e,true,350785.30
6642df031fa926d87545bc56,main-trial-14,o,o,true,355022.20
6642df031fa926d87545bc56,main-trial-14,m,m,true,355119.50
6642df031fa926d87545bc56,main-trial-14,y,y,true,356192.30
6642df031fa926d87545bc56,main-trial-14,q,g,false,356558.00
6642df031fa926d87545bc56,main-trial-14,q,k,false,356726.80
6642df031fa926d87545bc56,main-trial-14,q,q,true,358143.60
6642df031fa926d87545bc56,main-trial-14,k,k,true,358331.20
6642df031fa926d87545bc56,main-trial-14, , ,true,358646.50
6642df031fa926d87545bc56,main-trial-14,f,f,true,359176.30
6642df031fa926d87545bc56,main-trial-14,d,d,true,359411.30
6642df031fa926d87545bc56,main-trial-14, , ,true,359624.20
6642df031fa926d87545bc56,main-trial-14,f,f,true,359749.80
6642df031fa926d87545bc56,main-trial-14,d,d,true,359950.90
6642df031fa926d87545bc56,main-trial-14, , ,true,360127.50
6642df031fa926d87545bc56,main-trial-14,f,a,false,360492.20
6642df031fa926d87545bc56,main-trial-14,f,f,true,360990.80
6642df031fa926d87545bc56,main-trial-14,d,d,true,361351.70
6642df031fa926d87545bc56,main-trial-14, , ,true,361681.40
6642df031fa926d87545bc56,main-trial-14,a,a,true,362034.50
6642df031fa926d87545bc56,main-trial-14,m,m,true,362217.40
6642df031fa926d87545bc56,main-trial-14,h,h,true,362819.00
6642df031fa926d87545bc56,main-trial-14,g,q,false,363123.50
6642df031fa926d87545bc56,main-trial-14,g,g,true,364878.30
6642df031fa926d87545bc56,main-trial-14,p,p,true,365081.40
6642df031fa926d87545bc56,main-trial-14, , ,true,365431.00
6642df031fa926d87545bc56,main-trial-14,d,d,true,365600.90
6642df031fa926d87545bc56,main-trial-14,r,r,true,365791.90
6642df031fa926d87545bc56,main-trial-14, , ,true,365926.90
6642df031fa926d87545bc56,main-trial-14,d,d,true,366036.80
6642df031fa926d87545bc56,main-trial-14,r,r,true,366246.50
6642df031fa926d87545bc56,main-trial-14, , ,true,366438.30
6642df031fa926d87545bc56,main-trial-14,d,d,true,366744.70
6642df031fa926d87545bc56,main-trial-14,r,r,true,366940.80
6642df031fa926d87545bc56,main-trial-14, , ,true,367094.20
6642df031fa926d87545bc56,main-trial-14,w,w,true,367494.10
6642df031fa926d87545bc56,main-trial-14,g,g,true,367963.40
6642df031fa926d87545bc56,main-trial-14,q,q,true,368455.80
6642df031fa926d87545bc56,main-trial-14,o,o,true,368751.00
6642df031fa926d87545bc56,main-trial-14,k,k,true,368938.90
6642df031fa926d87545bc56,main-trial-14, , ,true,369218.60
6642df031fa926d87545bc56,main-trial-14,f,d,false,369575.20
6642df031fa926d87545bc56,main-trial-14,f,f,true,369999.90
6642df031fa926d87545bc56,main-trial-14,d,d,true,370237.40
6642df031fa926d87545bc56,main-trial-14, , ,true,370376.70
6642df031fa926d87545bc56,main-trial-14,d,d,true,370656.80
6642df031fa926d87545bc56,main-trial-14,r,r,true,370858.10
6642df031fa926d87545bc56,main-trial-14, , ,true,371131.40
6642df031fa926d87545bc56,main-trial-14,f,f,true,371783.60
6642df031fa926d87545bc56,main-trial-14,d,d,true,372013.50
6642df031fa926d87545bc56,main-trial-14, , ,true,372257.40
6642df031fa926d87545bc56,main-trial-14,d,d,true,372447.60
6642df031fa926d87545bc56,main-trial-14,r,r,true,372678.10
6642df031fa926d87545bc56,main-trial-14, , ,true,373083.40
6642df031fa926d87545bc56,main-trial-14,f,f,true,373316.50
6642df031fa926d87545bc56,main-trial-14,d,d,true,373534.90
6642df031fa926d87545bc56,main-trial-14, , ,true,373712.90
6642df031fa926d87545bc56,main-trial-14,d,d,true,373830.30
6642df031fa926d87545bc56,main-trial-14,r,r,true,374031.90
6642df031fa926d87545bc56,main-trial-15,v,v,true,378286.30
6642df031fa926d87545bc56,main-trial-15,o,o,true,378416.10
6642df031fa926d87545bc56,main-trial-15,n,n,true,378495.30
6642df031fa926d87545bc56,main-trial-15,p,p,true,378779.40
6642df031fa926d87545bc56,main-trial-15,i,i,true,378978.00
6642df031fa926d87545bc56,main-trial-15, , ,true,379168.70
6642df031fa926d87545bc56,main-trial-15,s,s,true,379354.70
6642df031fa926d87545bc56,main-trial-15,e,e,true,379573.60
6642df031fa926d87545bc56,main-trial-15, , ,true,379727.20
6642df031fa926d87545bc56,main-trial-15,s,s,true,379843.10
6642df031fa926d87545bc56,main-trial-15,e,e,true,380036.30
6642df031fa926d87545bc56,main-trial-15, , ,true,380175.20
6642df031fa926d87545bc56,main-trial-15,s,s,true,380645.00
6642df031fa926d87545bc56,main-trial-15,e,e,true,380876.00
6642df031fa926d87545bc56,main-trial-15, , ,true,381059.50
6642df031fa926d87545bc56,main-trial-15,z,z,true,381319.00
6642df031fa926d87545bc56,main-trial-15,s,s,true,382144.30
6642df031fa926d87545bc56,main-trial-15,f,f,true,382945.70
6642df031fa926d87545bc56,main-trial-15,h,h,true,383219.40
6642df031fa926d87545bc56,main-trial-15,b,b,true,383463.30
6642df031fa926d87545bc56,main-trial-15, , ,true,383806.30
6642df031fa926d87545bc56,main-trial-15,w,w,true,384097.50
6642df031fa926d87545bc56,main-trial-15,d,d,true,384656.90
6642df031fa926d87545bc56,main-trial-15, , ,true,384880.00
6642df031fa926d87545bc56,main-trial-15,w,w,true,385016.50
6642df031fa926d87545bc56,main-trial-15,d,d,true,385116.30
6642df031fa926d87545bc56,main-trial-15, , ,true,385306.40
6642df031fa926d87545bc56,main-trial-15,w,w,true,385444.80
6642df031fa926d87545bc56,main-trial-15,d,d,true,385511.20
6642df031fa926d87545bc56,main-trial-15, , ,true,385726.30
6642df031fa926d87545bc56,main-trial-15,t,w,false,386030.20
6642df031fa926d87545bc56,main-trial-15,t,t,true,387336.00
6642df031fa926d87545bc56,main-trial-15,x,x,true,387744.30
6642df031fa926d87545bc56,main-trial-15,l,l,true,388529.70
6642df031fa926d87545bc56,main-trial-15,p,p,true,388841.70
6642df031fa926d87545bc56,main-trial-15,m,m,true,389029.20
6642df031fa926d87545bc56,main-trial-15, , ,true,389233.20
6642df031fa926d87545bc56,main-trial-15,s,s,true,389397.90
6642df031fa926d87545bc56,main-trial-15,e,e,true,389589.30
6642df031fa926d87545bc56,main-trial-15, , ,true,389754.00
6642df031fa926d87545bc56,main-trial-15,w,w,true,389957.60
6642df031fa926d87545bc56,main-trial-15,d,d,true,390065.50
6642df031fa926d87545bc56,main-trial-15, , ,true,390573.20
6642df031fa926d87545bc56,main-trial-15,s,s,true,390736.50
6642df031fa926d87545bc56,main-trial-15,e,e,true,390923.60
6642df031fa926d87545bc56,main-trial-15, , ,true,391077.20
6642df031fa926d87545bc56,main-trial-15,w,w,true,391188.20
6642df031fa926d87545bc56,main-trial-15,d,d,true,391311.70
6642df031fa926d87545bc56,main-trial-15, , ,true,391608.20
6642df031fa926d87545bc56,main-trial-15,s,s,true,391748.60
6642df031fa926d87545bc56,main-trial-15,e,e,true,391946.60
6642df031fa926d87545bc56,main-trial-15, , ,true,392089.10
6642df031fa926d87545bc56,main-trial-15,w,w,true,392223.00
6642df031fa926d87545bc56,main-trial-15,d,d,true,392304.60
6642df031fa926d87545bc56,main-trial-16,m,m,true,396094.70
6642df031fa926d87545bc56,main-trial-16,r,r,true,396698.80
6642df031fa926d87545bc56,main-trial-16,w,w,true,396997.60
6642df031fa926d87545bc56,main-trial-16,i,i,true,397132.00
6642df031fa926d87545bc56,main-trial-16,m,m,true,397294.60
6642df031fa926d87545bc56,main-trial-16, , ,true,397675.10
6642df031fa926d87545bc56,main-trial-16,w,w,true,398141.20
6642df031fa926d87545bc56,main-trial-16,f,f,true,398330.50
6642df031fa926d87545bc56,main-trial-16, , ,true,398516.10
6642df031fa926d87545bc56,main-trial-16,w,w,true,398654.40
6642df031fa926d87545bc56,main-trial-16,f,f,true,398741.40
6642df031fa926d87545bc56,main-trial-16, , ,true,398929.10
6642df031fa926d87545bc56,main-trial-16,w,w,true,399162.00
6642df031fa926d87545bc56,main-trial-16,f,f,true,399229.10
6642df031fa926d87545bc56,main-trial-16, , ,true,399419.60
6642df031fa926d87545bc56,main-trial-16,x,x,true,399921.00
6642df031fa926d87545bc56,main-trial-16,e,e,true,400218.50
6642df031fa926d87545bc56,main-trial-16,n,n,true,400399.40
6642df031fa926d87545bc56,main-trial-16,e,e,true,400544.10
6642df031fa926d87545bc56,main-trial-16,c,c,true,400831.90
6642df031fa926d87545bc56,main-trial-16, , ,true,401168.60
6642df031fa926d87545bc56,main-trial-16,s,s,true,401351.30
6642df031fa926d87545bc56,main-trial-16,r,r,true,401575.80
6642df031fa926d87545bc56,main-trial-16, , ,true,401770.60
6642df031fa926d87545bc56,main-trial-16,s,s,true,401902.80
6642df031fa926d87545bc56,main-trial-16,r,r,true,402050.30
6642df031fa926d87545bc56,main-trial-16, , ,true,402232.00
6642df031fa926d87545bc56,main-trial-16,s,s,true,402402.50
6642df031fa926d87545bc56,main-trial-16,r,r,true,402530.60
6642df031fa926d87545bc56,main-trial-16, , ,true,402720.50
6642df031fa926d87545bc56,main-trial-16,f,f,true,402985.30
6642df031fa926d87545bc56,main-trial-16,s,s,true,403331.00
6642df031fa926d87545bc56,main-trial-16,m,m,true,403727.40
6642df031fa926d87545bc56,main-trial-16,k,k,true,404056.10
6642df031fa926d87545bc56,main-trial-16,b,b,true,404515.20
6642df031fa926d87545bc56,main-trial-16, , ,true,404984.10
6642df031fa926d87545bc56,main-trial-16,w,w,true,405223.50
6642df031fa926d87545bc56,main-trial-16,f,f,true,405417.90
6642df031fa926d87545bc56,main-trial-16, , ,true,405712.00
6642df031fa926d87545bc56,main-trial-16,s,s,true,405865.60
6642df031fa926d87545bc56,main-trial-16,r,r,true,406850.20
6642df031fa926d87545bc56,main-trial-16, , ,true,407377.30
6642df031fa926d87545bc56,main-trial-16,w,w,true,407583.30
6642df031fa926d87545bc56,main-trial-16,f,f,true,407770.70
6642df031fa926d87545bc56,main-trial-16, , ,true,407966.80
6642df031fa926d87545bc56,main-trial-16,s,s,true,408108.90
6642df031fa926d87545bc56,main-trial-16,r,r,true,408297.40
6642df031fa926d87545bc56,main-trial-16, , ,true,408577.20
6642df031fa926d87545bc56,main-trial-16,w,w,true,408993.00
6642df031fa926d87545bc56,main-trial-16,f,f,true,409196.10
6642df031fa926d87545bc56,main-trial-16, , ,true,409438.50
6642df031fa926d87545bc56,main-trial-16,s,s,true,409561.70
6642df031fa926d87545bc56,main-trial-16,r,r,true,409746.40
6642df031fa926d87545bc56,main-trial-17,n,n,true,414197.50
6642df031fa926d87545bc56,main-trial-17,j,j,true,414389.70
6642df031fa926d87545bc56,main-trial-17,d,d,true,414745.00
6642df031fa926d87545bc56,main-trial-17,o,o,true,414864.80
6642df031fa926d87545bc56,main-trial-17,a,r,false,415035.60
6642df031fa926d87545bc56,main-trial-17,a,a,true,415433.20
6642df031fa926d87545bc56,main-trial-17, , ,true,415688.40
6642df031fa926d87545bc56,main-trial-17,d,d,true,415920.90
6642df031fa926d87545bc56,main-trial-17,s,f,false,416111.80
6642df031fa926d87545bc56,main-trial-17,s,s,true,416449.50
6642df031fa926d87545bc56,main-trial-17, , ,true,416709.80
6642df031fa926d87545bc56,main-trial-17,d,d,true,416873.90
6642df031fa926d87545bc56,main-trial-17,s,s,true,416989.10
6642df031fa926d87545bc56,main-trial-17, , ,true,417316.60
6642df031fa926d87545bc56,main-trial-17,d,d,true,417457.70
6642df031fa926d87545bc56,main-trial-17,s,s,true,417501.20
6642df031fa926d87545bc56,main-trial-17, , ,true,417894.10
6642df031fa926d87545bc56,main-trial-17,s,s,true,418207.60
6642df031fa926d87545bc56,main-trial-17,q,q,true,418506.40
6642df031fa926d87545bc56,main-trial-17,j,j,true,419116.80
6642df031fa926d87545bc56,main-trial-17,n,n,true,419370.50
6642df031fa926d87545bc56,main-trial-17,a,a,true,419483.90
6642df031fa926d87545bc56,main-trial-17, , ,true,419778.50
6642df031fa926d87545bc56,main-trial-17,w,w,true,420028.00
6642df031fa926d87545bc56,main-trial-17,d,d,true,420272.90
6642df031fa926d87545bc56,main-trial-17, , ,true,420563.90
6642df031fa926d87545bc56,main-trial-17,w,w,true,420715.60
6642df031fa926d87545bc56,main-trial-17,d,d,true,420810.80
6642df031fa926d87545bc56,main-trial-17, , ,true,421000.80
6642df031fa926d87545bc56,main-trial-17,w,w,true,421162.40
6642df031fa926d87545bc56,main-trial-17,d,d,true,421251.50
6642df031fa926d87545bc56,main-trial-17, , ,true,421502.20
6642df031fa926d87545bc56,main-trial-17,p,p,true,422589.10
6642df031fa926d87545bc56,main-trial-17,b,b,true,422917.80
6642df031fa926d87545bc56,main-trial-17,w,q,false,423518.30
6642df031fa926d87545bc56,main-trial-17,w,k,false,423801.70
6642df031fa926d87545bc56,main-trial-17,w,w,true,424163.60
6642df031fa926d87545bc56,main-trial-17,k,k,true,424485.00
6642df031fa926d87545bc56,main-trial-17,c,c,true,424604.60
6642df031fa926d87545bc56,main-trial-17, , ,true,425127.10
6642df031fa926d87545bc56,main-trial-17,d,d,true,425613.80
6642df031fa926d87545bc56,main-trial-17,s,s,true,425692.30
6642df031fa926d87545bc56,main-trial-17, , ,true,426022.00
6642df031fa926d87545bc56,main-trial-17,w,w,true,426209.40
6642df031fa926d87545bc56,main-trial-17,d,d,true,426380.60
6642df031fa926d87545bc56,main-trial-17, , ,true,426612.40
6642df031fa926d87545bc56,main-trial-17,d,d,true,426757.20
6642df031fa926d87545bc56,main-trial-17,s,s,true,426851.70
6642df031fa926d87545bc56,main-trial-17, , ,true,427162.90
6642df031fa926d87545bc56,main-trial-17,w,w,true,427382.20
6642df031fa926d87545bc56,main-trial-17,d,d,true,427464.20
6642df031fa926d87545bc56,main-trial-17, , ,true,428117.30
6642df031fa926d87545bc56,main-trial-17,d,d,true,428338.40
6642df031fa926d87545bc56,main-trial-17,s,s,true,428434.30
6642df031fa926d87545bc56,main-trial-17, , ,true,428641.30
6642df031fa926d87545bc56,main-trial-17,w,w,true,428788.30
6642df031fa926d87545bc56,main-trial-17,d,d,true,428865.90
6642df031fa926d87545bc56,main-trial-18,v,v,true,433925.70
6642df031fa926d87545bc56,main-trial-18,t,t,true,434204.60
6642df031fa926d87545bc56,main-trial-18,v,v,true,436212.20
6642df031fa926d87545bc56,main-trial-18,z,z,true,436570.10
6642df031fa926d87545bc56,main-trial-18,x,x,true,436753.40
6642df031fa926d87545bc56,main-trial-18, , ,true,437172.70
6642df031fa926d87545bc56,main-trial-18,f,f,true,437557.20
6642df031fa926d87545bc56,main-trial-18,d,d,true,437860.50
6642df031fa926d87545bc56,main-trial-18, , ,true,438051.50
6642df031fa926d87545bc56,main-trial-18,f,f,true,438197.20
6642df031fa926d87545bc56,main-trial-18,d,d,true,438301.90
6642df031fa926d87545bc56,main-trial-18, , ,true,438510.40
6642df031fa926d87545bc56,main-trial-18,f,f,true,438695.50
6642df031fa926d87545bc56,main-trial-18,d,d,true,438773.70
6642df031fa926d87545bc56,main-trial-18, , ,true,439053.10
6642df031fa926d87545bc56,main-trial-18,y,y,true,439565.80
6642df031fa926d87545bc56,main-trial-18,d,d,true,439726.30
6642df031fa926d87545bc56,main-trial-18,u,u,true,439881.30
6642df031fa926d87545bc56,main-trial-18,f,f,true,440713.20
6642df031fa926d87545bc56,main-trial-18,d,d,true,440922.50
6642df031fa926d87545bc56,main-trial-18, , ,true,441202.50
6642df031fa926d87545bc56,main-trial-18,f,f,true,441355.20
6642df031fa926d87545bc56,main-trial-18,r,r,true,441539.10
6642df031fa926d87545bc56,main-trial-18, , ,true,441694.00
6642df031fa926d87545bc56,main-trial-18,f,f,true,441807.90
6642df031fa926d87545bc56,main-trial-18,r,r,true,442020.90
6642df031fa926d87545bc56,main-trial-18, , ,true,442174.50
6642df031fa926d87545bc56,main-trial-18,f,f,true,442297.10
6642df031fa926d87545bc56,main-trial-18,r,r,true,442506.60
6642df031fa926d87545bc56,main-trial-18, , ,true,442671.30
6642df031fa926d87545bc56,main-trial-18,d,d,true,443130.80
6642df031fa926d87545bc56,main-trial-18,p,p,true,443356.80
6642df031fa926d87545bc56,main-trial-18,x,x,true,443746.70
6642df031fa926d87545bc56,main-trial-18,t,t,true,444160.70
6642df031fa926d87545bc56,main-trial-18,w,w,true,444536.20
6642df031fa926d87545bc56,main-trial-18, , ,true,444855.50
6642df031fa926d87545bc56,main-trial-18,f,d,false,445062.20
6642df031fa926d87545bc56,main-trial-18,f,f,true,445381.70
6642df031fa926d87545bc56,main-trial-18,d,d,true,445601.00
6642df031fa926d87545bc56,main-trial-18, , ,true,445727.30
6642df031fa926d87545bc56,main-trial-18,f,f,true,445877.50
6642df031fa926d87545bc56,main-trial-18,r,r,true,446084.10
6642df031fa926d87545bc56,main-trial-18, , ,true,446318.10
6642df031fa926d87545bc56,main-trial-18,f,f,true,446488.80
6642df031fa926d87545bc56,main-trial-18,d,d,true,446683.40
6642df031fa926d87545bc56,main-trial-18, , ,true,446873.50
6642df031fa926d87545bc56,main-trial-18,f,f,true,447033.90
6642df031fa926d87545bc56,main-trial-18,r,r,true,447197.70
6642df031fa926d87545bc56,main-trial-18, , ,true,447427.80
6642df031fa926d87545bc56,main-trial-18,f,f,true,447599.50
6642df031fa926d87545bc56,main-trial-18,d,d,true,447808.00
6642df031fa926d87545bc56,main-trial-18, , ,true,447976.90
6642df031fa926d87545bc56,main-trial-18,f,f,true,448093.20
6642df031fa926d87545bc56,main-trial-18,r,r,true,448293.50
6642df031fa926d87545bc56,main-trial-19,s,s,true,452306.30
6642df031fa926d87545bc56,main-trial-19,z,z,true,452837.70
6642df031fa926d87545bc56,main-trial-19,x,x,true,453169.60
6642df031fa926d87545bc56,main-trial-19,k,k,true,453381.40
6642df031fa926d87545bc56,main-trial-19,p,p,true,453631.70
6642df031fa926d87545bc56,main-trial-19, , ,true,454002.00
6642df031fa926d87545bc56,main-trial-19,x,s,false,454290.40
6642df031fa926d87545bc56,main-trial-19,x,x,true,454568.10
6642df031fa926d87545bc56,main-trial-19,c, ,false,454917.40
6642df031fa926d87545bc56,main-trial-19,c,s,false,455023.80
6642df031fa926d87545bc56,main-trial-19,c,x,false,455243.50
6642df031fa926d87545bc56,main-trial-19,c, ,false,455459.70
6642df031fa926d87545bc56,main-trial-19,c,j,false,456021.10
6642df031fa926d87545bc56,main-trial-19,c,z,false,456356.00
6642df031fa926d87545bc56,main-trial-19,c,k,false,456679.30
6642df031fa926d87545bc56,main-trial-19,c,s,false,457573.60
6642df031fa926d87545bc56,main-trial-19,c,c,true,458871.00
6642df031fa926d87545bc56,main-trial-19, , ,true,459599.20
6642df031fa926d87545bc56,main-trial-19,x,x,true,459919.30
6642df031fa926d87545bc56,main-trial-19,c,c,true,460140.70
6642df031fa926d87545bc56,main-trial-19, , ,true,460283.10
6642df031fa926d87545bc56,main-trial-19,x,x,true,460445.90
6642df031fa926d87545bc56,main-trial-19,c,c,true,460634.90
6642df031fa926d87545bc56,main-trial-19, , ,true,460772.50
6642df031fa926d87545bc56,main-trial-19,j,j,true,461119.90
6642df031fa926d87545bc56,main-trial-19,z,z,true,461286.00
6642df031fa926d87545bc56,main-trial-19,k,k,true,461484.30
6642df031fa926d87545bc56,main-trial-19,r,r,true,461813.50
6642df031fa926d87545bc56,main-trial-19,h,h,true,462135.80
6642df031fa926d87545bc56,main-trial-19, , ,true,462388.90
6642df031fa926d87545bc56,main-trial-19,c,c,true,462726.40
6642df031fa926d87545bc56,main-trial-19,e,e,true,462971.50
6642df031fa926d87545bc56,main-trial-19, , ,true,463162.60
6642df031fa926d87545bc56,main-trial-19,c,c,true,463296.30
6642df031fa926d87545bc56,main-trial-19,e,e,true,463395.20
6642df031fa926d87545bc56,main-trial-19, , ,true,463567.50
6642df031fa926d87545bc56,main-trial-19,c,c,true,463721.10
6642df031fa926d87545bc56,main-trial-19,e,e,true,463808.80
6642df031fa926d87545bc56,main-trial-19, , ,true,463981.70
6642df031fa926d87545bc56,main-trial-19,k,k,true,464201.40
6642df031fa926d87545bc56,main-trial-19,c,c,true,464395.80
6642df031fa926d87545bc56,main-trial-19,r,r,true,464763.30
6642df031fa926d87545bc56,main-trial-19,w,w,true,465225.70
6642df031fa926d87545bc56,main-trial-19,v,b,false,465506.20
6642df031fa926d87545bc56,main-trial-19,v,y,false,466178.50
6642df031fa926d87545bc56,main-trial-19,v,v,true,468739.40
6642df031fa926d87545bc56,main-trial-19, , ,true,469047.80
6642df031fa926d87545bc56,main-trial-19,x,x,true,469526.50
6642df031fa926d87545bc56,main-trial-19,c,c,true,469812.40
6642df031fa926d87545bc56,main-trial-19, , ,true,470136.10
6642df031fa926d87545bc56,main-trial-19,c,c,true,470397.70
6642df031fa926d87545bc56,main-trial-19,e,e,true,470672.00
6642df031fa926d87545bc56,main-trial-19, , ,true,470903.50
6642df031fa926d87545bc56,main-trial-19,x,x,true,471167.60
6642df031fa926d87545bc56,main-trial-19,c,c,true,471401.20
6642df031fa926d87545bc56,main-trial-19, , ,true,471566.40
6642df031fa926d87545bc56,main-trial-19,c,c,true,471769.60
6642df031fa926d87545bc56,main-trial-19,e,e,true,471930.90
6642df031fa926d87545bc56,main-trial-19, , ,true,472147.40
6642df031fa926d87545bc56,main-trial-19,x,x,true,472394.10
6642df031fa926d87545bc56,main-trial-19,c,c,true,472609.00
6642df031fa926d87545bc56,main-trial-19, , ,true,472844.50
6642df031fa926d87545bc56,main-trial-19,c,c,true,473130.80
6642df031fa926d87545bc56,main-trial-19,e,e,true,473360.30
6642df031fa926d87545bc56,main-trial-20,g,g,true,477493.30
6642df031fa926d87545bc56,main-trial-20,i,i,true,477556.00
6642df031fa926d87545bc56,main-trial-20,r,r,true,477700.70
6642df031fa926d87545bc56,main-trial-20,j,j,true,478186.40
6642df031fa926d87545bc56,main-trial-20,e,d,false,478290.40
6642df031fa926d87545bc56,main-trial-20,e,e,true,478406.50
6642df031fa926d87545bc56,main-trial-20, , ,true,478723.20
6642df031fa926d87545bc56,main-trial-20,d,d,true,479173.00
6642df031fa926d87545bc56,main-trial-20,f,f,true,479378.00
6642df031fa926d87545bc56,main-trial-20, , ,true,479495.40
6642df031fa926d87545bc56,main-trial-20,d,d,true,479658.40
6642df031fa926d87545bc56,main-trial-20,f,f,true,479844.20
6642df031fa926d87545bc56,main-trial-20, , ,true,480001.10
6642df031fa926d87545bc56,main-trial-20,d,d,true,480128.20
6642df031fa926d87545bc56,main-trial-20,f,f,true,480333.30
6642df031fa926d87545bc56,main-trial-20, , ,true,480473.30
6642df031fa926d87545bc56,main-trial-20,l,l,true,480691.00
6642df031fa926d87545bc56,main-trial-20,y,y,true,480884.50
6642df031fa926d87545bc56,main-trial-20,q,q,true,481568.10
6642df031fa926d87545bc56,main-trial-20,x,x,true,482140.80
6642df031fa926d87545bc56,main-trial-20,g,g,true,482737.70
6642df031fa926d87545bc56,main-trial-20, , ,true,483284.80
6642df031fa926d87545bc56,main-trial-20,f,f,true,483561.10
6642df031fa926d87545bc56,main-trial-20,g,g,true,483788.30
6642df031fa926d87545bc56,main-trial-20, , ,true,483887.00
6642df031fa926d87545bc56,main-trial-20,f,f,true,484052.10
6642df031fa926d87545bc56,main-trial-20,g,g,true,484246.80
6642df031fa926d87545bc56,main-trial-20, , ,true,484381.50
6642df031fa926d87545bc56,main-trial-20,f,f,true,484548.60
6642df031fa926d87545bc56,main-trial-20,g,g,true,484736.10
6642df031fa926d87545bc56,main-trial-20, , ,true,484895.10
6642df031fa926d87545bc56,main-trial-20,s,s,true,485562.00
6642df031fa926d87545bc56,main-trial-20,x,x,true,485773.20
6642df031fa926d87545bc56,main-trial-20,h,h,true,486494.00
6642df031fa926d87545bc56,main-trial-20,v,v,true,486693.80
6642df031fa926d87545bc56,main-trial-20,u,e,false,486962.10
6642df031fa926d87545bc56,main-trial-20,u, ,false,487324.40
6642df031fa926d87545bc56,main-trial-20,u,u,true,488278.80
6642df031fa926d87545bc56,main-trial-20, , ,true,488639.20
6642df031fa926d87545bc56,main-trial-20,d,d,true,489378.80
6642df031fa926d87545bc56,main-trial-20,f,f,true,489573.10
6642df031fa926d87545bc56,main-trial-20, , ,true,490271.30
6642df031fa926d87545bc56,main-trial-20,f,f,true,491956.00
6642df031fa926d87545bc56,main-trial-20,g,g,true,492203.50
6642df031fa926d87545bc56,main-trial-20, , ,true,492485.50
6642df031fa926d87545bc56,main-trial-20,d,d,true,492687.10
6642df031fa926d87545bc56,main-trial-20,f,f,true,492907.80
6642df031fa926d87545bc56,main-trial-20, , ,true,493132.20
6642df031fa926d87545bc56,main-trial-20,f,f,true,493285.60
6642df031fa926d87545bc56,main-trial-20,g,g,true,493462.50
6642df031fa926d87545bc56,main-trial-20, , ,true,493669.30
6642df031fa926d87545bc56,main-trial-20,d,d,true,494180.60
6642df031fa926d87545bc56,main-trial-20,f,f,true,494376.70
6642df031fa926d87545bc56,main-trial-20, , ,true,494553.30
6642df031fa926d87545bc56,main-trial-20,f,f,true,494669.30
6642df031fa926d87545bc56,main-trial-20,g,g,true,494846.10
6642df031fa926d87545bc56,main-trial-21,o,o,true,499070.60
6642df031fa926d87545bc56,main-trial-21,u,u,true,499427.60
6642df031fa926d87545bc56,main-trial-21,y,y,true,500137.00
6642df031fa926d87545bc56,main-trial-21,u,u,true,500264.40
6642df031fa926d87545bc56,main-trial-21,m,m,true,500508.60
6642df031fa926d87545bc56,main-trial-21, , ,true,500670.50
6642df031fa926d87545bc56,main-trial-21,s,s,true,500844.30
6642df031fa926d87545bc56,main-trial-21,r,r,true,501027.10
6642df031fa926d87545bc56,main-trial-21, , ,true,501231.20
6642df031fa926d87545bc56,main-trial-21,s,s,true,501412.60
6642df031fa926d87545bc56,main-trial-21,r,r,true,501566.40
6642df031fa926d87545bc56,main-trial-21, , ,true,501728.30
6642df031fa926d87545bc56,main-trial-21,s,s,true,501862.90
6642df031fa926d87545bc56,main-trial-21,r,r,true,502022.10
6642df031fa926d87545bc56,main-trial-21, , ,true,502159.70
6642df031fa926d87545bc56,main-trial-21,n,n,true,502734.70
6642df031fa926d87545bc56,main-trial-21,e,e,true,502945.80
6642df031fa926d87545bc56,main-trial-21,o,o,true,503126.60
6642df031fa926d87545bc56,main-trial-21,o,o,true,503479.50
6642df031fa926d87545bc56,main-trial-21,v,v,true,503752.60
6642df031fa926d87545bc56,main-trial-21, , ,true,504075.20
6642df031fa926d87545bc56,main-trial-21,w,w,true,504335.20
6642df031fa926d87545bc56,main-trial-21,f,f,true,504480.70
6642df031fa926d87545bc56,main-trial-21, , ,true,504702.80
6642df031fa926d87545bc56,main-trial-21,w,w,true,504868.10
6642df031fa926d87545bc56,main-trial-21,f,f,true,504965.80
6642df031fa926d87545bc56,main-trial-21, , ,true,505375.70
6642df031fa926d87545bc56,main-trial-21,w,w,true,505542.70
6642df031fa926d87545bc56,main-trial-21,f,f,true,505673.60
6642df031fa926d87545bc56,main-trial-21, , ,true,506025.80
6642df031fa926d87545bc56,main-trial-21,y,y,true,506347.30
6642df031fa926d87545bc56,main-trial-21,o,o,true,506467.20
6642df031fa926d87545bc56,main-trial-21,u,u,true,506553.90
6642df031fa926d87545bc56,main-trial-21,v,v,true,506987.80
6642df031fa926d87545bc56,main-trial-21,l,l,true,507479.50
6642df031fa926d87545bc56,main-trial-21, , ,true,507836.40
6642df031fa926d87545bc56,main-trial-21,s,s,true,508008.30
6642df031fa926d87545bc56,main-trial-21,r,t,false,508293.10
6642df031fa926d87545bc56,main-trial-21,r,r,true,508831.50
6642df031fa926d87545bc56,main-trial-21, , ,true,509175.70
6642df031fa926d87545bc56,main-trial-21,w,w,true,509383.40
6642df031fa926d87545bc56,main-trial-21,f,f,true,509566.70
6642df031fa926d87545bc56,main-trial-21, , ,true,509976.20
6642df031fa926d87545bc56,main-trial-21,s,s,true,510178.40
6642df031fa926d87545bc56,main-trial-21,r,r,true,510348.50
6642df031fa926d87545bc56,main-trial-21, , ,true,510556.50
6642df031fa926d87545bc56,main-trial-21,w,w,true,510669.40
6642df031fa926d87545bc56,main-trial-21,f,f,true,510836.70
6642df031fa926d87545bc56,main-trial-21, , ,true,511052.00
6642df031fa926d87545bc56,main-trial-21,s,s,true,511197.70
6642df031fa926d87545bc56,main-trial-21,r,r,true,511387.30
6642df031fa926d87545bc56,main-trial-21, , ,true,511587.00
6642df031fa926d87545bc56,main-trial-21,w,w,true,511741.70
6642df031fa926d87545bc56,main-trial-21,f,f,true,511880.00
6642df031fa926d87545bc56,main-trial-22,e,e,true,515433.20
6642df031fa926d87545bc56,main-trial-22,c,c,true,515776.30
6642df031fa926d87545bc56,main-trial-22,z,z,true,517758.90
6642df031fa926d87545bc56,main-trial-22,r,f,false,518133.30
6642df031fa926d87545bc56,main-trial-22,r,r,true,518633.70
6642df031fa926d87545bc56,main-trial-22,z,z,true,518958.00
6642df031fa926d87545bc56,main-trial-22, , ,true,519239.70
6642df031fa926d87545bc56,main-trial-22,s,s,true,519734.10
6642df031fa926d87545bc56,main-trial-22,f,f,true,519833.10
6642df031fa926d87545bc56,main-trial-22, , ,true,520052.60
6642df031fa926d87545bc56,main-trial-22,s,s,true,520181.70
6642df031fa926d87545bc56,main-trial-22,f,f,true,520275.20
6642df031fa926d87545bc56,main-trial-22, , ,true,520457.80
6642df031fa926d87545bc56,main-trial-22,s,s,true,520653.90
6642df031fa926d87545bc56,main-trial-22,f,f,true,520728.60
6642df031fa926d87545bc56,main-trial-22, , ,true,520996.10
6642df031fa926d87545bc56,main-trial-22,h,h,true,521519.20
6642df031fa926d87545bc56,main-trial-22,f,j,false,521920.80
6642df031fa926d87545bc56,main-trial-22,f,k,false,522376.30
6642df031fa926d87545bc56,main-trial-22,f,f,true,523461.00
6642df031fa926d87545bc56,main-trial-22,j,j,true,523652.90
6642df031fa926d87545bc56,main-trial-22,k,k,true,523892.60
6642df031fa926d87545bc56,main-trial-22,k,k,true,524038.20
6642df031fa926d87545bc56,main-trial-22, , ,true,524259.00
6642df031fa926d87545bc56,main-trial-22,b,b,true,524495.40
6642df031fa926d87545bc56,main-trial-22,e,r,false,524601.00
6642df031fa926d87545bc56,main-trial-22,e,e,true,524968.90
6642df031fa926d87545bc56,main-trial-22, , ,true,525234.10
6642df031fa926d87545bc56,main-trial-22,b,b,true,525490.80
6642df031fa926d87545bc56,main-trial-22,e,e,true,525613.40
6642df031fa926d87545bc56,main-trial-22, , ,true,525806.10
6642df031fa926d87545bc56,main-trial-22,b,b,true,526015.40
6642df031fa926d87545bc56,main-trial-22,e,e,true,526106.00
6642df031fa926d87545bc56,main-trial-22, , ,true,526292.60
6642df031fa926d87545bc56,main-trial-22,d,d,true,527090.20
6642df031fa926d87545bc56,main-trial-22,q,q,true,527399.70
6642df031fa926d87545bc56,main-trial-22,h,k,false,527725.30
6642df031fa926d87545bc56,main-trial-22,h,b,false,528201.80
6642df031fa926d87545bc56,main-trial-22,h,j,false,528503.50
6642df031fa926d87545bc56,main-trial-22,h,b,false,528820.70
6642df031fa926d87545bc56,main-trial-22,h,u,false,529037.40
6642df031fa926d87545bc56,main-trial-22,h,h,true,529962.90
6642df031fa926d87545bc56,main-trial-22,v,v,true,530236.00
6642df031fa926d87545bc56,main-trial-22,u,u,true,530453.20
6642df031fa926d87545bc56,main-trial-22, , ,true,530855.80
6642df031fa926d87545bc56,main-trial-22,s,s,true,531542.30
6642df031fa926d87545bc56,main-trial-22,f,f,true,531776.30
6642df031fa926d87545bc56,main-trial-22, , ,true,532080.80
6642df031fa926d87545bc56,main-trial-22,b,b,true,532438.10
6642df031fa926d87545bc56,main-trial-22,e,e,true,532565.70
6642df031fa926d87545bc56,main-trial-22, , ,true,532941.30
6642df031fa926d87545bc56,main-trial-22,s,s,true,533141.20
6642df031fa926d87545bc56,main-trial-22,f,f,true,533237.40
6642df031fa926d87545bc56,main-trial-22, , ,true,533420.70
6642df031fa926d87545bc56,main-trial-22,b,b,true,533617.00
6642df031fa926d87545bc56,main-trial-22,e,e,true,533727.70
6642df031fa926d87545bc56,main-trial-22, , ,true,533870.30
6642df031fa926d87545bc56,main-trial-22,s,s,true,534157.60
6642df031fa926d87545bc56,main-trial-22,f,f,true,534370.20
6642df031fa926d87545bc56,main-trial-22, , ,true,534857.30
6642df031fa926d87545bc56,main-trial-22,b,b,true,535060.00
6642df031fa926d87545bc56,main-trial-22,e,e,true,535181.70
6642df031fa926d87545bc56,main-trial-23,q,q,true,539877.30
6642df031fa926d87545bc56,main-trial-23,g,g,true,540213.00
6642df031fa926d87545bc56,main-trial-23,e,e,true,540551.80
6642df031fa926d87545bc56,main-trial-23,r,r,true,540636.40
6642df031fa926d87545bc56,main-trial-23,s,s,true,541115.50
6642df031fa926d87545bc56,main-trial-23, , ,true,541404.70
6642df031fa926d87545bc56,main-trial-23,a,a,true,541547.00
6642df031fa926d87545bc56,main-trial-23,a,a,true,541711.10
6642df031fa926d87545bc56,main-trial-23, , ,true,541876.90
6642df031fa926d87545bc56,main-trial-23,a,a,true,542018.00
6642df031fa926d87545bc56,main-trial-23,a,a,true,542166.20
6642df031fa926d87545bc56,main-trial-23, , ,true,542303.30
6642df031fa926d87545bc56,main-trial-23,a,a,true,542483.30
6642df031fa926d87545bc56,main-trial-23,a,a,true,542643.40
6642df031fa926d87545bc56,main-trial-23, , ,true,542894.10
6642df031fa926d87545bc56,main-trial-23,s,s,true,543192.20
6642df031fa926d87545bc56,main-trial-23,v,v,true,543778.90
6642df031fa926d87545bc56,main-trial-23,e,e,true,544078.40
6642df031fa926d87545bc56,main-trial-23,m,m,true,544312.50
6642df031fa926d87545bc56,main-trial-23,e,e,true,544493.90
6642df031fa926d87545bc56,main-trial-23, , ,true,544704.00
6642df031fa926d87545bc56,main-trial-23,f,f,true,544903.90
6642df031fa926d87545bc56,main-trial-23,f,f,true,545060.00
6642df031fa926d87545bc56,main-trial-23, , ,true,545260.70
6642df031fa926d87545bc56,main-trial-23,f,f,true,545432.80
6642df031fa926d87545bc56,main-trial-23,f,f,true,545576.90
6642df031fa926d87545bc56,main-trial-23, , ,true,545756.20
6642df031fa926d87545bc56,main-trial-23,f,f,true,545918.30
6642df031fa926d87545bc56,main-trial-23,f,f,true,546083.40
6642df031fa926d87545bc56,main-trial-23, , ,true,546352.60
6642df031fa926d87545bc56,main-trial-23,r,r,true,546604.00
6642df031fa926d87545bc56,main-trial-23,h,h,true,546990.10
6642df031fa926d87545bc56,main-trial-23,r,r,true,547577.40
6642df031fa926d87545bc56,main-trial-23,q,q,true,548430.10
6642df031fa926d87545bc56,main-trial-23,j,j,true,548689.20
6642df031fa926d87545bc56,main-trial-23, , ,true,549006.70
6642df031fa926d87545bc56,main-trial-23,a,a,true,549218.60
6642df031fa926d87545bc56,main-trial-23,a,a,true,549387.50
6642df031fa926d87545bc56,main-trial-23, , ,true,549568.60
6642df031fa926d87545bc56,main-trial-23,f,f,true,549744.00
6642df031fa926d87545bc56,main-trial-23,f,f,true,549884.60
6642df031fa926d87545bc56,main-trial-23, , ,true,550060.30
6642df031fa926d87545bc56,main-trial-23,a,a,true,550210.00
6642df031fa926d87545bc56,main-trial-23,a,a,true,550383.90
6642df031fa926d87545bc56,main-trial-23, , ,true,550717.50
6642df031fa926d87545bc56,main-trial-23,f,f,true,550951.80
6642df031fa926d87545bc56,main-trial-23,f,f,true,551089.20
6642df031fa926d87545bc56,main-trial-23, , ,true,551405.10
6642df031fa926d87545bc56,main-trial-23,a,a,true,551564.50
6642df031fa926d87545bc56,main-trial-23,a,a,true,551712.00
6642df031fa926d87545bc56,main-trial-23, ,f,false,552019.80
6642df031fa926d87545bc56,main-trial-23, , ,true,552392.60
6642df031fa926d87545bc56,main-trial-23,f,f,true,552724.80
6642df031fa926d87545bc56,main-trial-23,f,f,true,552859.40
6642df031fa926d87545bc56,main-trial-24,x,x,true,556993.90
6642df031fa926d87545bc56,main-trial-24,n,n,true,557097.30
6642df031fa926d87545bc56,main-trial-24,y,y,true,557396.40
6642df031fa926d87545bc56,main-trial-24,n,n,true,558344.50
6642df031fa926d87545bc56,main-trial-24,d,d,true,558537.10
6642df031fa926d87545bc56,main-trial-24, , ,true,558740.50
6642df031fa926d87545bc56,main-trial-24,w,w,true,558902.90
6642df031fa926d87545bc56,main-trial-24,d,d,true,559455.00
6642df031fa926d87545bc56,main-trial-24, , ,true,559656.80
6642df031fa926d87545bc56,main-trial-24,w,w,true,559835.50
6642df031fa926d87545bc56,main-trial-24,d,d,true,559921.80
6642df031fa926d87545bc56,main-trial-24, , ,true,560138.50
6642df031fa926d87545bc56,main-trial-24,w,w,true,560279.00
6642df031fa926d87545bc56,main-trial-24,d,d,true,560358.00
6642df031fa926d87545bc56,main-trial-24, , ,true,560584.60
6642df031fa926d87545bc56,main-trial-24,o,o,true,561083.50
6642df031fa926d87545bc56,main-trial-24,t,t,true,561152.50
6642df031fa926d87545bc56,main-trial-24,m,m,true,561459.70
6642df031fa926d87545bc56,main-trial-24,n,n,true,561711.90
6642df031fa926d87545bc56,main-trial-24,x,x,true,562006.60
6642df031fa926d87545bc56,main-trial-24, ,s,false,562231.70
6642df031fa926d87545bc56,main-trial-24, , ,true,562690.60
6642df031fa926d87545bc56,main-trial-24,d,d,true,563077.90
6642df031fa926d87545bc56,main-trial-24,s,s,true,563188.90
6642df031fa926d87545bc56,main-trial-24, , ,true,563460.90
6642df031fa926d87545bc56,main-trial-24,d,d,true,563562.30
6642df031fa926d87545bc56,main-trial-24,s,s,true,563657.50
6642df031fa926d87545bc56,main-trial-24, , ,true,563901.90
6642df031fa926d87545bc56,main-trial-24,d,d,true,564047.90
6642df031fa926d87545bc56,main-trial-24,s,s,true,564123.00
6642df031fa926d87545bc56,main-trial-24, , ,true,564463.40
6642df031fa926d87545bc56,main-trial-24,u,u,true,565205.70
6642df031fa926d87545bc56,main-trial-24,y,y,true,565596.90
6642df031fa926d87545bc56,main-trial-24,i,i,true,566414.90
6642df031fa926d87545bc56,main-trial-24,q,g,false,566585.30
6642df031fa926d87545bc56,main-trial-24,q,r,false,566899.40
6642df031fa926d87545bc56,main-trial-24,q, ,false,567213.80
6642df031fa926d87545bc56,main-trial-24,q,w,false,567405.30
6642df031fa926d87545bc56,main-trial-24,q,q,true,568407.80
6642df031fa926d87545bc56,main-trial-24,r,u,false,568621.40
6642df031fa926d87545bc56,main-trial-24,r,r,true,569165.10
6642df031fa926d87545bc56,main-trial-24, , ,true,569480.70
6642df031fa926d87545bc56,main-trial-24,w,w,true,569757.30
6642df031fa926d87545bc56,main-trial-24,d,d,true,570418.90
6642df031fa926d87545bc56,main-trial-24, , ,true,570807.40
6642df031fa926d87545bc56,main-trial-24,d,d,true,571058.40
6642df031fa926d87545bc56,main-trial-24,s,s,true,571414.90
6642df031fa926d87545bc56,main-trial-24, , ,true,571716.20
6642df031fa926d87545bc56,main-trial-24,w,w,true,571945.50
6642df031fa926d87545bc56,main-trial-24,d,d,true,572137.10
6642df031fa926d87545bc56,main-trial-24, , ,true,572330.70
6642df031fa926d87545bc56,main-trial-24,d,d,true,572524.80
6642df031fa926d87545bc56,main-trial-24,s,s,true,572659.40
6642df031fa926d87545bc56,main-trial-24, ,w,false,573101.20
6642df031fa926d87545bc56,main-trial-24, , ,true,573225.00
6642df031fa926d87545bc56,main-trial-24,w,w,true,573576.50
6642df031fa926d87545bc56,main-trial-24,d,d,true,573730.20
6642df031fa926d87545bc56,main-trial-24, , ,true,574016.50
6642df031fa926d87545bc56,main-trial-24,d,d,true,574234.20
6642df031fa926d87545bc56,main-trial-24,s,s,true,574323.80
6642df031fa926d87545bc56,main-trial-25,r,r,true,580014.90
6642df031fa926d87545bc56,main-trial-25,w,w,true,580607.20
6642df031fa926d87545bc56,main-trial-25,y,y,true,581447.00
6642df031fa926d87545bc56,main-trial-25,w,w,true,581645.80
6642df031fa926d87545bc56,main-trial-25,t,t,true,581782.80
6642df031fa926d87545bc56,main-trial-25, , ,true,581971.10
6642df031fa926d87545bc56,main-trial-25,f,f,true,582132.60
6642df031fa926d87545bc56,main-trial-25,r,r,true,582323.80
6642df031fa926d87545bc56,main-trial-25, ,f,false,582604.20
6642df031fa926d87545bc56,main-trial-25, , ,true,582675.40
6642df031fa926d87545bc56,main-trial-25,f,f,true,583582.80
6642df031fa926d87545bc56,main-trial-25,r,r,true,583753.80
6642df031fa926d87545bc56,main-trial-25, , ,true,584040.30
6642df031fa926d87545bc56,main-trial-25,f,f,true,584215.40
6642df031fa926d87545bc56,main-trial-25,r,r,true,584393.90
6642df031fa926d87545bc56,main-trial-25, , ,true,584587.20
6642df031fa926d87545bc56,main-trial-25,k,k,true,584941.90
6642df031fa926d87545bc56,main-trial-25,l,l,true,585186.20
6642df031fa926d87545bc56,main-trial-25,r,r,true,585436.50
6642df031fa926d87545bc56,main-trial-25,g,g,true,585799.90
6642df031fa926d87545bc56,main-trial-25,f,f,true,586157.80
6642df031fa926d87545bc56,main-trial-25, , ,true,586473.90
6642df031fa926d87545bc56,main-trial-25,f,f,true,586675.80
6642df031fa926d87545bc56,main-trial-25,d,d,true,586870.10
6642df031fa926d87545bc56,main-trial-25, , ,true,587163.80
6642df031fa926d87545bc56,main-trial-25,f,f,true,588644.00
6642df031fa926d87545bc56,main-trial-25,d,d,true,588856.30
6642df031fa926d87545bc56,main-trial-25, , ,true,589058.70
6642df031fa926d87545bc56,main-trial-25,f,f,true,589267.00
6642df031fa926d87545bc56,main-trial-25,d,d,true,589469.80
6642df031fa926d87545bc56,main-trial-25, , ,true,589650.10
6642df031fa926d87545bc56,main-trial-25,f,f,true,589829.30
6642df031fa926d87545bc56,main-trial-25,z,z,true,590108.80
6642df031fa926d87545bc56,main-trial-25,d,d,true,590710.40
6642df031fa926d87545bc56,main-trial-25,t,t,true,591048.40
6642df031fa926d87545bc56,main-trial-25,z,z,true,591420.50
6642df031fa926d87545bc56,main-trial-25, , ,true,591748.50
6642df031fa926d87545bc56,main-trial-25,f,f,true,591940.60
6642df031fa926d87545bc56,main-trial-25,r,r,true,592140.90
6642df031fa926d87545bc56,main-trial-25, , ,true,592396.30
6642df031fa926d87545bc56,main-trial-25,f,f,true,592670.80
6642df031fa926d87545bc56,main-trial-25,d,d,true,592975.80
6642df031fa926d87545bc56,main-trial-25, , ,true,593201.20
6642df031fa926d87545bc56,main-trial-25,f,f,true,593368.10
6642df031fa926d87545bc56,main-trial-25,r,r,true,593624.70
6642df031fa926d87545bc56,main-trial-25, , ,true,593890.10
6642df031fa926d87545bc56,main-trial-25,f,f,true,594154.10
6642df031fa926d87545bc56,main-trial-25,d,d,true,594391.60
6642df031fa926d87545bc56,main-trial-25, , ,true,594648.20
6642df031fa926d87545bc56,main-trial-25,f,f,true,594797.80
6642df031fa926d87545bc56,main-trial-25,r,r,true,594987.10
6642df031fa926d87545bc56,main-trial-25, , ,true,595206.90
6642df031fa926d87545bc56,main-trial-25,f,f,true,595375.20
6642df031fa926d87545bc56,main-trial-25,d,d,true,595578.00
6642df031fa926d87545bc56,main-trial-26,r,r,true,603112.70
6642df031fa926d87545bc56,main-trial-26,a,a,true,603329.50
6642df031fa926d87545bc56,main-trial-26,x,x,true,603686.60
6642df031fa926d87545bc56,main-trial-26,t,t,true,605384.40
6642df031fa926d87545bc56,main-trial-26,s,s,true,605606.50
6642df031fa926d87545bc56,main-trial-26, , ,true,605918.50
6642df031fa926d87545bc56,main-trial-26,f,r,false,606066.20
6642df031fa926d87545bc56,main-trial-26,f,f,true,606446.20
6642df031fa926d87545bc56,main-trial-26,r,r,true,606645.10
6642df031fa926d87545bc56,main-trial-26, , ,true,606789.10
6642df031fa926d87545bc56,main-trial-26,f,f,true,606890.00
6642df031fa926d87545bc56,main-trial-26,r,r,true,607068.90
6642df031fa926d87545bc56,main-trial-26, , ,true,607219.90
6642df031fa926d87545bc56,main-trial-26,f,f,true,607317.00
6642df031fa926d87545bc56,main-trial-26,r,r,true,607545.30
6642df031fa926d87545bc56,main-trial-26, , ,true,607726.50
6642df031fa926d87545bc56,main-trial-26,e,e,true,607898.80
6642df031fa926d87545bc56,main-trial-26,r,r,true,608009.40
6642df031fa926d87545bc56,main-trial-26,k,k,true,608421.50
6642df031fa926d87545bc56,main-trial-26,y,y,true,609280.90
6642df031fa926d87545bc56,main-trial-26,j,j,true,609599.60
6642df031fa926d87545bc56,main-trial-26, , ,true,609832.90
6642df031fa926d87545bc56,main-trial-26,v,v,true,610155.70
6642df031fa926d87545bc56,main-trial-26,r,r,true,610391.50
6642df031fa926d87545bc56,main-trial-26, , ,true,610571.60
6642df031fa926d87545bc56,main-trial-26,v,v,true,610709.50
6642df031fa926d87545bc56,main-trial-26,r,r,true,610929.70
6642df031fa926d87545bc56,main-trial-26, , ,true,611127.10
6642df031fa926d87545bc56,main-trial-26,v,v,true,611243.00
6642df031fa926d87545bc56,main-trial-26,r,r,true,611465.50
6642df031fa926d87545bc56,main-trial-26, , ,true,611617.10
6642df031fa926d87545bc56,main-trial-26,u,u,true,611915.30
6642df031fa926d87545bc56,main-trial-26,t,t,true,612049.90
6642df031fa926d87545bc56,main-trial-26,n,n,true,612348.90
6642df031fa926d87545bc56,main-trial-26,w,w,true,612916.90
6642df031fa926d87545bc56,main-trial-26,t,t,true,613136.20
6642df031fa926d87545bc56,main-trial-26, , ,true,613309.60
6642df031fa926d87545bc56,main-trial-26,f,f,true,613473.30
6642df031fa926d87545bc56,main-trial-26,r,r,true,613701.10
6642df031fa926d87545bc56,main-trial-26, , ,true,613965.30
6642df031fa926d87545bc56,main-trial-26,v,v,true,614207.20
6642df031fa926d87545bc56,main-trial-26,r,v,false,614458.30
6642df031fa926d87545bc56,main-trial-26,r,r,true,614827.30
6642df031fa926d87545bc56,main-trial-26, , ,true,615336.70
6642df031fa926d87545bc56,main-trial-26,f,f,true,615554.50
6642df031fa926d87545bc56,main-trial-26,r,r,true,615727.90
6642df031fa926d87545bc56,main-trial-26, , ,true,615946.80
6642df031fa926d87545bc56,main-trial-26,v,v,true,616111.90
6642df031fa926d87545bc56,main-trial-26,r,r,true,616255.40
6642df031fa926d87545bc56,main-trial-26, , ,true,616563.90
6642df031fa926d87545bc56,main-trial-26,f,f,true,616752.00
6642df031fa926d87545bc56,main-trial-26,r,r,true,616997.40
6642df031fa926d87545bc56,main-trial-26, , ,true,617222.80
6642df031fa926d87545bc56,main-trial-26,v,v,true,617411.30
6642df031fa926d87545bc56,main-trial-26,r,r,true,617547.20
6642df031fa926d87545bc56,main-trial-27,x,x,true,623373.70
6642df031fa926d87545bc56,main-trial-27,p,p,true,623481.00
6642df031fa926d87545bc56,main-trial-27,v,v,true,624213.60
6642df031fa926d87545bc56,main-trial-27,z,z,true,624513.10
6642df031fa926d87545bc56,main-trial-27,k,k,true,624718.40
6642df031fa926d87545bc56,main-trial-27, , ,true,624869.50
6642df031fa926d87545bc56,main-trial-27,f,f,true,624968.70
6642df031fa926d87545bc56,main-trial-27,f,f,true,625171.40
6642df031fa926d87545bc56,main-trial-27, ,f,false,625298.30
6642df031fa926d87545bc56,main-trial-27, , ,true,625403.10
6642df031fa926d87545bc56,main-trial-27,f,f,true,625537.40
6642df031fa926d87545bc56,main-trial-27,f,f,true,625672.30
6642df031fa926d87545bc56,main-trial-27, , ,true,625807.10
6642df031fa926d87545bc56,main-trial-27,f,f,true,625929.00
6642df031fa926d87545bc56,main-trial-27,f,f,true,626076.50
6642df031fa926d87545bc56,main-trial-27, , ,true,626316.20
6642df031fa926d87545bc56,main-trial-27,q,q,true,626810.00
6642df031fa926d87545bc56,main-trial-27,s,s,true,627090.80
6642df031fa926d87545bc56,main-trial-27,j,j,true,627532.70
6642df031fa926d87545bc56,main-trial-27,c,c,true,627994.70
6642df031fa926d87545bc56,main-trial-27,u,u,true,628124.20
6642df031fa926d87545bc56,main-trial-27, , ,true,628359.90
6642df031fa926d87545bc56,main-trial-27,a,a,true,628595.50
6642df031fa926d87545bc56,main-trial-27,a,a,true,628772.80
6642df031fa926d87545bc56,main-trial-27, , ,true,629154.20
6642df031fa926d87545bc56,main-trial-27,a,a,true,629419.90
6642df031fa926d87545bc56,main-trial-27,a,a,true,629551.70
6642df031fa926d87545bc56,main-trial-27, , ,true,629759.30
6642df031fa926d87545bc56,main-trial-27,a,a,true,630012.90
6642df031fa926d87545bc56,main-trial-27,a,a,true,630139.10
6642df031fa926d87545bc56,main-trial-27, , ,true,630447.30
6642df031fa926d87545bc56,main-trial-27,d,d,true,631027.40
6642df031fa926d87545bc56,main-trial-27,y,y,true,631132.60
6642df031fa926d87545bc56,main-trial-27,m,m,true,631483.70
6642df031fa926d87545bc56,main-trial-27,e,e,true,631667.00
6642df031fa926d87545bc56,main-trial-27,p,p,true,631790.60
6642df031fa926d87545bc56,main-trial-27, , ,true,631976.10
6642df031fa926d87545bc56,main-trial-27,f,f,true,632132.90
6642df031fa926d87545bc56,main-trial-27,f,f,true,632267.00
6642df031fa926d87545bc56,main-trial-27, , ,true,632405.10
6642df031fa926d87545bc56,main-trial-27,a,a,true,632565.30
6642df031fa926d87545bc56,main-trial-27,a,a,true,632732.20
6642df031fa926d87545bc56,main-trial-27, , ,true,632923.30
6642df031fa926d87545bc56,main-trial-27,f,f,true,633090.10
6642df031fa926d87545bc56,main-trial-27,f,f,true,633240.10
6642df031fa926d87545bc56,main-trial-27, , ,true,633428.00
6642df031fa926d87545bc56,main-trial-27,a,a,true,633603.10
6642df031fa926d87545bc56,main-trial-27,a,a,true,633748.60
6642df031fa926d87545bc56,main-trial-27, , ,true,633992.40
6642df031fa926d87545bc56,main-trial-27,f,f,true,634171.90
6642df031fa926d87545bc56,main-trial-27,f,f,true,634313.60
6642df031fa926d87545bc56,main-trial-27, , ,true,634541.80
6642df031fa926d87545bc56,main-trial-27,a,a,true,634704.40
6642df031fa926d87545bc56,main-trial-27,a,a,true,634836.40
