user_id,trialId,expectedKey,typedKey,isCorrect,keydownTime
60ca846ffad77e5b1fee110a,intro-trial-1,c,c,true,57224.40
60ca846ffad77e5b1fee110a,intro-trial-1,u,u,true,58193.50
60ca846ffad77e5b1fee110a,intro-trial-1,k,k,true,59028.70
60ca846ffad77e5b1fee110a,intro-trial-1,k,k,true,59244.00
60ca846ffad77e5b1fee110a,intro-trial-1,g,g,true,60272.30
60ca846ffad77e5b1fee110a,intro-trial-1, ,d,false,61367.90
60ca846ffad77e5b1fee110a,intro-trial-1, ,f,false,62439.90
60ca846ffad77e5b1fee110a,intro-trial-1, , ,true,62954.30
60ca846ffad77e5b1fee110a,intro-trial-1,d,d,true,63298.60
60ca846ffad77e5b1fee110a,intro-trial-1,f,f,true,63481.90
60ca846ffad77e5b1fee110a,intro-trial-1, , ,true,64207.10
60ca846ffad77e5b1fee110a,intro-trial-1,d,d,true,64497.50
60ca846ffad77e5b1fee110a,intro-trial-1,f,f,true,64617.80
60ca846ffad77e5b1fee110a,intro-trial-1, , ,true,65211.80
60ca846ffad77e5b1fee110a,intro-trial-1,d,d,true,65418.40
60ca846ffad77e5b1fee110a,intro-trial-1,f,f,true,65517.50
60ca846ffad77e5b1fee110a,intro-trial-1, , ,true,66053.80
60ca846ffad77e5b1fee110a,intro-trial-1,i,i,true,66599.40
60ca846ffad77e5b1fee110a,intro-trial-1,v,v,true,67150.50
60ca846ffad77e5b1fee110a,intro-trial-1,r,r,true,67683.40
60ca846ffad77e5b1fee110a,intro-trial-1,a,a,true,67966.30
60ca846ffad77e5b1fee110a,intro-trial-1,r,r,true,68261.30
60ca846ffad77e5b1fee110a,intro-trial-1, , ,true,68887.60
60ca846ffad77e5b1fee110a,intro-trial-1,e,e,true,69173.40
60ca846ffad77e5b1fee110a,intro-trial-1,f,f,true,69643.90
60ca846ffad77e5b1fee110a,intro-trial-1, , ,true,70159.10
60ca846ffad77e5b1fee110a,intro-trial-1,e,e,true,70311.70
60ca846ffad77e5b1fee110a,intro-trial-1,f,f,true,70627.30
60ca846ffad77e5b1fee110a,intro-trial-1, , ,true,70944.20
60ca846ffad77e5b1fee110a,intro-trial-1,e,e,true,71127.40
60ca846ffad77e5b1fee110a,intro-trial-1,f,f,true,71318.90
60ca846ffad77e5b1fee110a,intro-trial-1, , ,true,71610.40
60ca846ffad77e5b1fee110a,intro-trial-1,i,i,true,72001.30
60ca846ffad77e5b1fee110a,intro-trial-1,h,h,true,72570.20
60ca846ffad77e5b1fee110a,intro-trial-1,n,n,true,73060.70
60ca846ffad77e5b1fee110a,intro-trial-1,b,b,true,73769.90
60ca846ffad77e5b1fee110a,intro-trial-1,o,o,true,74905.20
60ca846ffad77e5b1fee110a,intro-trial-1, , ,true,75167.50
60ca846ffad77e5b1fee110a,intro-trial-1,d,d,true,75792.80
60ca846ffad77e5b1fee110a,intro-trial-1,f,f,true,76261.60
60ca846ffad77e5b1fee110a,intro-trial-1, , ,true,76725.20
60ca846ffad77e5b1fee110a,intro-trial-1,e,e,true,76954.80
60ca846ffad77e5b1fee110a,intro-trial-1,f,f,true,77401.10
60ca846ffad77e5b1fee110a,intro-trial-1, , ,true,77821.50
60ca846ffad77e5b1fee110a,intro-trial-1,d,d,true,78308.40
60ca846ffad77e5b1fee110a,intro-trial-1,f,f,true,78692.60
60ca846ffad77e5b1fee110a,intro-trial-1, , ,true,79303.50
60ca846ffad77e5b1fee110a,intro-trial-1,e,e,true,79541.10
60ca846ffad77e5b1fee110a,intro-trial-1,f,f,true,79944.60
60ca846ffad77e5b1fee110a,intro-trial-1, , ,true,80365.90
60ca846ffad77e5b1fee110a,intro-trial-1,d,d,true,80677.10
60ca846ffad77e5b1fee110a,intro-trial-1,f,f,true,81070.70
60ca846ffad77e5b1fee110a,intro-trial-1, , ,true,81451.00
60ca846ffad77e5b1fee110a,intro-trial-1,e,e,true,81688.30
60ca846ffad77e5b1fee110a,intro-trial-1,f,f,true,82009.60
60ca846ffad77e5b1fee110a,intro-trial-2,p,p,true,89187.40
60ca846ffad77e5b1fee110a,intro-trial-2,t,t,true,89390.40
60ca846ffad77e5b1fee110a,intro-trial-2,x,x,true,89772.60
60ca846ffad77e5b1fee110a,intro-trial-2,z,o,false,90232.10
60ca846ffad77e5b1fee110a,intro-trial-2,z,z,true,90997.90
60ca846ffad77e5b1fee110a,intro-trial-2,o,o,true,91130.50
60ca846ffad77e5b1fee110a,intro-trial-2, , ,true,91732.50
60ca846ffad77e5b1fee110a,intro-trial-2,q,q,true,92447.70
60ca846ffad77e5b1fee110a,intro-trial-2,s,s,true,92841.80
60ca846ffad77e5b1fee110a,intro-trial-2, , ,true,93257.10
60ca846ffad77e5b1fee110a,intro-trial-2,q,q,true,93447.60
60ca846ffad77e5b1fee110a,intro-trial-2,s,s,true,93689.40
60ca846ffad77e5b1fee110a,intro-trial-2, , ,true,93939.50
60ca846ffad77e5b1fee110a,intro-trial-2,q,q,true,94078.10
60ca846ffad77e5b1fee110a,intro-trial-2,s,s,true,94197.00
60ca846ffad77e5b1fee110a,intro-trial-2, , ,true,94505.40
60ca846ffad77e5b1fee110a,intro-trial-2,h,h,true,94932.40
60ca846ffad77e5b1fee110a,intro-trial-2,f,f,true,95416.60
60ca846ffad77e5b1fee110a,intro-trial-2,s,s,true,96340.40
60ca846ffad77e5b1fee110a,intro-trial-2,q,q,true,97248.50
60ca846ffad77e5b1fee110a,intro-trial-2,x,x,true,98183.00
60ca846ffad77e5b1fee110a,intro-trial-2, ,s,false,99676.10
60ca846ffad77e5b1fee110a,intro-trial-2, , ,true,100292.90
60ca846ffad77e5b1fee110a,intro-trial-2,s,s,true,100726.60
60ca846ffad77e5b1fee110a,intro-trial-2,a,a,true,100987.10
60ca846ffad77e5b1fee110a,intro-trial-2, , ,true,101382.90
60ca846ffad77e5b1fee110a,intro-trial-2,s,s,true,101557.80
60ca846ffad77e5b1fee110a,intro-trial-2,a,a,true,101675.90
60ca846ffad77e5b1fee110a,intro-trial-2, , ,true,102157.20
60ca846ffad77e5b1fee110a,intro-trial-2,s,s,true,102326.70
60ca846ffad77e5b1fee110a,intro-trial-2,a,a,true,102427.90
60ca846ffad77e5b1fee110a,intro-trial-2, , ,true,102818.50
60ca846ffad77e5b1fee110a,intro-trial-2,a,a,true,103050.40
60ca846ffad77e5b1fee110a,intro-trial-2,e,e,true,103396.60
60ca846ffad77e5b1fee110a,intro-trial-2,d,d,true,104364.20
60ca846ffad77e5b1fee110a,intro-trial-2,c,c,true,104734.70
60ca846ffad77e5b1fee110a,intro-trial-2,n,n,true,105494.90
60ca846ffad77e5b1fee110a,intro-trial-2, , ,true,105936.30
60ca846ffad77e5b1fee110a,intro-trial-2,q,q,true,106346.10
60ca846ffad77e5b1fee110a,intro-trial-2,s,s,true,106719.30
60ca846ffad77e5b1fee110a,intro-trial-2, , ,true,107076.20
60ca846ffad77e5b1fee110a,intro-trial-2,s,s,true,107272.00
60ca846ffad77e5b1fee110a,intro-trial-2,a,a,true,107524.80
60ca846ffad77e5b1fee110a,intro-trial-2, , ,true,108008.00
60ca846ffad77e5b1fee110a,intro-trial-2,q,q,true,108451.50
60ca846ffad77e5b1fee110a,intro-trial-2,s,s,true,108737.20
60ca846ffad77e5b1fee110a,intro-trial-2, , ,true,109119.60
60ca846ffad77e5b1fee110a,intro-trial-2,s,s,true,109311.50
60ca846ffad77e5b1fee110a,intro-trial-2,a,a,true,109467.70
60ca846ffad77e5b1fee110a,intro-trial-2, , ,true,110021.70
60ca846ffad77e5b1fee110a,intro-trial-2,q,q,true,110344.70
60ca846ffad77e5b1fee110a,intro-trial-2,s,s,true,110754.20
60ca846ffad77e5b1fee110a,intro-trial-2, , ,true,111146.60
60ca846ffad77e5b1fee110a,intro-trial-2,s,s,true,111370.90
60ca846ffad77e5b1fee110a,intro-trial-2,a,a,true,111465.10
60ca846ffad77e5b1fee110a,intro-trial-3,z,z,true,282567.00
60ca846ffad77e5b1fee110a,intro-trial-3,n,n,true,282704.00
60ca846ffad77e5b1fee110a,intro-trial-3,x,x,true,283149.00
60ca846ffad77e5b1fee110a,intro-trial-3,e,e,true,283513.90
60ca846ffad77e5b1fee110a,intro-trial-3,y,y,true,283624.90
60ca846ffad77e5b1fee110a,intro-trial-3, , ,true,284053.70
60ca846ffad77e5b1fee110a,intro-trial-3,f,f,true,284340.80
60ca846ffad77e5b1fee110a,intro-trial-3,g,g,true,284740.50
60ca846ffad77e5b1fee110a,intro-trial-3, , ,true,284909.20
60ca846ffad77e5b1fee110a,intro-trial-3,f,f,true,285066.70
60ca846ffad77e5b1fee110a,intro-trial-3,g,g,true,285267.50
60ca846ffad77e5b1fee110a,intro-trial-3, , ,true,285638.00
60ca846ffad77e5b1fee110a,intro-trial-3,f,f,true,285945.30
60ca846ffad77e5b1fee110a,intro-trial-3,g,g,true,286152.90
60ca846ffad77e5b1fee110a,intro-trial-3, , ,true,286508.60
60ca846ffad77e5b1fee110a,intro-trial-3,c,c,true,286902.90
60ca846ffad77e5b1fee110a,intro-trial-3,q,q,true,287309.20
60ca846ffad77e5b1fee110a,intro-trial-3,s,s,true,288097.20
60ca846ffad77e5b1fee110a,intro-trial-3,u,u,true,288358.00
60ca846ffad77e5b1fee110a,intro-trial-3,h,h,true,288800.90
60ca846ffad77e5b1fee110a,intro-trial-3, , ,true,289321.30
60ca846ffad77e5b1fee110a,intro-trial-3,f,f,true,289509.10
60ca846ffad77e5b1fee110a,intro-trial-3,r,r,true,289719.80
60ca846ffad77e5b1fee110a,intro-trial-3, , ,true,289987.00
60ca846ffad77e5b1fee110a,intro-trial-3,f,f,true,290088.50
60ca846ffad77e5b1fee110a,intro-trial-3,r,r,true,290258.50
60ca846ffad77e5b1fee110a,intro-trial-3, , ,true,290479.90
60ca846ffad77e5b1fee110a,intro-trial-3,f,f,true,290598.20
60ca846ffad77e5b1fee110a,intro-trial-3,r,r,true,290775.70
60ca846ffad77e5b1fee110a,intro-trial-3, , ,true,290985.50
60ca846ffad77e5b1fee110a,intro-trial-3,m,m,true,291401.20
60ca846ffad77e5b1fee110a,intro-trial-3,s,s,true,291525.20
60ca846ffad77e5b1fee110a,intro-trial-3,c,c,true,291805.30
60ca846ffad77e5b1fee110a,intro-trial-3,s,s,true,292402.00
60ca846ffad77e5b1fee110a,intro-trial-3,d,d,true,292539.40
60ca846ffad77e5b1fee110a,intro-trial-3, , ,true,292962.60
60ca846ffad77e5b1fee110a,intro-trial-3,f,f,true,293338.30
60ca846ffad77e5b1fee110a,intro-trial-3,g,g,true,293611.50
60ca846ffad77e5b1fee110a,intro-trial-3, , ,true,294289.80
60ca846ffad77e5b1fee110a,intro-trial-3,f,f,true,294599.20
60ca846ffad77e5b1fee110a,intro-trial-3,r,r,true,294846.70
60ca846ffad77e5b1fee110a,intro-trial-3, , ,true,295178.40
60ca846ffad77e5b1fee110a,intro-trial-3,f,f,true,295661.80
60ca846ffad77e5b1fee110a,intro-trial-3,g,g,true,295886.30
60ca846ffad77e5b1fee110a,intro-trial-3, , ,true,296178.00
60ca846ffad77e5b1fee110a,intro-trial-3,f,f,true,296383.80
60ca846ffad77e5b1fee110a,intro-trial-3,r,r,true,296600.50
60ca846ffad77e5b1fee110a,intro-trial-3, , ,true,297120.80
60ca846ffad77e5b1fee110a,intro-trial-3,f,f,true,297426.10
60ca846ffad77e5b1fee110a,intro-trial-3,g,g,true,297672.30
60ca846ffad77e5b1fee110a,intro-trial-3, , ,true,298174.10
60ca846ffad77e5b1fee110a,intro-trial-3,f,f,true,298499.10
60ca846ffad77e5b1fee110a,intro-trial-3,r,r,true,298698.10
60ca846ffad77e5b1fee110a,main-trial-1,j,j,true,304308.60
60ca846ffad77e5b1fee110a,main-trial-1,n,n,true,304737.70
60ca846ffad77e5b1fee110a,main-trial-1,l,l,true,305209.00
60ca846ffad77e5b1fee110a,main-trial-1,f,f,true,306060.00
60ca846ffad77e5b1fee110a,main-trial-1,h,h,true,306274.30
60ca846ffad77e5b1fee110a,main-trial-1, , ,true,306795.10
60ca846ffad77e5b1fee110a,main-trial-1,d,d,true,307161.40
60ca846ffad77e5b1fee110a,main-trial-1,s,s,true,307337.90
60ca846ffad77e5b1fee110a,main-trial-1, , ,true,307720.50
60ca846ffad77e5b1fee110a,main-trial-1,d,d,true,307838.00
60ca846ffad77e5b1fee110a,main-trial-1,s,s,true,307904.40
60ca846ffad77e5b1fee110a,main-trial-1, , ,true,308161.10
60ca846ffad77e5b1fee110a,main-trial-1,d,d,true,308283.30
60ca846ffad77e5b1fee110a,main-trial-1,s,s,true,308389.20
60ca846ffad77e5b1fee110a,main-trial-1, , ,true,308771.00
60ca846ffad77e5b1fee110a,main-trial-1,d,d,true,309806.90
60ca846ffad77e5b1fee110a,main-trial-1,j,j,true,310256.80
60ca846ffad77e5b1fee110a,main-trial-1,r,r,true,311741.10
60ca846ffad77e5b1fee110a,main-trial-1,w,w,true,311981.00
60ca846ffad77e5b1fee110a,main-trial-1,j,f,false,312386.80
60ca846ffad77e5b1fee110a,main-trial-1,j,j,true,313494.10
60ca846ffad77e5b1fee110a,main-trial-1, , ,true,313995.20
60ca846ffad77e5b1fee110a,main-trial-1,w,w,true,314360.00
60ca846ffad77e5b1fee110a,main-trial-1,d,d,true,314629.70
60ca846ffad77e5b1fee110a,main-trial-1, , ,true,314955.40
60ca846ffad77e5b1fee110a,main-trial-1,w,w,true,315136.40
60ca846ffad77e5b1fee110a,main-trial-1,d,d,true,315240.00
60ca846ffad77e5b1fee110a,main-trial-1, , ,true,315454.20
60ca846ffad77e5b1fee110a,main-trial-1,w,w,true,315562.90
60ca846ffad77e5b1fee110a,main-trial-1,d,d,true,315630.30
60ca846ffad77e5b1fee110a,main-trial-1, , ,true,315990.70
60ca846ffad77e5b1fee110a,main-trial-1,x,x,true,316341.90
60ca846ffad77e5b1fee110a,main-trial-1,g,g,true,317658.90
60ca846ffad77e5b1fee110a,main-trial-1,k,k,true,318619.20
60ca846ffad77e5b1fee110a,main-trial-1,k,k,true,318750.50
60ca846ffad77e5b1fee110a,main-trial-1,n,n,true,319162.70
60ca846ffad77e5b1fee110a,main-trial-1, , ,true,319683.00
60ca846ffad77e5b1fee110a,main-trial-1,d,d,true,320112.70
60ca846ffad77e5b1fee110a,main-trial-1,s,s,true,320285.60
60ca846ffad77e5b1fee110a,main-trial-1, , ,true,321038.70
60ca846ffad77e5b1fee110a,main-trial-1,w,w,true,321395.30
60ca846ffad77e5b1fee110a,main-trial-1,d,d,true,321682.30
60ca846ffad77e5b1fee110a,main-trial-1, , ,true,322062.50
60ca846ffad77e5b1fee110a,main-trial-1,d,d,true,322575.30
60ca846ffad77e5b1fee110a,main-trial-1,s,s,true,322693.10
60ca846ffad77e5b1fee110a,main-trial-1, , ,true,322921.20
60ca846ffad77e5b1fee110a,main-trial-1,w,w,true,323120.00
60ca846ffad77e5b1fee110a,main-trial-1,d,s,false,323288.90
60ca846ffad77e5b1fee110a,main-trial-1,d, ,false,323683.70
60ca846ffad77e5b1fee110a,main-trial-1,d,d,true,324185.40
60ca846ffad77e5b1fee110a,main-trial-1, ,s,false,324249.80
60ca846ffad77e5b1fee110a,main-trial-1, , ,true,324525.20
60ca846ffad77e5b1fee110a,main-trial-1,d,w,false,325215.70
60ca846ffad77e5b1fee110a,main-trial-1,d,s,false,325293.50
60ca846ffad77e5b1fee110a,main-trial-1,d, ,false,326097.40
60ca846ffad77e5b1fee110a,main-trial-1,d,d,true,326353.50
60ca846ffad77e5b1fee110a,main-trial-1,s,s,true,326452.70
60ca846ffad77e5b1fee110a,main-trial-1, , ,true,326918.50
60ca846ffad77e5b1fee110a,main-trial-1,w,w,true,327087.20
60ca846ffad77e5b1fee110a,main-trial-1,d,s,false,327214.20
60ca846ffad77e5b1fee110a,main-trial-1,d,d,true,328172.90
60ca846ffad77e5b1fee110a,main-trial-2,q,q,true,333695.20
60ca846ffad77e5b1fee110a,main-trial-2,s,x,false,334057.10
60ca846ffad77e5b1fee110a,main-trial-2,s,s,true,335083.40
60ca846ffad77e5b1fee110a,main-trial-2,x,x,true,335306.10
60ca846ffad77e5b1fee110a,main-trial-2,b,b,true,335979.20
60ca846ffad77e5b1fee110a,main-trial-2,k,k,true,336485.50
60ca846ffad77e5b1fee110a,main-trial-2, , ,true,336728.80
60ca846ffad77e5b1fee110a,main-trial-2,w,w,true,337050.80
60ca846ffad77e5b1fee110a,main-trial-2,d,b,false,337230.80
60ca846ffad77e5b1fee110a,main-trial-2,d, ,false,337658.10
60ca846ffad77e5b1fee110a,main-trial-2,d,d,true,338477.10
60ca846ffad77e5b1fee110a,main-trial-2, , ,true,339059.40
60ca846ffad77e5b1fee110a,main-trial-2,w,w,true,339287.90
60ca846ffad77e5b1fee110a,main-trial-2,d,d,true,339430.70
60ca846ffad77e5b1fee110a,main-trial-2, , ,true,339715.30
60ca846ffad77e5b1fee110a,main-trial-2,w,w,true,339846.80
60ca846ffad77e5b1fee110a,main-trial-2,d,d,true,339942.40
60ca846ffad77e5b1fee110a,main-trial-2, , ,true,340309.90
60ca846ffad77e5b1fee110a,main-trial-2,n,n,true,340740.60
60ca846ffad77e5b1fee110a,main-trial-2,y,y,true,341844.00
60ca846ffad77e5b1fee110a,main-trial-2,r,r,true,342102.30
60ca846ffad77e5b1fee110a,main-trial-2,f,f,true,342432.70
60ca846ffad77e5b1fee110a,main-trial-2,n,n,true,342944.30
60ca846ffad77e5b1fee110a,main-trial-2, , ,true,343303.20
60ca846ffad77e5b1fee110a,main-trial-2,s,s,true,343537.30
60ca846ffad77e5b1fee110a,main-trial-2,e,e,true,343788.60
60ca846ffad77e5b1fee110a,main-trial-2, , ,true,344001.90
60ca846ffad77e5b1fee110a,main-trial-2,s,s,true,344292.90
60ca846ffad77e5b1fee110a,main-trial-2,e,e,true,344528.70
60ca846ffad77e5b1fee110a,main-trial-2, ,s,false,344792.10
60ca846ffad77e5b1fee110a,main-trial-2, , ,true,344956.80
60ca846ffad77e5b1fee110a,main-trial-2,s,e,false,345193.70
60ca846ffad77e5b1fee110a,main-trial-2,s,s,true,345553.90
60ca846ffad77e5b1fee110a,main-trial-2,e,e,true,345728.60
60ca846ffad77e5b1fee110a,main-trial-2, , ,true,346067.80
60ca846ffad77e5b1fee110a,main-trial-2,m,m,true,346548.50
60ca846ffad77e5b1fee110a,main-trial-2,v,v,true,346641.40
60ca846ffad77e5b1fee110a,main-trial-2,l,l,true,347530.60
60ca846ffad77e5b1fee110a,main-trial-2,n,n,true,347814.40
60ca846ffad77e5b1fee110a,main-trial-2,q,q,true,347993.00
60ca846ffad77e5b1fee110a,main-trial-2, , ,true,348540.70
60ca846ffad77e5b1fee110a,main-trial-2,w,w,true,348840.60
60ca846ffad77e5b1fee110a,main-trial-2,d,d,true,349025.60
60ca846ffad77e5b1fee110a,main-trial-2, , ,true,349390.70
60ca846ffad77e5b1fee110a,main-trial-2,s,s,true,349550.00
60ca846ffad77e5b1fee110a,main-trial-2,e,e,true,349764.70
60ca846ffad77e5b1fee110a,main-trial-2, , ,true,350061.10
60ca846ffad77e5b1fee110a,main-trial-2,w,w,true,350404.10
60ca846ffad77e5b1fee110a,main-trial-2,d,d,true,350661.10
60ca846ffad77e5b1fee110a,main-trial-2, , ,true,351142.00
60ca846ffad77e5b1fee110a,main-trial-2,s,s,true,351619.80
60ca846ffad77e5b1fee110a,main-trial-2,e,e,true,351870.60
60ca846ffad77e5b1fee110a,main-trial-2, , ,true,352222.10
60ca846ffad77e5b1fee110a,main-trial-2,w,w,true,352707.00
60ca846ffad77e5b1fee110a,main-trial-2,d,d,true,352988.00
60ca846ffad77e5b1fee110a,main-trial-2, , ,true,353196.70
60ca846ffad77e5b1fee110a,main-trial-2,s,s,true,353331.70
60ca846ffad77e5b1fee110a,main-trial-2,e,e,true,353498.60
60ca846ffad77e5b1fee110a,main-trial-3,j,j,true,357736.30
60ca846ffad77e5b1fee110a,main-trial-3,l,l,true,358243.30
60ca846ffad77e5b1fee110a,main-trial-3,a,a,true,358579.40
60ca846ffad77e5b1fee110a,main-trial-3,j,j,true,358910.40
60ca846ffad77e5b1fee110a,main-trial-3,g,g,true,359239.40
60ca846ffad77e5b1fee110a,main-trial-3, , ,true,359691.80
60ca846ffad77e5b1fee110a,main-trial-3,w,w,true,359928.80
60ca846ffad77e5b1fee110a,main-trial-3,d,d,true,360125.80
60ca846ffad77e5b1fee110a,main-trial-3, , ,true,360495.50
60ca846ffad77e5b1fee110a,main-trial-3,w,w,true,360644.00
60ca846ffad77e5b1fee110a,main-trial-3,d,d,true,360740.20
60ca846ffad77e5b1fee110a,main-trial-3, , ,true,360988.20
60ca846ffad77e5b1fee110a,main-trial-3,w,w,true,361110.20
60ca846ffad77e5b1fee110a,main-trial-3,d,d,true,361198.90
60ca846ffad77e5b1fee110a,main-trial-3, , ,true,361605.00
60ca846ffad77e5b1fee110a,main-trial-3,k,k,true,362041.20
60ca846ffad77e5b1fee110a,main-trial-3,m,m,true,362190.60
60ca846ffad77e5b1fee110a,main-trial-3,t,t,true,363005.60
60ca846ffad77e5b1fee110a,main-trial-3,v,v,true,363281.20
60ca846ffad77e5b1fee110a,main-trial-3,u,u,true,363445.50
60ca846ffad77e5b1fee110a,main-trial-3, , ,true,363778.50
60ca846ffad77e5b1fee110a,main-trial-3,d,d,true,364205.40
60ca846ffad77e5b1fee110a,main-trial-3,s,s,true,364315.30
60ca846ffad77e5b1fee110a,main-trial-3, , ,true,364524.10
60ca846ffad77e5b1fee110a,main-trial-3,d,d,true,364661.40
60ca846ffad77e5b1fee110a,main-trial-3,s,s,true,364748.30
60ca846ffad77e5b1fee110a,main-trial-3, , ,true,365052.80
60ca846ffad77e5b1fee110a,main-trial-3,d,d,true,365192.00
60ca846ffad77e5b1fee110a,main-trial-3,s,s,true,365227.60
60ca846ffad77e5b1fee110a,main-trial-3, , ,true,365580.20
60ca846ffad77e5b1fee110a,main-trial-3,x,x,true,365998.40
60ca846ffad77e5b1fee110a,main-trial-3,g,g,true,366416.10
60ca846ffad77e5b1fee110a,main-trial-3,t,t,true,366589.10
60ca846ffad77e5b1fee110a,main-trial-3,b,b,true,367127.60
60ca846ffad77e5b1fee110a,main-trial-3,u,u,true,367306.10
60ca846ffad77e5b1fee110a,main-trial-3, , ,true,367713.30
60ca846ffad77e5b1fee110a,main-trial-3,w,w,true,368015.40
60ca846ffad77e5b1fee110a,main-trial-3,d,d,true,368209.50
60ca846ffad77e5b1fee110a,main-trial-3, , ,true,368642.30
60ca846ffad77e5b1fee110a,main-trial-3,d,d,true,368876.40
60ca846ffad77e5b1fee110a,main-trial-3,s,s,true,368978.50
60ca846ffad77e5b1fee110a,main-trial-3, , ,true,369474.00
60ca846ffad77e5b1fee110a,main-trial-3,w,w,true,369737.40
60ca846ffad77e5b1fee110a,main-trial-3,d,d,true,369856.70
60ca846ffad77e5b1fee110a,main-trial-3, , ,true,370324.30
60ca846ffad77e5b1fee110a,main-trial-3,d,d,true,370549.30
60ca846ffad77e5b1fee110a,main-trial-3,s,s,true,370869.30
60ca846ffad77e5b1fee110a,main-trial-3, , ,true,371425.00
60ca846ffad77e5b1fee110a,main-trial-3,w,w,true,372496.00
60ca846ffad77e5b1fee110a,main-trial-3,d,d,true,372696.60
60ca846ffad77e5b1fee110a,main-trial-3, , ,true,372937.10
60ca846ffad77e5b1fee110a,main-trial-3,d,d,true,373148.10
60ca846ffad77e5b1fee110a,main-trial-3,s,s,true,373221.10
60ca846ffad77e5b1fee110a,main-trial-4,c,c,true,377101.80
60ca846ffad77e5b1fee110a,main-trial-4,t,t,true,377620.60
60ca846ffad77e5b1fee110a,main-trial-4,a,a,true,378224.60
60ca846ffad77e5b1fee110a,main-trial-4,y,y,true,378635.40
60ca846ffad77e5b1fee110a,main-trial-4,t,t,true,378896.20
60ca846ffad77e5b1fee110a,main-trial-4, , ,true,379375.10
60ca846ffad77e5b1fee110a,main-trial-4,e,e,true,379869.30
60ca846ffad77e5b1fee110a,main-trial-4,f,f,true,379994.90
60ca846ffad77e5b1fee110a,main-trial-4, ,e,false,380519.50
60ca846ffad77e5b1fee110a,main-trial-4, , ,true,380635.40
60ca846ffad77e5b1fee110a,main-trial-4,e,e,true,380945.30
60ca846ffad77e5b1fee110a,main-trial-4,f,f,true,381056.70
60ca846ffad77e5b1fee110a,main-trial-4, , ,true,381346.00
60ca846ffad77e5b1fee110a,main-trial-4,e,e,true,381450.90
60ca846ffad77e5b1fee110a,main-trial-4,f,f,true,381567.60
60ca846ffad77e5b1fee110a,main-trial-4, , ,true,382012.50
60ca846ffad77e5b1fee110a,main-trial-4,c,x,false,382383.80
60ca846ffad77e5b1fee110a,main-trial-4,c,c,true,383358.20
60ca846ffad77e5b1fee110a,main-trial-4,x,x,true,383492.10
60ca846ffad77e5b1fee110a,main-trial-4,r,r,true,384318.90
60ca846ffad77e5b1fee110a,main-trial-4,g,g,true,384623.30
60ca846ffad77e5b1fee110a,main-trial-4,p,p,true,385289.50
60ca846ffad77e5b1fee110a,main-trial-4, , ,true,385659.80
60ca846ffad77e5b1fee110a,main-trial-4,d,d,true,386004.50
60ca846ffad77e5b1fee110a,main-trial-4,r,r,true,386219.40
60ca846ffad77e5b1fee110a,main-trial-4, , ,true,386536.00
60ca846ffad77e5b1fee110a,main-trial-4,d,d,true,386676.00
60ca846ffad77e5b1fee110a,main-trial-4,r,r,true,386859.70
60ca846ffad77e5b1fee110a,main-trial-4, , ,true,387170.20
60ca846ffad77e5b1fee110a,main-trial-4,d,d,true,387312.90
60ca846ffad77e5b1fee110a,main-trial-4,r,r,true,387489.40
60ca846ffad77e5b1fee110a,main-trial-4, , ,true,387821.90
60ca846ffad77e5b1fee110a,main-trial-4,a,a,true,388098.10
60ca846ffad77e5b1fee110a,main-trial-4,w,w,true,388346.90
60ca846ffad77e5b1fee110a,main-trial-4,j,j,true,388971.50
60ca846ffad77e5b1fee110a,main-trial-4,b,b,true,389311.40
60ca846ffad77e5b1fee110a,main-trial-4,w,w,true,389669.50
60ca846ffad77e5b1fee110a,main-trial-4, , ,true,390056.30
60ca846ffad77e5b1fee110a,main-trial-4,e,e,true,390361.00
60ca846ffad77e5b1fee110a,main-trial-4,f,f,true,390498.80
60ca846ffad77e5b1fee110a,main-trial-4, , ,true,390884.00
60ca846ffad77e5b1fee110a,main-trial-4,d,d,true,391114.00
60ca846ffad77e5b1fee110a,main-trial-4,r,r,true,391288.10
60ca846ffad77e5b1fee110a,main-trial-4, , ,true,391670.70
60ca846ffad77e5b1fee110a,main-trial-4,e,e,true,391914.20
60ca846ffad77e5b1fee110a,main-trial-4,f,f,true,392164.60
60ca846ffad77e5b1fee110a,main-trial-4, , ,true,392766.10
60ca846ffad77e5b1fee110a,main-trial-4,d,d,true,393133.80
60ca846ffad77e5b1fee110a,main-trial-4,r,r,true,393410.00
60ca846ffad77e5b1fee110a,main-trial-4, , ,true,393868.90
60ca846ffad77e5b1fee110a,main-trial-4,e,e,true,394249.30
60ca846ffad77e5b1fee110a,main-trial-4,f,f,true,394596.80
60ca846ffad77e5b1fee110a,main-trial-4, , ,true,394927.50
60ca846ffad77e5b1fee110a,main-trial-4,d,d,true,395272.40
60ca846ffad77e5b1fee110a,main-trial-4,r,r,true,395459.50
60ca846ffad77e5b1fee110a,main-trial-5,u,u,true,400045.30
60ca846ffad77e5b1fee110a,main-trial-5,x,x,true,400626.70
60ca846ffad77e5b1fee110a,main-trial-5,e,e,true,400944.10
60ca846ffad77e5b1fee110a,main-trial-5,k,k,true,401354.10
60ca846ffad77e5b1fee110a,main-trial-5,w,w,true,401437.70
60ca846ffad77e5b1fee110a,main-trial-5, , ,true,401833.10
60ca846ffad77e5b1fee110a,main-trial-5,f,f,true,402099.70
60ca846ffad77e5b1fee110a,main-trial-5,r,e,false,402212.70
60ca846ffad77e5b1fee110a,main-trial-5,r, ,false,402443.00
60ca846ffad77e5b1fee110a,main-trial-5,r,f,false,402587.70
60ca846ffad77e5b1fee110a,main-trial-5,r,e,false,402682.30
60ca846ffad77e5b1fee110a,main-trial-5,r,f,false,403227.50
60ca846ffad77e5b1fee110a,main-trial-5,r,r,true,404116.20
60ca846ffad77e5b1fee110a,main-trial-5, , ,true,405120.20
60ca846ffad77e5b1fee110a,main-trial-5,f,f,true,405755.90
60ca846ffad77e5b1fee110a,main-trial-5,r,r,true,405973.70
60ca846ffad77e5b1fee110a,main-trial-5, , ,true,406273.60
60ca846ffad77e5b1fee110a,main-trial-5,f,f,true,406403.00
60ca846ffad77e5b1fee110a,main-trial-5,r,r,true,406585.40
60ca846ffad77e5b1fee110a,main-trial-5, , ,true,406771.00
60ca846ffad77e5b1fee110a,main-trial-5,i,i,true,407278.10
60ca846ffad77e5b1fee110a,main-trial-5,q,q,true,407486.30
60ca846ffad77e5b1fee110a,main-trial-5,z,z,true,407872.00
60ca846ffad77e5b1fee110a,main-trial-5,b,b,true,409891.30
60ca846ffad77e5b1fee110a,main-trial-5,f,f,true,409983.50
60ca846ffad77e5b1fee110a,main-trial-5, , ,true,410371.10
60ca846ffad77e5b1fee110a,main-trial-5,f,f,true,411189.50
60ca846ffad77e5b1fee110a,main-trial-5,d,d,true,411343.20
60ca846ffad77e5b1fee110a,main-trial-5, , ,true,411534.90
60ca846ffad77e5b1fee110a,main-trial-5,f,f,true,411782.30
60ca846ffad77e5b1fee110a,main-trial-5,d,d,true,411872.10
60ca846ffad77e5b1fee110a,main-trial-5, , ,true,412069.80
60ca846ffad77e5b1fee110a,main-trial-5,f,f,true,412512.40
60ca846ffad77e5b1fee110a,main-trial-5,d,d,true,412616.00
60ca846ffad77e5b1fee110a,main-trial-5, , ,true,412932.40
60ca846ffad77e5b1fee110a,main-trial-5,r,r,true,413270.60
60ca846ffad77e5b1fee110a,main-trial-5,o,o,true,413520.80
60ca846ffad77e5b1fee110a,main-trial-5,v,v,true,413648.30
60ca846ffad77e5b1fee110a,main-trial-5,i,i,true,413754.10
60ca846ffad77e5b1fee110a,main-trial-5,k,k,true,414644.30
60ca846ffad77e5b1fee110a,main-trial-5, , ,true,415000.90
60ca846ffad77e5b1fee110a,main-trial-5,f,f,true,415357.70
60ca846ffad77e5b1fee110a,main-trial-5,r,r,true,415564.70
60ca846ffad77e5b1fee110a,main-trial-5, , ,true,415927.20
60ca846ffad77e5b1fee110a,main-trial-5,f,f,true,416200.30
60ca846ffad77e5b1fee110a,main-trial-5,d,d,true,416498.70
60ca846ffad77e5b1fee110a,main-trial-5, , ,true,416740.40
60ca846ffad77e5b1fee110a,main-trial-5,f,f,true,416956.20
60ca846ffad77e5b1fee110a,main-trial-5,r,r,true,417126.90
60ca846ffad77e5b1fee110a,main-trial-5, , ,true,417377.90
60ca846ffad77e5b1fee110a,main-trial-5,f,f,true,417557.60
60ca846ffad77e5b1fee110a,main-trial-5,d,d,true,417785.70
60ca846ffad77e5b1fee110a,main-trial-5, , ,true,418086.00
60ca846ffad77e5b1fee110a,main-trial-5,f,f,true,418246.70
60ca846ffad77e5b1fee110a,main-trial-5,r,r,true,418504.70
60ca846ffad77e5b1fee110a,main-trial-5, , ,true,418752.60
60ca846ffad77e5b1fee110a,main-trial-5,f,f,true,419302.00
60ca846ffad77e5b1fee110a,main-trial-5,d,d,true,419501.60
60ca846ffad77e5b1fee110a,main-trial-6,u,u,true,422473.10
60ca846ffad77e5b1fee110a,main-trial-6,s,s,true,422796.20
60ca846ffad77e5b1fee110a,main-trial-6,h,h,true,423531.00
60ca846ffad77e5b1fee110a,main-trial-6,s,s,true,423721.20
60ca846ffad77e5b1fee110a,main-trial-6,a,a,true,423853.70
60ca846ffad77e5b1fee110a,main-trial-6, , ,true,424363.50
60ca846ffad77e5b1fee110a,main-trial-6,s,s,true,424919.90
60ca846ffad77e5b1fee110a,main-trial-6,f,f,true,425081.20
60ca846ffad77e5b1fee110a,main-trial-6, , ,true,425185.50
60ca846ffad77e5b1fee110a,main-trial-6,s,s,true,425334.10
60ca846ffad77e5b1fee110a,main-trial-6,f,f,true,425419.20
60ca846ffad77e5b1fee110a,main-trial-6, , ,true,425534.90
60ca846ffad77e5b1fee110a,main-trial-6,s,s,true,425718.30
60ca846ffad77e5b1fee110a,main-trial-6,f,f,true,425864.10
60ca846ffad77e5b1fee110a,main-trial-6, , ,true,425922.80
60ca846ffad77e5b1fee110a,main-trial-6,o, ,false,426326.40
60ca846ffad77e5b1fee110a,main-trial-6,o,o,true,426718.50
60ca846ffad77e5b1fee110a,main-trial-6,s,s,true,426819.90
60ca846ffad77e5b1fee110a,main-trial-6,p,p,true,427051.40
60ca846ffad77e5b1fee110a,main-trial-6,k,k,true,428197.40
60ca846ffad77e5b1fee110a,main-trial-6,y,y,true,428837.90
60ca846ffad77e5b1fee110a,main-trial-6, , ,true,429065.60
60ca846ffad77e5b1fee110a,main-trial-6,b,b,true,429550.90
60ca846ffad77e5b1fee110a,main-trial-6,e,e,true,429841.00
60ca846ffad77e5b1fee110a,main-trial-6, , ,true,429954.90
60ca846ffad77e5b1fee110a,main-trial-6,b,b,true,430131.80
60ca846ffad77e5b1fee110a,main-trial-6,e,e,true,430220.40
60ca846ffad77e5b1fee110a,main-trial-6, , ,true,430347.40
60ca846ffad77e5b1fee110a,main-trial-6,b,b,true,430819.10
60ca846ffad77e5b1fee110a,main-trial-6,e,e,true,430922.80
60ca846ffad77e5b1fee110a,main-trial-6, , ,true,431075.60
60ca846ffad77e5b1fee110a,main-trial-6,v,v,true,431696.00
60ca846ffad77e5b1fee110a,main-trial-6,q,q,true,431958.30
60ca846ffad77e5b1fee110a,main-trial-6,i,i,true,432927.50
60ca846ffad77e5b1fee110a,main-trial-6,e,e,true,433029.90
60ca846ffad77e5b1fee110a,main-trial-6,h,h,true,433444.10
60ca846ffad77e5b1fee110a,main-trial-6, , ,true,433802.20
60ca846ffad77e5b1fee110a,main-trial-6,s,s,true,434160.20
60ca846ffad77e5b1fee110a,main-trial-6,f,f,true,434417.10
60ca846ffad77e5b1fee110a,main-trial-6, , ,true,434840.10
60ca846ffad77e5b1fee110a,main-trial-6,b,b,true,435311.70
60ca846ffad77e5b1fee110a,main-trial-6,e,e,true,435364.10
60ca846ffad77e5b1fee110a,main-trial-6, , ,true,435823.60
60ca846ffad77e5b1fee110a,main-trial-6,s,s,true,436155.10
60ca846ffad77e5b1fee110a,main-trial-6,f,f,true,436410.30
60ca846ffad77e5b1fee110a,main-trial-6, , ,true,436786.40
60ca846ffad77e5b1fee110a,main-trial-6,b,b,true,437239.20
60ca846ffad77e5b1fee110a,main-trial-6,e,e,true,437282.50
60ca846ffad77e5b1fee110a,main-trial-6, , ,true,437488.60
60ca846ffad77e5b1fee110a,main-trial-6,s,s,true,437730.10
60ca846ffad77e5b1fee110a,main-trial-6,f,f,true,437987.50
60ca846ffad77e5b1fee110a,main-trial-6, , ,true,438107.30
60ca846ffad77e5b1fee110a,main-trial-6,b,b,true,438307.40
60ca846ffad77e5b1fee110a,main-trial-6,e,e,true,438375.20
60ca846ffad77e5b1fee110a,main-trial-7,w,w,true,442415.00
60ca846ffad77e5b1fee110a,main-trial-7,x,x,true,442889.40
60ca846ffad77e5b1fee110a,main-trial-7,w,w,true,443806.90
60ca846ffad77e5b1fee110a,main-trial-7,t,t,true,444164.70
60ca846ffad77e5b1fee110a,main-trial-7,u,u,true,444354.30
60ca846ffad77e5b1fee110a,main-trial-7, , ,true,444642.50
60ca846ffad77e5b1fee110a,main-trial-7,f,f,true,445048.60
60ca846ffad77e5b1fee110a,main-trial-7,e,e,true,445251.30
60ca846ffad77e5b1fee110a,main-trial-7, , ,true,445396.80
60ca846ffad77e5b1fee110a,main-trial-7,f,f,true,445585.90
60ca846ffad77e5b1fee110a,main-trial-7,e,e,true,445749.10
60ca846ffad77e5b1fee110a,main-trial-7, , ,true,445957.80
60ca846ffad77e5b1fee110a,main-trial-7,f,f,true,446113.30
60ca846ffad77e5b1fee110a,main-trial-7,e,e,true,446198.40
60ca846ffad77e5b1fee110a,main-trial-7, , ,true,446419.80
60ca846ffad77e5b1fee110a,main-trial-7,y,t,false,446919.70
60ca846ffad77e5b1fee110a,main-trial-7,y,y,true,448494.00
60ca846ffad77e5b1fee110a,main-trial-7,t,t,true,448583.70
60ca846ffad77e5b1fee110a,main-trial-7,u,u,true,449410.30
60ca846ffad77e5b1fee110a,main-trial-7,e,e,true,449535.90
60ca846ffad77e5b1fee110a,main-trial-7,b,b,true,449700.70
60ca846ffad77e5b1fee110a,main-trial-7, , ,true,450044.70
60ca846ffad77e5b1fee110a,main-trial-7,e,e,true,450421.20
60ca846ffad77e5b1fee110a,main-trial-7,f,f,true,450544.10
60ca846ffad77e5b1fee110a,main-trial-7, , ,true,450714.90
60ca846ffad77e5b1fee110a,main-trial-7,e,e,true,450820.30
60ca846ffad77e5b1fee110a,main-trial-7,f,f,true,450904.60
60ca846ffad77e5b1fee110a,main-trial-7, , ,true,451032.70
60ca846ffad77e5b1fee110a,main-trial-7,e,e,true,451157.60
60ca846ffad77e5b1fee110a,main-trial-7,f,f,true,451244.30
60ca846ffad77e5b1fee110a,main-trial-7, , ,true,451356.80
60ca846ffad77e5b1fee110a,main-trial-7,r, ,false,451666.60
60ca846ffad77e5b1fee110a,main-trial-7,r,r,true,452066.30
60ca846ffad77e5b1fee110a,main-trial-7,r,r,true,452730.50
60ca846ffad77e5b1fee110a,main-trial-7,x,x,true,453422.60
60ca846ffad77e5b1fee110a,main-trial-7,p,p,true,453801.20
60ca846ffad77e5b1fee110a,main-trial-7,c,c,true,454290.60
60ca846ffad77e5b1fee110a,main-trial-7, , ,true,454710.90
60ca846ffad77e5b1fee110a,main-trial-7,f,f,true,455108.70
60ca846ffad77e5b1fee110a,main-trial-7,e,e,true,455225.60
60ca846ffad77e5b1fee110a,main-trial-7, , ,true,455466.20
60ca846ffad77e5b1fee110a,main-trial-7,e,e,true,455920.20
60ca846ffad77e5b1fee110a,main-trial-7,f,f,true,456067.00
60ca846ffad77e5b1fee110a,main-trial-7, , ,true,456295.80
60ca846ffad77e5b1fee110a,main-trial-7,f,f,true,456495.00
60ca846ffad77e5b1fee110a,main-trial-7,e,e,true,456606.30
60ca846ffad77e5b1fee110a,main-trial-7, , ,true,456916.20
60ca846ffad77e5b1fee110a,main-trial-7,e,e,true,457040.10
60ca846ffad77e5b1fee110a,main-trial-7,f,f,true,457151.60
60ca846ffad77e5b1fee110a,main-trial-7, ,f,false,457582.00
60ca846ffad77e5b1fee110a,main-trial-7, ,e,false,457705.70
60ca846ffad77e5b1fee110a,main-trial-7, , ,true,457875.20
60ca846ffad77e5b1fee110a,main-trial-7,f,f,true,458690.70
60ca846ffad77e5b1fee110a,main-trial-7,e,e,true,458834.60
60ca846ffad77e5b1fee110a,main-trial-7, , ,true,459206.90
60ca846ffad77e5b1fee110a,main-trial-7,e,e,true,459354.50
60ca846ffad77e5b1fee110a,main-trial-7,f,f,true,459466.60
60ca846ffad77e5b1fee110a,main-trial-8,q,q,true,467028.40
60ca846ffad77e5b1fee110a,main-trial-8,l,v,false,467445.30
60ca846ffad77e5b1fee110a,main-trial-8,l,l,true,468429.60
60ca846ffad77e5b1fee110a,main-trial-8,v,v,true,468750.00
60ca846ffad77e5b1fee110a,main-trial-8,g,g,true,469722.20
60ca846ffad77e5b1fee110a,main-trial-8,l,l,true,470099.30
60ca846ffad77e5b1fee110a,main-trial-8, , ,true,470400.60
60ca846ffad77e5b1fee110a,main-trial-8,d,d,true,470912.30
60ca846ffad77e5b1fee110a,main-trial-8,r,e,false,470998.60
60ca846ffad77e5b1fee110a,main-trial-8,r, ,false,471172.30
60ca846ffad77e5b1fee110a,main-trial-8,r,d,false,471325.90
60ca846ffad77e5b1fee110a,main-trial-8,r,e,false,471428.90
60ca846ffad77e5b1fee110a,main-trial-8,r, ,false,471569.50
60ca846ffad77e5b1fee110a,main-trial-8,r,d,false,471779.30
60ca846ffad77e5b1fee110a,main-trial-8,r,r,true,472486.40
60ca846ffad77e5b1fee110a,main-trial-8, , ,true,473753.90
60ca846ffad77e5b1fee110a,main-trial-8,d,d,true,473850.30
60ca846ffad77e5b1fee110a,main-trial-8,r,r,true,474055.10
60ca846ffad77e5b1fee110a,main-trial-8, ,d,false,474294.10
60ca846ffad77e5b1fee110a,main-trial-8, , ,true,474406.80
60ca846ffad77e5b1fee110a,main-trial-8,d,r,false,474522.60
60ca846ffad77e5b1fee110a,main-trial-8,d,d,true,474954.60
60ca846ffad77e5b1fee110a,main-trial-8,r,r,true,475147.00
60ca846ffad77e5b1fee110a,main-trial-8, , ,true,475658.80
60ca846ffad77e5b1fee110a,main-trial-8,j,j,true,476186.80
60ca846ffad77e5b1fee110a,main-trial-8,h,h,true,477110.50
60ca846ffad77e5b1fee110a,main-trial-8,i,i,true,478048.40
60ca846ffad77e5b1fee110a,main-trial-8,n,n,true,478294.80
60ca846ffad77e5b1fee110a,main-trial-8,z,z,true,478561.50
60ca846ffad77e5b1fee110a,main-trial-8, , ,true,479111.00
60ca846ffad77e5b1fee110a,main-trial-8,f,f,true,479470.70
60ca846ffad77e5b1fee110a,main-trial-8,d,d,true,479751.20
60ca846ffad77e5b1fee110a,main-trial-8, , ,true,480313.90
60ca846ffad77e5b1fee110a,main-trial-8,f,f,true,480553.40
60ca846ffad77e5b1fee110a,main-trial-8,d,d,true,480687.90
60ca846ffad77e5b1fee110a,main-trial-8, , ,true,480927.70
60ca846ffad77e5b1fee110a,main-trial-8,f,f,true,481070.20
60ca846ffad77e5b1fee110a,main-trial-8,d,d,true,481172.90
60ca846ffad77e5b1fee110a,main-trial-8, , ,true,481557.50
60ca846ffad77e5b1fee110a,main-trial-8,o,o,true,482422.60
60ca846ffad77e5b1fee110a,main-trial-8,b,b,true,482829.40
60ca846ffad77e5b1fee110a,main-trial-8,d,d,true,483130.20
60ca846ffad77e5b1fee110a,main-trial-8,e,e,true,483248.50
60ca846ffad77e5b1fee110a,main-trial-8,p,p,true,483527.70
60ca846ffad77e5b1fee110a,main-trial-8, , ,true,484118.50
60ca846ffad77e5b1fee110a,main-trial-8,d,d,true,484607.00
60ca846ffad77e5b1fee110a,main-trial-8,r,r,true,484814.70
60ca846ffad77e5b1fee110a,main-trial-8, , ,true,485276.70
60ca846ffad77e5b1fee110a,main-trial-8,f,f,true,485902.90
60ca846ffad77e5b1fee110a,main-trial-8,d,d,true,486127.30
60ca846ffad77e5b1fee110a,main-trial-8, , ,true,486348.70
60ca846ffad77e5b1fee110a,main-trial-8,d,d,true,486594.00
60ca846ffad77e5b1fee110a,main-trial-8,r,e,false,486744.50
60ca846ffad77e5b1fee110a,main-trial-8,r,r,true,487947.40
60ca846ffad77e5b1fee110a,main-trial-8, , ,true,488562.50
60ca846ffad77e5b1fee110a,main-trial-8,f,f,true,488715.20
60ca846ffad77e5b1fee110a,main-trial-8,d,d,true,488947.20
60ca846ffad77e5b1fee110a,main-trial-8, , ,true,489497.00
60ca846ffad77e5b1fee110a,main-trial-8,d,d,true,490007.40
60ca846ffad77e5b1fee110a,main-trial-8,r,r,true,490226.40
60ca846ffad77e5b1fee110a,main-trial-8, , ,true,490741.20
60ca846ffad77e5b1fee110a,main-trial-8,f,f,true,490871.30
60ca846ffad77e5b1fee110a,main-trial-8,d,d,true,491221.60
60ca846ffad77e5b1fee110a,main-trial-9,s,s,true,494377.80
60ca846ffad77e5b1fee110a,main-trial-9,b,b,true,494541.30
60ca846ffad77e5b1fee110a,main-trial-9,a,a,true,494616.80
60ca846ffad77e5b1fee110a,main-trial-9,e,e,true,494802.30
60ca846ffad77e5b1fee110a,main-trial-9,t,t,true,495567.40
60ca846ffad77e5b1fee110a,main-trial-9, , ,true,495894.10
60ca846ffad77e5b1fee110a,main-trial-9,s,s,true,496167.80
60ca846ffad77e5b1fee110a,main-trial-9,r,r,true,496391.30
60ca846ffad77e5b1fee110a,main-trial-9, , ,true,496518.30
60ca846ffad77e5b1fee110a,main-trial-9,s,s,true,496714.00
60ca846ffad77e5b1fee110a,main-trial-9,r,t,false,496947.50
60ca846ffad77e5b1fee110a,main-trial-9,r,r,true,496949.50
60ca846ffad77e5b1fee110a,main-trial-9, , ,true,497145.20
60ca846ffad77e5b1fee110a,main-trial-9,s,s,true,497610.00
60ca846ffad77e5b1fee110a,main-trial-9,r,r,true,497845.40
60ca846ffad77e5b1fee110a,main-trial-9, , ,true,498347.60
60ca846ffad77e5b1fee110a,main-trial-9,y,y,true,499067.30
60ca846ffad77e5b1fee110a,main-trial-9,p,p,true,499690.80
60ca846ffad77e5b1fee110a,main-trial-9,x,x,true,500307.60
60ca846ffad77e5b1fee110a,main-trial-9,p,p,true,500604.60
60ca846ffad77e5b1fee110a,main-trial-9,c,c,true,500899.00
60ca846ffad77e5b1fee110a,main-trial-9, , ,true,501383.90
60ca846ffad77e5b1fee110a,main-trial-9,w,w,true,501665.60
60ca846ffad77e5b1fee110a,main-trial-9,f,f,true,501865.10
60ca846ffad77e5b1fee110a,main-trial-9, , ,true,502003.10
60ca846ffad77e5b1fee110a,main-trial-9,w,w,true,502444.50
60ca846ffad77e5b1fee110a,main-trial-9,f,f,true,502615.80
60ca846ffad77e5b1fee110a,main-trial-9, , ,true,502850.80
60ca846ffad77e5b1fee110a,main-trial-9,w,w,true,503119.30
60ca846ffad77e5b1fee110a,main-trial-9,f,f,true,503355.10
60ca846ffad77e5b1fee110a,main-trial-9, , ,true,503610.90
60ca846ffad77e5b1fee110a,main-trial-9,v,v,true,504101.70
60ca846ffad77e5b1fee110a,main-trial-9,i,i,true,504257.50
60ca846ffad77e5b1fee110a,main-trial-9,f,v,false,504361.30
60ca846ffad77e5b1fee110a,main-trial-9,f,f,true,505386.40
60ca846ffad77e5b1fee110a,main-trial-9,v,v,true,505657.50
60ca846ffad77e5b1fee110a,main-trial-9,t,t,true,506297.60
60ca846ffad77e5b1fee110a,main-trial-9, , ,true,506609.00
60ca846ffad77e5b1fee110a,main-trial-9,s,s,true,506889.20
60ca846ffad77e5b1fee110a,main-trial-9,r,r,true,507083.40
60ca846ffad77e5b1fee110a,main-trial-9, , ,true,507743.50
60ca846ffad77e5b1fee110a,main-trial-9,w,w,true,508254.60
60ca846ffad77e5b1fee110a,main-trial-9,f,f,true,508472.40
60ca846ffad77e5b1fee110a,main-trial-9, , ,true,508651.60
60ca846ffad77e5b1fee110a,main-trial-9,s,s,true,509282.80
60ca846ffad77e5b1fee110a,main-trial-9,r,r,true,509513.60
60ca846ffad77e5b1fee110a,main-trial-9, , ,true,509918.10
60ca846ffad77e5b1fee110a,main-trial-9,w,w,true,510185.20
60ca846ffad77e5b1fee110a,main-trial-9,f,f,true,510424.20
60ca846ffad77e5b1fee110a,main-trial-9, , ,true,510876.60
60ca846ffad77e5b1fee110a,main-trial-9,s,s,true,511142.00
60ca846ffad77e5b1fee110a,main-trial-9,r,r,true,511333.80
60ca846ffad77e5b1fee110a,main-trial-9, , ,true,511504.20
60ca846ffad77e5b1fee110a,main-trial-9,w,w,true,511623.70
60ca846ffad77e5b1fee110a,main-trial-9,f,f,true,511841.20
60ca846ffad77e5b1fee110a,main-trial-10,b,b,true,516663.50
60ca846ffad77e5b1fee110a,main-trial-10,m,m,true,516883.50
60ca846ffad77e5b1fee110a,main-trial-10,i,i,true,517859.50
60ca846ffad77e5b1fee110a,main-trial-10,y,t,false,518096.60
60ca846ffad77e5b1fee110a,main-trial-10,y,y,true,518862.90
60ca846ffad77e5b1fee110a,main-trial-10,p,p,true,518993.00
60ca846ffad77e5b1fee110a,main-trial-10, , ,true,519391.50
60ca846ffad77e5b1fee110a,main-trial-10,s,s,true,519643.60
60ca846ffad77e5b1fee110a,main-trial-10,e,e,true,519815.70
60ca846ffad77e5b1fee110a,main-trial-10, , ,true,520062.80
60ca846ffad77e5b1fee110a,main-trial-10,s,s,true,520235.20
60ca846ffad77e5b1fee110a,main-trial-10,e,e,true,520338.70
60ca846ffad77e5b1fee110a,main-trial-10, , ,true,520605.60
60ca846ffad77e5b1fee110a,main-trial-10,s,s,true,520726.90
60ca846ffad77e5b1fee110a,main-trial-10,e,e,true,520878.30
60ca846ffad77e5b1fee110a,main-trial-10, , ,true,521192.00
60ca846ffad77e5b1fee110a,main-trial-10,e,e,true,521542.00
60ca846ffad77e5b1fee110a,main-trial-10,p,p,true,521691.90
60ca846ffad77e5b1fee110a,main-trial-10,f,f,true,522611.90
60ca846ffad77e5b1fee110a,main-trial-10,e,e,true,522691.00
60ca846ffad77e5b1fee110a,main-trial-10,k,k,true,522868.60
60ca846ffad77e5b1fee110a,main-trial-10, , ,true,523206.80
60ca846ffad77e5b1fee110a,main-trial-10,w,w,true,523586.30
60ca846ffad77e5b1fee110a,main-trial-10,d,d,true,523831.10
60ca846ffad77e5b1fee110a,main-trial-10, , ,true,523970.80
60ca846ffad77e5b1fee110a,main-trial-10,w,w,true,524461.20
60ca846ffad77e5b1fee110a,main-trial-10,d,d,true,524596.00
60ca846ffad77e5b1fee110a,main-trial-10, , ,true,524819.60
60ca846ffad77e5b1fee110a,main-trial-10,w,w,true,524975.70
60ca846ffad77e5b1fee110a,main-trial-10,d,d,true,525103.70
60ca846ffad77e5b1fee110a,main-trial-10, , ,true,525459.80
60ca846ffad77e5b1fee110a,main-trial-10,s,s,true,525738.10
60ca846ffad77e5b1fee110a,main-trial-10,o,o,true,525877.30
60ca846ffad77e5b1fee110a,main-trial-10,g,g,true,526107.60
60ca846ffad77e5b1fee110a,main-trial-10,o,o,true,526213.90
60ca846ffad77e5b1fee110a,main-trial-10,l,l,true,526417.80
60ca846ffad77e5b1fee110a,main-trial-10, , ,true,526684.50
60ca846ffad77e5b1fee110a,main-trial-10,s,s,true,526860.60
60ca846ffad77e5b1fee110a,main-trial-10,e,e,true,527072.00
60ca846ffad77e5b1fee110a,main-trial-10, , ,true,527303.60
60ca846ffad77e5b1fee110a,main-trial-10,w,w,true,527689.40
60ca846ffad77e5b1fee110a,main-trial-10,d,d,true,527902.00
60ca846ffad77e5b1fee110a,main-trial-10, , ,true,528261.30
60ca846ffad77e5b1fee110a,main-trial-10,s,s,true,528413.30
60ca846ffad77e5b1fee110a,main-trial-10,e,e,true,528588.50
60ca846ffad77e5b1fee110a,main-trial-10, , ,true,528850.70
60ca846ffad77e5b1fee110a,main-trial-10,w,w,true,529258.90
60ca846ffad77e5b1fee110a,main-trial-10,d,d,true,529452.20
60ca846ffad77e5b1fee110a,main-trial-10, , ,true,529697.40
60ca846ffad77e5b1fee110a,main-trial-10,s,s,true,530051.60
60ca846ffad77e5b1fee110a,main-trial-10,e,e,true,530217.30
60ca846ffad77e5b1fee110a,main-trial-10, , ,true,530455.70
60ca846ffad77e5b1fee110a,main-trial-10,w,w,true,530552.50
60ca846ffad77e5b1fee110a,main-trial-10,d,d,true,530873.80
60ca846ffad77e5b1fee110a,main-trial-11,f,f,true,534200.70
60ca846ffad77e5b1fee110a,main-trial-11,m,m,true,534611.10
60ca846ffad77e5b1fee110a,main-trial-11,q,q,true,535144.60
60ca846ffad77e5b1fee110a,main-trial-11,s,s,true,535484.70
60ca846ffad77e5b1fee110a,main-trial-11,u,u,true,535730.70
60ca846ffad77e5b1fee110a,main-trial-11, , ,true,536021.90
60ca846ffad77e5b1fee110a,main-trial-11,f,f,true,536379.40
60ca846ffad77e5b1fee110a,main-trial-11,d,d,true,536672.50
60ca846ffad77e5b1fee110a,main-trial-11, , ,true,536907.50
60ca846ffad77e5b1fee110a,main-trial-11,f,f,true,537167.60
60ca846ffad77e5b1fee110a,main-trial-11,d,d,true,537273.50
60ca846ffad77e5b1fee110a,main-trial-11, , ,true,537502.20
60ca846ffad77e5b1fee110a,main-trial-11,f,f,true,537679.00
60ca846ffad77e5b1fee110a,main-trial-11,d,d,true,537758.50
60ca846ffad77e5b1fee110a,main-trial-11, , ,true,538171.40
60ca846ffad77e5b1fee110a,main-trial-11,g,g,true,539198.00
60ca846ffad77e5b1fee110a,main-trial-11,w,w,true,539568.40
60ca846ffad77e5b1fee110a,main-trial-11,i,i,true,540434.80
60ca846ffad77e5b1fee110a,main-trial-11,c,c,true,540838.70
60ca846ffad77e5b1fee110a,main-trial-11,x,x,true,541197.30
60ca846ffad77e5b1fee110a,main-trial-11, , ,true,541616.50
60ca846ffad77e5b1fee110a,main-trial-11,c,c,true,541897.70
60ca846ffad77e5b1fee110a,main-trial-11,e,e,true,542083.30
60ca846ffad77e5b1fee110a,main-trial-11, , ,true,542280.90
60ca846ffad77e5b1fee110a,main-trial-11,c,c,true,542452.60
60ca846ffad77e5b1fee110a,main-trial-11,e,e,true,542595.40
60ca846ffad77e5b1fee110a,main-trial-11, , ,true,542852.40
60ca846ffad77e5b1fee110a,main-trial-11,c,c,true,542982.20
60ca846ffad77e5b1fee110a,main-trial-11,e,e,true,543068.60
60ca846ffad77e5b1fee110a,main-trial-11, , ,true,543397.00
60ca846ffad77e5b1fee110a,main-trial-11,f,f,true,543887.80
60ca846ffad77e5b1fee110a,main-trial-11,y,y,true,544172.40
60ca846ffad77e5b1fee110a,main-trial-11,l,l,true,544908.70
60ca846ffad77e5b1fee110a,main-trial-11,n,n,true,545261.30
60ca846ffad77e5b1fee110a,main-trial-11,j,j,true,545581.20
60ca846ffad77e5b1fee110a,main-trial-11, , ,true,545933.60
60ca846ffad77e5b1fee110a,main-trial-11,f,f,true,546347.80
60ca846ffad77e5b1fee110a,main-trial-11,d,d,true,546616.40
60ca846ffad77e5b1fee110a,main-trial-11, , ,true,546918.80
60ca846ffad77e5b1fee110a,main-trial-11,c,c,true,547430.50
60ca846ffad77e5b1fee110a,main-trial-11,e,e,true,547613.10
60ca846ffad77e5b1fee110a,main-trial-11, , ,true,547983.60
60ca846ffad77e5b1fee110a,main-trial-11,f,f,true,548323.10
60ca846ffad77e5b1fee110a,main-trial-11,d,d,true,548526.00
60ca846ffad77e5b1fee110a,main-trial-11, , ,true,548826.90
60ca846ffad77e5b1fee110a,main-trial-11,c,c,true,549010.00
60ca846ffad77e5b1fee110a,main-trial-11,e,e,true,549280.80
60ca846ffad77e5b1fee110a,main-trial-11, , ,true,549665.70
60ca846ffad77e5b1fee110a,main-trial-11,f,f,true,550004.40
60ca846ffad77e5b1fee110a,main-trial-11,d,d,true,550291.60
60ca846ffad77e5b1fee110a,main-trial-11, , ,true,550580.20
60ca846ffad77e5b1fee110a,main-trial-11,c,c,true,550754.20
60ca846ffad77e5b1fee110a,main-trial-11,e,e,true,550967.40
60ca846ffad77e5b1fee110a,main-trial-12,w,w,true,555171.90
60ca846ffad77e5b1fee110a,main-trial-12,l,l,true,555425.80
60ca846ffad77e5b1fee110a,main-trial-12,w,w,true,555563.80
60ca846ffad77e5b1fee110a,main-trial-12,p,p,true,556154.80
60ca846ffad77e5b1fee110a,main-trial-12,m,m,true,556373.80
60ca846ffad77e5b1fee110a,main-trial-12, , ,true,556607.60
60ca846ffad77e5b1fee110a,main-trial-12,d,d,true,557087.10
60ca846ffad77e5b1fee110a,main-trial-12,f,f,true,557242.70
60ca846ffad77e5b1fee110a,main-trial-12, , ,true,557589.40
60ca846ffad77e5b1fee110a,main-trial-12,d,d,true,557850.70
60ca846ffad77e5b1fee110a,main-trial-12,f,f,true,557948.50
60ca846ffad77e5b1fee110a,main-trial-12, , ,true,558152.60
60ca846ffad77e5b1fee110a,main-trial-12,d,d,true,558272.90
60ca846ffad77e5b1fee110a,main-trial-12,f,f,true,558360.20
60ca846ffad77e5b1fee110a,main-trial-12, , ,true,558542.60
60ca846ffad77e5b1fee110a,main-trial-12,s,s,true,559017.50
60ca846ffad77e5b1fee110a,main-trial-12,x,x,true,559273.00
60ca846ffad77e5b1fee110a,main-trial-12,f,f,true,560002.10
60ca846ffad77e5b1fee110a,main-trial-12,v,v,true,560222.80
60ca846ffad77e5b1fee110a,main-trial-12,t,t,true,560509.60
60ca846ffad77e5b1fee110a,main-trial-12, , ,true,560982.50
60ca846ffad77e5b1fee110a,main-trial-12,f,f,true,561464.50
60ca846ffad77e5b1fee110a,main-trial-12,g,g,true,561666.10
60ca846ffad77e5b1fee110a,main-trial-12, , ,true,561862.60
60ca846ffad77e5b1fee110a,main-trial-12,f,f,true,562030.70
60ca846ffad77e5b1fee110a,main-trial-12,g,g,true,562231.50
60ca846ffad77e5b1fee110a,main-trial-12, , ,true,562372.80
60ca846ffad77e5b1fee110a,main-trial-12,f,f,true,562505.40
60ca846ffad77e5b1fee110a,main-trial-12,g,g,true,562704.40
60ca846ffad77e5b1fee110a,main-trial-12, , ,true,562875.00
60ca846ffad77e5b1fee110a,main-trial-12,x,x,true,563313.10
60ca846ffad77e5b1fee110a,main-trial-12,e,e,true,563572.20
60ca846ffad77e5b1fee110a,main-trial-12,o,l,false,563856.30
60ca846ffad77e5b1fee110a,main-trial-12,o,o,true,564301.30
60ca846ffad77e5b1fee110a,main-trial-12,l,l,true,564552.30
60ca846ffad77e5b1fee110a,main-trial-12,o,o,true,564703.20
60ca846ffad77e5b1fee110a,main-trial-12, , ,true,565000.10
60ca846ffad77e5b1fee110a,main-trial-12,d,d,true,565359.00
60ca846ffad77e5b1fee110a,main-trial-12,f,f,true,565558.00
60ca846ffad77e5b1fee110a,main-trial-12, , ,true,566323.60
60ca846ffad77e5b1fee110a,main-trial-12,f,f,true,567171.20
60ca846ffad77e5b1fee110a,main-trial-12,g,g,true,567454.40
60ca846ffad77e5b1fee110a,main-trial-12, , ,true,567718.90
60ca846ffad77e5b1fee110a,main-trial-12,d,d,true,568872.20
60ca846ffad77e5b1fee110a,main-trial-12,f,f,true,569204.70
60ca846ffad77e5b1fee110a,main-trial-12, , ,true,569571.30
60ca846ffad77e5b1fee110a,main-trial-12,f,f,true,570315.70
60ca846ffad77e5b1fee110a,main-trial-12,g,g,true,570508.90
60ca846ffad77e5b1fee110a,main-trial-12, , ,true,570939.90
60ca846ffad77e5b1fee110a,main-trial-12,d,d,true,571728.00
60ca846ffad77e5b1fee110a,main-trial-12,f,f,true,571901.80
60ca846ffad77e5b1fee110a,main-trial-12, , ,true,572053.20
60ca846ffad77e5b1fee110a,main-trial-12,f,f,true,572812.30
60ca846ffad77e5b1fee110a,main-trial-12,g,g,true,573171.30
60ca846ffad77e5b1fee110a,main-trial-13,d,d,true,576217.00
60ca846ffad77e5b1fee110a,main-trial-13,q,q,true,576531.10
60ca846ffad77e5b1fee110a,main-trial-13,o,o,true,576908.50
60ca846ffad77e5b1fee110a,main-trial-13,f,a,false,577290.30
60ca846ffad77e5b1fee110a,main-trial-13,f,f,true,577543.30
60ca846ffad77e5b1fee110a,main-trial-13,a,a,true,577756.20
60ca846ffad77e5b1fee110a,main-trial-13, , ,true,578043.10
60ca846ffad77e5b1fee110a,main-trial-13,v,v,true,578354.60
60ca846ffad77e5b1fee110a,main-trial-13,r,r,true,578563.50
60ca846ffad77e5b1fee110a,main-trial-13, , ,true,578736.20
60ca846ffad77e5b1fee110a,main-trial-13,v,v,true,579063.20
60ca846ffad77e5b1fee110a,main-trial-13,r,r,true,579484.00
60ca846ffad77e5b1fee110a,main-trial-13, , ,true,579704.30
60ca846ffad77e5b1fee110a,main-trial-13,v,v,true,579924.60
60ca846ffad77e5b1fee110a,main-trial-13,r,r,true,580108.00
60ca846ffad77e5b1fee110a,main-trial-13, , ,true,580394.60
60ca846ffad77e5b1fee110a,main-trial-13,k,k,true,580660.60
60ca846ffad77e5b1fee110a,main-trial-13,k,k,true,580815.00
60ca846ffad77e5b1fee110a,main-trial-13,c,c,true,581465.30
60ca846ffad77e5b1fee110a,main-trial-13,j,j,true,582012.10
60ca846ffad77e5b1fee110a,main-trial-13,d,d,true,582348.10
60ca846ffad77e5b1fee110a,main-trial-13, , ,true,582634.20
60ca846ffad77e5b1fee110a,main-trial-13,c,c,true,582869.80
60ca846ffad77e5b1fee110a,main-trial-13,r,r,true,583055.70
60ca846ffad77e5b1fee110a,main-trial-13, , ,true,583218.40
60ca846ffad77e5b1fee110a,main-trial-13,c,c,true,583374.10
60ca846ffad77e5b1fee110a,main-trial-13,r,r,true,583497.50
60ca846ffad77e5b1fee110a,main-trial-13, , ,true,583682.10
60ca846ffad77e5b1fee110a,main-trial-13,c,c,true,583827.60
60ca846ffad77e5b1fee110a,main-trial-13,r,r,true,583922.60
60ca846ffad77e5b1fee110a,main-trial-13, , ,true,584074.40
60ca846ffad77e5b1fee110a,main-trial-13,z,z,true,584904.90
60ca846ffad77e5b1fee110a,main-trial-13,x,x,true,585205.90
60ca846ffad77e5b1fee110a,main-trial-13,q,q,true,585699.80
60ca846ffad77e5b1fee110a,main-trial-13,o,o,true,586121.40
60ca846ffad77e5b1fee110a,main-trial-13,h,h,true,586505.10
60ca846ffad77e5b1fee110a,main-trial-13, , ,true,586840.50
60ca846ffad77e5b1fee110a,main-trial-13,v,v,true,587667.10
60ca846ffad77e5b1fee110a,main-trial-13,r,r,true,588292.00
60ca846ffad77e5b1fee110a,main-trial-13, , ,true,588525.60
60ca846ffad77e5b1fee110a,main-trial-13,c,c,true,588773.20
60ca846ffad77e5b1fee110a,main-trial-13,r,r,true,588988.10
60ca846ffad77e5b1fee110a,main-trial-13, , ,true,589191.20
60ca846ffad77e5b1fee110a,main-trial-13,v,v,true,589355.40
60ca846ffad77e5b1fee110a,main-trial-13,r,r,true,589495.60
60ca846ffad77e5b1fee110a,main-trial-13, , ,true,589681.40
60ca846ffad77e5b1fee110a,main-trial-13,c,c,true,589901.10
60ca846ffad77e5b1fee110a,main-trial-13,r,r,true,590035.80
60ca846ffad77e5b1fee110a,main-trial-13, , ,true,590237.10
60ca846ffad77e5b1fee110a,main-trial-13,v,v,true,590397.40
60ca846ffad77e5b1fee110a,main-trial-13,r,r,true,590557.90
60ca846ffad77e5b1fee110a,main-trial-13, ,c,false,590974.80
60ca846ffad77e5b1fee110a,main-trial-13, , ,true,591133.40
60ca846ffad77e5b1fee110a,main-trial-13,c,c,true,591515.10
60ca846ffad77e5b1fee110a,main-trial-13,r,r,true,591633.50
60ca846ffad77e5b1fee110a,main-trial-14,t,t,true,594375.80
60ca846ffad77e5b1fee110a,main-trial-14,w,w,true,594624.60
60ca846ffad77e5b1fee110a,main-trial-14,u,u,true,594894.30
60ca846ffad77e5b1fee110a,main-trial-14,z,z,true,595204.30
60ca846ffad77e5b1fee110a,main-trial-14,t,t,true,595510.20
60ca846ffad77e5b1fee110a,main-trial-14, , ,true,595767.60
60ca846ffad77e5b1fee110a,main-trial-14,f,f,true,596469.90
60ca846ffad77e5b1fee110a,main-trial-14,r,r,true,596682.50
60ca846ffad77e5b1fee110a,main-trial-14, , ,true,596788.80
60ca846ffad77e5b1fee110a,main-trial-14,f,f,true,596906.90
60ca846ffad77e5b1fee110a,main-trial-14,r,r,true,597066.70
60ca846ffad77e5b1fee110a,main-trial-14, , ,true,597193.20
60ca846ffad77e5b1fee110a,main-trial-14,f,f,true,597354.30
60ca846ffad77e5b1fee110a,main-trial-14,r,r,true,597507.30
60ca846ffad77e5b1fee110a,main-trial-14, , ,true,597644.30
60ca846ffad77e5b1fee110a,main-trial-14,w,w,true,598464.00
60ca846ffad77e5b1fee110a,main-trial-14,u,u,true,598646.00
60ca846ffad77e5b1fee110a,main-trial-14,n,n,true,598767.40
60ca846ffad77e5b1fee110a,main-trial-14,t,t,true,599271.20
60ca846ffad77e5b1fee110a,main-trial-14,j,j,true,599746.40
60ca846ffad77e5b1fee110a,main-trial-14, , ,true,600008.90
60ca846ffad77e5b1fee110a,main-trial-14,v,v,true,600359.10
60ca846ffad77e5b1fee110a,main-trial-14,r,r,true,600576.30
60ca846ffad77e5b1fee110a,main-trial-14, , ,true,601060.20
60ca846ffad77e5b1fee110a,main-trial-14,v,v,true,601256.00
60ca846ffad77e5b1fee110a,main-trial-14,r,r,true,601308.60
60ca846ffad77e5b1fee110a,main-trial-14, , ,true,601473.50
60ca846ffad77e5b1fee110a,main-trial-14,v,v,true,601603.00
60ca846ffad77e5b1fee110a,main-trial-14,r,r,true,601710.30
60ca846ffad77e5b1fee110a,main-trial-14, , ,true,601829.60
60ca846ffad77e5b1fee110a,main-trial-14,b,b,true,602481.90
60ca846ffad77e5b1fee110a,main-trial-14,r,r,true,602566.50
60ca846ffad77e5b1fee110a,main-trial-14,j,j,true,603493.90
60ca846ffad77e5b1fee110a,main-trial-14,b,b,true,603702.70
60ca846ffad77e5b1fee110a,main-trial-14,s,d,false,603858.40
60ca846ffad77e5b1fee110a,main-trial-14,s,s,true,604337.80
60ca846ffad77e5b1fee110a,main-trial-14, , ,true,604811.20
60ca846ffad77e5b1fee110a,main-trial-14,f,f,true,605139.30
60ca846ffad77e5b1fee110a,main-trial-14,r,r,true,605260.10
60ca846ffad77e5b1fee110a,main-trial-14, , ,true,605653.30
60ca846ffad77e5b1fee110a,main-trial-14,v,v,true,605886.40
60ca846ffad77e5b1fee110a,main-trial-14,r,r,true,605996.70
60ca846ffad77e5b1fee110a,main-trial-14, , ,true,606574.30
60ca846ffad77e5b1fee110a,main-trial-14,f,f,true,606770.40
60ca846ffad77e5b1fee110a,main-trial-14,r,v,false,606872.90
60ca846ffad77e5b1fee110a,main-trial-14,r, ,false,607266.60
60ca846ffad77e5b1fee110a,main-trial-14,r,f,false,607725.50
60ca846ffad77e5b1fee110a,main-trial-14,r,r,true,608041.30
60ca846ffad77e5b1fee110a,main-trial-14, , ,true,609117.30
60ca846ffad77e5b1fee110a,main-trial-14,v,f,false,609359.70
60ca846ffad77e5b1fee110a,main-trial-14,v,v,true,609951.50
60ca846ffad77e5b1fee110a,main-trial-14,r,r,true,610094.00
60ca846ffad77e5b1fee110a,main-trial-14, , ,true,610760.50
60ca846ffad77e5b1fee110a,main-trial-14,f,f,true,610982.60
60ca846ffad77e5b1fee110a,main-trial-14,r,r,true,611088.60
60ca846ffad77e5b1fee110a,main-trial-14, , ,true,611539.30
60ca846ffad77e5b1fee110a,main-trial-14,v,f,false,611702.60
60ca846ffad77e5b1fee110a,main-trial-14,v,v,true,611783.60
60ca846ffad77e5b1fee110a,main-trial-14,r,v,false,612348.20
60ca846ffad77e5b1fee110a,main-trial-14,r,r,true,612639.10
60ca846ffad77e5b1fee110a,main-trial-15,c,c,true,616245.40
60ca846ffad77e5b1fee110a,main-trial-15,z,z,true,616585.10
60ca846ffad77e5b1fee110a,main-trial-15,h,h,true,616889.10
60ca846ffad77e5b1fee110a,main-trial-15,h,h,true,617889.10
60ca846ffad77e5b1fee110a,main-trial-15,t,t,true,618181.40
60ca846ffad77e5b1fee110a,main-trial-15, , ,true,618694.80
60ca846ffad77e5b1fee110a,main-trial-15,f,f,true,619136.60
60ca846ffad77e5b1fee110a,main-trial-15,d,d,true,619472.60
60ca846ffad77e5b1fee110a,main-trial-15, , ,true,620283.90
60ca846ffad77e5b1fee110a,main-trial-15,f,f,true,620447.60
60ca846ffad77e5b1fee110a,main-trial-15,d,d,true,620635.70
60ca846ffad77e5b1fee110a,main-trial-15, , ,true,620790.20
60ca846ffad77e5b1fee110a,main-trial-15,f,f,true,620929.90
60ca846ffad77e5b1fee110a,main-trial-15,d,d,true,621102.20
60ca846ffad77e5b1fee110a,main-trial-15, , ,true,621253.40
60ca846ffad77e5b1fee110a,main-trial-15,m,m,true,621529.10
60ca846ffad77e5b1fee110a,main-trial-15,v,v,true,621798.90
60ca846ffad77e5b1fee110a,main-trial-15,s,s,true,622081.90
60ca846ffad77e5b1fee110a,main-trial-15,m,m,true,622640.30
60ca846ffad77e5b1fee110a,main-trial-15,i,i,true,622807.20
60ca846ffad77e5b1fee110a,main-trial-15, , ,true,623096.90
60ca846ffad77e5b1fee110a,main-trial-15,f,f,true,623417.60
60ca846ffad77e5b1fee110a,main-trial-15,r,r,true,623627.40
60ca846ffad77e5b1fee110a,main-trial-15, , ,true,623765.70
60ca846ffad77e5b1fee110a,main-trial-15,f,f,true,623901.30
60ca846ffad77e5b1fee110a,main-trial-15,r,r,true,624067.20
60ca846ffad77e5b1fee110a,main-trial-15, , ,true,624167.10
60ca846ffad77e5b1fee110a,main-trial-15,f,f,true,624325.90
60ca846ffad77e5b1fee110a,main-trial-15,r,r,true,624495.80
60ca846ffad77e5b1fee110a,main-trial-15, , ,true,624829.30
60ca846ffad77e5b1fee110a,main-trial-15,o,o,true,625106.00
60ca846ffad77e5b1fee110a,main-trial-15,v,v,true,625237.00
60ca846ffad77e5b1fee110a,main-trial-15,g,g,true,626091.20
60ca846ffad77e5b1fee110a,main-trial-15,u,u,true,626478.60
60ca846ffad77e5b1fee110a,main-trial-15,i,i,true,626650.40
60ca846ffad77e5b1fee110a,main-trial-15, , ,true,626897.70
60ca846ffad77e5b1fee110a,main-trial-15,f,f,true,627250.20
60ca846ffad77e5b1fee110a,main-trial-15,d,d,true,627482.50
60ca846ffad77e5b1fee110a,main-trial-15, , ,true,627982.30
60ca846ffad77e5b1fee110a,main-trial-15,f,f,true,628693.30
60ca846ffad77e5b1fee110a,main-trial-15,r,r,true,628872.50
60ca846ffad77e5b1fee110a,main-trial-15, , ,true,629168.70
60ca846ffad77e5b1fee110a,main-trial-15,f,f,true,629815.00
60ca846ffad77e5b1fee110a,main-trial-15,d,d,true,630024.90
60ca846ffad77e5b1fee110a,main-trial-15, , ,true,630321.70
60ca846ffad77e5b1fee110a,main-trial-15,f,f,true,630726.10
60ca846ffad77e5b1fee110a,main-trial-15,r,r,true,630907.00
60ca846ffad77e5b1fee110a,main-trial-15, , ,true,631264.80
60ca846ffad77e5b1fee110a,main-trial-15,f,f,true,631691.10
60ca846ffad77e5b1fee110a,main-trial-15,d,d,true,631915.40
60ca846ffad77e5b1fee110a,main-trial-15, , ,true,632238.70
60ca846ffad77e5b1fee110a,main-trial-15,f,f,true,632504.60
60ca846ffad77e5b1fee110a,main-trial-15,r,r,true,632672.20
60ca846ffad77e5b1fee110a,main-trial-16,m,m,true,635731.70
60ca846ffad77e5b1fee110a,main-trial-16,h,h,true,636032.50
60ca846ffad77e5b1fee110a,main-trial-16,m,u,false,636478.10
60ca846ffad77e5b1fee110a,main-trial-16,m,m,true,636947.70
60ca846ffad77e5b1fee110a,main-trial-16,u,u,true,637249.10
60ca846ffad77e5b1fee110a,main-trial-16,w,h,false,637465.90
60ca846ffad77e5b1fee110a,main-trial-16,w,w,true,637970.40
60ca846ffad77e5b1fee110a,main-trial-16, , ,true,638328.20
60ca846ffad77e5b1fee110a,main-trial-16,f,f,true,638942.40
60ca846ffad77e5b1fee110a,main-trial-16,d,d,true,639163.00
60ca846ffad77e5b1fee110a,main-trial-16, , ,true,639387.20
60ca846ffad77e5b1fee110a,main-trial-16,f,f,true,639882.30
60ca846ffad77e5b1fee110a,main-trial-16,d,d,true,640003.00
60ca846ffad77e5b1fee110a,main-trial-16, , ,true,640268.90
60ca846ffad77e5b1fee110a,main-trial-16,f,f,true,640546.10
60ca846ffad77e5b1fee110a,main-trial-16,d,d,true,640598.30
60ca846ffad77e5b1fee110a,main-trial-16, , ,true,641095.10
60ca846ffad77e5b1fee110a,main-trial-16,v,v,true,641328.40
60ca846ffad77e5b1fee110a,main-trial-16,q,q,true,641712.70
60ca846ffad77e5b1fee110a,main-trial-16,o,o,true,642825.80
60ca846ffad77e5b1fee110a,main-trial-16,y,y,true,643495.40
60ca846ffad77e5b1fee110a,main-trial-16,c,c,true,643803.00
60ca846ffad77e5b1fee110a,main-trial-16, , ,true,644131.10
60ca846ffad77e5b1fee110a,main-trial-16,d,d,true,644754.10
60ca846ffad77e5b1fee110a,main-trial-16,r,r,true,644957.90
60ca846ffad77e5b1fee110a,main-trial-16, , ,true,645116.30
60ca846ffad77e5b1fee110a,main-trial-16,d,d,true,645312.80
60ca846ffad77e5b1fee110a,main-trial-16,r,r,true,645487.50
60ca846ffad77e5b1fee110a,main-trial-16, , ,true,645653.80
60ca846ffad77e5b1fee110a,main-trial-16,d,d,true,645841.40
60ca846ffad77e5b1fee110a,main-trial-16,r,r,true,646031.70
60ca846ffad77e5b1fee110a,main-trial-16, , ,true,646191.00
60ca846ffad77e5b1fee110a,main-trial-16,r,r,true,646728.90
60ca846ffad77e5b1fee110a,main-trial-16,l,l,true,647113.30
60ca846ffad77e5b1fee110a,main-trial-16,g,g,true,648125.00
60ca846ffad77e5b1fee110a,main-trial-16,q,q,true,649077.50
60ca846ffad77e5b1fee110a,main-trial-16,m,m,true,649196.30
60ca846ffad77e5b1fee110a,main-trial-16, , ,true,649554.40
60ca846ffad77e5b1fee110a,main-trial-16,f,f,true,649954.10
60ca846ffad77e5b1fee110a,main-trial-16,d,d,true,650093.00
60ca846ffad77e5b1fee110a,main-trial-16, , ,true,650502.30
60ca846ffad77e5b1fee110a,main-trial-16,d,d,true,651034.90
60ca846ffad77e5b1fee110a,main-trial-16,r,r,true,651240.00
60ca846ffad77e5b1fee110a,main-trial-16, , ,true,651617.10
60ca846ffad77e5b1fee110a,main-trial-16,f,f,true,652034.20
60ca846ffad77e5b1fee110a,main-trial-16,d,d,true,652233.90
60ca846ffad77e5b1fee110a,main-trial-16, , ,true,652505.00
60ca846ffad77e5b1fee110a,main-trial-16,d,d,true,653173.00
60ca846ffad77e5b1fee110a,main-trial-16,r,r,true,653365.30
60ca846ffad77e5b1fee110a,main-trial-16, , ,true,653746.50
60ca846ffad77e5b1fee110a,main-trial-16,f,f,true,654309.90
60ca846ffad77e5b1fee110a,main-trial-16,d,d,true,654519.40
60ca846ffad77e5b1fee110a,main-trial-16, , ,true,654761.10
60ca846ffad77e5b1fee110a,main-trial-16,d,d,true,655261.70
60ca846ffad77e5b1fee110a,main-trial-16,r,r,true,655449.00
60ca846ffad77e5b1fee110a,main-trial-17,z,z,true,659112.40
60ca846ffad77e5b1fee110a,main-trial-17,q,q,true,659400.60
60ca846ffad77e5b1fee110a,main-trial-17,b,b,true,660416.90
60ca846ffad77e5b1fee110a,main-trial-17,t,t,true,660636.70
60ca846ffad77e5b1fee110a,main-trial-17,e,e,true,660847.40
60ca846ffad77e5b1fee110a,main-trial-17, , ,true,661183.10
60ca846ffad77e5b1fee110a,main-trial-17,c,c,true,661412.50
60ca846ffad77e5b1fee110a,main-trial-17,r,r,true,661611.80
60ca846ffad77e5b1fee110a,main-trial-17, , ,true,661795.20
60ca846ffad77e5b1fee110a,main-trial-17,c,c,true,661987.00
60ca846ffad77e5b1fee110a,main-trial-17,r,r,true,662179.20
60ca846ffad77e5b1fee110a,main-trial-17, , ,true,662392.20
60ca846ffad77e5b1fee110a,main-trial-17,c,c,true,662502.30
60ca846ffad77e5b1fee110a,main-trial-17,r,r,true,662732.10
60ca846ffad77e5b1fee110a,main-trial-17, , ,true,663065.60
60ca846ffad77e5b1fee110a,main-trial-17,c,c,true,663434.40
60ca846ffad77e5b1fee110a,main-trial-17,v,v,true,663650.20
60ca846ffad77e5b1fee110a,main-trial-17,c,c,true,664339.80
60ca846ffad77e5b1fee110a,main-trial-17,l,l,true,664596.80
60ca846ffad77e5b1fee110a,main-trial-17,o,o,true,664736.80
60ca846ffad77e5b1fee110a,main-trial-17, , ,true,665122.10
60ca846ffad77e5b1fee110a,main-trial-17,v,v,true,665408.90
60ca846ffad77e5b1fee110a,main-trial-17,r,r,true,665620.80
60ca846ffad77e5b1fee110a,main-trial-17, , ,true,666004.10
60ca846ffad77e5b1fee110a,main-trial-17,v,v,true,666318.20
60ca846ffad77e5b1fee110a,main-trial-17,r,r,true,666401.50
60ca846ffad77e5b1fee110a,main-trial-17, , ,true,666569.10
60ca846ffad77e5b1fee110a,main-trial-17,v,v,true,666786.30
60ca846ffad77e5b1fee110a,main-trial-17,r,r,true,666879.60
60ca846ffad77e5b1fee110a,main-trial-17, , ,true,667034.60
60ca846ffad77e5b1fee110a,main-trial-17,o,o,true,667665.30
60ca846ffad77e5b1fee110a,main-trial-17,k,k,true,667860.40
60ca846ffad77e5b1fee110a,main-trial-17,l,l,true,668143.70
60ca846ffad77e5b1fee110a,main-trial-17,w,w,true,668906.20
60ca846ffad77e5b1fee110a,main-trial-17,t,t,true,669241.50
60ca846ffad77e5b1fee110a,main-trial-17, , ,true,669584.30
60ca846ffad77e5b1fee110a,main-trial-17,c,c,true,669952.10
60ca846ffad77e5b1fee110a,main-trial-17,r,r,true,670085.90
60ca846ffad77e5b1fee110a,main-trial-17, , ,true,670277.90
60ca846ffad77e5b1fee110a,main-trial-17,v,v,true,671143.20
60ca846ffad77e5b1fee110a,main-trial-17,r,r,true,671237.50
60ca846ffad77e5b1fee110a,main-trial-17, , ,true,671454.80
60ca846ffad77e5b1fee110a,main-trial-17,c,c,true,672117.10
60ca846ffad77e5b1fee110a,main-trial-17,r,r,true,672236.50
60ca846ffad77e5b1fee110a,main-trial-17, , ,true,672491.60
60ca846ffad77e5b1fee110a,main-trial-17,v,v,true,673089.20
60ca846ffad77e5b1fee110a,main-trial-17,r,r,true,673205.30
60ca846ffad77e5b1fee110a,main-trial-17, , ,true,674082.90
60ca846ffad77e5b1fee110a,main-trial-17,c,c,true,674285.00
60ca846ffad77e5b1fee110a,main-trial-17,r,r,true,674422.70
60ca846ffad77e5b1fee110a,main-trial-17, , ,true,674634.90
60ca846ffad77e5b1fee110a,main-trial-17,v,v,true,674991.80
60ca846ffad77e5b1fee110a,main-trial-17,r,r,true,675098.40
60ca846ffad77e5b1fee110a,main-trial-18,p,p,true,677965.60
60ca846ffad77e5b1fee110a,main-trial-18,l,l,true,678185.40
60ca846ffad77e5b1fee110a,main-trial-18,p,p,true,678676.60
60ca846ffad77e5b1fee110a,main-trial-18,u,u,true,679023.40
60ca846ffad77e5b1fee110a,main-trial-18,i,i,true,679201.30
60ca846ffad77e5b1fee110a,main-trial-18, , ,true,679472.70
60ca846ffad77e5b1fee110a,main-trial-18,x,x,true,679921.70
60ca846ffad77e5b1fee110a,main-trial-18,c,c,true,680211.60
60ca846ffad77e5b1fee110a,main-trial-18, , ,true,680589.60
60ca846ffad77e5b1fee110a,main-trial-18,x,x,true,680987.30
60ca846ffad77e5b1fee110a,main-trial-18,c,c,true,681270.50
60ca846ffad77e5b1fee110a,main-trial-18, , ,true,681750.30
60ca846ffad77e5b1fee110a,main-trial-18,x,x,true,681998.40
60ca846ffad77e5b1fee110a,main-trial-18,c,c,true,682101.00
60ca846ffad77e5b1fee110a,main-trial-18, , ,true,682394.60
60ca846ffad77e5b1fee110a,main-trial-18,z,z,true,682751.00
60ca846ffad77e5b1fee110a,main-trial-18,o,i,false,682987.10
60ca846ffad77e5b1fee110a,main-trial-18,o,o,true,683513.00
60ca846ffad77e5b1fee110a,main-trial-18,m,m,true,683694.90
60ca846ffad77e5b1fee110a,main-trial-18,k,k,true,684073.50
60ca846ffad77e5b1fee110a,main-trial-18,y,y,true,684311.90
60ca846ffad77e5b1fee110a,main-trial-18, , ,true,684708.80
60ca846ffad77e5b1fee110a,main-trial-18,c,c,true,685140.30
60ca846ffad77e5b1fee110a,main-trial-18,e,e,true,685320.40
60ca846ffad77e5b1fee110a,main-trial-18, , ,true,685733.60
60ca846ffad77e5b1fee110a,main-trial-18,c,c,true,685886.90
60ca846ffad77e5b1fee110a,main-trial-18,e,e,true,685965.50
60ca846ffad77e5b1fee110a,main-trial-18, , ,true,686319.90
60ca846ffad77e5b1fee110a,main-trial-18,c,c,true,686496.20
60ca846ffad77e5b1fee110a,main-trial-18,e,e,true,686571.90
60ca846ffad77e5b1fee110a,main-trial-18, , ,true,686902.90
60ca846ffad77e5b1fee110a,main-trial-18,k,k,true,687428.00
60ca846ffad77e5b1fee110a,main-trial-18,z,z,true,687696.40
60ca846ffad77e5b1fee110a,main-trial-18,j,j,true,689089.10
60ca846ffad77e5b1fee110a,main-trial-18,x,x,true,689843.10
60ca846ffad77e5b1fee110a,main-trial-18,o,o,true,689940.50
60ca846ffad77e5b1fee110a,main-trial-18, , ,true,690373.30
60ca846ffad77e5b1fee110a,main-trial-18,x,x,true,690801.10
60ca846ffad77e5b1fee110a,main-trial-18,c,c,true,691000.10
60ca846ffad77e5b1fee110a,main-trial-18, , ,true,691176.80
60ca846ffad77e5b1fee110a,main-trial-18,c,c,true,691693.00
60ca846ffad77e5b1fee110a,main-trial-18,e,e,true,691918.70
60ca846ffad77e5b1fee110a,main-trial-18, , ,true,692131.90
60ca846ffad77e5b1fee110a,main-trial-18,x,x,true,692674.00
60ca846ffad77e5b1fee110a,main-trial-18,c,c,true,692946.50
60ca846ffad77e5b1fee110a,main-trial-18, , ,true,693202.90
60ca846ffad77e5b1fee110a,main-trial-18,c,x,false,693439.70
60ca846ffad77e5b1fee110a,main-trial-18,c,e,false,693816.30
60ca846ffad77e5b1fee110a,main-trial-18,c, ,false,694024.90
60ca846ffad77e5b1fee110a,main-trial-18,c,x,false,694671.20
60ca846ffad77e5b1fee110a,main-trial-18,c,c,true,695137.00
60ca846ffad77e5b1fee110a,main-trial-18,e,e,true,696204.30
60ca846ffad77e5b1fee110a,main-trial-18, , ,true,697141.30
60ca846ffad77e5b1fee110a,main-trial-18,x,x,true,697560.10
60ca846ffad77e5b1fee110a,main-trial-18,c,c,true,698347.40
60ca846ffad77e5b1fee110a,main-trial-18, , ,true,698586.60
60ca846ffad77e5b1fee110a,main-trial-18,c,c,true,699095.50
60ca846ffad77e5b1fee110a,main-trial-18,e,e,true,699354.10
60ca846ffad77e5b1fee110a,main-trial-19,w,w,true,704192.80
60ca846ffad77e5b1fee110a,main-trial-19,m,m,true,704394.80
60ca846ffad77e5b1fee110a,main-trial-19,b,b,true,704651.10
60ca846ffad77e5b1fee110a,main-trial-19,m,m,true,705361.40
60ca846ffad77e5b1fee110a,main-trial-19,i,i,true,705504.00
60ca846ffad77e5b1fee110a,main-trial-19, , ,true,705826.90
60ca846ffad77e5b1fee110a,main-trial-19,f,f,true,706448.60
60ca846ffad77e5b1fee110a,main-trial-19,g,g,true,706643.20
60ca846ffad77e5b1fee110a,main-trial-19, , ,true,706877.40
60ca846ffad77e5b1fee110a,main-trial-19,f,f,true,707076.50
60ca846ffad77e5b1fee110a,main-trial-19,g,g,true,707249.10
60ca846ffad77e5b1fee110a,main-trial-19, , ,true,707392.00
60ca846ffad77e5b1fee110a,main-trial-19,f,f,true,707530.00
60ca846ffad77e5b1fee110a,main-trial-19,g,g,true,707723.00
60ca846ffad77e5b1fee110a,main-trial-19, , ,true,707861.00
60ca846ffad77e5b1fee110a,main-trial-19,k,k,true,708314.30
60ca846ffad77e5b1fee110a,main-trial-19,h,h,true,708490.90
60ca846ffad77e5b1fee110a,main-trial-19,l,l,true,709667.00
60ca846ffad77e5b1fee110a,main-trial-19,i,i,true,709849.10
60ca846ffad77e5b1fee110a,main-trial-19,j,j,true,709995.90
60ca846ffad77e5b1fee110a,main-trial-19, , ,true,710409.70
60ca846ffad77e5b1fee110a,main-trial-19,d,d,true,711002.60
60ca846ffad77e5b1fee110a,main-trial-19,f,f,true,711223.00
60ca846ffad77e5b1fee110a,main-trial-19, , ,true,711346.60
60ca846ffad77e5b1fee110a,main-trial-19,d,d,true,711469.80
60ca846ffad77e5b1fee110a,main-trial-19,f,f,true,711646.20
60ca846ffad77e5b1fee110a,main-trial-19, , ,true,711764.90
60ca846ffad77e5b1fee110a,main-trial-19,d,d,true,711894.60
60ca846ffad77e5b1fee110a,main-trial-19,f,f,true,712073.40
60ca846ffad77e5b1fee110a,main-trial-19, , ,true,712231.10
60ca846ffad77e5b1fee110a,main-trial-19,z,z,true,712689.50
60ca846ffad77e5b1fee110a,main-trial-19,z,z,true,712851.20
60ca846ffad77e5b1fee110a,main-trial-19,p,p,true,713391.00
60ca846ffad77e5b1fee110a,main-trial-19,m,m,true,713678.10
60ca846ffad77e5b1fee110a,main-trial-19,f,f,true,714770.00
60ca846ffad77e5b1fee110a,main-trial-19, , ,true,715015.00
60ca846ffad77e5b1fee110a,main-trial-19,f,f,true,715780.10
60ca846ffad77e5b1fee110a,main-trial-19,g,g,true,716225.90
60ca846ffad77e5b1fee110a,main-trial-19, , ,true,716576.60
60ca846ffad77e5b1fee110a,main-trial-19,d,d,true,717057.00
60ca846ffad77e5b1fee110a,main-trial-19,f,f,true,717274.90
60ca846ffad77e5b1fee110a,main-trial-19, , ,true,717498.20
60ca846ffad77e5b1fee110a,main-trial-19,f,f,true,718114.90
60ca846ffad77e5b1fee110a,main-trial-19,g,g,true,718389.10
60ca846ffad77e5b1fee110a,main-trial-19, , ,true,718562.00
60ca846ffad77e5b1fee110a,main-trial-19,d,d,true,719502.50
60ca846ffad77e5b1fee110a,main-trial-19,f,f,true,719773.50
60ca846ffad77e5b1fee110a,main-trial-19, , ,true,720016.10
60ca846ffad77e5b1fee110a,main-trial-19,f,f,true,720721.20
60ca846ffad77e5b1fee110a,main-trial-19,g,g,true,720930.90
60ca846ffad77e5b1fee110a,main-trial-19, , ,true,721139.80
60ca846ffad77e5b1fee110a,main-trial-19,d,d,true,721686.80
60ca846ffad77e5b1fee110a,main-trial-19,f,f,true,721948.10
60ca846ffad77e5b1fee110a,main-trial-20,o,o,true,725157.70
60ca846ffad77e5b1fee110a,main-trial-20,n,n,true,725346.10
60ca846ffad77e5b1fee110a,main-trial-20,i,i,true,725464.50
60ca846ffad77e5b1fee110a,main-trial-20,i,n,false,725593.00
60ca846ffad77e5b1fee110a,main-trial-20,i,n,false,725717.20
60ca846ffad77e5b1fee110a,main-trial-20,i,i,true,726151.90
60ca846ffad77e5b1fee110a,main-trial-20,n,n,true,726342.80
60ca846ffad77e5b1fee110a,main-trial-20, , ,true,726758.60
60ca846ffad77e5b1fee110a,main-trial-20,v,v,true,727103.70
60ca846ffad77e5b1fee110a,main-trial-20,r,e,false,727218.30
60ca846ffad77e5b1fee110a,main-trial-20,r,r,true,727633.10
60ca846ffad77e5b1fee110a,main-trial-20, , ,true,727922.40
60ca846ffad77e5b1fee110a,main-trial-20,v,v,true,728080.80
60ca846ffad77e5b1fee110a,main-trial-20,r,r,true,728174.00
60ca846ffad77e5b1fee110a,main-trial-20, , ,true,728372.70
60ca846ffad77e5b1fee110a,main-trial-20,v,v,true,728477.50
60ca846ffad77e5b1fee110a,main-trial-20,r,r,true,728574.30
60ca846ffad77e5b1fee110a,main-trial-20, , ,true,728667.20
60ca846ffad77e5b1fee110a,main-trial-20,z,z,true,729615.90
60ca846ffad77e5b1fee110a,main-trial-20,m,m,true,729758.60
60ca846ffad77e5b1fee110a,main-trial-20,d,d,true,730400.00
60ca846ffad77e5b1fee110a,main-trial-20,n,n,true,730506.90
60ca846ffad77e5b1fee110a,main-trial-20,j,j,true,731094.40
60ca846ffad77e5b1fee110a,main-trial-20, , ,true,731485.70
60ca846ffad77e5b1fee110a,main-trial-20,f,f,true,731837.50
60ca846ffad77e5b1fee110a,main-trial-20,r,r,true,732015.90
60ca846ffad77e5b1fee110a,main-trial-20, , ,true,732131.80
60ca846ffad77e5b1fee110a,main-trial-20,f,f,true,732241.10
60ca846ffad77e5b1fee110a,main-trial-20,r,r,true,732403.10
60ca846ffad77e5b1fee110a,main-trial-20, , ,true,732601.40
60ca846ffad77e5b1fee110a,main-trial-20,f,f,true,732699.60
60ca846ffad77e5b1fee110a,main-trial-20,r,r,true,733204.30
60ca846ffad77e5b1fee110a,main-trial-20, , ,true,733695.40
60ca846ffad77e5b1fee110a,main-trial-20,u,u,true,734172.50
60ca846ffad77e5b1fee110a,main-trial-20,n,n,true,734718.50
60ca846ffad77e5b1fee110a,main-trial-20,z,z,true,735003.10
60ca846ffad77e5b1fee110a,main-trial-20,q,q,true,735606.80
60ca846ffad77e5b1fee110a,main-trial-20,p,o,false,736516.40
60ca846ffad77e5b1fee110a,main-trial-20,p,p,true,736934.50
60ca846ffad77e5b1fee110a,main-trial-20, , ,true,737385.70
60ca846ffad77e5b1fee110a,main-trial-20,v,v,true,737869.30
60ca846ffad77e5b1fee110a,main-trial-20,r,r,true,738914.90
60ca846ffad77e5b1fee110a,main-trial-20, , ,true,739302.60
60ca846ffad77e5b1fee110a,main-trial-20,f,f,true,739584.60
60ca846ffad77e5b1fee110a,main-trial-20,r,r,true,739779.00
60ca846ffad77e5b1fee110a,main-trial-20, , ,true,740030.80
60ca846ffad77e5b1fee110a,main-trial-20,v,v,true,740645.50
60ca846ffad77e5b1fee110a,main-trial-20,r,r,true,740732.20
60ca846ffad77e5b1fee110a,main-trial-20, , ,true,740954.10
60ca846ffad77e5b1fee110a,main-trial-20,f,f,true,741124.00
60ca846ffad77e5b1fee110a,main-trial-20,r,r,true,741213.20
60ca846ffad77e5b1fee110a,main-trial-20, , ,true,741908.60
60ca846ffad77e5b1fee110a,main-trial-20,v,v,true,742070.40
60ca846ffad77e5b1fee110a,main-trial-20,r,r,true,742162.70
60ca846ffad77e5b1fee110a,main-trial-20, , ,true,742541.40
60ca846ffad77e5b1fee110a,main-trial-20,f,f,true,742707.30
60ca846ffad77e5b1fee110a,main-trial-20,r,r,true,742784.30
60ca846ffad77e5b1fee110a,main-trial-21,e,e,true,745729.10
60ca846ffad77e5b1fee110a,main-trial-21,f,f,true,745982.90
60ca846ffad77e5b1fee110a,main-trial-21,o,o,true,746182.60
60ca846ffad77e5b1fee110a,main-trial-21,p,p,true,746671.50
60ca846ffad77e5b1fee110a,main-trial-21,d,d,true,747032.60
60ca846ffad77e5b1fee110a,main-trial-21, , ,true,747361.70
60ca846ffad77e5b1fee110a,main-trial-21,c,c,true,747757.80
60ca846ffad77e5b1fee110a,main-trial-21,v,v,true,748166.70
60ca846ffad77e5b1fee110a,main-trial-21, , ,true,748799.30
60ca846ffad77e5b1fee110a,main-trial-21,c,c,true,749017.30
60ca846ffad77e5b1fee110a,main-trial-21,v,v,true,749209.60
60ca846ffad77e5b1fee110a,main-trial-21, , ,true,749502.20
60ca846ffad77e5b1fee110a,main-trial-21,c,c,true,749614.50
60ca846ffad77e5b1fee110a,main-trial-21,v,v,true,749801.40
60ca846ffad77e5b1fee110a,main-trial-21, , ,true,749991.20
60ca846ffad77e5b1fee110a,main-trial-21,c,c,true,750582.70
60ca846ffad77e5b1fee110a,main-trial-21,f,f,true,750782.00
60ca846ffad77e5b1fee110a,main-trial-21,l,l,true,751473.50
60ca846ffad77e5b1fee110a,main-trial-21,s,s,true,751769.00
60ca846ffad77e5b1fee110a,main-trial-21,t,t,true,752005.80
60ca846ffad77e5b1fee110a,main-trial-21, , ,true,752443.80
60ca846ffad77e5b1fee110a,main-trial-21,c,c,true,752720.50
60ca846ffad77e5b1fee110a,main-trial-21,r,r,true,752910.90
60ca846ffad77e5b1fee110a,main-trial-21, , ,true,753132.80
60ca846ffad77e5b1fee110a,main-trial-21,c,c,true,753307.30
60ca846ffad77e5b1fee110a,main-trial-21,r,r,true,753524.30
60ca846ffad77e5b1fee110a,main-trial-21, , ,true,753740.60
60ca846ffad77e5b1fee110a,main-trial-21,c,c,true,753953.00
60ca846ffad77e5b1fee110a,main-trial-21,r,r,true,754173.20
60ca846ffad77e5b1fee110a,main-trial-21, , ,true,754449.60
60ca846ffad77e5b1fee110a,main-trial-21,r,r,true,754996.10
60ca846ffad77e5b1fee110a,main-trial-21,v,v,true,755747.60
60ca846ffad77e5b1fee110a,main-trial-21,x,x,true,756273.00
60ca846ffad77e5b1fee110a,main-trial-21,k,k,true,756964.70
60ca846ffad77e5b1fee110a,main-trial-21,d,d,true,757060.70
60ca846ffad77e5b1fee110a,main-trial-21, , ,true,757290.40
60ca846ffad77e5b1fee110a,main-trial-21,c,c,true,757777.80
60ca846ffad77e5b1fee110a,main-trial-21,v,v,true,758134.90
60ca846ffad77e5b1fee110a,main-trial-21, , ,true,758386.80
60ca846ffad77e5b1fee110a,main-trial-21,c,c,true,758765.80
60ca846ffad77e5b1fee110a,main-trial-21,r,r,true,759020.10
60ca846ffad77e5b1fee110a,main-trial-21, , ,true,759269.00
60ca846ffad77e5b1fee110a,main-trial-21,c,c,true,759821.00
60ca846ffad77e5b1fee110a,main-trial-21,v,v,true,760014.90
60ca846ffad77e5b1fee110a,main-trial-21, , ,true,760158.00
60ca846ffad77e5b1fee110a,main-trial-21,c,c,true,760479.10
60ca846ffad77e5b1fee110a,main-trial-21,r,r,true,760854.20
60ca846ffad77e5b1fee110a,main-trial-21, , ,true,761195.40
60ca846ffad77e5b1fee110a,main-trial-21,c,c,true,761733.60
60ca846ffad77e5b1fee110a,main-trial-21,v,v,true,762088.60
60ca846ffad77e5b1fee110a,main-trial-21, , ,true,762336.00
60ca846ffad77e5b1fee110a,main-trial-21,c,c,true,762668.90
60ca846ffad77e5b1fee110a,main-trial-21,r,r,true,762810.70
60ca846ffad77e5b1fee110a,main-trial-22,c,c,true,765805.00
60ca846ffad77e5b1fee110a,main-trial-22,h,h,true,765951.00
60ca846ffad77e5b1fee110a,main-trial-22,m,m,true,766737.50
60ca846ffad77e5b1fee110a,main-trial-22,s,s,true,766929.20
60ca846ffad77e5b1fee110a,main-trial-22,n,n,true,767571.70
60ca846ffad77e5b1fee110a,main-trial-22, , ,true,767887.00
60ca846ffad77e5b1fee110a,main-trial-22,z,z,true,768832.90
60ca846ffad77e5b1fee110a,main-trial-22,x,x,true,769103.80
60ca846ffad77e5b1fee110a,main-trial-22, , ,true,769265.70
60ca846ffad77e5b1fee110a,main-trial-22,z,z,true,769374.90
60ca846ffad77e5b1fee110a,main-trial-22,x,z,false,769722.00
60ca846ffad77e5b1fee110a,main-trial-22,x,x,true,769820.10
60ca846ffad77e5b1fee110a,main-trial-22, , ,true,770237.10
60ca846ffad77e5b1fee110a,main-trial-22,z,z,true,770414.70
60ca846ffad77e5b1fee110a,main-trial-22,x,x,true,770509.20
60ca846ffad77e5b1fee110a,main-trial-22, , ,true,770900.00
60ca846ffad77e5b1fee110a,main-trial-22,f,s,false,771490.80
60ca846ffad77e5b1fee110a,main-trial-22,f,f,true,772049.10
60ca846ffad77e5b1fee110a,main-trial-22,s,s,true,772515.20
60ca846ffad77e5b1fee110a,main-trial-22,a,a,true,772946.50
60ca846ffad77e5b1fee110a,main-trial-22,o,i,false,773391.40
60ca846ffad77e5b1fee110a,main-trial-22,o,o,true,773871.20
60ca846ffad77e5b1fee110a,main-trial-22,i,i,true,774042.60
60ca846ffad77e5b1fee110a,main-trial-22, , ,true,774373.20
60ca846ffad77e5b1fee110a,main-trial-22,z,z,true,774666.70
60ca846ffad77e5b1fee110a,main-trial-22,e,e,true,774872.80
60ca846ffad77e5b1fee110a,main-trial-22, , ,true,775116.20
60ca846ffad77e5b1fee110a,main-trial-22,z,z,true,775546.40
60ca846ffad77e5b1fee110a,main-trial-22,e,e,true,775738.80
60ca846ffad77e5b1fee110a,main-trial-22, , ,true,775937.50
60ca846ffad77e5b1fee110a,main-trial-22,z,z,true,776072.60
60ca846ffad77e5b1fee110a,main-trial-22,e,e,true,776269.00
60ca846ffad77e5b1fee110a,main-trial-22, , ,true,776548.50
60ca846ffad77e5b1fee110a,main-trial-22,n,n,true,777057.10
60ca846ffad77e5b1fee110a,main-trial-22,q,q,true,777290.70
60ca846ffad77e5b1fee110a,main-trial-22,f,f,true,778150.00
60ca846ffad77e5b1fee110a,main-trial-22,b,b,true,778979.80
60ca846ffad77e5b1fee110a,main-trial-22,c,c,true,779140.90
60ca846ffad77e5b1fee110a,main-trial-22, , ,true,779638.10
60ca846ffad77e5b1fee110a,main-trial-22,z,z,true,780109.90
60ca846ffad77e5b1fee110a,main-trial-22,x,x,true,780682.10
60ca846ffad77e5b1fee110a,main-trial-22, , ,true,781129.40
60ca846ffad77e5b1fee110a,main-trial-22,z,z,true,781372.00
60ca846ffad77e5b1fee110a,main-trial-22,e,e,true,781642.30
60ca846ffad77e5b1fee110a,main-trial-22, , ,true,782025.00
60ca846ffad77e5b1fee110a,main-trial-22,z,z,true,782277.30
60ca846ffad77e5b1fee110a,main-trial-22,x,x,true,782843.00
60ca846ffad77e5b1fee110a,main-trial-22, , ,true,783142.90
60ca846ffad77e5b1fee110a,main-trial-22,z,z,true,783455.10
60ca846ffad77e5b1fee110a,main-trial-22,e,e,true,783818.20
60ca846ffad77e5b1fee110a,main-trial-22, , ,true,784417.90
60ca846ffad77e5b1fee110a,main-trial-22,z,z,true,784653.40
60ca846ffad77e5b1fee110a,main-trial-22,x,x,true,784885.70
60ca846ffad77e5b1fee110a,main-trial-22, , ,true,785154.00
60ca846ffad77e5b1fee110a,main-trial-22,z,z,true,785335.10
60ca846ffad77e5b1fee110a,main-trial-22,e,e,true,785617.90
60ca846ffad77e5b1fee110a,main-trial-23,v,v,true,789490.80
60ca846ffad77e5b1fee110a,main-trial-23,p,p,true,790041.50
60ca846ffad77e5b1fee110a,main-trial-23,v,v,true,790331.60
60ca846ffad77e5b1fee110a,main-trial-23,d,d,true,790879.80
60ca846ffad77e5b1fee110a,main-trial-23,m,m,true,791001.50
60ca846ffad77e5b1fee110a,main-trial-23, , ,true,791263.80
60ca846ffad77e5b1fee110a,main-trial-23,a,a,true,791445.00
60ca846ffad77e5b1fee110a,main-trial-23,a,a,true,791616.20
60ca846ffad77e5b1fee110a,main-trial-23, , ,true,791991.60
60ca846ffad77e5b1fee110a,main-trial-23,a,a,true,792108.30
60ca846ffad77e5b1fee110a,main-trial-23,a, ,false,792233.80
60ca846ffad77e5b1fee110a,main-trial-23,a,a,true,792573.80
60ca846ffad77e5b1fee110a,main-trial-23, , ,true,792769.80
60ca846ffad77e5b1fee110a,main-trial-23,a,a,true,792989.70
60ca846ffad77e5b1fee110a,main-trial-23,a,a,true,793143.80
60ca846ffad77e5b1fee110a,main-trial-23, , ,true,793528.90
60ca846ffad77e5b1fee110a,main-trial-23,h,h,true,794056.10
60ca846ffad77e5b1fee110a,main-trial-23,e,e,true,794159.30
60ca846ffad77e5b1fee110a,main-trial-23,j,j,true,794934.70
60ca846ffad77e5b1fee110a,main-trial-23,c,c,true,795794.10
60ca846ffad77e5b1fee110a,main-trial-23,q,q,true,796071.10
60ca846ffad77e5b1fee110a,main-trial-23, , ,true,796461.00
60ca846ffad77e5b1fee110a,main-trial-23,f,f,true,796743.90
60ca846ffad77e5b1fee110a,main-trial-23,f,f,true,796960.30
60ca846ffad77e5b1fee110a,main-trial-23, , ,true,797214.70
60ca846ffad77e5b1fee110a,main-trial-23,f,f,true,797350.00
60ca846ffad77e5b1fee110a,main-trial-23,f, ,false,797497.00
60ca846ffad77e5b1fee110a,main-trial-23,f,f,true,797764.20
60ca846ffad77e5b1fee110a,main-trial-23, , ,true,798009.90
60ca846ffad77e5b1fee110a,main-trial-23,f,f,true,798282.80
60ca846ffad77e5b1fee110a,main-trial-23,f,f,true,798459.70
60ca846ffad77e5b1fee110a,main-trial-23, , ,true,798943.10
60ca846ffad77e5b1fee110a,main-trial-23,o,o,true,799441.70
60ca846ffad77e5b1fee110a,main-trial-23,f,f,true,799988.30
60ca846ffad77e5b1fee110a,main-trial-23,f,f,true,800162.70
60ca846ffad77e5b1fee110a,main-trial-23,q,q,true,801100.40
60ca846ffad77e5b1fee110a,main-trial-23,p,p,true,801491.20
60ca846ffad77e5b1fee110a,main-trial-23, , ,true,801849.50
60ca846ffad77e5b1fee110a,main-trial-23,a,a,true,802047.70
60ca846ffad77e5b1fee110a,main-trial-23,a,a,true,802224.60
60ca846ffad77e5b1fee110a,main-trial-23, , ,true,802597.50
60ca846ffad77e5b1fee110a,main-trial-23,f,f,true,803007.80
60ca846ffad77e5b1fee110a,main-trial-23,f,f,true,803181.20
60ca846ffad77e5b1fee110a,main-trial-23, , ,true,803513.20
60ca846ffad77e5b1fee110a,main-trial-23,a,a,true,803736.40
60ca846ffad77e5b1fee110a,main-trial-23,a,a,true,803896.80
60ca846ffad77e5b1fee110a,main-trial-23, , ,true,804283.20
60ca846ffad77e5b1fee110a,main-trial-23,f,f,true,804655.00
60ca846ffad77e5b1fee110a,main-trial-23,f,f,true,804821.60
60ca846ffad77e5b1fee110a,main-trial-23, , ,true,805398.50
60ca846ffad77e5b1fee110a,main-trial-23,a,a,true,805555.70
60ca846ffad77e5b1fee110a,main-trial-23,a,a,true,805747.70
60ca846ffad77e5b1fee110a,main-trial-23, , ,true,806482.30
60ca846ffad77e5b1fee110a,main-trial-23,f,f,true,806617.90
60ca846ffad77e5b1fee110a,main-trial-23,f,f,true,806978.00
60ca846ffad77e5b1fee110a,main-trial-24,u,u,true,811000.80
60ca846ffad77e5b1fee110a,main-trial-24,u,u,true,811153.50
60ca846ffad77e5b1fee110a,main-trial-24,n,n,true,811333.00
60ca846ffad77e5b1fee110a,main-trial-24,o,o,true,811501.10
60ca846ffad77e5b1fee110a,main-trial-24,h,h,true,811680.40
60ca846ffad77e5b1fee110a,main-trial-24, , ,true,812108.00
60ca846ffad77e5b1fee110a,main-trial-24,d,d,true,812455.90
60ca846ffad77e5b1fee110a,main-trial-24,r,r,true,812619.10
60ca846ffad77e5b1fee110a,main-trial-24, , ,true,812736.60
60ca846ffad77e5b1fee110a,main-trial-24,d,d,true,812857.40
60ca846ffad77e5b1fee110a,main-trial-24,r,r,true,813014.10
60ca846ffad77e5b1fee110a,main-trial-24, , ,true,813125.10
60ca846ffad77e5b1fee110a,main-trial-24,d,d,true,813240.30
60ca846ffad77e5b1fee110a,main-trial-24,r,r,true,813384.60
60ca846ffad77e5b1fee110a,main-trial-24, , ,true,813520.50
60ca846ffad77e5b1fee110a,main-trial-24,x,x,true,813904.00
60ca846ffad77e5b1fee110a,main-trial-24,l,l,true,814735.30
60ca846ffad77e5b1fee110a,main-trial-24,l,l,true,814880.10
60ca846ffad77e5b1fee110a,main-trial-24,n,n,true,815100.90
60ca846ffad77e5b1fee110a,main-trial-24,s,s,true,815486.70
60ca846ffad77e5b1fee110a,main-trial-24, , ,true,815873.00
60ca846ffad77e5b1fee110a,main-trial-24,e,e,true,816146.50
60ca846ffad77e5b1fee110a,main-trial-24,f,f,true,816362.60
60ca846ffad77e5b1fee110a,main-trial-24, , ,true,816516.90
60ca846ffad77e5b1fee110a,main-trial-24,e,e,true,816663.30
60ca846ffad77e5b1fee110a,main-trial-24,f,f,true,816795.20
60ca846ffad77e5b1fee110a,main-trial-24, , ,true,816942.70
60ca846ffad77e5b1fee110a,main-trial-24,e,e,true,817055.60
60ca846ffad77e5b1fee110a,main-trial-24,f,f,true,817155.40
60ca846ffad77e5b1fee110a,main-trial-24, , ,true,817273.90
60ca846ffad77e5b1fee110a,main-trial-24,a,a,true,817759.20
60ca846ffad77e5b1fee110a,main-trial-24,e,e,true,818065.50
60ca846ffad77e5b1fee110a,main-trial-24,r,r,true,818272.40
60ca846ffad77e5b1fee110a,main-trial-24,a,a,true,819194.60
60ca846ffad77e5b1fee110a,main-trial-24,e,e,true,819338.10
60ca846ffad77e5b1fee110a,main-trial-24, , ,true,819723.20
60ca846ffad77e5b1fee110a,main-trial-24,d,d,true,820099.80
60ca846ffad77e5b1fee110a,main-trial-24,r,r,true,820883.70
60ca846ffad77e5b1fee110a,main-trial-24, , ,true,821109.50
60ca846ffad77e5b1fee110a,main-trial-24,e,e,true,821299.20
60ca846ffad77e5b1fee110a,main-trial-24,f,f,true,821423.60
60ca846ffad77e5b1fee110a,main-trial-24, , ,true,821821.50
60ca846ffad77e5b1fee110a,main-trial-24,d,d,true,821978.30
60ca846ffad77e5b1fee110a,main-trial-24,r,r,true,822618.50
60ca846ffad77e5b1fee110a,main-trial-24, , ,true,822816.60
60ca846ffad77e5b1fee110a,main-trial-24,e,e,true,822968.30
60ca846ffad77e5b1fee110a,main-trial-24,f,f,true,823265.10
60ca846ffad77e5b1fee110a,main-trial-24, , ,true,824093.50
60ca846ffad77e5b1fee110a,main-trial-24,d,d,true,824458.80
60ca846ffad77e5b1fee110a,main-trial-24,r,r,true,824670.80
60ca846ffad77e5b1fee110a,main-trial-24, , ,true,825068.50
60ca846ffad77e5b1fee110a,main-trial-24,e,e,true,825270.90
60ca846ffad77e5b1fee110a,main-trial-24,f,f,true,825415.10
60ca846ffad77e5b1fee110a,main-trial-25,j,j,true,830015.10
60ca846ffad77e5b1fee110a,main-trial-25,e,e,true,830136.60
60ca846ffad77e5b1fee110a,main-trial-25,h,h,true,830451.60
60ca846ffad77e5b1fee110a,main-trial-25,a,a,true,830555.10
60ca846ffad77e5b1fee110a,main-trial-25,k,k,true,830723.50
60ca846ffad77e5b1fee110a,main-trial-25, , ,true,831241.20
60ca846ffad77e5b1fee110a,main-trial-25,f,f,true,831582.10
60ca846ffad77e5b1fee110a,main-trial-25,f,f,true,831738.40
60ca846ffad77e5b1fee110a,main-trial-25, , ,true,832122.60
60ca846ffad77e5b1fee110a,main-trial-25,f,f,true,832255.50
60ca846ffad77e5b1fee110a,main-trial-25,f,f,true,832419.50
60ca846ffad77e5b1fee110a,main-trial-25, , ,true,832651.70
60ca846ffad77e5b1fee110a,main-trial-25,f,f,true,832781.00
60ca846ffad77e5b1fee110a,main-trial-25,f,f,true,832924.00
60ca846ffad77e5b1fee110a,main-trial-25, , ,true,833184.20
60ca846ffad77e5b1fee110a,main-trial-25,u,u,true,833808.60
60ca846ffad77e5b1fee110a,main-trial-25,i,i,true,834007.60
60ca846ffad77e5b1fee110a,main-trial-25,u,u,true,834553.60
60ca846ffad77e5b1fee110a,main-trial-25,l,l,true,834958.60
60ca846ffad77e5b1fee110a,main-trial-25,a,a,true,835063.60
60ca846ffad77e5b1fee110a,main-trial-25, , ,true,835319.00
60ca846ffad77e5b1fee110a,main-trial-25,a,a,true,835573.60
60ca846ffad77e5b1fee110a,main-trial-25,a,a,true,835752.80
60ca846ffad77e5b1fee110a,main-trial-25, , ,true,835876.00
60ca846ffad77e5b1fee110a,main-trial-25,a,a,true,836170.90
60ca846ffad77e5b1fee110a,main-trial-25,a, ,false,836295.10
60ca846ffad77e5b1fee110a,main-trial-25,a, ,false,836489.70
60ca846ffad77e5b1fee110a,main-trial-25,a,a,true,836636.60
60ca846ffad77e5b1fee110a,main-trial-25, , ,true,836918.80
60ca846ffad77e5b1fee110a,main-trial-25,a,a,true,837124.50
60ca846ffad77e5b1fee110a,main-trial-25,a,a,true,837301.20
60ca846ffad77e5b1fee110a,main-trial-25, , ,true,837708.80
60ca846ffad77e5b1fee110a,main-trial-25,h,h,true,838102.70
60ca846ffad77e5b1fee110a,main-trial-25,l,l,true,838385.60
60ca846ffad77e5b1fee110a,main-trial-25,c,c,true,838809.20
60ca846ffad77e5b1fee110a,main-trial-25,m,m,true,839309.40
60ca846ffad77e5b1fee110a,main-trial-25,p,p,true,839497.10
60ca846ffad77e5b1fee110a,main-trial-25, , ,true,839855.10
60ca846ffad77e5b1fee110a,main-trial-25,f,f,true,840220.10
60ca846ffad77e5b1fee110a,main-trial-25,f,f,true,840453.60
60ca846ffad77e5b1fee110a,main-trial-25, , ,true,840965.30
60ca846ffad77e5b1fee110a,main-trial-25,a,a,true,841110.80
60ca846ffad77e5b1fee110a,main-trial-25,a,a,true,841295.20
60ca846ffad77e5b1fee110a,main-trial-25, , ,true,841570.50
60ca846ffad77e5b1fee110a,main-trial-25,f,f,true,841829.10
60ca846ffad77e5b1fee110a,main-trial-25,f,f,true,841982.80
60ca846ffad77e5b1fee110a,main-trial-25, , ,true,842657.20
60ca846ffad77e5b1fee110a,main-trial-25,a,a,true,842855.40
60ca846ffad77e5b1fee110a,main-trial-25,a,a,true,843007.60
60ca846ffad77e5b1fee110a,main-trial-25, , ,true,843473.00
60ca846ffad77e5b1fee110a,main-trial-25,f,f,true,843763.10
60ca846ffad77e5b1fee110a,main-trial-25,f,f,true,843908.10
60ca846ffad77e5b1fee110a,main-trial-25, , ,true,844317.70
60ca846ffad77e5b1fee110a,main-trial-25,a,a,true,844484.20
60ca846ffad77e5b1fee110a,main-trial-25,a,a,true,844665.40
60ca846ffad77e5b1fee110a,main-trial-26,r,r,true,847738.40
60ca846ffad77e5b1fee110a,main-trial-26,i,i,true,848158.60
60ca846ffad77e5b1fee110a,main-trial-26,l,l,true,848493.70
60ca846ffad77e5b1fee110a,main-trial-26,g,g,true,849571.90
60ca846ffad77e5b1fee110a,main-trial-26,j,j,true,849901.80
60ca846ffad77e5b1fee110a,main-trial-26, , ,true,850421.00
60ca846ffad77e5b1fee110a,main-trial-26,e,e,true,850746.40
60ca846ffad77e5b1fee110a,main-trial-26,f,f,true,850958.50
60ca846ffad77e5b1fee110a,main-trial-26, , ,true,851152.40
60ca846ffad77e5b1fee110a,main-trial-26,e,e,true,851283.30
60ca846ffad77e5b1fee110a,main-trial-26,f,f,true,851395.00
60ca846ffad77e5b1fee110a,main-trial-26, , ,true,851783.10
60ca846ffad77e5b1fee110a,main-trial-26,e,e,true,851986.40
60ca846ffad77e5b1fee110a,main-trial-26,f,f,true,852100.10
60ca846ffad77e5b1fee110a,main-trial-26, , ,true,852482.00
60ca846ffad77e5b1fee110a,main-trial-26,q,q,true,853158.40
60ca846ffad77e5b1fee110a,main-trial-26,n,n,true,853811.20
60ca846ffad77e5b1fee110a,main-trial-26,e,e,true,853966.50
60ca846ffad77e5b1fee110a,main-trial-26,x,x,true,854222.30
60ca846ffad77e5b1fee110a,main-trial-26,k,k,true,854475.30
60ca846ffad77e5b1fee110a,main-trial-26, , ,true,854730.90
60ca846ffad77e5b1fee110a,main-trial-26,f,f,true,855338.10
60ca846ffad77e5b1fee110a,main-trial-26,e,e,true,855451.20
60ca846ffad77e5b1fee110a,main-trial-26, , ,true,855653.80
60ca846ffad77e5b1fee110a,main-trial-26,f,f,true,855859.10
60ca846ffad77e5b1fee110a,main-trial-26,e,e,true,855966.40
60ca846ffad77e5b1fee110a,main-trial-26, , ,true,856221.60
60ca846ffad77e5b1fee110a,main-trial-26,f,f,true,856365.70
60ca846ffad77e5b1fee110a,main-trial-26,e,e,true,856462.70
60ca846ffad77e5b1fee110a,main-trial-26, , ,true,856820.20
60ca846ffad77e5b1fee110a,main-trial-26,s,s,true,857340.00
60ca846ffad77e5b1fee110a,main-trial-26,d,d,true,858529.50
60ca846ffad77e5b1fee110a,main-trial-26,q,q,true,859912.70
60ca846ffad77e5b1fee110a,main-trial-26,f,f,true,860951.10
60ca846ffad77e5b1fee110a,main-trial-26,j,j,true,861743.80
60ca846ffad77e5b1fee110a,main-trial-26, , ,true,862091.50
60ca846ffad77e5b1fee110a,main-trial-26,e,e,true,862493.50
60ca846ffad77e5b1fee110a,main-trial-26,f,f,true,862787.00
60ca846ffad77e5b1fee110a,main-trial-26, , ,true,863307.90
60ca846ffad77e5b1fee110a,main-trial-26,f,f,true,863605.90
60ca846ffad77e5b1fee110a,main-trial-26,e,e,true,863716.00
60ca846ffad77e5b1fee110a,main-trial-26, , ,true,864096.00
60ca846ffad77e5b1fee110a,main-trial-26,e,e,true,864668.40
60ca846ffad77e5b1fee110a,main-trial-26,f,f,true,864872.60
60ca846ffad77e5b1fee110a,main-trial-26, , ,true,865182.90
60ca846ffad77e5b1fee110a,main-trial-26,f,f,true,865483.20
60ca846ffad77e5b1fee110a,main-trial-26,e,e,true,865585.90
60ca846ffad77e5b1fee110a,main-trial-26, , ,true,865837.10
60ca846ffad77e5b1fee110a,main-trial-26,e,e,true,866074.50
60ca846ffad77e5b1fee110a,main-trial-26,f,f,true,866225.00
60ca846ffad77e5b1fee110a,main-trial-26, , ,true,866549.10
60ca846ffad77e5b1fee110a,main-trial-26,f,e,false,866783.80
60ca846ffad77e5b1fee110a,main-trial-26,f,f,true,867057.20
60ca846ffad77e5b1fee110a,main-trial-26,e,e,true,867232.30
60ca846ffad77e5b1fee110a,main-trial-27,s,s,true,870960.30
60ca846ffad77e5b1fee110a,main-trial-27,o,o,true,871463.90
60ca846ffad77e5b1fee110a,main-trial-27,u,u,true,871744.30
60ca846ffad77e5b1fee110a,main-trial-27,p,p,true,871916.20
60ca846ffad77e5b1fee110a,main-trial-27,c,c,true,872393.10
60ca846ffad77e5b1fee110a,main-trial-27, , ,true,872674.10
60ca846ffad77e5b1fee110a,main-trial-27,w,w,true,872926.60
60ca846ffad77e5b1fee110a,main-trial-27,f,e,false,872938.30
60ca846ffad77e5b1fee110a,main-trial-27,f,f,true,874025.70
60ca846ffad77e5b1fee110a,main-trial-27, , ,true,874321.50
60ca846ffad77e5b1fee110a,main-trial-27,w,w,true,874726.40
60ca846ffad77e5b1fee110a,main-trial-27,f,f,true,874869.50
60ca846ffad77e5b1fee110a,main-trial-27, , ,true,875254.40
60ca846ffad77e5b1fee110a,main-trial-27,w,w,true,875418.40
60ca846ffad77e5b1fee110a,main-trial-27,f,f,true,875518.70
60ca846ffad77e5b1fee110a,main-trial-27, , ,true,875816.40
60ca846ffad77e5b1fee110a,main-trial-27,h,h,true,876104.00
60ca846ffad77e5b1fee110a,main-trial-27,e,e,true,876301.00
60ca846ffad77e5b1fee110a,main-trial-27,k,k,true,876746.60
60ca846ffad77e5b1fee110a,main-trial-27,f,f,true,877208.00
60ca846ffad77e5b1fee110a,main-trial-27,a,a,true,877466.80
60ca846ffad77e5b1fee110a,main-trial-27, , ,true,877631.50
60ca846ffad77e5b1fee110a,main-trial-27,s,s,true,877851.00
60ca846ffad77e5b1fee110a,main-trial-27,r,r,true,878077.90
60ca846ffad77e5b1fee110a,main-trial-27, , ,true,878237.70
60ca846ffad77e5b1fee110a,main-trial-27,s,s,true,878414.10
60ca846ffad77e5b1fee110a,main-trial-27,r,r,true,878602.60
60ca846ffad77e5b1fee110a,main-trial-27, , ,true,878814.90
60ca846ffad77e5b1fee110a,main-trial-27,s,s,true,878986.60
60ca846ffad77e5b1fee110a,main-trial-27,r,r,true,879169.00
60ca846ffad77e5b1fee110a,main-trial-27, , ,true,879347.90
60ca846ffad77e5b1fee110a,main-trial-27,e,e,true,879590.30
60ca846ffad77e5b1fee110a,main-trial-27,k,k,true,879861.50
60ca846ffad77e5b1fee110a,main-trial-27,k,k,true,880019.60
60ca846ffad77e5b1fee110a,main-trial-27,e,e,true,880332.90
60ca846ffad77e5b1fee110a,main-trial-27,y,r,false,880568.70
60ca846ffad77e5b1fee110a,main-trial-27,y,y,true,881118.60
60ca846ffad77e5b1fee110a,main-trial-27, , ,true,881488.50
60ca846ffad77e5b1fee110a,main-trial-27,w,w,true,881922.50
60ca846ffad77e5b1fee110a,main-trial-27,f,f,true,882228.90
60ca846ffad77e5b1fee110a,main-trial-27, , ,true,882648.20
60ca846ffad77e5b1fee110a,main-trial-27,s,s,true,882863.50
60ca846ffad77e5b1fee110a,main-trial-27,r,r,true,883155.80
60ca846ffad77e5b1fee110a,main-trial-27, , ,true,883550.90
60ca846ffad77e5b1fee110a,main-trial-27,w,w,true,883768.20
60ca846ffad77e5b1fee110a,main-trial-27,f,f,true,884133.40
60ca846ffad77e5b1fee110a,main-trial-27, , ,true,884337.40
60ca846ffad77e5b1fee110a,main-trial-27,s,s,true,884910.30
60ca846ffad77e5b1fee110a,main-trial-27,r,r,true,885222.40
60ca846ffad77e5b1fee110a,main-trial-27, , ,true,885494.90
60ca846ffad77e5b1fee110a,main-trial-27,w,w,true,885898.10
60ca846ffad77e5b1fee110a,main-trial-27,f,f,true,886155.20
60ca846ffad77e5b1fee110a,main-trial-27, , ,true,886343.20
60ca846ffad77e5b1fee110a,main-trial-27,s,s,true,886495.00
60ca846ffad77e5b1fee110a,main-trial-27,r,r,true,886756.60
