user_id,trialId,expectedKey,typedKey,isCorrect,keydownTime
5c7307403065320001bdf00f,intro-trial-1,r,r,true,49117.20
5c7307403065320001bdf00f,intro-trial-1,z,z,true,50876.10
5c7307403065320001bdf00f,intro-trial-1,m,m,true,51628.40
5c7307403065320001bdf00f,intro-trial-1,n,m,false,51828.10
5c7307403065320001bdf00f,intro-trial-1,n,n,true,52460.40
5c7307403065320001bdf00f,intro-trial-1,i,i,true,52820.40
5c7307403065320001bdf00f,intro-trial-1, , ,true,53228.60
5c7307403065320001bdf00f,intro-trial-1,d,d,true,53636.20
5c7307403065320001bdf00f,intro-trial-1,f,f,true,54204.60
5c7307403065320001bdf00f,intro-trial-1, ,d,false,54812.90
5c7307403065320001bdf00f,intro-trial-1, ,d,false,56700.40
5c7307403065320001bdf00f,intro-trial-1, ,f,false,57598.40
5c7307403065320001bdf00f,intro-trial-1, ,d,false,58452.50
5c7307403065320001bdf00f,intro-trial-1, ,f,false,58732.00
5c7307403065320001bdf00f,intro-trial-1, ,w,false,59586.30
5c7307403065320001bdf00f,intro-trial-1, ,d,false,65659.80
5c7307403065320001bdf00f,intro-trial-1, ,e,false,66117.00
5c7307403065320001bdf00f,intro-trial-1, ,f,false,66477.10
5c7307403065320001bdf00f,intro-trial-1, ,w,false,67292.80
5c7307403065320001bdf00f,intro-trial-1, ,v,false,69691.40
5c7307403065320001bdf00f,intro-trial-1, ,i,false,70252.90
5c7307403065320001bdf00f,intro-trial-1, ,o,false,70932.60
5c7307403065320001bdf00f,intro-trial-1, ,i,false,71226.50
5c7307403065320001bdf00f,intro-trial-1, ,e,false,72665.50
5c7307403065320001bdf00f,intro-trial-1, ,f,false,73133.10
5c7307403065320001bdf00f,intro-trial-1, ,e,false,73684.80
5c7307403065320001bdf00f,intro-trial-1, ,f,false,74098.20
5c7307403065320001bdf00f,intro-trial-1, ,e,false,74421.30
5c7307403065320001bdf00f,intro-trial-1, ,f,false,75100.80
5c7307403065320001bdf00f,intro-trial-1, ,e,false,76188.90
5c7307403065320001bdf00f,intro-trial-1, ,y,false,76756.80
5c7307403065320001bdf00f,intro-trial-1, ,u,false,77708.60
5c7307403065320001bdf00f,intro-trial-1, ,u,false,78068.90
5c7307403065320001bdf00f,intro-trial-1, ,b,false,78621.40
5c7307403065320001bdf00f,intro-trial-1, , ,true,81303.80
5c7307403065320001bdf00f,intro-trial-1,d,d,true,82085.50
5c7307403065320001bdf00f,intro-trial-1,f,f,true,83009.80
5c7307403065320001bdf00f,intro-trial-1, ,d,false,84027.00
5c7307403065320001bdf00f,intro-trial-1, ,d,false,85581.30
5c7307403065320001bdf00f,intro-trial-1, , ,true,86965.60
5c7307403065320001bdf00f,intro-trial-1,d,d,true,87309.50
5c7307403065320001bdf00f,intro-trial-1,f,f,true,87850.70
5c7307403065320001bdf00f,intro-trial-1, , ,true,88445.40
5c7307403065320001bdf00f,intro-trial-1,w,w,true,89789.30
5c7307403065320001bdf00f,intro-trial-1,v,v,true,91222.00
5c7307403065320001bdf00f,intro-trial-1,i,i,true,91774.70
5c7307403065320001bdf00f,intro-trial-1,o,o,true,92213.80
5c7307403065320001bdf00f,intro-trial-1,i,i,true,92509.10
5c7307403065320001bdf00f,intro-trial-1, , ,true,92882.50
5c7307403065320001bdf00f,intro-trial-1,e,e,true,93261.40
5c7307403065320001bdf00f,intro-trial-1,f,f,true,93541.70
5c7307403065320001bdf00f,intro-trial-1, , ,true,94061.60
5c7307403065320001bdf00f,intro-trial-1,e,e,true,94450.90
5c7307403065320001bdf00f,intro-trial-1,f,f,true,94765.20
5c7307403065320001bdf00f,intro-trial-1, , ,true,95130.70
5c7307403065320001bdf00f,intro-trial-1,e,e,true,95509.50
5c7307403065320001bdf00f,intro-trial-1,f,f,true,96062.00
5c7307403065320001bdf00f,intro-trial-1, , ,true,96260.30
5c7307403065320001bdf00f,intro-trial-1,e,e,true,96621.80
5c7307403065320001bdf00f,intro-trial-1,y,y,true,96949.90
5c7307403065320001bdf00f,intro-trial-1,u,u,true,97461.80
5c7307403065320001bdf00f,intro-trial-1,u,u,true,97860.90
5c7307403065320001bdf00f,intro-trial-1,b,b,true,98221.50
5c7307403065320001bdf00f,intro-trial-1, , ,true,98526.10
5c7307403065320001bdf00f,intro-trial-1,d,d,true,99149.60
5c7307403065320001bdf00f,intro-trial-1,f,f,true,99461.70
5c7307403065320001bdf00f,intro-trial-1, , ,true,100069.30
5c7307403065320001bdf00f,intro-trial-1,e,e,true,100765.90
5c7307403065320001bdf00f,intro-trial-1,f,f,true,101334.00
5c7307403065320001bdf00f,intro-trial-1, , ,true,101912.90
5c7307403065320001bdf00f,intro-trial-1,d,d,true,102414.40
5c7307403065320001bdf00f,intro-trial-1,f,f,true,103090.40
5c7307403065320001bdf00f,intro-trial-1, , ,true,103482.50
5c7307403065320001bdf00f,intro-trial-1,e,e,true,103915.00
5c7307403065320001bdf00f,intro-trial-1,f,f,true,104237.70
5c7307403065320001bdf00f,intro-trial-1, , ,true,104558.20
5c7307403065320001bdf00f,intro-trial-1,d,d,true,105485.80
5c7307403065320001bdf00f,intro-trial-1,f,f,true,107390.50
5c7307403065320001bdf00f,intro-trial-1, , ,true,107918.30
5c7307403065320001bdf00f,intro-trial-1,e,e,true,108350.40
5c7307403065320001bdf00f,intro-trial-1,f,f,true,108669.70
5c7307403065320001bdf00f,intro-trial-2,b,b,true,124392.90
5c7307403065320001bdf00f,intro-trial-2,o,o,true,125062.30
5c7307403065320001bdf00f,intro-trial-2,q,q,true,125550.30
5c7307403065320001bdf00f,intro-trial-2,h,h,true,125918.30
5c7307403065320001bdf00f,intro-trial-2,p,p,true,126277.70
5c7307403065320001bdf00f,intro-trial-2, , ,true,126678.20
5c7307403065320001bdf00f,intro-trial-2,q,q,true,127211.10
5c7307403065320001bdf00f,intro-trial-2,s,s,true,127859.60
5c7307403065320001bdf00f,intro-trial-2, , ,true,128323.30
5c7307403065320001bdf00f,intro-trial-2,q,q,true,129902.70
5c7307403065320001bdf00f,intro-trial-2,s,s,true,130594.80
5c7307403065320001bdf00f,intro-trial-2, , ,true,131021.80
5c7307403065320001bdf00f,intro-trial-2,q,q,true,131517.90
5c7307403065320001bdf00f,intro-trial-2,s,w,false,131878.90
5c7307403065320001bdf00f,intro-trial-2,s, ,false,132198.30
5c7307403065320001bdf00f,intro-trial-2,s,s,true,133579.60
5c7307403065320001bdf00f,intro-trial-2, , ,true,134042.80
5c7307403065320001bdf00f,intro-trial-2,z,z,true,134854.70
5c7307403065320001bdf00f,intro-trial-2,q,q,true,135430.20
5c7307403065320001bdf00f,intro-trial-2,s,s,true,135902.50
5c7307403065320001bdf00f,intro-trial-2,v,v,true,136382.30
5c7307403065320001bdf00f,intro-trial-2,j,j,true,136832.10
5c7307403065320001bdf00f,intro-trial-2, , ,true,137070.70
5c7307403065320001bdf00f,intro-trial-2,s,s,true,137398.60
5c7307403065320001bdf00f,intro-trial-2,a,a,true,137750.60
5c7307403065320001bdf00f,intro-trial-2, , ,true,138590.80
5c7307403065320001bdf00f,intro-trial-2,s,s,true,138863.40
5c7307403065320001bdf00f,intro-trial-2,a,a,true,139294.50
5c7307403065320001bdf00f,intro-trial-2, , ,true,139598.00
5c7307403065320001bdf00f,intro-trial-2,s,s,true,140231.40
5c7307403065320001bdf00f,intro-trial-2,a,a,true,140579.50
5c7307403065320001bdf00f,intro-trial-2, , ,true,140830.40
5c7307403065320001bdf00f,intro-trial-2,c,c,true,141207.00
5c7307403065320001bdf00f,intro-trial-2,p,p,true,141492.10
5c7307403065320001bdf00f,intro-trial-2,c,c,true,142551.00
5c7307403065320001bdf00f,intro-trial-2,p,p,true,142799.40
5c7307403065320001bdf00f,intro-trial-2,g,g,true,143918.90
5c7307403065320001bdf00f,intro-trial-2, , ,true,144318.90
5c7307403065320001bdf00f,intro-trial-2,q,q,true,144863.30
5c7307403065320001bdf00f,intro-trial-2,s,s,true,145525.90
5c7307403065320001bdf00f,intro-trial-2, , ,true,145796.90
5c7307403065320001bdf00f,intro-trial-2,s,s,true,146463.00
5c7307403065320001bdf00f,intro-trial-2,a,a,true,147046.80
5c7307403065320001bdf00f,intro-trial-2, , ,true,147518.90
5c7307403065320001bdf00f,intro-trial-2,q,q,true,147903.00
5c7307403065320001bdf00f,intro-trial-2,s,s,true,148398.80
5c7307403065320001bdf00f,intro-trial-2, , ,true,148790.80
5c7307403065320001bdf00f,intro-trial-2,s,s,true,149231.20
5c7307403065320001bdf00f,intro-trial-2,a,a,true,149559.20
5c7307403065320001bdf00f,intro-trial-2, , ,true,149783.40
5c7307403065320001bdf00f,intro-trial-2,q,q,true,150743.50
5c7307403065320001bdf00f,intro-trial-2,s,s,true,151158.70
5c7307403065320001bdf00f,intro-trial-2, , ,true,151429.00
5c7307403065320001bdf00f,intro-trial-2,s,s,true,151844.40
5c7307403065320001bdf00f,intro-trial-2,a,a,true,152167.10
5c7307403065320001bdf00f,intro-trial-3,t,t,true,160215.20
5c7307403065320001bdf00f,intro-trial-3,a,a,true,160655.10
5c7307403065320001bdf00f,intro-trial-3,a,a,true,160967.20
5c7307403065320001bdf00f,intro-trial-3,w,w,true,161351.30
5c7307403065320001bdf00f,intro-trial-3,b,b,true,161764.50
5c7307403065320001bdf00f,intro-trial-3, , ,true,162119.30
5c7307403065320001bdf00f,intro-trial-3,f,f,true,162319.30
5c7307403065320001bdf00f,intro-trial-3,g,g,true,162663.40
5c7307403065320001bdf00f,intro-trial-3, , ,true,163399.60
5c7307403065320001bdf00f,intro-trial-3,f,g,false,163807.20
5c7307403065320001bdf00f,intro-trial-3,f,f,true,164975.00
5c7307403065320001bdf00f,intro-trial-3,g,g,true,165387.40
5c7307403065320001bdf00f,intro-trial-3, , ,true,165751.40
5c7307403065320001bdf00f,intro-trial-3,f,f,true,166431.70
5c7307403065320001bdf00f,intro-trial-3,g,g,true,167255.90
5c7307403065320001bdf00f,intro-trial-3, , ,true,167629.60
5c7307403065320001bdf00f,intro-trial-3,m,m,true,167991.10
5c7307403065320001bdf00f,intro-trial-3,e,e,true,168212.40
5c7307403065320001bdf00f,intro-trial-3,g,g,true,168583.40
5c7307403065320001bdf00f,intro-trial-3,j,j,true,169191.50
5c7307403065320001bdf00f,intro-trial-3,u,u,true,169583.20
5c7307403065320001bdf00f,intro-trial-3, , ,true,169983.70
5c7307403065320001bdf00f,intro-trial-3,f,f,true,170437.10
5c7307403065320001bdf00f,intro-trial-3,r,r,true,170816.00
5c7307403065320001bdf00f,intro-trial-3, , ,true,171159.80
5c7307403065320001bdf00f,intro-trial-3,f,f,true,171535.50
5c7307403065320001bdf00f,intro-trial-3,r,r,true,171912.50
5c7307403065320001bdf00f,intro-trial-3, , ,true,172271.50
5c7307403065320001bdf00f,intro-trial-3,f,f,true,172551.90
5c7307403065320001bdf00f,intro-trial-3,r,r,true,172800.10
5c7307403065320001bdf00f,intro-trial-3, , ,true,173087.70
5c7307403065320001bdf00f,intro-trial-3,g,g,true,173391.60
5c7307403065320001bdf00f,intro-trial-3,p,p,true,173871.50
5c7307403065320001bdf00f,intro-trial-3,r,r,true,174239.90
5c7307403065320001bdf00f,intro-trial-3,a,a,true,174591.90
5c7307403065320001bdf00f,intro-trial-3,t,t,true,174816.50
5c7307403065320001bdf00f,intro-trial-3, , ,true,175047.40
5c7307403065320001bdf00f,intro-trial-3,f,f,true,175343.90
5c7307403065320001bdf00f,intro-trial-3,g,g,true,175743.70
5c7307403065320001bdf00f,intro-trial-3, , ,true,176127.60
5c7307403065320001bdf00f,intro-trial-3,f,f,true,176687.70
5c7307403065320001bdf00f,intro-trial-3,r,r,true,176960.40
5c7307403065320001bdf00f,intro-trial-3, , ,true,177245.70
5c7307403065320001bdf00f,intro-trial-3,f,f,true,177862.60
5c7307403065320001bdf00f,intro-trial-3,g,g,true,178439.90
5c7307403065320001bdf00f,intro-trial-3, , ,true,179072.10
5c7307403065320001bdf00f,intro-trial-3,f,f,true,179589.40
5c7307403065320001bdf00f,intro-trial-3,r,r,true,180087.20
5c7307403065320001bdf00f,intro-trial-3, , ,true,180495.60
5c7307403065320001bdf00f,intro-trial-3,f,f,true,181599.80
5c7307403065320001bdf00f,intro-trial-3,g,g,true,182263.40
5c7307403065320001bdf00f,intro-trial-3, , ,true,182679.30
5c7307403065320001bdf00f,intro-trial-3,f,f,true,183055.10
5c7307403065320001bdf00f,intro-trial-3,r,r,true,183511.80
5c7307403065320001bdf00f,main-trial-1,w,w,true,196431.40
5c7307403065320001bdf00f,main-trial-1,h,h,true,196735.20
5c7307403065320001bdf00f,main-trial-1,o,o,true,196991.20
5c7307403065320001bdf00f,main-trial-1,w,w,true,197376.20
5c7307403065320001bdf00f,main-trial-1,o,o,true,197647.80
5c7307403065320001bdf00f,main-trial-1, , ,true,198115.80
5c7307403065320001bdf00f,main-trial-1,f,f,true,198583.90
5c7307403065320001bdf00f,main-trial-1,d,d,true,198996.80
5c7307403065320001bdf00f,main-trial-1, , ,true,199407.90
5c7307403065320001bdf00f,main-trial-1,f,f,true,199659.50
5c7307403065320001bdf00f,main-trial-1,d,d,true,200072.00
5c7307403065320001bdf00f,main-trial-1, , ,true,200344.00
5c7307403065320001bdf00f,main-trial-1,f,f,true,201175.50
5c7307403065320001bdf00f,main-trial-1,d,d,true,201487.70
5c7307403065320001bdf00f,main-trial-1, , ,true,201679.90
5c7307403065320001bdf00f,main-trial-1,p,p,true,202226.70
5c7307403065320001bdf00f,main-trial-1,c,c,true,202325.40
5c7307403065320001bdf00f,main-trial-1,k,k,true,202584.10
5c7307403065320001bdf00f,main-trial-1,n,n,true,202992.40
5c7307403065320001bdf00f,main-trial-1,h,h,true,203344.90
5c7307403065320001bdf00f,main-trial-1, , ,true,203623.50
5c7307403065320001bdf00f,main-trial-1,d,d,true,203927.70
5c7307403065320001bdf00f,main-trial-1,r,r,true,204327.90
5c7307403065320001bdf00f,main-trial-1, , ,true,204759.80
5c7307403065320001bdf00f,main-trial-1,d,d,true,205168.50
5c7307403065320001bdf00f,main-trial-1,r,r,true,205760.40
5c7307403065320001bdf00f,main-trial-1, , ,true,206119.70
5c7307403065320001bdf00f,main-trial-1,d,d,true,206408.00
5c7307403065320001bdf00f,main-trial-1,r,r,true,206800.30
5c7307403065320001bdf00f,main-trial-1, , ,true,207039.50
5c7307403065320001bdf00f,main-trial-1,i,i,true,207704.00
5c7307403065320001bdf00f,main-trial-1,u,u,true,208000.70
5c7307403065320001bdf00f,main-trial-1,k,k,true,208488.00
5c7307403065320001bdf00f,main-trial-1,t,t,true,208960.20
5c7307403065320001bdf00f,main-trial-1,o,o,true,209231.80
5c7307403065320001bdf00f,main-trial-1, , ,true,209407.90
5c7307403065320001bdf00f,main-trial-1,f,f,true,209827.80
5c7307403065320001bdf00f,main-trial-1,d,d,true,210204.90
5c7307403065320001bdf00f,main-trial-1, , ,true,210471.80
5c7307403065320001bdf00f,main-trial-1,d,d,true,210912.10
5c7307403065320001bdf00f,main-trial-1,r,r,true,211200.90
5c7307403065320001bdf00f,main-trial-1, , ,true,211584.30
5c7307403065320001bdf00f,main-trial-1,f,f,true,211992.40
5c7307403065320001bdf00f,main-trial-1,d,d,true,212447.80
5c7307403065320001bdf00f,main-trial-1, , ,true,212744.10
5c7307403065320001bdf00f,main-trial-1,d,d,true,213368.10
5c7307403065320001bdf00f,main-trial-1,r,r,true,213744.20
5c7307403065320001bdf00f,main-trial-1, , ,true,214438.20
5c7307403065320001bdf00f,main-trial-1,f,f,true,214813.80
5c7307403065320001bdf00f,main-trial-1,d,d,true,215448.20
5c7307403065320001bdf00f,main-trial-1, , ,true,215756.90
5c7307403065320001bdf00f,main-trial-1,d,d,true,216280.10
5c7307403065320001bdf00f,main-trial-1,r,r,true,216696.20
5c7307403065320001bdf00f,main-trial-2,b,b,true,224056.60
5c7307403065320001bdf00f,main-trial-2,g,g,true,224608.00
5c7307403065320001bdf00f,main-trial-2,r,r,true,224976.80
5c7307403065320001bdf00f,main-trial-2,f,f,true,225525.50
5c7307403065320001bdf00f,main-trial-2,q,q,true,226112.80
5c7307403065320001bdf00f,main-trial-2, , ,true,226432.60
5c7307403065320001bdf00f,main-trial-2,f,f,true,226936.40
5c7307403065320001bdf00f,main-trial-2,d,d,true,227728.90
5c7307403065320001bdf00f,main-trial-2, , ,true,228040.90
5c7307403065320001bdf00f,main-trial-2,f,f,true,228400.90
5c7307403065320001bdf00f,main-trial-2,d,d,true,228776.40
5c7307403065320001bdf00f,main-trial-2, , ,true,229008.50
5c7307403065320001bdf00f,main-trial-2,f,f,true,229350.00
5c7307403065320001bdf00f,main-trial-2,d,d,true,229640.90
5c7307403065320001bdf00f,main-trial-2, , ,true,229831.80
5c7307403065320001bdf00f,main-trial-2,z,z,true,230443.20
5c7307403065320001bdf00f,main-trial-2,c,c,true,231025.00
5c7307403065320001bdf00f,main-trial-2,q,q,true,231688.60
5c7307403065320001bdf00f,main-trial-2,z,z,true,232384.70
5c7307403065320001bdf00f,main-trial-2,b,b,true,233392.50
5c7307403065320001bdf00f,main-trial-2, , ,true,233832.70
5c7307403065320001bdf00f,main-trial-2,c,c,true,234152.90
5c7307403065320001bdf00f,main-trial-2,e,e,true,234448.30
5c7307403065320001bdf00f,main-trial-2, , ,true,235080.80
5c7307403065320001bdf00f,main-trial-2,c,c,true,235448.40
5c7307403065320001bdf00f,main-trial-2,e,e,true,235760.70
5c7307403065320001bdf00f,main-trial-2, , ,true,235986.10
5c7307403065320001bdf00f,main-trial-2,c,c,true,236368.50
5c7307403065320001bdf00f,main-trial-2,e,e,true,236648.70
5c7307403065320001bdf00f,main-trial-2, , ,true,236912.80
5c7307403065320001bdf00f,main-trial-2,b,b,true,237201.50
5c7307403065320001bdf00f,main-trial-2,m,m,true,237608.40
5c7307403065320001bdf00f,main-trial-2,y,y,true,238025.00
5c7307403065320001bdf00f,main-trial-2,b,b,true,238544.80
5c7307403065320001bdf00f,main-trial-2,u,u,true,238873.00
5c7307403065320001bdf00f,main-trial-2, , ,true,239138.20
5c7307403065320001bdf00f,main-trial-2,f,f,true,239848.60
5c7307403065320001bdf00f,main-trial-2,d,d,true,240234.50
5c7307403065320001bdf00f,main-trial-2, , ,true,240471.30
5c7307403065320001bdf00f,main-trial-2,c,c,true,240805.80
5c7307403065320001bdf00f,main-trial-2,e,e,true,241137.80
5c7307403065320001bdf00f,main-trial-2, , ,true,241569.00
5c7307403065320001bdf00f,main-trial-2,f,f,true,242065.20
5c7307403065320001bdf00f,main-trial-2,d,d,true,242465.10
5c7307403065320001bdf00f,main-trial-2, , ,true,242785.10
5c7307403065320001bdf00f,main-trial-2,c,c,true,243149.80
5c7307403065320001bdf00f,main-trial-2,e,e,true,243698.00
5c7307403065320001bdf00f,main-trial-2, , ,true,244633.50
5c7307403065320001bdf00f,main-trial-2,f,f,true,244901.80
5c7307403065320001bdf00f,main-trial-2,d,d,true,245281.00
5c7307403065320001bdf00f,main-trial-2, , ,true,245505.70
5c7307403065320001bdf00f,main-trial-2,c,c,true,245853.50
5c7307403065320001bdf00f,main-trial-2,e,e,true,246229.90
5c7307403065320001bdf00f,main-trial-3,u,u,true,258921.70
5c7307403065320001bdf00f,main-trial-3,x,x,true,259257.00
5c7307403065320001bdf00f,main-trial-3,b,b,true,259753.00
5c7307403065320001bdf00f,main-trial-3,v,v,true,260177.90
5c7307403065320001bdf00f,main-trial-3,h,h,true,260489.30
5c7307403065320001bdf00f,main-trial-3, , ,true,260760.80
5c7307403065320001bdf00f,main-trial-3,s,d,false,261081.50
5c7307403065320001bdf00f,main-trial-3,s,s,true,263473.50
5c7307403065320001bdf00f,main-trial-3,f,f,true,264649.70
5c7307403065320001bdf00f,main-trial-3, , ,true,265273.00
5c7307403065320001bdf00f,main-trial-3,s,s,true,265702.60
5c7307403065320001bdf00f,main-trial-3,f,f,true,266369.60
5c7307403065320001bdf00f,main-trial-3, , ,true,266776.90
5c7307403065320001bdf00f,main-trial-3,s,s,true,267121.10
5c7307403065320001bdf00f,main-trial-3,f,f,true,267489.80
5c7307403065320001bdf00f,main-trial-3, , ,true,267761.30
5c7307403065320001bdf00f,main-trial-3,y,y,true,268194.00
5c7307403065320001bdf00f,main-trial-3,i,i,true,268537.10
5c7307403065320001bdf00f,main-trial-3,v,v,true,268849.30
5c7307403065320001bdf00f,main-trial-3,n,n,true,269199.10
5c7307403065320001bdf00f,main-trial-3,i,i,true,269481.90
5c7307403065320001bdf00f,main-trial-3, , ,true,269713.70
5c7307403065320001bdf00f,main-trial-3,b,b,true,270041.10
5c7307403065320001bdf00f,main-trial-3,e,e,true,270562.90
5c7307403065320001bdf00f,main-trial-3, , ,true,270640.90
5c7307403065320001bdf00f,main-trial-3,b,b,true,270938.00
5c7307403065320001bdf00f,main-trial-3,e,e,true,271193.90
5c7307403065320001bdf00f,main-trial-3, , ,true,271401.30
5c7307403065320001bdf00f,main-trial-3,b,b,true,271969.30
5c7307403065320001bdf00f,main-trial-3,e,e,true,272297.60
5c7307403065320001bdf00f,main-trial-3, , ,true,272569.10
5c7307403065320001bdf00f,main-trial-3,c,c,true,272913.90
5c7307403065320001bdf00f,main-trial-3,v,v,true,273465.30
5c7307403065320001bdf00f,main-trial-3,c,c,true,273993.60
5c7307403065320001bdf00f,main-trial-3,k,k,true,274362.00
5c7307403065320001bdf00f,main-trial-3,k,k,true,274550.70
5c7307403065320001bdf00f,main-trial-3, , ,true,274954.00
5c7307403065320001bdf00f,main-trial-3,s,s,true,275329.50
5c7307403065320001bdf00f,main-trial-3,f,f,true,276036.40
5c7307403065320001bdf00f,main-trial-3, , ,true,276409.50
5c7307403065320001bdf00f,main-trial-3,b,b,true,276738.10
5c7307403065320001bdf00f,main-trial-3,e,e,true,277082.30
5c7307403065320001bdf00f,main-trial-3, , ,true,277386.30
5c7307403065320001bdf00f,main-trial-3,s,s,true,278074.10
5c7307403065320001bdf00f,main-trial-3,f,f,true,278674.10
5c7307403065320001bdf00f,main-trial-3, , ,true,278946.00
5c7307403065320001bdf00f,main-trial-3,b,b,true,279223.20
5c7307403065320001bdf00f,main-trial-3,e,e,true,279737.90
5c7307403065320001bdf00f,main-trial-3, , ,true,280233.70
5c7307403065320001bdf00f,main-trial-3,s,s,true,280922.20
5c7307403065320001bdf00f,main-trial-3,f,f,true,281690.60
5c7307403065320001bdf00f,main-trial-3, , ,true,282062.90
5c7307403065320001bdf00f,main-trial-3,b,b,true,282265.40
5c7307403065320001bdf00f,main-trial-3,e,e,true,282826.20
5c7307403065320001bdf00f,main-trial-3,, ,false,283090.90
5c7307403065320001bdf00f,main-trial-4,z,z,true,290050.50
5c7307403065320001bdf00f,main-trial-4,e,e,true,290385.60
5c7307403065320001bdf00f,main-trial-4,g,g,true,290970.00
5c7307403065320001bdf00f,main-trial-4,z,z,true,291370.30
5c7307403065320001bdf00f,main-trial-4,s,s,true,292330.60
5c7307403065320001bdf00f,main-trial-4, , ,true,292713.70
5c7307403065320001bdf00f,main-trial-4,e,e,true,292926.80
5c7307403065320001bdf00f,main-trial-4,f,f,true,293282.10
5c7307403065320001bdf00f,main-trial-4, , ,true,293746.00
5c7307403065320001bdf00f,main-trial-4,e,e,true,294010.10
5c7307403065320001bdf00f,main-trial-4,f,f,true,294370.20
5c7307403065320001bdf00f,main-trial-4, , ,true,294537.50
5c7307403065320001bdf00f,main-trial-4,e,e,true,294810.40
5c7307403065320001bdf00f,main-trial-4,f,f,true,295098.00
5c7307403065320001bdf00f,main-trial-4, , ,true,295330.60
5c7307403065320001bdf00f,main-trial-4,d,d,true,295632.30
5c7307403065320001bdf00f,main-trial-4,l,l,true,296071.20
5c7307403065320001bdf00f,main-trial-4,t,t,true,296660.50
5c7307403065320001bdf00f,main-trial-4,b,b,true,297585.90
5c7307403065320001bdf00f,main-trial-4,j,j,true,298106.20
5c7307403065320001bdf00f,main-trial-4, , ,true,298370.60
5c7307403065320001bdf00f,main-trial-4,f,f,true,298639.70
5c7307403065320001bdf00f,main-trial-4,e,e,true,299153.90
5c7307403065320001bdf00f,main-trial-4, , ,true,299530.10
5c7307403065320001bdf00f,main-trial-4,f,f,true,299755.30
5c7307403065320001bdf00f,main-trial-4,e,e,true,300121.60
5c7307403065320001bdf00f,main-trial-4, , ,true,300498.30
5c7307403065320001bdf00f,main-trial-4,f,f,true,300802.00
5c7307403065320001bdf00f,main-trial-4,e,e,true,301074.40
5c7307403065320001bdf00f,main-trial-4, , ,true,301866.50
5c7307403065320001bdf00f,main-trial-4,j,j,true,302314.60
5c7307403065320001bdf00f,main-trial-4,t,t,true,302634.60
5c7307403065320001bdf00f,main-trial-4,g,g,true,303698.50
5c7307403065320001bdf00f,main-trial-4,h,h,true,304258.30
5c7307403065320001bdf00f,main-trial-4,b,b,true,304738.10
5c7307403065320001bdf00f,main-trial-4, , ,true,305026.80
5c7307403065320001bdf00f,main-trial-4,e,e,true,305266.80
5c7307403065320001bdf00f,main-trial-4,f,f,true,305810.30
5c7307403065320001bdf00f,main-trial-4, , ,true,306322.40
5c7307403065320001bdf00f,main-trial-4,f,f,true,306932.80
5c7307403065320001bdf00f,main-trial-4,e,f,false,307090.60
5c7307403065320001bdf00f,main-trial-4,e,e,true,307882.40
5c7307403065320001bdf00f,main-trial-4, , ,true,308178.20
5c7307403065320001bdf00f,main-trial-4,e,e,true,308530.20
5c7307403065320001bdf00f,main-trial-4,f,f,true,308922.40
5c7307403065320001bdf00f,main-trial-4, , ,true,309186.30
5c7307403065320001bdf00f,main-trial-4,f,f,true,309891.30
5c7307403065320001bdf00f,main-trial-4,e,e,true,310266.80
5c7307403065320001bdf00f,main-trial-4, , ,true,310579.00
5c7307403065320001bdf00f,main-trial-4,e,e,true,310995.00
5c7307403065320001bdf00f,main-trial-4,f,f,true,311287.40
5c7307403065320001bdf00f,main-trial-4, , ,true,311514.80
5c7307403065320001bdf00f,main-trial-4,f,f,true,311866.60
5c7307403065320001bdf00f,main-trial-4,e,e,true,312266.60
5c7307403065320001bdf00f,main-trial-5,k,k,true,325067.10
5c7307403065320001bdf00f,main-trial-5,q,q,true,325602.90
5c7307403065320001bdf00f,main-trial-5,p,p,true,326115.10
5c7307403065320001bdf00f,main-trial-5,l,l,true,326666.90
5c7307403065320001bdf00f,main-trial-5,q,q,true,327226.60
5c7307403065320001bdf00f,main-trial-5, , ,true,327562.90
5c7307403065320001bdf00f,main-trial-5,d,d,true,328578.80
5c7307403065320001bdf00f,main-trial-5,s,s,true,329252.70
5c7307403065320001bdf00f,main-trial-5, , ,true,329538.70
5c7307403065320001bdf00f,main-trial-5,d,d,true,329787.20
5c7307403065320001bdf00f,main-trial-5,s,e,false,330043.00
5c7307403065320001bdf00f,main-trial-5,s,s,true,330443.50
5c7307403065320001bdf00f,main-trial-5, , ,true,330658.60
5c7307403065320001bdf00f,main-trial-5,d,d,true,331473.20
5c7307403065320001bdf00f,main-trial-5,s,s,true,332011.50
5c7307403065320001bdf00f,main-trial-5, , ,true,332259.30
5c7307403065320001bdf00f,main-trial-5,w,w,true,332594.90
5c7307403065320001bdf00f,main-trial-5,a,a,true,332939.50
5c7307403065320001bdf00f,main-trial-5,p,p,true,333314.90
5c7307403065320001bdf00f,main-trial-5,e,e,true,333747.30
5c7307403065320001bdf00f,main-trial-5,o,o,true,334115.00
5c7307403065320001bdf00f,main-trial-5, , ,true,334307.20
5c7307403065320001bdf00f,main-trial-5,w,w,true,334891.10
5c7307403065320001bdf00f,main-trial-5,d,d,true,335387.00
5c7307403065320001bdf00f,main-trial-5, , ,true,335803.20
5c7307403065320001bdf00f,main-trial-5,w,e,false,336183.70
5c7307403065320001bdf00f,main-trial-5,w,w,true,337579.20
5c7307403065320001bdf00f,main-trial-5,d,d,true,338003.00
5c7307403065320001bdf00f,main-trial-5, , ,true,338211.60
5c7307403065320001bdf00f,main-trial-5,w,w,true,338979.00
5c7307403065320001bdf00f,main-trial-5,d,d,true,339606.40
5c7307403065320001bdf00f,main-trial-5, , ,true,339843.70
5c7307403065320001bdf00f,main-trial-5,l,l,true,340411.10
5c7307403065320001bdf00f,main-trial-5,v,v,true,341083.10
5c7307403065320001bdf00f,main-trial-5,p,p,true,341835.50
5c7307403065320001bdf00f,main-trial-5,z,z,true,342155.30
5c7307403065320001bdf00f,main-trial-5,e,e,true,342531.40
5c7307403065320001bdf00f,main-trial-5, , ,true,342683.20
5c7307403065320001bdf00f,main-trial-5,d,d,true,342963.30
5c7307403065320001bdf00f,main-trial-5,s,s,true,343419.90
5c7307403065320001bdf00f,main-trial-5, , ,true,343652.60
5c7307403065320001bdf00f,main-trial-5,w,w,true,344171.20
5c7307403065320001bdf00f,main-trial-5,d,d,true,344731.40
5c7307403065320001bdf00f,main-trial-5, , ,true,345325.50
5c7307403065320001bdf00f,main-trial-5,d,d,true,346299.70
5c7307403065320001bdf00f,main-trial-5,s,s,true,346728.80
5c7307403065320001bdf00f,main-trial-5, , ,true,346971.20
5c7307403065320001bdf00f,main-trial-5,w,w,true,347464.10
5c7307403065320001bdf00f,main-trial-5,d,e,false,347824.20
5c7307403065320001bdf00f,main-trial-5,d,d,true,348331.00
5c7307403065320001bdf00f,main-trial-5, , ,true,348667.90
5c7307403065320001bdf00f,main-trial-5,d,d,true,349434.80
5c7307403065320001bdf00f,main-trial-5,s,s,true,349986.90
5c7307403065320001bdf00f,main-trial-5, , ,true,350259.80
5c7307403065320001bdf00f,main-trial-5,w,w,true,350499.70
5c7307403065320001bdf00f,main-trial-5,d,d,true,350955.60
5c7307403065320001bdf00f,main-trial-6,a,a,true,357670.70
5c7307403065320001bdf00f,main-trial-6,s,s,true,357940.10
5c7307403065320001bdf00f,main-trial-6,a,a,true,358587.40
5c7307403065320001bdf00f,main-trial-6,h,h,true,358931.60
5c7307403065320001bdf00f,main-trial-6,d,d,true,359339.90
5c7307403065320001bdf00f,main-trial-6, , ,true,359498.50
5c7307403065320001bdf00f,main-trial-6,a,a,true,359804.30
5c7307403065320001bdf00f,main-trial-6,a,a,true,360149.70
5c7307403065320001bdf00f,main-trial-6, , ,true,360427.80
5c7307403065320001bdf00f,main-trial-6,a,a,true,360708.00
5c7307403065320001bdf00f,main-trial-6,a,a,true,360995.80
5c7307403065320001bdf00f,main-trial-6, , ,true,361228.20
5c7307403065320001bdf00f,main-trial-6,a,a,true,361800.40
5c7307403065320001bdf00f,main-trial-6,a,a,true,362059.80
5c7307403065320001bdf00f,main-trial-6, ,n,false,362577.30
5c7307403065320001bdf00f,main-trial-6, , ,true,365484.10
5c7307403065320001bdf00f,main-trial-6,n,n,true,367084.30
5c7307403065320001bdf00f,main-trial-6,g,g,true,368012.30
5c7307403065320001bdf00f,main-trial-6,v,v,true,368339.90
5c7307403065320001bdf00f,main-trial-6,f,f,true,368809.60
5c7307403065320001bdf00f,main-trial-6,b,b,true,369340.10
5c7307403065320001bdf00f,main-trial-6, , ,true,369643.90
5c7307403065320001bdf00f,main-trial-6,f,f,true,369971.90
5c7307403065320001bdf00f,main-trial-6,f,f,true,370475.40
5c7307403065320001bdf00f,main-trial-6, , ,true,371075.90
5c7307403065320001bdf00f,main-trial-6,f,f,true,371412.70
5c7307403065320001bdf00f,main-trial-6,f,f,true,371660.50
5c7307403065320001bdf00f,main-trial-6, , ,true,372060.00
5c7307403065320001bdf00f,main-trial-6,f,f,true,372489.00
5c7307403065320001bdf00f,main-trial-6,f,f,true,372708.50
5c7307403065320001bdf00f,main-trial-6, , ,true,372972.20
5c7307403065320001bdf00f,main-trial-6,r,r,true,373380.40
5c7307403065320001bdf00f,main-trial-6,k,k,true,373811.90
5c7307403065320001bdf00f,main-trial-6,q,q,true,374684.20
5c7307403065320001bdf00f,main-trial-6,l,l,true,375100.50
5c7307403065320001bdf00f,main-trial-6,q,q,true,375427.90
5c7307403065320001bdf00f,main-trial-6, , ,true,375604.70
5c7307403065320001bdf00f,main-trial-6,a,a,true,376012.50
5c7307403065320001bdf00f,main-trial-6,a,a,true,376364.10
5c7307403065320001bdf00f,main-trial-6, , ,true,376676.40
5c7307403065320001bdf00f,main-trial-6,f,f,true,377076.00
5c7307403065320001bdf00f,main-trial-6,f,f,true,377292.10
5c7307403065320001bdf00f,main-trial-6, , ,true,378106.30
5c7307403065320001bdf00f,main-trial-6,a,a,true,378433.00
5c7307403065320001bdf00f,main-trial-6,a,a,true,378732.50
5c7307403065320001bdf00f,main-trial-6, , ,true,379124.30
5c7307403065320001bdf00f,main-trial-6,f,f,true,379436.60
5c7307403065320001bdf00f,main-trial-6,f,f,true,379660.30
5c7307403065320001bdf00f,main-trial-6, , ,true,380036.50
5c7307403065320001bdf00f,main-trial-6,a,a,true,380444.70
5c7307403065320001bdf00f,main-trial-6,a,a,true,380755.70
5c7307403065320001bdf00f,main-trial-6, , ,true,381084.80
5c7307403065320001bdf00f,main-trial-6,f,f,true,381429.50
5c7307403065320001bdf00f,main-trial-6,f,f,true,381625.80
5c7307403065320001bdf00f,main-trial-7,s,s,true,387957.60
5c7307403065320001bdf00f,main-trial-7,r,r,true,388804.20
5c7307403065320001bdf00f,main-trial-7,e,e,true,389193.30
5c7307403065320001bdf00f,main-trial-7,k,k,true,389668.70
5c7307403065320001bdf00f,main-trial-7,e,e,true,390140.20
5c7307403065320001bdf00f,main-trial-7, , ,true,390540.00
5c7307403065320001bdf00f,main-trial-7,f,f,true,390763.80
5c7307403065320001bdf00f,main-trial-7,r,e,false,391036.80
5c7307403065320001bdf00f,main-trial-7,r,r,true,391042.00
5c7307403065320001bdf00f,main-trial-7, , ,true,391652.20
5c7307403065320001bdf00f,main-trial-7,f,f,true,392108.90
5c7307403065320001bdf00f,main-trial-7,r,r,true,392380.50
5c7307403065320001bdf00f,main-trial-7, , ,true,393076.50
5c7307403065320001bdf00f,main-trial-7,f,f,true,393340.10
5c7307403065320001bdf00f,main-trial-7,r,e,false,393789.00
5c7307403065320001bdf00f,main-trial-7,r,r,true,394468.70
5c7307403065320001bdf00f,main-trial-7, , ,true,394772.10
5c7307403065320001bdf00f,main-trial-7,v,v,true,395068.50
5c7307403065320001bdf00f,main-trial-7,w,w,true,395532.30
5c7307403065320001bdf00f,main-trial-7,d,d,true,395913.60
5c7307403065320001bdf00f,main-trial-7,m,m,true,396572.70
5c7307403065320001bdf00f,main-trial-7,g,g,true,397149.20
5c7307403065320001bdf00f,main-trial-7, , ,true,397460.60
5c7307403065320001bdf00f,main-trial-7,f,f,true,399461.00
5c7307403065320001bdf00f,main-trial-7,d,d,true,399748.50
5c7307403065320001bdf00f,main-trial-7, , ,true,400147.80
5c7307403065320001bdf00f,main-trial-7,f,f,true,400477.30
5c7307403065320001bdf00f,main-trial-7,d,d,true,400914.60
5c7307403065320001bdf00f,main-trial-7, , ,true,401217.30
5c7307403065320001bdf00f,main-trial-7,f,f,true,401548.90
5c7307403065320001bdf00f,main-trial-7,d,d,true,402068.10
5c7307403065320001bdf00f,main-trial-7, , ,true,402339.30
5c7307403065320001bdf00f,main-trial-7,x,x,true,402892.70
5c7307403065320001bdf00f,main-trial-7,j,j,true,403332.60
5c7307403065320001bdf00f,main-trial-7,b,b,true,403764.10
5c7307403065320001bdf00f,main-trial-7,y,y,true,404380.80
5c7307403065320001bdf00f,main-trial-7,c,x,false,404893.10
5c7307403065320001bdf00f,main-trial-7,c, ,false,405188.40
5c7307403065320001bdf00f,main-trial-7,c,x,false,406188.90
5c7307403065320001bdf00f,main-trial-7,c,c,true,407005.10
5c7307403065320001bdf00f,main-trial-7, , ,true,407572.90
5c7307403065320001bdf00f,main-trial-7,f,f,true,407868.80
5c7307403065320001bdf00f,main-trial-7,r,r,true,408457.70
5c7307403065320001bdf00f,main-trial-7, , ,true,408665.90
5c7307403065320001bdf00f,main-trial-7,f,f,true,409316.90
5c7307403065320001bdf00f,main-trial-7,d,d,true,409805.60
5c7307403065320001bdf00f,main-trial-7, , ,true,410324.80
5c7307403065320001bdf00f,main-trial-7,f,f,true,410749.20
5c7307403065320001bdf00f,main-trial-7,r,r,true,411085.30
5c7307403065320001bdf00f,main-trial-7, , ,true,411812.80
5c7307403065320001bdf00f,main-trial-7,f,f,true,412186.20
5c7307403065320001bdf00f,main-trial-7,d,e,false,412685.00
5c7307403065320001bdf00f,main-trial-7,d,d,true,413533.40
5c7307403065320001bdf00f,main-trial-7, , ,true,413932.90
5c7307403065320001bdf00f,main-trial-7,f,f,true,415004.90
5c7307403065320001bdf00f,main-trial-7,r,r,true,415533.20
5c7307403065320001bdf00f,main-trial-7, , ,true,415933.10
5c7307403065320001bdf00f,main-trial-7,f,d,false,416370.50
5c7307403065320001bdf00f,main-trial-7,f,f,true,417597.70
5c7307403065320001bdf00f,main-trial-7,d,e,false,418133.30
5c7307403065320001bdf00f,main-trial-7,d,d,true,419046.00
5c7307403065320001bdf00f,main-trial-8,g,g,true,426766.10
5c7307403065320001bdf00f,main-trial-8,a,a,true,427546.50
5c7307403065320001bdf00f,main-trial-8,p,p,true,428077.80
5c7307403065320001bdf00f,main-trial-8,o,o,true,428452.60
5c7307403065320001bdf00f,main-trial-8,p,p,true,428645.40
5c7307403065320001bdf00f,main-trial-8, , ,true,428909.50
5c7307403065320001bdf00f,main-trial-8,e,e,true,429205.60
5c7307403065320001bdf00f,main-trial-8,f,f,true,429533.60
5c7307403065320001bdf00f,main-trial-8, , ,true,430173.70
5c7307403065320001bdf00f,main-trial-8,e,e,true,430381.10
5c7307403065320001bdf00f,main-trial-8,f,f,true,430845.80
5c7307403065320001bdf00f,main-trial-8, , ,true,431052.70
5c7307403065320001bdf00f,main-trial-8,e,e,true,431383.30
5c7307403065320001bdf00f,main-trial-8,f,f,true,431796.80
5c7307403065320001bdf00f,main-trial-8, , ,true,431973.40
5c7307403065320001bdf00f,main-trial-8,o,o,true,432333.80
5c7307403065320001bdf00f,main-trial-8,g,g,true,432621.20
5c7307403065320001bdf00f,main-trial-8,g,g,true,432835.00
5c7307403065320001bdf00f,main-trial-8,i,i,true,433101.60
5c7307403065320001bdf00f,main-trial-8,a,a,true,433650.40
5c7307403065320001bdf00f,main-trial-8, , ,true,433971.40
5c7307403065320001bdf00f,main-trial-8,d,d,true,434253.30
5c7307403065320001bdf00f,main-trial-8,r,r,true,434661.60
5c7307403065320001bdf00f,main-trial-8, , ,true,434941.60
5c7307403065320001bdf00f,main-trial-8,d,d,true,435573.60
5c7307403065320001bdf00f,main-trial-8,r,r,true,436013.20
5c7307403065320001bdf00f,main-trial-8, , ,true,436277.40
5c7307403065320001bdf00f,main-trial-8,d,d,true,436550.00
5c7307403065320001bdf00f,main-trial-8,r,r,true,437045.90
5c7307403065320001bdf00f,main-trial-8, , ,true,437277.70
5c7307403065320001bdf00f,main-trial-8,o,o,true,437870.30
5c7307403065320001bdf00f,main-trial-8,d,d,true,438221.60
5c7307403065320001bdf00f,main-trial-8,j,j,true,438757.70
5c7307403065320001bdf00f,main-trial-8,s,s,true,439538.10
5c7307403065320001bdf00f,main-trial-8,p,p,true,439885.80
5c7307403065320001bdf00f,main-trial-8, , ,true,440117.70
5c7307403065320001bdf00f,main-trial-8,e,e,true,440397.50
5c7307403065320001bdf00f,main-trial-8,f,f,true,440813.60
5c7307403065320001bdf00f,main-trial-8, , ,true,441030.20
5c7307403065320001bdf00f,main-trial-8,d,d,true,441606.10
5c7307403065320001bdf00f,main-trial-8,r,r,true,442102.20
5c7307403065320001bdf00f,main-trial-8, , ,true,442467.70
5c7307403065320001bdf00f,main-trial-8,e,e,true,442757.70
5c7307403065320001bdf00f,main-trial-8,f,f,true,443078.20
5c7307403065320001bdf00f,main-trial-8, , ,true,443293.70
5c7307403065320001bdf00f,main-trial-8,d,d,true,443734.60
5c7307403065320001bdf00f,main-trial-8,r,r,true,444125.50
5c7307403065320001bdf00f,main-trial-8, , ,true,444397.80
5c7307403065320001bdf00f,main-trial-8,e,e,true,445014.00
5c7307403065320001bdf00f,main-trial-8,f,f,true,445357.60
5c7307403065320001bdf00f,main-trial-8, , ,true,445573.70
5c7307403065320001bdf00f,main-trial-8,d,d,true,445830.00
5c7307403065320001bdf00f,main-trial-8,r,r,true,446275.00
5c7307403065320001bdf00f,main-trial-9,y,y,true,454647.30
5c7307403065320001bdf00f,main-trial-9,v,v,true,454981.80
5c7307403065320001bdf00f,main-trial-9,u,u,true,455365.10
5c7307403065320001bdf00f,main-trial-9,y,y,true,456235.40
5c7307403065320001bdf00f,main-trial-9,q,q,true,456813.80
5c7307403065320001bdf00f,main-trial-9, , ,true,457134.20
5c7307403065320001bdf00f,main-trial-9,s,s,true,457566.00
5c7307403065320001bdf00f,main-trial-9,r,r,true,457814.30
5c7307403065320001bdf00f,main-trial-9, , ,true,458102.50
5c7307403065320001bdf00f,main-trial-9,s,s,true,458814.30
5c7307403065320001bdf00f,main-trial-9,r,r,true,459134.40
5c7307403065320001bdf00f,main-trial-9, , ,true,459397.80
5c7307403065320001bdf00f,main-trial-9,s,s,true,459702.70
5c7307403065320001bdf00f,main-trial-9,r,r,true,460214.50
5c7307403065320001bdf00f,main-trial-9, , ,true,460590.10
5c7307403065320001bdf00f,main-trial-9,n,n,true,460846.10
5c7307403065320001bdf00f,main-trial-9,j,j,true,461446.80
5c7307403065320001bdf00f,main-trial-9,b,b,true,461830.20
5c7307403065320001bdf00f,main-trial-9,g,g,true,462374.40
5c7307403065320001bdf00f,main-trial-9,g,g,true,462766.20
5c7307403065320001bdf00f,main-trial-9, , ,true,463022.30
5c7307403065320001bdf00f,main-trial-9,w,w,true,463350.20
5c7307403065320001bdf00f,main-trial-9,f,f,true,463718.70
5c7307403065320001bdf00f,main-trial-9, , ,true,464093.40
5c7307403065320001bdf00f,main-trial-9,w,w,true,464713.40
5c7307403065320001bdf00f,main-trial-9,f,f,true,465126.60
5c7307403065320001bdf00f,main-trial-9, , ,true,465398.30
5c7307403065320001bdf00f,main-trial-9,w,w,true,465830.70
5c7307403065320001bdf00f,main-trial-9,f,f,true,466438.60
5c7307403065320001bdf00f,main-trial-9, , ,true,466679.40
5c7307403065320001bdf00f,main-trial-9,i,i,true,466974.00
5c7307403065320001bdf00f,main-trial-9,w,w,true,467207.40
5c7307403065320001bdf00f,main-trial-9,s,s,true,467694.80
5c7307403065320001bdf00f,main-trial-9,d,d,true,468278.30
5c7307403065320001bdf00f,main-trial-9,n,n,true,468766.60
5c7307403065320001bdf00f,main-trial-9, , ,true,468993.90
5c7307403065320001bdf00f,main-trial-9,s,s,true,469326.50
5c7307403065320001bdf00f,main-trial-9,r,r,true,469651.60
5c7307403065320001bdf00f,main-trial-9, , ,true,471006.80
5c7307403065320001bdf00f,main-trial-9,w,w,true,471518.70
5c7307403065320001bdf00f,main-trial-9,f,f,true,472567.00
5c7307403065320001bdf00f,main-trial-9, , ,true,472862.40
5c7307403065320001bdf00f,main-trial-9,s,s,true,473198.90
5c7307403065320001bdf00f,main-trial-9,r,r,true,473559.30
5c7307403065320001bdf00f,main-trial-9, , ,true,473860.10
5c7307403065320001bdf00f,main-trial-9,w,w,true,474606.40
5c7307403065320001bdf00f,main-trial-9,f,f,true,475331.10
5c7307403065320001bdf00f,main-trial-9, , ,true,475878.80
5c7307403065320001bdf00f,main-trial-9,s,s,true,476623.50
5c7307403065320001bdf00f,main-trial-9,r,r,true,477398.00
5c7307403065320001bdf00f,main-trial-9, , ,true,477670.50
5c7307403065320001bdf00f,main-trial-9,w,w,true,477888.10
5c7307403065320001bdf00f,main-trial-9,f, ,false,479694.30
5c7307403065320001bdf00f,main-trial-9,f,f,true,480499.90
5c7307403065320001bdf00f,main-trial-10,i,i,true,488335.20
5c7307403065320001bdf00f,main-trial-10,j,j,true,488726.70
5c7307403065320001bdf00f,main-trial-10,t,t,true,489151.00
5c7307403065320001bdf00f,main-trial-10,j,j,true,489702.90
5c7307403065320001bdf00f,main-trial-10,i,i,true,489982.80
5c7307403065320001bdf00f,main-trial-10, , ,true,490287.00
5c7307403065320001bdf00f,main-trial-10,d,d,true,491183.00
5c7307403065320001bdf00f,main-trial-10,f,f,true,491607.00
5c7307403065320001bdf00f,main-trial-10, , ,true,491831.50
5c7307403065320001bdf00f,main-trial-10,d,d,true,492174.80
5c7307403065320001bdf00f,main-trial-10,f,f,true,492791.20
5c7307403065320001bdf00f,main-trial-10, , ,true,493033.20
5c7307403065320001bdf00f,main-trial-10,d,d,true,493327.10
5c7307403065320001bdf00f,main-trial-10,f,f,true,493895.60
5c7307403065320001bdf00f,main-trial-10, , ,true,494255.50
5c7307403065320001bdf00f,main-trial-10,j,j,true,494503.30
5c7307403065320001bdf00f,main-trial-10,b,b,true,494967.10
5c7307403065320001bdf00f,main-trial-10,w,w,true,495399.00
5c7307403065320001bdf00f,main-trial-10,r,r,true,495794.70
5c7307403065320001bdf00f,main-trial-10,b,b,true,496638.70
5c7307403065320001bdf00f,main-trial-10, , ,true,497023.30
5c7307403065320001bdf00f,main-trial-10,f,f,true,497420.00
5c7307403065320001bdf00f,main-trial-10,g,g,true,497871.10
5c7307403065320001bdf00f,main-trial-10, , ,true,498156.40
5c7307403065320001bdf00f,main-trial-10,f,f,true,498655.40
5c7307403065320001bdf00f,main-trial-10,g,g,true,499887.70
5c7307403065320001bdf00f,main-trial-10, , ,true,500268.00
5c7307403065320001bdf00f,main-trial-10,f,f,true,502087.50
5c7307403065320001bdf00f,main-trial-10,g,g,true,502388.20
5c7307403065320001bdf00f,main-trial-10, , ,true,502640.00
5c7307403065320001bdf00f,main-trial-10,o,o,true,503327.30
5c7307403065320001bdf00f,main-trial-10,d,d,true,503607.10
5c7307403065320001bdf00f,main-trial-10,j,j,true,503960.30
5c7307403065320001bdf00f,main-trial-10,k,k,true,504308.20
5c7307403065320001bdf00f,main-trial-10,n,n,true,504623.30
5c7307403065320001bdf00f,main-trial-10, , ,true,504891.80
5c7307403065320001bdf00f,main-trial-10,d,d,true,505215.70
5c7307403065320001bdf00f,main-trial-10,f,f,true,505849.10
5c7307403065320001bdf00f,main-trial-10, , ,true,506135.90
5c7307403065320001bdf00f,main-trial-10,f,f,true,506495.50
5c7307403065320001bdf00f,main-trial-10,g,g,true,507357.00
5c7307403065320001bdf00f,main-trial-10, , ,true,507700.30
5c7307403065320001bdf00f,main-trial-10,d,d,true,508332.30
5c7307403065320001bdf00f,main-trial-10,f,f,true,509055.60
5c7307403065320001bdf00f,main-trial-10, , ,true,509439.30
5c7307403065320001bdf00f,main-trial-10,f,g,false,510584.10
5c7307403065320001bdf00f,main-trial-10,f,f,true,512095.60
5c7307403065320001bdf00f,main-trial-10,g,g,true,512544.00
5c7307403065320001bdf00f,main-trial-10, , ,true,513311.50
5c7307403065320001bdf00f,main-trial-10,d,d,true,513711.80
5c7307403065320001bdf00f,main-trial-10,f,f,true,514359.80
5c7307403065320001bdf00f,main-trial-10, , ,true,514775.70
5c7307403065320001bdf00f,main-trial-10,f,f,true,515447.70
5c7307403065320001bdf00f,main-trial-10,g,g,true,515863.90
5c7307403065320001bdf00f,main-trial-11,r,r,true,528420.70
5c7307403065320001bdf00f,main-trial-11,u,u,true,528799.90
5c7307403065320001bdf00f,main-trial-11,p,p,true,529176.10
5c7307403065320001bdf00f,main-trial-11,o,o,true,529425.70
5c7307403065320001bdf00f,main-trial-11,n,n,true,529623.70
5c7307403065320001bdf00f,main-trial-11, , ,true,529829.20
5c7307403065320001bdf00f,main-trial-11,x,s,false,530320.30
5c7307403065320001bdf00f,main-trial-11,x,c,false,530724.70
5c7307403065320001bdf00f,main-trial-11,x,x,true,532696.50
5c7307403065320001bdf00f,main-trial-11,c,d,false,533336.30
5c7307403065320001bdf00f,main-trial-11,c,c,true,534392.80
5c7307403065320001bdf00f,main-trial-11, , ,true,534888.80
5c7307403065320001bdf00f,main-trial-11,x,x,true,535720.50
5c7307403065320001bdf00f,main-trial-11,c,c,true,536584.90
5c7307403065320001bdf00f,main-trial-11, , ,true,537088.70
5c7307403065320001bdf00f,main-trial-11,x,x,true,537800.30
5c7307403065320001bdf00f,main-trial-11,c,c,true,539081.50
5c7307403065320001bdf00f,main-trial-11, , ,true,539608.20
5c7307403065320001bdf00f,main-trial-11,x,x,true,540504.70
5c7307403065320001bdf00f,main-trial-11,p,p,true,540896.50
5c7307403065320001bdf00f,main-trial-11,a,a,true,541328.70
5c7307403065320001bdf00f,main-trial-11,o,o,true,541936.30
5c7307403065320001bdf00f,main-trial-11,p,p,true,542200.60
5c7307403065320001bdf00f,main-trial-11, , ,true,542368.20
5c7307403065320001bdf00f,main-trial-11,c,c,true,542776.60
5c7307403065320001bdf00f,main-trial-11,e,e,true,543120.40
5c7307403065320001bdf00f,main-trial-11, , ,true,543480.60
5c7307403065320001bdf00f,main-trial-11,c,c,true,543904.80
5c7307403065320001bdf00f,main-trial-11,e,e,true,544213.50
5c7307403065320001bdf00f,main-trial-11, , ,true,544664.80
5c7307403065320001bdf00f,main-trial-11,c,c,true,545128.70
5c7307403065320001bdf00f,main-trial-11,e,e,true,545376.50
5c7307403065320001bdf00f,main-trial-11, , ,true,545544.40
5c7307403065320001bdf00f,main-trial-11,a,a,true,546184.60
5c7307403065320001bdf00f,main-trial-11,d,d,true,546488.80
5c7307403065320001bdf00f,main-trial-11,t,t,true,546864.60
5c7307403065320001bdf00f,main-trial-11,b,b,true,547425.00
5c7307403065320001bdf00f,main-trial-11,r,r,true,547816.40
5c7307403065320001bdf00f,main-trial-11, , ,true,548112.80
5c7307403065320001bdf00f,main-trial-11,x,x,true,549345.10
5c7307403065320001bdf00f,main-trial-11,c,c,true,549928.70
5c7307403065320001bdf00f,main-trial-11, , ,true,550416.70
5c7307403065320001bdf00f,main-trial-11,c,c,true,551105.10
5c7307403065320001bdf00f,main-trial-11,e,e,true,551401.20
5c7307403065320001bdf00f,main-trial-11, , ,true,551672.60
5c7307403065320001bdf00f,main-trial-11,x,x,true,552616.90
5c7307403065320001bdf00f,main-trial-11,c,c,true,553344.30
5c7307403065320001bdf00f,main-trial-11, , ,true,553808.90
5c7307403065320001bdf00f,main-trial-11,c,c,true,554201.40
5c7307403065320001bdf00f,main-trial-11,e,e,true,554521.00
5c7307403065320001bdf00f,main-trial-11, , ,true,554763.10
5c7307403065320001bdf00f,main-trial-11,x,x,true,555953.30
5c7307403065320001bdf00f,main-trial-11,c,e,false,556647.00
5c7307403065320001bdf00f,main-trial-11,c, ,false,556928.80
5c7307403065320001bdf00f,main-trial-11,c,c,true,558529.40
5c7307403065320001bdf00f,main-trial-11, , ,true,558937.00
5c7307403065320001bdf00f,main-trial-11,c,c,true,559759.20
5c7307403065320001bdf00f,main-trial-11,e,e,true,560160.80
5c7307403065320001bdf00f,main-trial-12,q,q,true,567889.80
5c7307403065320001bdf00f,main-trial-12,n,n,true,568393.30
5c7307403065320001bdf00f,main-trial-12,i,i,true,568817.00
5c7307403065320001bdf00f,main-trial-12,h,h,true,569145.70
5c7307403065320001bdf00f,main-trial-12,v,v,true,569552.60
5c7307403065320001bdf00f,main-trial-12, , ,true,569883.90
5c7307403065320001bdf00f,main-trial-12,c,c,true,570553.30
5c7307403065320001bdf00f,main-trial-12,v,v,true,571025.60
5c7307403065320001bdf00f,main-trial-12, , ,true,571450.50
5c7307403065320001bdf00f,main-trial-12,c,c,true,571830.20
5c7307403065320001bdf00f,main-trial-12,v, ,false,573993.60
5c7307403065320001bdf00f,main-trial-12,v,c,false,574473.50
5c7307403065320001bdf00f,main-trial-12,v,c,false,576823.10
5c7307403065320001bdf00f,main-trial-12,v,v,true,577390.00
5c7307403065320001bdf00f,main-trial-12, , ,true,577977.90
5c7307403065320001bdf00f,main-trial-12,c,c,true,578639.10
5c7307403065320001bdf00f,main-trial-12,v,v,true,579346.00
5c7307403065320001bdf00f,main-trial-12, , ,true,579705.90
5c7307403065320001bdf00f,main-trial-12,i,i,true,580209.40
5c7307403065320001bdf00f,main-trial-12,w,w,true,580582.60
5c7307403065320001bdf00f,main-trial-12,h,h,true,580990.30
5c7307403065320001bdf00f,main-trial-12,w,w,true,581522.00
5c7307403065320001bdf00f,main-trial-12,d,d,true,581872.90
5c7307403065320001bdf00f,main-trial-12, , ,true,582081.80
5c7307403065320001bdf00f,main-trial-12,c,c,true,582494.80
5c7307403065320001bdf00f,main-trial-12,r,r,true,582842.00
5c7307403065320001bdf00f,main-trial-12, , ,true,583137.60
5c7307403065320001bdf00f,main-trial-12,c,c,true,583514.00
5c7307403065320001bdf00f,main-trial-12,r,e,false,583929.80
5c7307403065320001bdf00f,main-trial-12,r,r,true,584047.10
5c7307403065320001bdf00f,main-trial-12, , ,true,584361.90
5c7307403065320001bdf00f,main-trial-12,c,c,true,584969.60
5c7307403065320001bdf00f,main-trial-12,r,r,true,585265.80
5c7307403065320001bdf00f,main-trial-12, , ,true,585873.60
5c7307403065320001bdf00f,main-trial-12,p,p,true,586346.10
5c7307403065320001bdf00f,main-trial-12,k,k,true,586689.90
5c7307403065320001bdf00f,main-trial-12,q,q,true,587290.30
5c7307403065320001bdf00f,main-trial-12,m,m,true,587682.10
5c7307403065320001bdf00f,main-trial-12,u,u,true,588249.70
5c7307403065320001bdf00f,main-trial-12, , ,true,588569.90
5c7307403065320001bdf00f,main-trial-12,c,c,true,589177.90
5c7307403065320001bdf00f,main-trial-12,v,m,false,589874.30
5c7307403065320001bdf00f,main-trial-12,v,v,true,590598.50
5c7307403065320001bdf00f,main-trial-12, , ,true,590970.00
5c7307403065320001bdf00f,main-trial-12,c,c,true,592126.40
5c7307403065320001bdf00f,main-trial-12,r,r,true,592730.10
5c7307403065320001bdf00f,main-trial-12, , ,true,593386.30
5c7307403065320001bdf00f,main-trial-12,c,c,true,593794.20
5c7307403065320001bdf00f,main-trial-12,v,v,true,597233.90
5c7307403065320001bdf00f,main-trial-12, , ,true,597738.20
5c7307403065320001bdf00f,main-trial-12,c,c,true,598194.30
5c7307403065320001bdf00f,main-trial-12,r,c,false,599129.90
5c7307403065320001bdf00f,main-trial-12,r,r,true,599962.50
5c7307403065320001bdf00f,main-trial-12, , ,true,600888.20
5c7307403065320001bdf00f,main-trial-12,c,c,true,601602.00
5c7307403065320001bdf00f,main-trial-12,v,v,true,602347.00
5c7307403065320001bdf00f,main-trial-12, , ,true,602810.70
5c7307403065320001bdf00f,main-trial-12,c,c,true,603178.20
5c7307403065320001bdf00f,main-trial-12,r,r,true,604234.30
5c7307403065320001bdf00f,main-trial-13,z,z,true,610874.80
5c7307403065320001bdf00f,main-trial-13,u,u,true,611474.20
5c7307403065320001bdf00f,main-trial-13,k,k,true,611810.60
5c7307403065320001bdf00f,main-trial-13,r,r,true,612506.70
5c7307403065320001bdf00f,main-trial-13,f,f,true,612786.30
5c7307403065320001bdf00f,main-trial-13, , ,true,613082.30
5c7307403065320001bdf00f,main-trial-13,d,d,true,613450.60
5c7307403065320001bdf00f,main-trial-13,r,r,true,613706.60
5c7307403065320001bdf00f,main-trial-13, , ,true,613939.40
5c7307403065320001bdf00f,main-trial-13,d,d,true,614258.70
5c7307403065320001bdf00f,main-trial-13,r,r,true,614562.50
5c7307403065320001bdf00f,main-trial-13, , ,true,614955.10
5c7307403065320001bdf00f,main-trial-13,d,d,true,615458.30
5c7307403065320001bdf00f,main-trial-13,r,r,true,615754.50
5c7307403065320001bdf00f,main-trial-13, , ,true,615963.20
5c7307403065320001bdf00f,main-trial-13,k,k,true,616282.30
5c7307403065320001bdf00f,main-trial-13,e,e,true,616778.90
5c7307403065320001bdf00f,main-trial-13,a,a,true,617370.70
5c7307403065320001bdf00f,main-trial-13,g,g,true,617743.50
5c7307403065320001bdf00f,main-trial-13,g,g,true,617994.80
5c7307403065320001bdf00f,main-trial-13, , ,true,618274.60
5c7307403065320001bdf00f,main-trial-13,e,e,true,618522.60
5c7307403065320001bdf00f,main-trial-13,f,f,true,618970.90
5c7307403065320001bdf00f,main-trial-13, , ,true,619280.80
5c7307403065320001bdf00f,main-trial-13,e,e,true,619419.00
5c7307403065320001bdf00f,main-trial-13,f,f,true,619731.40
5c7307403065320001bdf00f,main-trial-13, , ,true,619970.70
5c7307403065320001bdf00f,main-trial-13,e,e,true,620275.40
5c7307403065320001bdf00f,main-trial-13,f,f,true,620561.30
5c7307403065320001bdf00f,main-trial-13, , ,true,620690.90
5c7307403065320001bdf00f,main-trial-13,u,u,true,621042.50
5c7307403065320001bdf00f,main-trial-13,n,n,true,621346.70
5c7307403065320001bdf00f,main-trial-13,m,m,true,621879.30
5c7307403065320001bdf00f,main-trial-13,v,v,true,622296.10
5c7307403065320001bdf00f,main-trial-13,y,y,true,622559.40
5c7307403065320001bdf00f,main-trial-13, , ,true,622795.90
5c7307403065320001bdf00f,main-trial-13,d,d,true,623018.80
5c7307403065320001bdf00f,main-trial-13,r,r,true,623346.80
5c7307403065320001bdf00f,main-trial-13, , ,true,623619.10
5c7307403065320001bdf00f,main-trial-13,e,e,true,624211.40
5c7307403065320001bdf00f,main-trial-13,f,f,true,624531.10
5c7307403065320001bdf00f,main-trial-13, , ,true,624731.10
5c7307403065320001bdf00f,main-trial-13,d,d,true,625299.40
5c7307403065320001bdf00f,main-trial-13,r,r,true,625540.00
5c7307403065320001bdf00f,main-trial-13, , ,true,625818.90
5c7307403065320001bdf00f,main-trial-13,e,e,true,626179.10
5c7307403065320001bdf00f,main-trial-13,f,f,true,626571.00
5c7307403065320001bdf00f,main-trial-13, , ,true,626842.70
5c7307403065320001bdf00f,main-trial-13,d,d,true,628651.70
5c7307403065320001bdf00f,main-trial-13,r,r,true,629091.70
5c7307403065320001bdf00f,main-trial-13, , ,true,629331.90
5c7307403065320001bdf00f,main-trial-13,e,e,true,629803.20
5c7307403065320001bdf00f,main-trial-13,f,f,true,630099.20
5c7307403065320001bdf00f,main-trial-13,, ,false,630283.10
5c7307403065320001bdf00f,main-trial-14,x,x,true,638232.50
5c7307403065320001bdf00f,main-trial-14,b,b,true,638690.90
5c7307403065320001bdf00f,main-trial-14,e,b,false,638817.00
5c7307403065320001bdf00f,main-trial-14,e,e,true,639107.50
5c7307403065320001bdf00f,main-trial-14,p,p,true,639475.30
5c7307403065320001bdf00f,main-trial-14,c,c,true,639735.40
5c7307403065320001bdf00f,main-trial-14, , ,true,639939.30
5c7307403065320001bdf00f,main-trial-14,w,w,true,640331.60
5c7307403065320001bdf00f,main-trial-14,d,d,true,641043.20
5c7307403065320001bdf00f,main-trial-14, , ,true,641491.00
5c7307403065320001bdf00f,main-trial-14,w,w,true,642091.60
5c7307403065320001bdf00f,main-trial-14,d,d,true,642617.00
5c7307403065320001bdf00f,main-trial-14, , ,true,642931.80
5c7307403065320001bdf00f,main-trial-14,w,w,true,643651.00
5c7307403065320001bdf00f,main-trial-14,d,d,true,644099.80
5c7307403065320001bdf00f,main-trial-14, , ,true,644323.90
5c7307403065320001bdf00f,main-trial-14,m,m,true,644723.20
5c7307403065320001bdf00f,main-trial-14,d,d,true,645275.50
5c7307403065320001bdf00f,main-trial-14,s,s,true,646395.60
5c7307403065320001bdf00f,main-trial-14,k,k,true,646739.90
5c7307403065320001bdf00f,main-trial-14,m,m,true,647083.70
5c7307403065320001bdf00f,main-trial-14, , ,true,647403.40
5c7307403065320001bdf00f,main-trial-14,s,s,true,647723.30
5c7307403065320001bdf00f,main-trial-14,e,e,true,648019.50
5c7307403065320001bdf00f,main-trial-14, , ,true,648243.30
5c7307403065320001bdf00f,main-trial-14,s,s,true,648635.50
5c7307403065320001bdf00f,main-trial-14,e,e,true,648883.70
5c7307403065320001bdf00f,main-trial-14, , ,true,649117.20
5c7307403065320001bdf00f,main-trial-14,s,s,true,649435.40
5c7307403065320001bdf00f,main-trial-14,e,e,true,649691.50
5c7307403065320001bdf00f,main-trial-14, , ,true,649899.40
5c7307403065320001bdf00f,main-trial-14,p,p,true,650396.30
5c7307403065320001bdf00f,main-trial-14,w,w,true,650803.50
5c7307403065320001bdf00f,main-trial-14,x,x,true,651504.90
5c7307403065320001bdf00f,main-trial-14,u,u,true,651963.80
5c7307403065320001bdf00f,main-trial-14,f,f,true,652283.80
5c7307403065320001bdf00f,main-trial-14, , ,true,652460.30
5c7307403065320001bdf00f,main-trial-14,w,w,true,653010.90
5c7307403065320001bdf00f,main-trial-14,d,d,true,653506.70
5c7307403065320001bdf00f,main-trial-14, , ,true,653691.30
5c7307403065320001bdf00f,main-trial-14,s,s,true,654211.60
5c7307403065320001bdf00f,main-trial-14,e,e,true,654491.60
5c7307403065320001bdf00f,main-trial-14, , ,true,654755.60
5c7307403065320001bdf00f,main-trial-14,w,w,true,655388.10
5c7307403065320001bdf00f,main-trial-14,d,d,true,656068.10
5c7307403065320001bdf00f,main-trial-14, , ,true,656355.50
5c7307403065320001bdf00f,main-trial-14,s,s,true,656724.70
5c7307403065320001bdf00f,main-trial-14,e,e,true,657043.40
5c7307403065320001bdf00f,main-trial-14, , ,true,657387.80
5c7307403065320001bdf00f,main-trial-14,w,w,true,658388.40
5c7307403065320001bdf00f,main-trial-14,d,d,true,658955.70
5c7307403065320001bdf00f,main-trial-14, , ,true,659444.10
5c7307403065320001bdf00f,main-trial-14,s,s,true,659811.80
5c7307403065320001bdf00f,main-trial-14,e,e,true,660120.50
5c7307403065320001bdf00f,main-trial-15,h,h,true,667412.20
5c7307403065320001bdf00f,main-trial-15,p,p,true,667899.40
5c7307403065320001bdf00f,main-trial-15,l,l,true,668515.70
5c7307403065320001bdf00f,main-trial-15,g,g,true,669139.70
5c7307403065320001bdf00f,main-trial-15,g,g,true,669419.90
5c7307403065320001bdf00f,main-trial-15, , ,true,669864.70
5c7307403065320001bdf00f,main-trial-15,v,v,true,670084.20
5c7307403065320001bdf00f,main-trial-15,r,r,true,670356.10
5c7307403065320001bdf00f,main-trial-15, , ,true,670643.80
5c7307403065320001bdf00f,main-trial-15,v,v,true,670892.20
5c7307403065320001bdf00f,main-trial-15,r,r,true,671147.80
5c7307403065320001bdf00f,main-trial-15, , ,true,671426.30
5c7307403065320001bdf00f,main-trial-15,v,v,true,671859.70
5c7307403065320001bdf00f,main-trial-15,r,r,true,672212.60
5c7307403065320001bdf00f,main-trial-15, , ,true,672456.90
5c7307403065320001bdf00f,main-trial-15,y,y,true,672883.90
5c7307403065320001bdf00f,main-trial-15,r,r,true,673228.20
5c7307403065320001bdf00f,main-trial-15,y,y,true,673844.40
5c7307403065320001bdf00f,main-trial-15,y,y,true,674136.60
5c7307403065320001bdf00f,main-trial-15,t,t,true,674427.90
5c7307403065320001bdf00f,main-trial-15, , ,true,674645.90
5c7307403065320001bdf00f,main-trial-15,f,f,true,674940.00
5c7307403065320001bdf00f,main-trial-15,r, ,false,676444.70
5c7307403065320001bdf00f,main-trial-15,r,f,false,676860.30
5c7307403065320001bdf00f,main-trial-15,r,r,true,677428.30
5c7307403065320001bdf00f,main-trial-15, , ,true,678044.70
5c7307403065320001bdf00f,main-trial-15,f,f,true,678396.70
5c7307403065320001bdf00f,main-trial-15,r,r,true,678676.70
5c7307403065320001bdf00f,main-trial-15, , ,true,679212.10
5c7307403065320001bdf00f,main-trial-15,f,f,true,679700.00
5c7307403065320001bdf00f,main-trial-15,r,r,true,680060.50
5c7307403065320001bdf00f,main-trial-15, , ,true,680948.60
5c7307403065320001bdf00f,main-trial-15,g,g,true,681363.80
5c7307403065320001bdf00f,main-trial-15,g,g,true,681836.80
5c7307403065320001bdf00f,main-trial-15,u,u,true,682201.90
5c7307403065320001bdf00f,main-trial-15,c,c,true,682500.50
5c7307403065320001bdf00f,main-trial-15,o,i,false,682900.20
5c7307403065320001bdf00f,main-trial-15,o,o,true,683569.30
5c7307403065320001bdf00f,main-trial-15, , ,true,683825.40
5c7307403065320001bdf00f,main-trial-15,v,v,true,684140.70
5c7307403065320001bdf00f,main-trial-15,r,r,true,684466.10
5c7307403065320001bdf00f,main-trial-15, , ,true,684740.60
5c7307403065320001bdf00f,main-trial-15,f,f,true,685108.30
5c7307403065320001bdf00f,main-trial-15,r,r,true,685429.50
5c7307403065320001bdf00f,main-trial-15, , ,true,685852.40
5c7307403065320001bdf00f,main-trial-15,v,v,true,686244.40
5c7307403065320001bdf00f,main-trial-15,r,r,true,686716.80
5c7307403065320001bdf00f,main-trial-15, , ,true,687004.60
5c7307403065320001bdf00f,main-trial-15,f,f,true,687364.40
5c7307403065320001bdf00f,main-trial-15,r,r,true,688140.60
5c7307403065320001bdf00f,main-trial-15, , ,true,688428.90
5c7307403065320001bdf00f,main-trial-15,v,v,true,689212.60
5c7307403065320001bdf00f,main-trial-15,r,r,true,689836.30
5c7307403065320001bdf00f,main-trial-15, , ,true,690125.00
5c7307403065320001bdf00f,main-trial-15,f,f,true,690588.70
5c7307403065320001bdf00f,main-trial-15,r,r,true,691428.90
5c7307403065320001bdf00f,main-trial-15,, ,false,691641.90
5c7307403065320001bdf00f,main-trial-16,n,n,true,696997.00
5c7307403065320001bdf00f,main-trial-16,i,i,true,697324.90
5c7307403065320001bdf00f,main-trial-16,c,c,true,697441.80
5c7307403065320001bdf00f,main-trial-16,y,y,true,697929.70
5c7307403065320001bdf00f,main-trial-16,p,p,true,698260.50
5c7307403065320001bdf00f,main-trial-16, , ,true,698460.70
5c7307403065320001bdf00f,main-trial-16,d,d,true,698716.40
5c7307403065320001bdf00f,main-trial-16,r,r,true,699005.00
5c7307403065320001bdf00f,main-trial-16, ,r,false,699557.20
5c7307403065320001bdf00f,main-trial-16, , ,true,700605.40
5c7307403065320001bdf00f,main-trial-16,d,d,true,701013.90
5c7307403065320001bdf00f,main-trial-16,r,r,true,701420.70
5c7307403065320001bdf00f,main-trial-16, , ,true,701652.90
5c7307403065320001bdf00f,main-trial-16,d,d,true,701964.70
5c7307403065320001bdf00f,main-trial-16,r,r,true,702701.70
5c7307403065320001bdf00f,main-trial-16, , ,true,703036.70
5c7307403065320001bdf00f,main-trial-16,c,c,true,703229.00
5c7307403065320001bdf00f,main-trial-16,n,n,true,703437.20
5c7307403065320001bdf00f,main-trial-16,o,o,true,703829.10
5c7307403065320001bdf00f,main-trial-16,y,y,true,704133.00
5c7307403065320001bdf00f,main-trial-16,i,i,true,704397.40
5c7307403065320001bdf00f,main-trial-16, , ,true,704581.10
5c7307403065320001bdf00f,main-trial-16,f,f,true,705202.70
5c7307403065320001bdf00f,main-trial-16,d,g,false,705556.90
5c7307403065320001bdf00f,main-trial-16,d,d,true,706229.10
5c7307403065320001bdf00f,main-trial-16, , ,true,707142.50
5c7307403065320001bdf00f,main-trial-16,f,f,true,707618.10
5c7307403065320001bdf00f,main-trial-16,d,d,true,708085.40
5c7307403065320001bdf00f,main-trial-16, , ,true,708292.70
5c7307403065320001bdf00f,main-trial-16,f,f,true,708637.00
5c7307403065320001bdf00f,main-trial-16,d,d,true,709109.60
5c7307403065320001bdf00f,main-trial-16, , ,true,709485.60
5c7307403065320001bdf00f,main-trial-16,i,i,true,709756.30
5c7307403065320001bdf00f,main-trial-16,q,q,true,710157.40
5c7307403065320001bdf00f,main-trial-16,f,f,true,710674.90
5c7307403065320001bdf00f,main-trial-16,j,j,true,711301.30
5c7307403065320001bdf00f,main-trial-16,u,u,true,711589.20
5c7307403065320001bdf00f,main-trial-16, , ,true,711803.60
5c7307403065320001bdf00f,main-trial-16,d,d,true,712084.90
5c7307403065320001bdf00f,main-trial-16,r,r,true,712365.10
5c7307403065320001bdf00f,main-trial-16, , ,true,712661.20
5c7307403065320001bdf00f,main-trial-16,f,f,true,713021.00
5c7307403065320001bdf00f,main-trial-16,d,e,false,714541.80
5c7307403065320001bdf00f,main-trial-16,d,d,true,715606.00
5c7307403065320001bdf00f,main-trial-16, , ,true,716357.90
5c7307403065320001bdf00f,main-trial-16,d,d,true,716973.10
5c7307403065320001bdf00f,main-trial-16,r,r,true,717710.20
5c7307403065320001bdf00f,main-trial-16, , ,true,718093.20
5c7307403065320001bdf00f,main-trial-16,f,f,true,718805.20
5c7307403065320001bdf00f,main-trial-16,d,d,true,719493.40
5c7307403065320001bdf00f,main-trial-16, , ,true,720333.60
5c7307403065320001bdf00f,main-trial-16,d,d,true,720997.30
5c7307403065320001bdf00f,main-trial-16,r,r,true,721549.90
5c7307403065320001bdf00f,main-trial-16, , ,true,721947.10
5c7307403065320001bdf00f,main-trial-16,f,f,true,722557.70
5c7307403065320001bdf00f,main-trial-16,d,d,true,724309.80
5c7307403065320001bdf00f,main-trial-17,d,d,true,731677.80
5c7307403065320001bdf00f,main-trial-17,y,y,true,732101.60
5c7307403065320001bdf00f,main-trial-17,m,m,true,732670.30
5c7307403065320001bdf00f,main-trial-17,a,a,true,732941.70
5c7307403065320001bdf00f,main-trial-17,k,k,true,733069.40
5c7307403065320001bdf00f,main-trial-17, , ,true,733310.30
5c7307403065320001bdf00f,main-trial-17,f,f,true,733542.30
5c7307403065320001bdf00f,main-trial-17,f,f,true,733789.90
5c7307403065320001bdf00f,main-trial-17, , ,true,734234.90
5c7307403065320001bdf00f,main-trial-17,f,f,true,734541.60
5c7307403065320001bdf00f,main-trial-17,f,f,true,734750.10
5c7307403065320001bdf00f,main-trial-17, , ,true,735005.70
5c7307403065320001bdf00f,main-trial-17,f,f,true,735349.50
5c7307403065320001bdf00f,main-trial-17,f,f,true,735574.40
5c7307403065320001bdf00f,main-trial-17, , ,true,735773.50
5c7307403065320001bdf00f,main-trial-17,t,t,true,735963.10
5c7307403065320001bdf00f,main-trial-17,u,u,true,736214.30
5c7307403065320001bdf00f,main-trial-17,o,a,false,736454.80
5c7307403065320001bdf00f,main-trial-17,o,o,true,737205.40
5c7307403065320001bdf00f,main-trial-17,q,q,true,737654.00
5c7307403065320001bdf00f,main-trial-17,x,u,false,737910.20
5c7307403065320001bdf00f,main-trial-17,x,z,false,738870.20
5c7307403065320001bdf00f,main-trial-17,x,x,true,739718.50
5c7307403065320001bdf00f,main-trial-17, , ,true,740198.40
5c7307403065320001bdf00f,main-trial-17,a,a,true,740870.10
5c7307403065320001bdf00f,main-trial-17,a,a,true,741245.70
5c7307403065320001bdf00f,main-trial-17, , ,true,742246.50
5c7307403065320001bdf00f,main-trial-17,a,a,true,742582.00
5c7307403065320001bdf00f,main-trial-17,a,a,true,742878.00
5c7307403065320001bdf00f,main-trial-17, , ,true,743102.00
5c7307403065320001bdf00f,main-trial-17,a,a,true,743484.20
5c7307403065320001bdf00f,main-trial-17,a,a,true,743774.40
5c7307403065320001bdf00f,main-trial-17, , ,true,743957.80
5c7307403065320001bdf00f,main-trial-17,z,z,true,744298.70
5c7307403065320001bdf00f,main-trial-17,r,r,true,744698.90
5c7307403065320001bdf00f,main-trial-17,h,h,true,745342.60
5c7307403065320001bdf00f,main-trial-17,b,b,true,745734.50
5c7307403065320001bdf00f,main-trial-17,b,b,true,745989.10
5c7307403065320001bdf00f,main-trial-17, , ,true,746190.20
5c7307403065320001bdf00f,main-trial-17,f,f,true,746389.90
5c7307403065320001bdf00f,main-trial-17,f,f,true,746670.20
5c7307403065320001bdf00f,main-trial-17, , ,true,747027.10
5c7307403065320001bdf00f,main-trial-17,a,a,true,747592.30
5c7307403065320001bdf00f,main-trial-17,a,a,true,747870.20
5c7307403065320001bdf00f,main-trial-17, , ,true,748046.20
5c7307403065320001bdf00f,main-trial-17,f,f,true,748334.10
5c7307403065320001bdf00f,main-trial-17,f,f,true,748558.50
5c7307403065320001bdf00f,main-trial-17, , ,true,748830.10
5c7307403065320001bdf00f,main-trial-17,a,a,true,749054.40
5c7307403065320001bdf00f,main-trial-17,a,a,true,749886.70
5c7307403065320001bdf00f,main-trial-17, , ,true,750190.20
5c7307403065320001bdf00f,main-trial-17,f,f,true,750678.80
5c7307403065320001bdf00f,main-trial-17,f,f,true,750903.40
5c7307403065320001bdf00f,main-trial-17, , ,true,751086.00
5c7307403065320001bdf00f,main-trial-17,a,a,true,751326.90
5c7307403065320001bdf00f,main-trial-17,a,a,true,751598.10
5c7307403065320001bdf00f,main-trial-18,c,c,true,758045.70
5c7307403065320001bdf00f,main-trial-18,q,q,true,758491.00
5c7307403065320001bdf00f,main-trial-18,q,q,true,758787.20
5c7307403065320001bdf00f,main-trial-18,r,r,true,759095.10
5c7307403065320001bdf00f,main-trial-18,w,w,true,759486.40
5c7307403065320001bdf00f,main-trial-18, , ,true,759726.50
5c7307403065320001bdf00f,main-trial-18,c,c,true,759956.70
5c7307403065320001bdf00f,main-trial-18,r,r,true,760198.10
5c7307403065320001bdf00f,main-trial-18, , ,true,760606.40
5c7307403065320001bdf00f,main-trial-18,c,c,true,761014.40
5c7307403065320001bdf00f,main-trial-18,r,r,true,761374.90
5c7307403065320001bdf00f,main-trial-18, , ,true,761678.20
5c7307403065320001bdf00f,main-trial-18,c,c,true,761990.40
5c7307403065320001bdf00f,main-trial-18,r,r,true,762399.70
5c7307403065320001bdf00f,main-trial-18, , ,true,762590.80
5c7307403065320001bdf00f,main-trial-18,g,g,true,763051.60
5c7307403065320001bdf00f,main-trial-18,v,v,true,763470.80
5c7307403065320001bdf00f,main-trial-18,y,y,true,763879.00
5c7307403065320001bdf00f,main-trial-18,e,e,true,764292.20
5c7307403065320001bdf00f,main-trial-18,x,x,true,764606.80
5c7307403065320001bdf00f,main-trial-18, , ,true,764790.20
5c7307403065320001bdf00f,main-trial-18,v,v,true,765150.70
5c7307403065320001bdf00f,main-trial-18,r,r,true,765511.10
5c7307403065320001bdf00f,main-trial-18, , ,true,766094.60
5c7307403065320001bdf00f,main-trial-18,v,v,true,766406.40
5c7307403065320001bdf00f,main-trial-18,r,r,true,766686.70
5c7307403065320001bdf00f,main-trial-18, , ,true,767014.40
5c7307403065320001bdf00f,main-trial-18,v,v,true,767558.70
5c7307403065320001bdf00f,main-trial-18,r,r,true,767838.90
5c7307403065320001bdf00f,main-trial-18, , ,true,768114.10
5c7307403065320001bdf00f,main-trial-18,h,h,true,768382.50
5c7307403065320001bdf00f,main-trial-18,r,r,true,768951.20
5c7307403065320001bdf00f,main-trial-18,q,q,true,769367.10
5c7307403065320001bdf00f,main-trial-18,i,i,true,769838.30
5c7307403065320001bdf00f,main-trial-18,i,i,true,770077.20
5c7307403065320001bdf00f,main-trial-18, , ,true,770311.60
5c7307403065320001bdf00f,main-trial-18,c,c,true,770539.70
5c7307403065320001bdf00f,main-trial-18,r,r,true,770815.00
5c7307403065320001bdf00f,main-trial-18, , ,true,771085.80
5c7307403065320001bdf00f,main-trial-18,v,v,true,771710.80
5c7307403065320001bdf00f,main-trial-18,r,r,true,772270.90
5c7307403065320001bdf00f,main-trial-18, , ,true,772518.60
5c7307403065320001bdf00f,main-trial-18,c,c,true,772775.20
5c7307403065320001bdf00f,main-trial-18,r,r,true,773039.20
5c7307403065320001bdf00f,main-trial-18, , ,true,773271.20
5c7307403065320001bdf00f,main-trial-18,v,v,true,774031.30
5c7307403065320001bdf00f,main-trial-18,r,r,true,774939.80
5c7307403065320001bdf00f,main-trial-18, , ,true,775374.60
5c7307403065320001bdf00f,main-trial-18,c,c,true,776094.40
5c7307403065320001bdf00f,main-trial-18,r,r,true,776399.60
5c7307403065320001bdf00f,main-trial-18, , ,true,776710.90
5c7307403065320001bdf00f,main-trial-18,v,v,true,777327.50
5c7307403065320001bdf00f,main-trial-18,r,r,true,777894.90
5c7307403065320001bdf00f,main-trial-19,d,d,true,784007.00
5c7307403065320001bdf00f,main-trial-19,k,k,true,784470.60
5c7307403065320001bdf00f,main-trial-19,p,p,true,784855.50
5c7307403065320001bdf00f,main-trial-19,y,y,true,785327.00
5c7307403065320001bdf00f,main-trial-19,n,n,true,785648.10
5c7307403065320001bdf00f,main-trial-19, , ,true,785887.60
5c7307403065320001bdf00f,main-trial-19,w,s,false,786143.30
5c7307403065320001bdf00f,main-trial-19,w,w,true,787487.10
5c7307403065320001bdf00f,main-trial-19,d,d,true,788007.30
5c7307403065320001bdf00f,main-trial-19, , ,true,788222.90
5c7307403065320001bdf00f,main-trial-19,w,w,true,788863.40
5c7307403065320001bdf00f,main-trial-19,d,d,true,789374.90
5c7307403065320001bdf00f,main-trial-19, , ,true,789575.40
5c7307403065320001bdf00f,main-trial-19,w,w,true,789999.50
5c7307403065320001bdf00f,main-trial-19,d,d,true,790951.20
5c7307403065320001bdf00f,main-trial-19, , ,true,791325.40
5c7307403065320001bdf00f,main-trial-19,f,f,true,791631.60
5c7307403065320001bdf00f,main-trial-19,k,k,true,792524.80
5c7307403065320001bdf00f,main-trial-19,k,k,true,792944.10
5c7307403065320001bdf00f,main-trial-19,n,n,true,793431.40
5c7307403065320001bdf00f,main-trial-19,g,g,true,793991.10
5c7307403065320001bdf00f,main-trial-19, , ,true,794327.70
5c7307403065320001bdf00f,main-trial-19,d,d,true,794671.00
5c7307403065320001bdf00f,main-trial-19,s,s,true,795079.60
5c7307403065320001bdf00f,main-trial-19, , ,true,795391.30
5c7307403065320001bdf00f,main-trial-19,d,d,true,795751.70
5c7307403065320001bdf00f,main-trial-19,s,s,true,796079.60
5c7307403065320001bdf00f,main-trial-19, , ,true,796279.10
5c7307403065320001bdf00f,main-trial-19,d,d,true,796663.00
5c7307403065320001bdf00f,main-trial-19,s,s,true,796984.30
5c7307403065320001bdf00f,main-trial-19, , ,true,797255.20
5c7307403065320001bdf00f,main-trial-19,l,l,true,797567.10
5c7307403065320001bdf00f,main-trial-19,r,r,true,797901.00
5c7307403065320001bdf00f,main-trial-19,c,c,true,798471.60
5c7307403065320001bdf00f,main-trial-19,z,z,true,798912.00
5c7307403065320001bdf00f,main-trial-19,a,a,true,799311.40
5c7307403065320001bdf00f,main-trial-19, , ,true,799599.90
5c7307403065320001bdf00f,main-trial-19,w,w,true,800015.90
5c7307403065320001bdf00f,main-trial-19,d,d,true,800599.40
5c7307403065320001bdf00f,main-trial-19, , ,true,801274.90
5c7307403065320001bdf00f,main-trial-19,d,d,true,801677.30
5c7307403065320001bdf00f,main-trial-19,s,s,true,802326.10
5c7307403065320001bdf00f,main-trial-19, , ,true,802575.60
5c7307403065320001bdf00f,main-trial-19,w,w,true,803024.40
5c7307403065320001bdf00f,main-trial-19,d,d,true,803503.80
5c7307403065320001bdf00f,main-trial-19, , ,true,803711.80
5c7307403065320001bdf00f,main-trial-19,d,d,true,804088.00
5c7307403065320001bdf00f,main-trial-19,s,e,false,804607.60
5c7307403065320001bdf00f,main-trial-19,s,s,true,805136.10
5c7307403065320001bdf00f,main-trial-19, , ,true,805548.50
5c7307403065320001bdf00f,main-trial-19,w,w,true,806032.20
5c7307403065320001bdf00f,main-trial-19,d,e,false,807202.40
5c7307403065320001bdf00f,main-trial-19,d,d,true,807780.60
5c7307403065320001bdf00f,main-trial-19, , ,true,808125.50
5c7307403065320001bdf00f,main-trial-19,d,d,true,808584.30
5c7307403065320001bdf00f,main-trial-19,s,e,false,808917.20
5c7307403065320001bdf00f,main-trial-19,s,s,true,809464.10
5c7307403065320001bdf00f,main-trial-20,m,m,true,816281.30
5c7307403065320001bdf00f,main-trial-20,v,v,true,816831.30
5c7307403065320001bdf00f,main-trial-20,k,k,true,817079.60
5c7307403065320001bdf00f,main-trial-20,m,m,true,817480.20
5c7307403065320001bdf00f,main-trial-20,n,n,true,817776.40
5c7307403065320001bdf00f,main-trial-20, , ,true,818047.60
5c7307403065320001bdf00f,main-trial-20,z,z,true,818685.00
5c7307403065320001bdf00f,main-trial-20,x,x,true,819392.50
5c7307403065320001bdf00f,main-trial-20, , ,true,819808.30
5c7307403065320001bdf00f,main-trial-20,z,z,true,820536.10
5c7307403065320001bdf00f,main-trial-20,x,x,true,821248.50
5c7307403065320001bdf00f,main-trial-20, , ,true,821752.20
5c7307403065320001bdf00f,main-trial-20,z,z,true,822691.10
5c7307403065320001bdf00f,main-trial-20,x,x,true,823320.10
5c7307403065320001bdf00f,main-trial-20, , ,true,823735.80
5c7307403065320001bdf00f,main-trial-20,j,j,true,824120.50
5c7307403065320001bdf00f,main-trial-20,g,g,true,825152.70
5c7307403065320001bdf00f,main-trial-20,p,p,true,826032.50
5c7307403065320001bdf00f,main-trial-20,h,h,true,826280.70
5c7307403065320001bdf00f,main-trial-20,o,o,true,826512.60
5c7307403065320001bdf00f,main-trial-20, , ,true,826672.00
5c7307403065320001bdf00f,main-trial-20,z,z,true,827104.70
5c7307403065320001bdf00f,main-trial-20,e,e,true,827472.10
5c7307403065320001bdf00f,main-trial-20, , ,true,827689.50
5c7307403065320001bdf00f,main-trial-20,z,z,true,828040.30
5c7307403065320001bdf00f,main-trial-20,e,e,true,828376.30
5c7307403065320001bdf00f,main-trial-20, , ,true,828560.20
5c7307403065320001bdf00f,main-trial-20,z,z,true,828968.60
5c7307403065320001bdf00f,main-trial-20,e,e,true,829296.10
5c7307403065320001bdf00f,main-trial-20, , ,true,829472.30
5c7307403065320001bdf00f,main-trial-20,v,v,true,829776.50
5c7307403065320001bdf00f,main-trial-20,l,l,true,830080.40
5c7307403065320001bdf00f,main-trial-20,m,m,true,830432.50
5c7307403065320001bdf00f,main-trial-20,r,r,true,830775.20
5c7307403065320001bdf00f,main-trial-20,j,j,true,831312.50
5c7307403065320001bdf00f,main-trial-20, , ,true,831648.20
5c7307403065320001bdf00f,main-trial-20,z,z,true,832144.90
5c7307403065320001bdf00f,main-trial-20,x,x,true,834137.10
5c7307403065320001bdf00f,main-trial-20, , ,true,834464.40
5c7307403065320001bdf00f,main-trial-20,z,z,true,835872.90
5c7307403065320001bdf00f,main-trial-20,e,e,true,836293.60
5c7307403065320001bdf00f,main-trial-20, , ,true,836553.10
5c7307403065320001bdf00f,main-trial-20,z,z,true,836897.60
5c7307403065320001bdf00f,main-trial-20,x,c,false,838344.80
5c7307403065320001bdf00f,main-trial-20,x,x,true,839137.20
5c7307403065320001bdf00f,main-trial-20, , ,true,839637.90
5c7307403065320001bdf00f,main-trial-20,z,z,true,840121.10
5c7307403065320001bdf00f,main-trial-20,e,e,true,840633.10
5c7307403065320001bdf00f,main-trial-20, , ,true,841088.70
5c7307403065320001bdf00f,main-trial-20,z,z,true,842728.90
5c7307403065320001bdf00f,main-trial-20,x,x,true,843401.40
5c7307403065320001bdf00f,main-trial-20, , ,true,844056.50
5c7307403065320001bdf00f,main-trial-20,z,z,true,844458.90
5c7307403065320001bdf00f,main-trial-20,e,e,true,844893.90
5c7307403065320001bdf00f,main-trial-21,g,g,true,854241.90
5c7307403065320001bdf00f,main-trial-21,i,i,true,854764.70
5c7307403065320001bdf00f,main-trial-21,x,x,true,855209.50
5c7307403065320001bdf00f,main-trial-21,j,j,true,855617.60
5c7307403065320001bdf00f,main-trial-21,b,b,true,856057.50
5c7307403065320001bdf00f,main-trial-21, , ,true,856261.80
5c7307403065320001bdf00f,main-trial-21,w,w,true,856513.30
5c7307403065320001bdf00f,main-trial-21,f,f,true,856993.40
5c7307403065320001bdf00f,main-trial-21, , ,true,857345.40
5c7307403065320001bdf00f,main-trial-21,w,w,true,857666.00
5c7307403065320001bdf00f,main-trial-21,f,f,true,858305.00
5c7307403065320001bdf00f,main-trial-21, , ,true,858552.40
5c7307403065320001bdf00f,main-trial-21,w,w,true,858865.00
5c7307403065320001bdf00f,main-trial-21,f,f,true,859278.50
5c7307403065320001bdf00f,main-trial-21, , ,true,859490.60
5c7307403065320001bdf00f,main-trial-21,e,e,true,859833.20
5c7307403065320001bdf00f,main-trial-21,k,k,true,860185.40
5c7307403065320001bdf00f,main-trial-21,u,u,true,860497.20
5c7307403065320001bdf00f,main-trial-21,c,c,true,860817.50
5c7307403065320001bdf00f,main-trial-21,y,y,true,861018.40
5c7307403065320001bdf00f,main-trial-21, , ,true,861201.50
5c7307403065320001bdf00f,main-trial-21,s,s,true,861481.60
5c7307403065320001bdf00f,main-trial-21,r,r,true,861745.80
5c7307403065320001bdf00f,main-trial-21, , ,true,861986.50
5c7307403065320001bdf00f,main-trial-21,s,s,true,862401.50
5c7307403065320001bdf00f,main-trial-21,r,r,true,862735.20
5c7307403065320001bdf00f,main-trial-21, , ,true,862958.80
5c7307403065320001bdf00f,main-trial-21,s,s,true,863273.70
5c7307403065320001bdf00f,main-trial-21,r,r,true,863499.90
5c7307403065320001bdf00f,main-trial-21, , ,true,863689.20
5c7307403065320001bdf00f,main-trial-21,x,x,true,864393.80
5c7307403065320001bdf00f,main-trial-21,j,j,true,864766.30
5c7307403065320001bdf00f,main-trial-21,g,g,true,865409.50
5c7307403065320001bdf00f,main-trial-21,p,p,true,865849.30
5c7307403065320001bdf00f,main-trial-21,o,o,true,866313.20
5c7307403065320001bdf00f,main-trial-21, , ,true,866534.10
5c7307403065320001bdf00f,main-trial-21,w,w,true,866806.20
5c7307403065320001bdf00f,main-trial-21,f,f,true,867193.80
5c7307403065320001bdf00f,main-trial-21, , ,true,867857.70
5c7307403065320001bdf00f,main-trial-21,s,s,true,868273.60
5c7307403065320001bdf00f,main-trial-21,r,r,true,868514.00
5c7307403065320001bdf00f,main-trial-21, , ,true,868793.90
5c7307403065320001bdf00f,main-trial-21,w,w,true,869286.80
5c7307403065320001bdf00f,main-trial-21,f,f,true,869705.80
5c7307403065320001bdf00f,main-trial-21, , ,true,869923.20
5c7307403065320001bdf00f,main-trial-21,s,s,true,870289.50
5c7307403065320001bdf00f,main-trial-21,r,r,true,870865.70
5c7307403065320001bdf00f,main-trial-21, , ,true,871081.90
5c7307403065320001bdf00f,main-trial-21,w,w,true,871546.00
5c7307403065320001bdf00f,main-trial-21,f,f,true,872081.50
5c7307403065320001bdf00f,main-trial-21, , ,true,872313.20
5c7307403065320001bdf00f,main-trial-21,s,s,true,872562.80
5c7307403065320001bdf00f,main-trial-21,r,r,true,873522.60
5c7307403065320001bdf00f,main-trial-21,, ,false,873793.50
5c7307403065320001bdf00f,main-trial-22,t,t,true,879674.00
5c7307403065320001bdf00f,main-trial-22,t,t,true,880010.70
5c7307403065320001bdf00f,main-trial-22,g,g,true,881057.40
5c7307403065320001bdf00f,main-trial-22,j,j,true,881705.30
5c7307403065320001bdf00f,main-trial-22,c,c,true,882617.80
5c7307403065320001bdf00f,main-trial-22, , ,true,883017.80
5c7307403065320001bdf00f,main-trial-22,v,v,true,883310.50
5c7307403065320001bdf00f,main-trial-22,r,r,true,883585.80
5c7307403065320001bdf00f,main-trial-22, , ,true,883825.30
5c7307403065320001bdf00f,main-trial-22,v,v,true,884367.30
5c7307403065320001bdf00f,main-trial-22,r,r,true,884658.30
5c7307403065320001bdf00f,main-trial-22, , ,true,884961.90
5c7307403065320001bdf00f,main-trial-22,v,v,true,885809.60
5c7307403065320001bdf00f,main-trial-22,r,r,true,886066.00
5c7307403065320001bdf00f,main-trial-22, , ,true,886359.10
5c7307403065320001bdf00f,main-trial-22,w,w,true,886743.80
5c7307403065320001bdf00f,main-trial-22,i,i,true,887002.00
5c7307403065320001bdf00f,main-trial-22,k,k,true,887306.30
5c7307403065320001bdf00f,main-trial-22,r,r,true,887746.20
5c7307403065320001bdf00f,main-trial-22,j,j,true,888170.40
5c7307403065320001bdf00f,main-trial-22, , ,true,888414.50
5c7307403065320001bdf00f,main-trial-22,c,c,true,888625.30
5c7307403065320001bdf00f,main-trial-22,r,r,true,888875.80
5c7307403065320001bdf00f,main-trial-22, , ,true,889122.40
5c7307403065320001bdf00f,main-trial-22,c,c,true,889506.10
5c7307403065320001bdf00f,main-trial-22,r,r,true,889745.60
5c7307403065320001bdf00f,main-trial-22, , ,true,889938.00
5c7307403065320001bdf00f,main-trial-22,c,c,true,890289.80
5c7307403065320001bdf00f,main-trial-22,r,r,true,890578.90
5c7307403065320001bdf00f,main-trial-22, , ,true,890754.10
5c7307403065320001bdf00f,main-trial-22,f,f,true,891033.90
5c7307403065320001bdf00f,main-trial-22,r,r,true,891698.40
5c7307403065320001bdf00f,main-trial-22,d,d,true,892042.50
5c7307403065320001bdf00f,main-trial-22,u,u,true,892335.30
5c7307403065320001bdf00f,main-trial-22,n,n,true,892642.00
5c7307403065320001bdf00f,main-trial-22, , ,true,892834.20
5c7307403065320001bdf00f,main-trial-22,v,v,true,893098.40
5c7307403065320001bdf00f,main-trial-22,r,r,true,893354.60
5c7307403065320001bdf00f,main-trial-22, , ,true,893615.50
5c7307403065320001bdf00f,main-trial-22,c,c,true,894194.00
5c7307403065320001bdf00f,main-trial-22,r,r,true,894466.30
5c7307403065320001bdf00f,main-trial-22, , ,true,894671.70
5c7307403065320001bdf00f,main-trial-22,v,v,true,895278.70
5c7307403065320001bdf00f,main-trial-22,r,r,true,895655.30
5c7307403065320001bdf00f,main-trial-22, , ,true,895903.80
5c7307403065320001bdf00f,main-trial-22,c,c,true,896314.30
5c7307403065320001bdf00f,main-trial-22,r,r,true,897274.30
5c7307403065320001bdf00f,main-trial-22, , ,true,897649.70
5c7307403065320001bdf00f,main-trial-22,v,v,true,898202.50
5c7307403065320001bdf00f,main-trial-22,r,r,true,898474.40
5c7307403065320001bdf00f,main-trial-22, , ,true,899226.60
5c7307403065320001bdf00f,main-trial-22,c,c,true,899530.00
5c7307403065320001bdf00f,main-trial-22,r,r,true,899803.40
5c7307403065320001bdf00f,main-trial-22,, ,false,900003.00
5c7307403065320001bdf00f,main-trial-23,i,i,true,905058.90
5c7307403065320001bdf00f,main-trial-23,m,m,true,905490.50
5c7307403065320001bdf00f,main-trial-23,c,c,true,906106.00
5c7307403065320001bdf00f,main-trial-23,w,w,true,906650.20
5c7307403065320001bdf00f,main-trial-23,c,c,true,906986.70
5c7307403065320001bdf00f,main-trial-23, , ,true,907250.70
5c7307403065320001bdf00f,main-trial-23,f,f,true,907508.30
5c7307403065320001bdf00f,main-trial-23,e,e,true,907914.50
5c7307403065320001bdf00f,main-trial-23, , ,true,908170.90
5c7307403065320001bdf00f,main-trial-23,f,f,true,908403.60
5c7307403065320001bdf00f,main-trial-23,e,e,true,908690.40
5c7307403065320001bdf00f,main-trial-23, , ,true,908871.10
5c7307403065320001bdf00f,main-trial-23,f,f,true,909130.50
5c7307403065320001bdf00f,main-trial-23,e,e,true,909379.10
5c7307403065320001bdf00f,main-trial-23, , ,true,909554.70
5c7307403065320001bdf00f,main-trial-23,x,x,true,910082.90
5c7307403065320001bdf00f,main-trial-23,q,q,true,910786.30
5c7307403065320001bdf00f,main-trial-23,y,y,true,911491.00
5c7307403065320001bdf00f,main-trial-23,b,b,true,911927.90
5c7307403065320001bdf00f,main-trial-23,y,y,true,912210.70
5c7307403065320001bdf00f,main-trial-23, , ,true,912410.80
5c7307403065320001bdf00f,main-trial-23,e,e,true,912706.30
5c7307403065320001bdf00f,main-trial-23,f,f,true,912994.30
5c7307403065320001bdf00f,main-trial-23, , ,true,913170.70
5c7307403065320001bdf00f,main-trial-23,e,e,true,913498.70
5c7307403065320001bdf00f,main-trial-23,f,f,true,913818.30
5c7307403065320001bdf00f,main-trial-23, , ,true,913994.50
5c7307403065320001bdf00f,main-trial-23,e,e,true,914451.10
5c7307403065320001bdf00f,main-trial-23,f,f,true,914714.80
5c7307403065320001bdf00f,main-trial-23, , ,true,914921.50
5c7307403065320001bdf00f,main-trial-23,d,d,true,915195.00
5c7307403065320001bdf00f,main-trial-23,f,f,true,915610.60
5c7307403065320001bdf00f,main-trial-23,b,b,true,916034.10
5c7307403065320001bdf00f,main-trial-23,j,j,true,916611.10
5c7307403065320001bdf00f,main-trial-23,h,h,true,917258.60
5c7307403065320001bdf00f,main-trial-23, , ,true,917568.90
5c7307403065320001bdf00f,main-trial-23,f,f,true,917867.00
5c7307403065320001bdf00f,main-trial-23,e,e,true,918146.90
5c7307403065320001bdf00f,main-trial-23, , ,true,918523.10
5c7307403065320001bdf00f,main-trial-23,e,e,true,919050.80
5c7307403065320001bdf00f,main-trial-23,f,f,true,919383.80
5c7307403065320001bdf00f,main-trial-23, , ,true,919547.00
5c7307403065320001bdf00f,main-trial-23,f,f,true,920162.20
5c7307403065320001bdf00f,main-trial-23,e,r,false,920715.20
5c7307403065320001bdf00f,main-trial-23,e,e,true,922291.20
5c7307403065320001bdf00f,main-trial-23, , ,true,922632.20
5c7307403065320001bdf00f,main-trial-23,e,e,true,923067.00
5c7307403065320001bdf00f,main-trial-23,f,f,true,923355.10
5c7307403065320001bdf00f,main-trial-23, , ,true,923554.50
5c7307403065320001bdf00f,main-trial-23,f,f,true,924138.70
5c7307403065320001bdf00f,main-trial-23,e,e,true,924475.30
5c7307403065320001bdf00f,main-trial-23, , ,true,924835.10
5c7307403065320001bdf00f,main-trial-23,e,e,true,925251.20
5c7307403065320001bdf00f,main-trial-23,f,f,true,925531.10
5c7307403065320001bdf00f,main-trial-24,q,q,true,932338.90
5c7307403065320001bdf00f,main-trial-24,q,q,true,932739.10
5c7307403065320001bdf00f,main-trial-24,i,i,true,933339.20
5c7307403065320001bdf00f,main-trial-24,c,c,true,933578.70
5c7307403065320001bdf00f,main-trial-24,r,r,true,933827.30
5c7307403065320001bdf00f,main-trial-24, , ,true,934042.50
5c7307403065320001bdf00f,main-trial-24,f,f,true,934243.40
5c7307403065320001bdf00f,main-trial-24,d,d,true,934675.10
5c7307403065320001bdf00f,main-trial-24, , ,true,934994.50
5c7307403065320001bdf00f,main-trial-24,f,f,true,935419.10
5c7307403065320001bdf00f,main-trial-24,d,d,true,936529.20
5c7307403065320001bdf00f,main-trial-24, , ,true,936891.10
5c7307403065320001bdf00f,main-trial-24,f,f,true,937699.60
5c7307403065320001bdf00f,main-trial-24,d,d,true,938363.50
5c7307403065320001bdf00f,main-trial-24, , ,true,938594.60
5c7307403065320001bdf00f,main-trial-24,o,o,true,939215.70
5c7307403065320001bdf00f,main-trial-24,y,y,true,939616.50
5c7307403065320001bdf00f,main-trial-24,r,r,true,939987.20
5c7307403065320001bdf00f,main-trial-24,c,c,true,940795.50
5c7307403065320001bdf00f,main-trial-24,a,a,true,941322.80
5c7307403065320001bdf00f,main-trial-24, , ,true,941595.20
5c7307403065320001bdf00f,main-trial-24,f,f,true,941730.90
5c7307403065320001bdf00f,main-trial-24,r,r,true,941995.30
5c7307403065320001bdf00f,main-trial-24, , ,true,942259.00
5c7307403065320001bdf00f,main-trial-24,f,f,true,942499.90
5c7307403065320001bdf00f,main-trial-24,r,r,true,942755.80
5c7307403065320001bdf00f,main-trial-24, , ,true,942955.90
5c7307403065320001bdf00f,main-trial-24,f,f,true,943283.20
5c7307403065320001bdf00f,main-trial-24,r,r,true,943520.60
5c7307403065320001bdf00f,main-trial-24, , ,true,943723.30
5c7307403065320001bdf00f,main-trial-24,x,x,true,944307.70
5c7307403065320001bdf00f,main-trial-24,o,o,true,944675.40
5c7307403065320001bdf00f,main-trial-24,m,m,true,944928.00
5c7307403065320001bdf00f,main-trial-24,h,h,true,945499.70
5c7307403065320001bdf00f,main-trial-24,p,p,true,945967.80
5c7307403065320001bdf00f,main-trial-24, , ,true,946056.40
5c7307403065320001bdf00f,main-trial-24,f,f,true,946539.90
5c7307403065320001bdf00f,main-trial-24,d,d,true,947299.40
5c7307403065320001bdf00f,main-trial-24, , ,true,947523.90
5c7307403065320001bdf00f,main-trial-24,f,f,true,947916.20
5c7307403065320001bdf00f,main-trial-24,r,r,true,948219.80
5c7307403065320001bdf00f,main-trial-24, , ,true,948532.40
5c7307403065320001bdf00f,main-trial-24,f,f,true,949384.80
5c7307403065320001bdf00f,main-trial-24,d,d,true,949772.10
5c7307403065320001bdf00f,main-trial-24, , ,true,950102.80
5c7307403065320001bdf00f,main-trial-24,f,f,true,950467.80
5c7307403065320001bdf00f,main-trial-24,r,r,true,950707.70
5c7307403065320001bdf00f,main-trial-24, , ,true,951123.40
5c7307403065320001bdf00f,main-trial-24,f,f,true,952059.90
5c7307403065320001bdf00f,main-trial-24,d,d,true,952540.00
5c7307403065320001bdf00f,main-trial-24, , ,true,952803.70
5c7307403065320001bdf00f,main-trial-24,f,f,true,953211.90
5c7307403065320001bdf00f,main-trial-24,r,r,true,953491.80
5c7307403065320001bdf00f,main-trial-25,y,y,true,960136.00
5c7307403065320001bdf00f,main-trial-25,q,q,true,960499.50
5c7307403065320001bdf00f,main-trial-25,l,l,true,961212.00
5c7307403065320001bdf00f,main-trial-25,k,k,true,961603.60
5c7307403065320001bdf00f,main-trial-25,d, ,false,961881.60
5c7307403065320001bdf00f,main-trial-25,d,d,true,962491.90
5c7307403065320001bdf00f,main-trial-25, , ,true,962739.60
5c7307403065320001bdf00f,main-trial-25,s,s,true,963108.00
5c7307403065320001bdf00f,main-trial-25,e,e,true,963358.00
5c7307403065320001bdf00f,main-trial-25, , ,true,963556.40
5c7307403065320001bdf00f,main-trial-25,s,s,true,963820.40
5c7307403065320001bdf00f,main-trial-25,e,e,true,964075.60
5c7307403065320001bdf00f,main-trial-25, , ,true,964232.60
5c7307403065320001bdf00f,main-trial-25,s,s,true,964684.80
5c7307403065320001bdf00f,main-trial-25,e,e,true,964900.70
5c7307403065320001bdf00f,main-trial-25, , ,true,965060.00
5c7307403065320001bdf00f,main-trial-25,r,r,true,965491.90
5c7307403065320001bdf00f,main-trial-25,w,w,true,965876.00
5c7307403065320001bdf00f,main-trial-25,d,d,true,966316.00
5c7307403065320001bdf00f,main-trial-25,l,l,true,966708.00
5c7307403065320001bdf00f,main-trial-25,o,o,true,966964.80
5c7307403065320001bdf00f,main-trial-25, , ,true,967193.50
5c7307403065320001bdf00f,main-trial-25,w,w,true,967683.50
5c7307403065320001bdf00f,main-trial-25,d,d,true,967995.90
5c7307403065320001bdf00f,main-trial-25, , ,true,968212.10
5c7307403065320001bdf00f,main-trial-25,w,w,true,968940.70
5c7307403065320001bdf00f,main-trial-25,d,d,true,969649.70
5c7307403065320001bdf00f,main-trial-25, , ,true,969861.20
5c7307403065320001bdf00f,main-trial-25,w,w,true,970422.20
5c7307403065320001bdf00f,main-trial-25,d,d,true,970915.60
5c7307403065320001bdf00f,main-trial-25, , ,true,971092.20
5c7307403065320001bdf00f,main-trial-25,g,g,true,971588.20
5c7307403065320001bdf00f,main-trial-25,w,w,true,972228.20
5c7307403065320001bdf00f,main-trial-25,n,n,true,972644.00
5c7307403065320001bdf00f,main-trial-25,t,t,true,973076.30
5c7307403065320001bdf00f,main-trial-25,a,a,true,973404.20
5c7307403065320001bdf00f,main-trial-25, , ,true,973572.40
5c7307403065320001bdf00f,main-trial-25,s,s,true,973844.20
5c7307403065320001bdf00f,main-trial-25,e,e,true,974164.40
5c7307403065320001bdf00f,main-trial-25, , ,true,974665.30
5c7307403065320001bdf00f,main-trial-25,w,w,true,975060.40
5c7307403065320001bdf00f,main-trial-25,d,d,true,975853.00
5c7307403065320001bdf00f,main-trial-25, , ,true,976036.00
5c7307403065320001bdf00f,main-trial-25,s,s,true,976428.40
5c7307403065320001bdf00f,main-trial-25,e,e,true,976721.50
5c7307403065320001bdf00f,main-trial-25, , ,true,976964.20
5c7307403065320001bdf00f,main-trial-25,w,w,true,977419.90
5c7307403065320001bdf00f,main-trial-25,d,d,true,980372.20
5c7307403065320001bdf00f,main-trial-25, , ,true,980827.10
5c7307403065320001bdf00f,main-trial-25,s,s,true,981525.00
5c7307403065320001bdf00f,main-trial-25,e,e,true,981836.50
5c7307403065320001bdf00f,main-trial-25, , ,true,982044.70
5c7307403065320001bdf00f,main-trial-25,w,w,true,982505.30
5c7307403065320001bdf00f,main-trial-25,d,d,true,983156.50
5c7307403065320001bdf00f,main-trial-26,p,p,true,991648.00
5c7307403065320001bdf00f,main-trial-26,f,f,true,991937.50
5c7307403065320001bdf00f,main-trial-26,x,x,true,992420.90
5c7307403065320001bdf00f,main-trial-26,w,w,true,992796.60
5c7307403065320001bdf00f,main-trial-26,p,p,true,993165.10
5c7307403065320001bdf00f,main-trial-26, , ,true,993436.60
5c7307403065320001bdf00f,main-trial-26,f,f,true,993629.00
5c7307403065320001bdf00f,main-trial-26,r,r,true,993861.80
5c7307403065320001bdf00f,main-trial-26, , ,true,994116.50
5c7307403065320001bdf00f,main-trial-26,f,f,true,994341.30
5c7307403065320001bdf00f,main-trial-26,r,r,true,994580.80
5c7307403065320001bdf00f,main-trial-26, , ,true,994769.90
5c7307403065320001bdf00f,main-trial-26,f,f,true,995109.90
5c7307403065320001bdf00f,main-trial-26,r,r,true,995293.30
5c7307403065320001bdf00f,main-trial-26, , ,true,995572.70
5c7307403065320001bdf00f,main-trial-26,l,l,true,995812.40
5c7307403065320001bdf00f,main-trial-26,w,w,true,996197.20
5c7307403065320001bdf00f,main-trial-26,w,w,true,996605.00
5c7307403065320001bdf00f,main-trial-26,v,v,true,997429.20
5c7307403065320001bdf00f,main-trial-26,a,a,true,997842.00
5c7307403065320001bdf00f,main-trial-26, , ,true,998092.80
5c7307403065320001bdf00f,main-trial-26,v,v,true,998332.60
5c7307403065320001bdf00f,main-trial-26,r,r,true,998658.30
5c7307403065320001bdf00f,main-trial-26, , ,true,999037.00
5c7307403065320001bdf00f,main-trial-26,v,v,true,999369.90
5c7307403065320001bdf00f,main-trial-26,r,r,true,999684.50
5c7307403065320001bdf00f,main-trial-26, , ,true,999901.30
5c7307403065320001bdf00f,main-trial-26,v,v,true,1000221.20
5c7307403065320001bdf00f,main-trial-26,r,r,true,1000476.50
5c7307403065320001bdf00f,main-trial-26, , ,true,1000669.10
5c7307403065320001bdf00f,main-trial-26,g,g,true,1000898.60
5c7307403065320001bdf00f,main-trial-26,h,h,true,1001276.90
5c7307403065320001bdf00f,main-trial-26,n,n,true,1001823.60
5c7307403065320001bdf00f,main-trial-26,r,r,true,1002242.20
5c7307403065320001bdf00f,main-trial-26,t,t,true,1002661.40
5c7307403065320001bdf00f,main-trial-26, , ,true,1002933.30
5c7307403065320001bdf00f,main-trial-26,f,f,true,1003125.40
5c7307403065320001bdf00f,main-trial-26,r,r,true,1003453.30
5c7307403065320001bdf00f,main-trial-26, , ,true,1003781.30
5c7307403065320001bdf00f,main-trial-26,v,v,true,1004317.00
5c7307403065320001bdf00f,main-trial-26,r,r,true,1004693.50
5c7307403065320001bdf00f,main-trial-26, , ,true,1004956.90
5c7307403065320001bdf00f,main-trial-26,f,f,true,1005773.50
5c7307403065320001bdf00f,main-trial-26,r,r,true,1006341.50
5c7307403065320001bdf00f,main-trial-26, , ,true,1006613.40
5c7307403065320001bdf00f,main-trial-26,v,v,true,1007173.20
5c7307403065320001bdf00f,main-trial-26,r,r,true,1007653.30
5c7307403065320001bdf00f,main-trial-26, , ,true,1007988.50
5c7307403065320001bdf00f,main-trial-26,f,f,true,1008509.50
5c7307403065320001bdf00f,main-trial-26,r,r,true,1009469.60
5c7307403065320001bdf00f,main-trial-26, , ,true,1009765.10
5c7307403065320001bdf00f,main-trial-26,v,v,true,1010045.30
5c7307403065320001bdf00f,main-trial-26,r,r,true,1010453.60
5c7307403065320001bdf00f,main-trial-27,h,h,true,1016565.70
5c7307403065320001bdf00f,main-trial-27,h,h,true,1016909.00
5c7307403065320001bdf00f,main-trial-27,j,j,true,1017421.90
5c7307403065320001bdf00f,main-trial-27,t,t,true,1017789.60
5c7307403065320001bdf00f,main-trial-27,j,j,true,1018493.60
5c7307403065320001bdf00f,main-trial-27, , ,true,1018941.50
5c7307403065320001bdf00f,main-trial-27,f,f,true,1019227.60
5c7307403065320001bdf00f,main-trial-27,g,g,true,1019746.10
5c7307403065320001bdf00f,main-trial-27, , ,true,1020093.40
5c7307403065320001bdf00f,main-trial-27,f,f,true,1021037.60
5c7307403065320001bdf00f,main-trial-27,g,g,true,1021637.80
5c7307403065320001bdf00f,main-trial-27, , ,true,1021925.10
5c7307403065320001bdf00f,main-trial-27,f,f,true,1024222.10
5c7307403065320001bdf00f,main-trial-27,g,g,true,1024477.60
5c7307403065320001bdf00f,main-trial-27, , ,true,1024741.40
5c7307403065320001bdf00f,main-trial-27,h,h,true,1025061.30
5c7307403065320001bdf00f,main-trial-27,e,e,true,1025382.00
5c7307403065320001bdf00f,main-trial-27,f,f,true,1026381.80
5c7307403065320001bdf00f,main-trial-27,x,x,true,1026757.40
5c7307403065320001bdf00f,main-trial-27,f,f,true,1027149.40
5c7307403065320001bdf00f,main-trial-27, , ,true,1027454.20
5c7307403065320001bdf00f,main-trial-27,d,d,true,1027757.80
5c7307403065320001bdf00f,main-trial-27,f,f,true,1029181.60
5c7307403065320001bdf00f,main-trial-27, , ,true,1029530.60
5c7307403065320001bdf00f,main-trial-27,d,d,true,1030037.40
5c7307403065320001bdf00f,main-trial-27,f,f,true,1030686.00
5c7307403065320001bdf00f,main-trial-27, , ,true,1030973.80
5c7307403065320001bdf00f,main-trial-27,d,d,true,1031541.70
5c7307403065320001bdf00f,main-trial-27,f,f,true,1032141.60
5c7307403065320001bdf00f,main-trial-27, , ,true,1032341.80
5c7307403065320001bdf00f,main-trial-27,h,h,true,1032755.30
5c7307403065320001bdf00f,main-trial-27,v,v,true,1033693.50
5c7307403065320001bdf00f,main-trial-27,a,a,true,1034054.00
5c7307403065320001bdf00f,main-trial-27,u,u,true,1034639.20
5c7307403065320001bdf00f,main-trial-27,h,h,true,1035022.20
5c7307403065320001bdf00f,main-trial-27, , ,true,1035318.10
5c7307403065320001bdf00f,main-trial-27,f,f,true,1035621.60
5c7307403065320001bdf00f,main-trial-27,g,g,true,1036011.40
5c7307403065320001bdf00f,main-trial-27, , ,true,1036270.50
5c7307403065320001bdf00f,main-trial-27,d,d,true,1036718.00
5c7307403065320001bdf00f,main-trial-27,f,f,true,1037227.20
5c7307403065320001bdf00f,main-trial-27, , ,true,1037469.90
5c7307403065320001bdf00f,main-trial-27,f,f,true,1038382.40
5c7307403065320001bdf00f,main-trial-27,g,g,true,1039006.90
5c7307403065320001bdf00f,main-trial-27, , ,true,1039395.70
5c7307403065320001bdf00f,main-trial-27,d,d,true,1039991.00
5c7307403065320001bdf00f,main-trial-27,f,g,false,1040693.90
5c7307403065320001bdf00f,main-trial-27,f,f,true,1042678.60
5c7307403065320001bdf00f,main-trial-27, , ,true,1043014.30
5c7307403065320001bdf00f,main-trial-27,f,f,true,1043940.00
5c7307403065320001bdf00f,main-trial-27,g,g,true,1044438.00
5c7307403065320001bdf00f,main-trial-27, , ,true,1045053.80
5c7307403065320001bdf00f,main-trial-27,d,d,true,1045454.40
5c7307403065320001bdf00f,main-trial-27,f,g,false,1045894.90
5c7307403065320001bdf00f,main-trial-27,f,f,true,1047294.80
