user_id,trialId,expectedKey,typedKey,isCorrect,keydownTime
66e1f2708b21704eddaf8388,intro-trial-1,i,i,true,133415.90
66e1f2708b21704eddaf8388,intro-trial-1,w,e,false,133752.90
66e1f2708b21704eddaf8388,intro-trial-1,w,i,false,136594.50
66e1f2708b21704eddaf8388,intro-trial-1,w,w,true,137202.30
66e1f2708b21704eddaf8388,intro-trial-1,q,q,true,138648.20
66e1f2708b21704eddaf8388,intro-trial-1,s,s,true,139538.30
66e1f2708b21704eddaf8388,intro-trial-1,a,a,true,139738.40
66e1f2708b21704eddaf8388,intro-trial-1, ,d,false,140689.70
66e1f2708b21704eddaf8388,intro-trial-1, ,f,false,140895.00
66e1f2708b21704eddaf8388,intro-trial-1, ,d,false,141818.60
66e1f2708b21704eddaf8388,intro-trial-1, ,d,false,143113.80
66e1f2708b21704eddaf8388,intro-trial-1, ,f,false,144303.70
66e1f2708b21704eddaf8388,intro-trial-1, , ,true,145102.90
66e1f2708b21704eddaf8388,intro-trial-1,d,d,true,146258.70
66e1f2708b21704eddaf8388,intro-trial-1,f,f,true,147061.30
66e1f2708b21704eddaf8388,intro-trial-1, , ,true,148327.50
66e1f2708b21704eddaf8388,intro-trial-1,d,d,true,148696.60
66e1f2708b21704eddaf8388,intro-trial-1,f,f,true,148944.00
66e1f2708b21704eddaf8388,intro-trial-1, , ,true,149531.90
66e1f2708b21704eddaf8388,intro-trial-1,d,d,true,150111.60
66e1f2708b21704eddaf8388,intro-trial-1,f,f,true,150327.80
66e1f2708b21704eddaf8388,intro-trial-1, , ,true,150745.70
66e1f2708b21704eddaf8388,intro-trial-1,m,m,true,151280.10
66e1f2708b21704eddaf8388,intro-trial-1,m,m,true,151441.90
66e1f2708b21704eddaf8388,intro-trial-1,k,k,true,151623.00
66e1f2708b21704eddaf8388,intro-trial-1,u,u,true,152829.60
66e1f2708b21704eddaf8388,intro-trial-1,s,s,true,153308.60
66e1f2708b21704eddaf8388,intro-trial-1, , ,true,153814.70
66e1f2708b21704eddaf8388,intro-trial-1,e,e,true,154553.90
66e1f2708b21704eddaf8388,intro-trial-1,f,f,true,156020.50
66e1f2708b21704eddaf8388,intro-trial-1, , ,true,156616.80
66e1f2708b21704eddaf8388,intro-trial-1,e,e,true,157184.20
66e1f2708b21704eddaf8388,intro-trial-1,f,f,true,157697.10
66e1f2708b21704eddaf8388,intro-trial-1, , ,true,158089.10
66e1f2708b21704eddaf8388,intro-trial-1,e,e,true,158902.00
66e1f2708b21704eddaf8388,intro-trial-1,f,f,true,159404.10
66e1f2708b21704eddaf8388,intro-trial-1, , ,true,159801.70
66e1f2708b21704eddaf8388,intro-trial-1,w,w,true,160534.40
66e1f2708b21704eddaf8388,intro-trial-1,y,y,true,160869.60
66e1f2708b21704eddaf8388,intro-trial-1,b,b,true,161607.40
66e1f2708b21704eddaf8388,intro-trial-1,u,u,true,162015.00
66e1f2708b21704eddaf8388,intro-trial-1,p,p,true,162998.00
66e1f2708b21704eddaf8388,intro-trial-1, , ,true,163566.70
66e1f2708b21704eddaf8388,intro-trial-1,d,d,true,164345.40
66e1f2708b21704eddaf8388,intro-trial-1,f,f,true,164782.40
66e1f2708b21704eddaf8388,intro-trial-1, , ,true,165256.30
66e1f2708b21704eddaf8388,intro-trial-1,e,e,true,166570.90
66e1f2708b21704eddaf8388,intro-trial-1,f,f,true,166922.10
66e1f2708b21704eddaf8388,intro-trial-1, , ,true,167335.20
66e1f2708b21704eddaf8388,intro-trial-1,d,d,true,168124.70
66e1f2708b21704eddaf8388,intro-trial-1,f,f,true,168443.60
66e1f2708b21704eddaf8388,intro-trial-1, , ,true,168835.10
66e1f2708b21704eddaf8388,intro-trial-1,e,e,true,169985.10
66e1f2708b21704eddaf8388,intro-trial-1,f,f,true,170243.60
66e1f2708b21704eddaf8388,intro-trial-1, , ,true,170677.00
66e1f2708b21704eddaf8388,intro-trial-1,d,d,true,171363.40
66e1f2708b21704eddaf8388,intro-trial-1,f,f,true,171535.80
66e1f2708b21704eddaf8388,intro-trial-1, , ,true,171960.70
66e1f2708b21704eddaf8388,intro-trial-1,e,d,false,172607.10
66e1f2708b21704eddaf8388,intro-trial-1,e,f,false,172890.10
66e1f2708b21704eddaf8388,intro-trial-1,e, ,false,174119.20
66e1f2708b21704eddaf8388,intro-trial-1,e,d,false,174888.10
66e1f2708b21704eddaf8388,intro-trial-1,e,f,false,175329.70
66e1f2708b21704eddaf8388,intro-trial-1,e,e,true,176717.50
66e1f2708b21704eddaf8388,intro-trial-1,f,f,true,177270.60
66e1f2708b21704eddaf8388,intro-trial-2,x,x,true,190030.00
66e1f2708b21704eddaf8388,intro-trial-2,w,w,true,191295.60
66e1f2708b21704eddaf8388,intro-trial-2,q,q,true,192809.50
66e1f2708b21704eddaf8388,intro-trial-2,l,l,true,194047.10
66e1f2708b21704eddaf8388,intro-trial-2,z,z,true,194464.50
66e1f2708b21704eddaf8388,intro-trial-2, , ,true,194958.30
66e1f2708b21704eddaf8388,intro-trial-2,q,q,true,195801.60
66e1f2708b21704eddaf8388,intro-trial-2,s,s,true,196069.10
66e1f2708b21704eddaf8388,intro-trial-2, , ,true,196489.00
66e1f2708b21704eddaf8388,intro-trial-2,q,q,true,196790.70
66e1f2708b21704eddaf8388,intro-trial-2,s,s,true,197102.80
66e1f2708b21704eddaf8388,intro-trial-2, , ,true,197395.50
66e1f2708b21704eddaf8388,intro-trial-2,q,q,true,197876.80
66e1f2708b21704eddaf8388,intro-trial-2,s,s,true,198133.80
66e1f2708b21704eddaf8388,intro-trial-2, , ,true,198394.80
66e1f2708b21704eddaf8388,intro-trial-2,b,b,true,198998.20
66e1f2708b21704eddaf8388,intro-trial-2,k,k,true,199839.40
66e1f2708b21704eddaf8388,intro-trial-2,u,u,true,200625.80
66e1f2708b21704eddaf8388,intro-trial-2,x,x,true,201388.00
66e1f2708b21704eddaf8388,intro-trial-2,k,k,true,202597.20
66e1f2708b21704eddaf8388,intro-trial-2, , ,true,203211.70
66e1f2708b21704eddaf8388,intro-trial-2,s,s,true,203626.10
66e1f2708b21704eddaf8388,intro-trial-2,a,a,true,203781.10
66e1f2708b21704eddaf8388,intro-trial-2, , ,true,204740.40
66e1f2708b21704eddaf8388,intro-trial-2,s,s,true,205420.00
66e1f2708b21704eddaf8388,intro-trial-2,a,a,true,205619.10
66e1f2708b21704eddaf8388,intro-trial-2, , ,true,206009.10
66e1f2708b21704eddaf8388,intro-trial-2,s,s,true,206518.50
66e1f2708b21704eddaf8388,intro-trial-2,a,a,true,206728.50
66e1f2708b21704eddaf8388,intro-trial-2, , ,true,207069.70
66e1f2708b21704eddaf8388,intro-trial-2,j,j,true,207828.40
66e1f2708b21704eddaf8388,intro-trial-2,f,f,true,208912.70
66e1f2708b21704eddaf8388,intro-trial-2,t,t,true,209671.50
66e1f2708b21704eddaf8388,intro-trial-2,l,l,true,210164.50
66e1f2708b21704eddaf8388,intro-trial-2,e,e,true,210444.40
66e1f2708b21704eddaf8388,intro-trial-2, , ,true,210935.60
66e1f2708b21704eddaf8388,intro-trial-2,q,q,true,211776.10
66e1f2708b21704eddaf8388,intro-trial-2,s,s,true,213371.80
66e1f2708b21704eddaf8388,intro-trial-2, , ,true,213780.20
66e1f2708b21704eddaf8388,intro-trial-2,s,s,true,214236.80
66e1f2708b21704eddaf8388,intro-trial-2,a,a,true,214488.80
66e1f2708b21704eddaf8388,intro-trial-2, , ,true,214872.90
66e1f2708b21704eddaf8388,intro-trial-2,q,q,true,215726.10
66e1f2708b21704eddaf8388,intro-trial-2,s,s,true,216050.10
66e1f2708b21704eddaf8388,intro-trial-2, , ,true,216373.10
66e1f2708b21704eddaf8388,intro-trial-2,s,s,true,216919.20
66e1f2708b21704eddaf8388,intro-trial-2,a,a,true,217099.90
66e1f2708b21704eddaf8388,intro-trial-2, , ,true,217412.70
66e1f2708b21704eddaf8388,intro-trial-2,q,q,true,218141.10
66e1f2708b21704eddaf8388,intro-trial-2,s,s,true,218479.60
66e1f2708b21704eddaf8388,intro-trial-2, , ,true,218803.20
66e1f2708b21704eddaf8388,intro-trial-2,s,s,true,219283.00
66e1f2708b21704eddaf8388,intro-trial-2,a,a,true,219447.90
66e1f2708b21704eddaf8388,intro-trial-3,o,o,true,228772.20
66e1f2708b21704eddaf8388,intro-trial-3,x,x,true,229160.20
66e1f2708b21704eddaf8388,intro-trial-3,u,u,true,230222.10
66e1f2708b21704eddaf8388,intro-trial-3,n,n,true,230467.60
66e1f2708b21704eddaf8388,intro-trial-3,g,g,true,230738.20
66e1f2708b21704eddaf8388,intro-trial-3, , ,true,231222.70
66e1f2708b21704eddaf8388,intro-trial-3,f,f,true,231770.50
66e1f2708b21704eddaf8388,intro-trial-3,g,g,true,232167.80
66e1f2708b21704eddaf8388,intro-trial-3, , ,true,232593.50
66e1f2708b21704eddaf8388,intro-trial-3,f,f,true,233002.40
66e1f2708b21704eddaf8388,intro-trial-3,g,g,true,233196.70
66e1f2708b21704eddaf8388,intro-trial-3, , ,true,233541.90
66e1f2708b21704eddaf8388,intro-trial-3,f,f,true,233935.20
66e1f2708b21704eddaf8388,intro-trial-3,g,g,true,234177.30
66e1f2708b21704eddaf8388,intro-trial-3, , ,true,234637.40
66e1f2708b21704eddaf8388,intro-trial-3,s,s,true,235261.00
66e1f2708b21704eddaf8388,intro-trial-3,g,g,true,239113.80
66e1f2708b21704eddaf8388,intro-trial-3,e,u,false,240239.10
66e1f2708b21704eddaf8388,intro-trial-3,e,a,false,241741.70
66e1f2708b21704eddaf8388,intro-trial-3,e, ,false,242576.50
66e1f2708b21704eddaf8388,intro-trial-3,e,e,true,244106.00
66e1f2708b21704eddaf8388,intro-trial-3,u,u,true,245116.40
66e1f2708b21704eddaf8388,intro-trial-3,a,a,true,245324.20
66e1f2708b21704eddaf8388,intro-trial-3, , ,true,245729.20
66e1f2708b21704eddaf8388,intro-trial-3,f,f,true,246367.50
66e1f2708b21704eddaf8388,intro-trial-3,r,e,false,246592.40
66e1f2708b21704eddaf8388,intro-trial-3,r,r,true,247711.10
66e1f2708b21704eddaf8388,intro-trial-3, , ,true,248322.60
66e1f2708b21704eddaf8388,intro-trial-3,f,f,true,248618.00
66e1f2708b21704eddaf8388,intro-trial-3,r,r,true,248816.00
66e1f2708b21704eddaf8388,intro-trial-3, , ,true,249209.30
66e1f2708b21704eddaf8388,intro-trial-3,f,f,true,249787.90
66e1f2708b21704eddaf8388,intro-trial-3,r,r,true,249978.50
66e1f2708b21704eddaf8388,intro-trial-3, , ,true,250301.70
66e1f2708b21704eddaf8388,intro-trial-3,l,l,true,251127.30
66e1f2708b21704eddaf8388,intro-trial-3,r,r,true,252817.40
66e1f2708b21704eddaf8388,intro-trial-3,i,i,true,253592.10
66e1f2708b21704eddaf8388,intro-trial-3,c,c,true,254364.80
66e1f2708b21704eddaf8388,intro-trial-3,j,j,true,255134.20
66e1f2708b21704eddaf8388,intro-trial-3, , ,true,255675.00
66e1f2708b21704eddaf8388,intro-trial-3,f,f,true,256813.50
66e1f2708b21704eddaf8388,intro-trial-3,g,g,true,257012.00
66e1f2708b21704eddaf8388,intro-trial-3, , ,true,257421.30
66e1f2708b21704eddaf8388,intro-trial-3,f,f,true,258094.10
66e1f2708b21704eddaf8388,intro-trial-3,r,r,true,258361.30
66e1f2708b21704eddaf8388,intro-trial-3, , ,true,259964.20
66e1f2708b21704eddaf8388,intro-trial-3,f,f,true,260479.90
66e1f2708b21704eddaf8388,intro-trial-3,g,g,true,260668.40
66e1f2708b21704eddaf8388,intro-trial-3, , ,true,261337.40
66e1f2708b21704eddaf8388,intro-trial-3,f,f,true,261796.80
66e1f2708b21704eddaf8388,intro-trial-3,r,r,true,262022.20
66e1f2708b21704eddaf8388,intro-trial-3, , ,true,262406.70
66e1f2708b21704eddaf8388,intro-trial-3,f,f,true,263036.40
66e1f2708b21704eddaf8388,intro-trial-3,g,g,true,263207.50
66e1f2708b21704eddaf8388,intro-trial-3, , ,true,263627.30
66e1f2708b21704eddaf8388,intro-trial-3,f,f,true,264163.60
66e1f2708b21704eddaf8388,intro-trial-3,r,r,true,264373.20
66e1f2708b21704eddaf8388,main-trial-1,g,y,false,274038.50
66e1f2708b21704eddaf8388,main-trial-1,g,u,false,274309.20
66e1f2708b21704eddaf8388,main-trial-1,g,o,false,275914.80
66e1f2708b21704eddaf8388,main-trial-1,g,x,false,276947.80
66e1f2708b21704eddaf8388,main-trial-1,g,t,false,277487.80
66e1f2708b21704eddaf8388,main-trial-1,g, ,false,278258.70
66e1f2708b21704eddaf8388,main-trial-1,g,g,true,280551.60
66e1f2708b21704eddaf8388,main-trial-1,u,u,true,281492.50
66e1f2708b21704eddaf8388,main-trial-1,o,o,true,282321.10
66e1f2708b21704eddaf8388,main-trial-1,x,x,true,283300.10
66e1f2708b21704eddaf8388,main-trial-1,t,t,true,283726.10
66e1f2708b21704eddaf8388,main-trial-1, ,f,false,284552.00
66e1f2708b21704eddaf8388,main-trial-1, ,r,false,284845.60
66e1f2708b21704eddaf8388,main-trial-1, , ,true,285893.80
66e1f2708b21704eddaf8388,main-trial-1,f,f,true,286489.10
66e1f2708b21704eddaf8388,main-trial-1,r,r,true,286752.80
66e1f2708b21704eddaf8388,main-trial-1, , ,true,287574.70
66e1f2708b21704eddaf8388,main-trial-1,f,f,true,287922.40
66e1f2708b21704eddaf8388,main-trial-1,r,r,true,288117.90
66e1f2708b21704eddaf8388,main-trial-1, , ,true,288599.60
66e1f2708b21704eddaf8388,main-trial-1,f,f,true,289067.90
66e1f2708b21704eddaf8388,main-trial-1,r,r,true,289285.90
66e1f2708b21704eddaf8388,main-trial-1, , ,true,289717.80
66e1f2708b21704eddaf8388,main-trial-1,w,w,true,290424.80
66e1f2708b21704eddaf8388,main-trial-1,j,j,true,291446.30
66e1f2708b21704eddaf8388,main-trial-1,x,x,true,292724.00
66e1f2708b21704eddaf8388,main-trial-1,m,m,true,293636.50
66e1f2708b21704eddaf8388,main-trial-1,o,o,true,293937.20
66e1f2708b21704eddaf8388,main-trial-1, , ,true,294668.90
66e1f2708b21704eddaf8388,main-trial-1,v,v,true,295157.30
66e1f2708b21704eddaf8388,main-trial-1,r,r,true,295574.10
66e1f2708b21704eddaf8388,main-trial-1, , ,true,296016.30
66e1f2708b21704eddaf8388,main-trial-1,v,v,true,296545.40
66e1f2708b21704eddaf8388,main-trial-1,r,r,true,296843.40
66e1f2708b21704eddaf8388,main-trial-1, , ,true,297271.00
66e1f2708b21704eddaf8388,main-trial-1,v,v,true,297650.10
66e1f2708b21704eddaf8388,main-trial-1,r,r,true,297866.40
66e1f2708b21704eddaf8388,main-trial-1, , ,true,298321.00
66e1f2708b21704eddaf8388,main-trial-1,k,k,true,299080.30
66e1f2708b21704eddaf8388,main-trial-1,l,l,true,299279.50
66e1f2708b21704eddaf8388,main-trial-1,o,o,true,299461.60
66e1f2708b21704eddaf8388,main-trial-1,k,k,true,300418.50
66e1f2708b21704eddaf8388,main-trial-1,o,o,true,300616.10
66e1f2708b21704eddaf8388,main-trial-1, , ,true,301064.60
66e1f2708b21704eddaf8388,main-trial-1,f,f,true,301909.50
66e1f2708b21704eddaf8388,main-trial-1,r,r,true,302142.90
66e1f2708b21704eddaf8388,main-trial-1, , ,true,302492.90
66e1f2708b21704eddaf8388,main-trial-1,v,v,true,303093.70
66e1f2708b21704eddaf8388,main-trial-1,r,r,true,303408.70
66e1f2708b21704eddaf8388,main-trial-1, , ,true,303748.10
66e1f2708b21704eddaf8388,main-trial-1,f,f,true,304763.80
66e1f2708b21704eddaf8388,main-trial-1,r,r,true,305086.30
66e1f2708b21704eddaf8388,main-trial-1, , ,true,305525.00
66e1f2708b21704eddaf8388,main-trial-1,v,v,true,306133.10
66e1f2708b21704eddaf8388,main-trial-1,r,r,true,306447.30
66e1f2708b21704eddaf8388,main-trial-1, , ,true,306871.80
66e1f2708b21704eddaf8388,main-trial-1,f,f,true,308265.50
66e1f2708b21704eddaf8388,main-trial-1,r,r,true,308655.80
66e1f2708b21704eddaf8388,main-trial-1, , ,true,309051.50
66e1f2708b21704eddaf8388,main-trial-1,v,v,true,309585.90
66e1f2708b21704eddaf8388,main-trial-1,r,r,true,309884.80
66e1f2708b21704eddaf8388,main-trial-2,r,r,true,317463.20
66e1f2708b21704eddaf8388,main-trial-2,k,k,true,318541.70
66e1f2708b21704eddaf8388,main-trial-2,j,j,true,319692.00
66e1f2708b21704eddaf8388,main-trial-2,r,r,true,320451.20
66e1f2708b21704eddaf8388,main-trial-2,e,e,true,320654.60
66e1f2708b21704eddaf8388,main-trial-2, , ,true,321125.00
66e1f2708b21704eddaf8388,main-trial-2,v,v,true,321572.10
66e1f2708b21704eddaf8388,main-trial-2,r,r,true,322121.70
66e1f2708b21704eddaf8388,main-trial-2, ,v,false,322616.50
66e1f2708b21704eddaf8388,main-trial-2, ,r,false,322884.10
66e1f2708b21704eddaf8388,main-trial-2, , ,true,324368.40
66e1f2708b21704eddaf8388,main-trial-2,v,v,true,324941.50
66e1f2708b21704eddaf8388,main-trial-2,r,r,true,325200.20
66e1f2708b21704eddaf8388,main-trial-2, , ,true,325597.70
66e1f2708b21704eddaf8388,main-trial-2,v,v,true,326083.60
66e1f2708b21704eddaf8388,main-trial-2,r,r,true,326308.80
66e1f2708b21704eddaf8388,main-trial-2, , ,true,326668.60
66e1f2708b21704eddaf8388,main-trial-2,u,u,true,327344.60
66e1f2708b21704eddaf8388,main-trial-2,b,b,true,328011.50
66e1f2708b21704eddaf8388,main-trial-2,b,b,true,328190.90
66e1f2708b21704eddaf8388,main-trial-2,m,m,true,329449.80
66e1f2708b21704eddaf8388,main-trial-2,j,j,true,329819.70
66e1f2708b21704eddaf8388,main-trial-2, , ,true,330665.70
66e1f2708b21704eddaf8388,main-trial-2,c,c,true,331309.70
66e1f2708b21704eddaf8388,main-trial-2,r,r,true,331569.70
66e1f2708b21704eddaf8388,main-trial-2, , ,true,332008.20
66e1f2708b21704eddaf8388,main-trial-2,c,c,true,332394.80
66e1f2708b21704eddaf8388,main-trial-2,r,r,true,332663.00
66e1f2708b21704eddaf8388,main-trial-2, , ,true,333102.90
66e1f2708b21704eddaf8388,main-trial-2,c,c,true,333495.30
66e1f2708b21704eddaf8388,main-trial-2,r,r,true,333724.10
66e1f2708b21704eddaf8388,main-trial-2, , ,true,334133.50
66e1f2708b21704eddaf8388,main-trial-2,n,n,true,334896.70
66e1f2708b21704eddaf8388,main-trial-2,p,p,true,335698.30
66e1f2708b21704eddaf8388,main-trial-2,g,g,true,338265.10
66e1f2708b21704eddaf8388,main-trial-2,z,z,true,339093.40
66e1f2708b21704eddaf8388,main-trial-2,y,y,true,339300.70
66e1f2708b21704eddaf8388,main-trial-2, , ,true,340022.60
66e1f2708b21704eddaf8388,main-trial-2,v,v,true,340446.30
66e1f2708b21704eddaf8388,main-trial-2,r,r,true,340845.90
66e1f2708b21704eddaf8388,main-trial-2, , ,true,341786.50
66e1f2708b21704eddaf8388,main-trial-2,c,c,true,342934.70
66e1f2708b21704eddaf8388,main-trial-2,r,r,true,343278.70
66e1f2708b21704eddaf8388,main-trial-2, , ,true,344469.80
66e1f2708b21704eddaf8388,main-trial-2,v,v,true,345090.90
66e1f2708b21704eddaf8388,main-trial-2,r,r,true,345393.70
66e1f2708b21704eddaf8388,main-trial-2, , ,true,345934.40
66e1f2708b21704eddaf8388,main-trial-2,c,c,true,346930.70
66e1f2708b21704eddaf8388,main-trial-2,r,r,true,347196.00
66e1f2708b21704eddaf8388,main-trial-2, , ,true,347827.50
66e1f2708b21704eddaf8388,main-trial-2,v,v,true,348512.80
66e1f2708b21704eddaf8388,main-trial-2,r,r,true,348741.60
66e1f2708b21704eddaf8388,main-trial-2, , ,true,349207.40
66e1f2708b21704eddaf8388,main-trial-2,c,c,true,349689.40
66e1f2708b21704eddaf8388,main-trial-2,r,r,true,349990.90
66e1f2708b21704eddaf8388,main-trial-3,n,n,true,360232.70
66e1f2708b21704eddaf8388,main-trial-3,o,o,true,360960.40
66e1f2708b21704eddaf8388,main-trial-3,e,r,false,361751.40
66e1f2708b21704eddaf8388,main-trial-3,e,b,false,362218.50
66e1f2708b21704eddaf8388,main-trial-3,e,p,false,363499.00
66e1f2708b21704eddaf8388,main-trial-3,e, ,false,364459.10
66e1f2708b21704eddaf8388,main-trial-3,e,g,false,365448.00
66e1f2708b21704eddaf8388,main-trial-3,e,f,false,366388.40
66e1f2708b21704eddaf8388,main-trial-3,e,g,false,366696.00
66e1f2708b21704eddaf8388,main-trial-3,e,e,true,370399.80
66e1f2708b21704eddaf8388,main-trial-3,b,b,true,371600.90
66e1f2708b21704eddaf8388,main-trial-3,p,p,true,372169.00
66e1f2708b21704eddaf8388,main-trial-3, , ,true,372954.00
66e1f2708b21704eddaf8388,main-trial-3,f,g,false,373496.10
66e1f2708b21704eddaf8388,main-trial-3,f,f,true,374589.00
66e1f2708b21704eddaf8388,main-trial-3,g,g,true,374852.90
66e1f2708b21704eddaf8388,main-trial-3, , ,true,376594.50
66e1f2708b21704eddaf8388,main-trial-3,f,f,true,376935.50
66e1f2708b21704eddaf8388,main-trial-3,g,g,true,377151.10
66e1f2708b21704eddaf8388,main-trial-3, , ,true,377472.80
66e1f2708b21704eddaf8388,main-trial-3,f,f,true,377803.20
66e1f2708b21704eddaf8388,main-trial-3,g,g,true,378035.60
66e1f2708b21704eddaf8388,main-trial-3, , ,true,378454.80
66e1f2708b21704eddaf8388,main-trial-3,n,n,true,379166.60
66e1f2708b21704eddaf8388,main-trial-3,a,a,true,379693.10
66e1f2708b21704eddaf8388,main-trial-3,l,l,true,380455.60
66e1f2708b21704eddaf8388,main-trial-3,p,p,true,380744.90
66e1f2708b21704eddaf8388,main-trial-3,p,p,true,380923.30
66e1f2708b21704eddaf8388,main-trial-3, , ,true,381666.90
66e1f2708b21704eddaf8388,main-trial-3,d,d,true,382024.60
66e1f2708b21704eddaf8388,main-trial-3,f,f,true,382224.70
66e1f2708b21704eddaf8388,main-trial-3, , ,true,383946.40
66e1f2708b21704eddaf8388,main-trial-3,d,d,true,384435.00
66e1f2708b21704eddaf8388,main-trial-3,f,f,true,384639.80
66e1f2708b21704eddaf8388,main-trial-3, , ,true,384961.60
66e1f2708b21704eddaf8388,main-trial-3,d,d,true,385382.50
66e1f2708b21704eddaf8388,main-trial-3,f,f,true,385572.60
66e1f2708b21704eddaf8388,main-trial-3, , ,true,385904.70
66e1f2708b21704eddaf8388,main-trial-3,b,b,true,386585.40
66e1f2708b21704eddaf8388,main-trial-3,s,s,true,387240.20
66e1f2708b21704eddaf8388,main-trial-3,n,n,true,388570.30
66e1f2708b21704eddaf8388,main-trial-3,s,s,true,389737.70
66e1f2708b21704eddaf8388,main-trial-3,w,w,true,390725.80
66e1f2708b21704eddaf8388,main-trial-3, , ,true,391259.30
66e1f2708b21704eddaf8388,main-trial-3,f,f,true,391694.30
66e1f2708b21704eddaf8388,main-trial-3,g,g,true,391896.40
66e1f2708b21704eddaf8388,main-trial-3, , ,true,392661.30
66e1f2708b21704eddaf8388,main-trial-3,d,d,true,393115.30
66e1f2708b21704eddaf8388,main-trial-3,f,f,true,393336.40
66e1f2708b21704eddaf8388,main-trial-3, , ,true,394536.50
66e1f2708b21704eddaf8388,main-trial-3,f,f,true,395001.00
66e1f2708b21704eddaf8388,main-trial-3,g,g,true,395260.30
66e1f2708b21704eddaf8388,main-trial-3, , ,true,395977.70
66e1f2708b21704eddaf8388,main-trial-3,d,d,true,396661.90
66e1f2708b21704eddaf8388,main-trial-3,f,f,true,396881.80
66e1f2708b21704eddaf8388,main-trial-3, , ,true,397347.80
66e1f2708b21704eddaf8388,main-trial-3,f,f,true,398111.90
66e1f2708b21704eddaf8388,main-trial-3,g,g,true,398334.60
66e1f2708b21704eddaf8388,main-trial-3, , ,true,398652.70
66e1f2708b21704eddaf8388,main-trial-3,d,d,true,399614.40
66e1f2708b21704eddaf8388,main-trial-3,f,f,true,400182.00
66e1f2708b21704eddaf8388,main-trial-4,w,w,true,408520.30
66e1f2708b21704eddaf8388,main-trial-4,v,v,true,409642.60
66e1f2708b21704eddaf8388,main-trial-4,t,t,true,410601.20
66e1f2708b21704eddaf8388,main-trial-4,n,n,true,411059.30
66e1f2708b21704eddaf8388,main-trial-4,h,h,true,412686.30
66e1f2708b21704eddaf8388,main-trial-4, , ,true,413198.60
66e1f2708b21704eddaf8388,main-trial-4,w,w,true,413703.40
66e1f2708b21704eddaf8388,main-trial-4,d,d,true,414003.10
66e1f2708b21704eddaf8388,main-trial-4, , ,true,414676.60
66e1f2708b21704eddaf8388,main-trial-4,w,w,true,415065.40
66e1f2708b21704eddaf8388,main-trial-4,d,d,true,415401.50
66e1f2708b21704eddaf8388,main-trial-4, , ,true,415928.50
66e1f2708b21704eddaf8388,main-trial-4,w,w,true,416370.20
66e1f2708b21704eddaf8388,main-trial-4,d,d,true,416684.80
66e1f2708b21704eddaf8388,main-trial-4, , ,true,417035.50
66e1f2708b21704eddaf8388,main-trial-4,k,k,true,417953.30
66e1f2708b21704eddaf8388,main-trial-4,d,d,true,418476.00
66e1f2708b21704eddaf8388,main-trial-4,l,l,true,419777.10
66e1f2708b21704eddaf8388,main-trial-4,u,u,true,420185.70
66e1f2708b21704eddaf8388,main-trial-4,h,h,true,421593.10
66e1f2708b21704eddaf8388,main-trial-4, , ,true,422021.60
66e1f2708b21704eddaf8388,main-trial-4,d,d,true,422663.80
66e1f2708b21704eddaf8388,main-trial-4,s,s,true,423054.90
66e1f2708b21704eddaf8388,main-trial-4, , ,true,423693.30
66e1f2708b21704eddaf8388,main-trial-4,d,d,true,424149.50
66e1f2708b21704eddaf8388,main-trial-4,s,s,true,424499.40
66e1f2708b21704eddaf8388,main-trial-4, , ,true,424900.20
66e1f2708b21704eddaf8388,main-trial-4,d,d,true,425408.70
66e1f2708b21704eddaf8388,main-trial-4,s,s,true,425777.60
66e1f2708b21704eddaf8388,main-trial-4, , ,true,426103.90
66e1f2708b21704eddaf8388,main-trial-4,t,t,true,426899.20
66e1f2708b21704eddaf8388,main-trial-4,l,l,true,428279.90
66e1f2708b21704eddaf8388,main-trial-4,l,l,true,428474.50
66e1f2708b21704eddaf8388,main-trial-4,g,g,true,429434.00
66e1f2708b21704eddaf8388,main-trial-4,b,g,false,431557.20
66e1f2708b21704eddaf8388,main-trial-4,b, ,false,431931.80
66e1f2708b21704eddaf8388,main-trial-4,b, ,false,433526.10
66e1f2708b21704eddaf8388,main-trial-4,b,b,true,434717.40
66e1f2708b21704eddaf8388,main-trial-4, , ,true,435456.80
66e1f2708b21704eddaf8388,main-trial-4,w,w,true,436598.70
66e1f2708b21704eddaf8388,main-trial-4,d,d,true,436899.30
66e1f2708b21704eddaf8388,main-trial-4, , ,true,437215.70
66e1f2708b21704eddaf8388,main-trial-4,d,d,true,438048.50
66e1f2708b21704eddaf8388,main-trial-4,s,s,true,438400.50
66e1f2708b21704eddaf8388,main-trial-4, , ,true,438743.20
66e1f2708b21704eddaf8388,main-trial-4,w,w,true,439521.90
66e1f2708b21704eddaf8388,main-trial-4,d,d,true,439931.40
66e1f2708b21704eddaf8388,main-trial-4, , ,true,440314.40
66e1f2708b21704eddaf8388,main-trial-4,d,d,true,441117.50
66e1f2708b21704eddaf8388,main-trial-4,s,s,true,441400.30
66e1f2708b21704eddaf8388,main-trial-4, , ,true,441803.50
66e1f2708b21704eddaf8388,main-trial-4,w,w,true,442533.00
66e1f2708b21704eddaf8388,main-trial-4,d,d,true,442881.80
66e1f2708b21704eddaf8388,main-trial-4, , ,true,443297.00
66e1f2708b21704eddaf8388,main-trial-4,d,d,true,443945.50
66e1f2708b21704eddaf8388,main-trial-4,s,s,true,444227.30
66e1f2708b21704eddaf8388,main-trial-5,f,f,true,448279.70
66e1f2708b21704eddaf8388,main-trial-5,o,o,true,449726.40
66e1f2708b21704eddaf8388,main-trial-5,w,w,true,450150.70
66e1f2708b21704eddaf8388,main-trial-5,f,f,true,451091.40
66e1f2708b21704eddaf8388,main-trial-5,d,d,true,451420.30
66e1f2708b21704eddaf8388,main-trial-5, , ,true,451888.10
66e1f2708b21704eddaf8388,main-trial-5,f,f,true,452548.50
66e1f2708b21704eddaf8388,main-trial-5,d,d,true,453061.20
66e1f2708b21704eddaf8388,main-trial-5, , ,true,453497.90
66e1f2708b21704eddaf8388,main-trial-5,f,f,true,454111.50
66e1f2708b21704eddaf8388,main-trial-5,d,d,true,454374.70
66e1f2708b21704eddaf8388,main-trial-5, , ,true,454686.60
66e1f2708b21704eddaf8388,main-trial-5,f,f,true,455272.70
66e1f2708b21704eddaf8388,main-trial-5,d,d,true,455525.10
66e1f2708b21704eddaf8388,main-trial-5, , ,true,455892.60
66e1f2708b21704eddaf8388,main-trial-5,c,c,true,456670.30
66e1f2708b21704eddaf8388,main-trial-5,x,x,true,457188.60
66e1f2708b21704eddaf8388,main-trial-5,e,e,true,457776.90
66e1f2708b21704eddaf8388,main-trial-5,v,v,true,458700.40
66e1f2708b21704eddaf8388,main-trial-5,r,r,true,459072.20
66e1f2708b21704eddaf8388,main-trial-5, , ,true,459797.90
66e1f2708b21704eddaf8388,main-trial-5,f,f,true,460208.10
66e1f2708b21704eddaf8388,main-trial-5,r,r,true,460680.70
66e1f2708b21704eddaf8388,main-trial-5, , ,true,461324.60
66e1f2708b21704eddaf8388,main-trial-5,f,f,true,461702.60
66e1f2708b21704eddaf8388,main-trial-5,r,r,true,461996.30
66e1f2708b21704eddaf8388,main-trial-5, , ,true,462354.90
66e1f2708b21704eddaf8388,main-trial-5,f,f,true,462946.70
66e1f2708b21704eddaf8388,main-trial-5,r,r,true,463221.30
66e1f2708b21704eddaf8388,main-trial-5, , ,true,463591.80
66e1f2708b21704eddaf8388,main-trial-5,x,x,true,464395.50
66e1f2708b21704eddaf8388,main-trial-5,h,h,true,464728.00
66e1f2708b21704eddaf8388,main-trial-5,n,n,true,466799.20
66e1f2708b21704eddaf8388,main-trial-5,e,e,true,467150.70
66e1f2708b21704eddaf8388,main-trial-5,o,o,true,467660.90
66e1f2708b21704eddaf8388,main-trial-5, , ,true,468211.10
66e1f2708b21704eddaf8388,main-trial-5,f,f,true,468670.50
66e1f2708b21704eddaf8388,main-trial-5,d,d,true,469208.50
66e1f2708b21704eddaf8388,main-trial-5, , ,true,469589.70
66e1f2708b21704eddaf8388,main-trial-5,f,f,true,470163.70
66e1f2708b21704eddaf8388,main-trial-5,r,r,true,470453.00
66e1f2708b21704eddaf8388,main-trial-5, , ,true,470931.10
66e1f2708b21704eddaf8388,main-trial-5,f,f,true,471359.90
66e1f2708b21704eddaf8388,main-trial-5,d,d,true,472084.40
66e1f2708b21704eddaf8388,main-trial-5, , ,true,472471.20
66e1f2708b21704eddaf8388,main-trial-5,f,f,true,473028.30
66e1f2708b21704eddaf8388,main-trial-5,r,r,true,473371.00
66e1f2708b21704eddaf8388,main-trial-5, , ,true,473771.90
66e1f2708b21704eddaf8388,main-trial-5,f,f,true,474382.40
66e1f2708b21704eddaf8388,main-trial-5,d,d,true,474736.00
66e1f2708b21704eddaf8388,main-trial-5, , ,true,475048.00
66e1f2708b21704eddaf8388,main-trial-5,f,f,true,475619.90
66e1f2708b21704eddaf8388,main-trial-5,r,r,true,476040.90
66e1f2708b21704eddaf8388,main-trial-6,g,g,true,480011.80
66e1f2708b21704eddaf8388,main-trial-6,b,b,true,481373.20
66e1f2708b21704eddaf8388,main-trial-6,y,y,true,481817.10
66e1f2708b21704eddaf8388,main-trial-6,l,l,true,483411.00
66e1f2708b21704eddaf8388,main-trial-6,z,z,true,483837.60
66e1f2708b21704eddaf8388,main-trial-6, , ,true,484416.20
66e1f2708b21704eddaf8388,main-trial-6,e,e,true,484822.70
66e1f2708b21704eddaf8388,main-trial-6,f,f,true,485149.20
66e1f2708b21704eddaf8388,main-trial-6, , ,true,485685.40
66e1f2708b21704eddaf8388,main-trial-6,e,e,true,486231.80
66e1f2708b21704eddaf8388,main-trial-6,f,f,true,486631.50
66e1f2708b21704eddaf8388,main-trial-6, , ,true,487174.60
66e1f2708b21704eddaf8388,main-trial-6,e,e,true,487749.50
66e1f2708b21704eddaf8388,main-trial-6,f,f,true,488068.50
66e1f2708b21704eddaf8388,main-trial-6, , ,true,488433.10
66e1f2708b21704eddaf8388,main-trial-6,j,j,true,489506.90
66e1f2708b21704eddaf8388,main-trial-6,l,l,true,491247.40
66e1f2708b21704eddaf8388,main-trial-6,n,n,true,492201.70
66e1f2708b21704eddaf8388,main-trial-6,v,v,true,493738.30
66e1f2708b21704eddaf8388,main-trial-6,k,k,true,494026.10
66e1f2708b21704eddaf8388,main-trial-6, , ,true,494584.90
66e1f2708b21704eddaf8388,main-trial-6,d,d,true,495245.70
66e1f2708b21704eddaf8388,main-trial-6,r,r,true,495583.00
66e1f2708b21704eddaf8388,main-trial-6, , ,true,495958.20
66e1f2708b21704eddaf8388,main-trial-6,d,d,true,496390.50
66e1f2708b21704eddaf8388,main-trial-6,r,r,true,496740.40
66e1f2708b21704eddaf8388,main-trial-6, , ,true,496999.40
66e1f2708b21704eddaf8388,main-trial-6,d,d,true,497703.60
66e1f2708b21704eddaf8388,main-trial-6,r,r,true,498061.90
66e1f2708b21704eddaf8388,main-trial-6, , ,true,498446.60
66e1f2708b21704eddaf8388,main-trial-6,a,a,true,499066.40
66e1f2708b21704eddaf8388,main-trial-6,m,m,true,499378.60
66e1f2708b21704eddaf8388,main-trial-6,d,d,true,500113.10
66e1f2708b21704eddaf8388,main-trial-6,e,e,true,500736.60
66e1f2708b21704eddaf8388,main-trial-6,e,e,true,500934.70
66e1f2708b21704eddaf8388,main-trial-6, , ,true,501476.90
66e1f2708b21704eddaf8388,main-trial-6,e,e,true,502410.80
66e1f2708b21704eddaf8388,main-trial-6,f,f,true,503073.90
66e1f2708b21704eddaf8388,main-trial-6, , ,true,503442.00
66e1f2708b21704eddaf8388,main-trial-6,d,d,true,504110.00
66e1f2708b21704eddaf8388,main-trial-6,r,r,true,504467.30
66e1f2708b21704eddaf8388,main-trial-6, , ,true,504734.40
66e1f2708b21704eddaf8388,main-trial-6,e,e,true,505457.20
66e1f2708b21704eddaf8388,main-trial-6,f,f,true,505745.90
66e1f2708b21704eddaf8388,main-trial-6, , ,true,506037.00
66e1f2708b21704eddaf8388,main-trial-6,d,d,true,506917.30
66e1f2708b21704eddaf8388,main-trial-6,r,r,true,507177.80
66e1f2708b21704eddaf8388,main-trial-6, , ,true,507802.00
66e1f2708b21704eddaf8388,main-trial-6,e,e,true,508865.90
66e1f2708b21704eddaf8388,main-trial-6,f,f,true,509261.20
66e1f2708b21704eddaf8388,main-trial-6, , ,true,509725.50
66e1f2708b21704eddaf8388,main-trial-6,d,d,true,510399.80
66e1f2708b21704eddaf8388,main-trial-6,r,r,true,510700.00
66e1f2708b21704eddaf8388,main-trial-7,v,v,true,514529.40
66e1f2708b21704eddaf8388,main-trial-7,e,e,true,514944.00
66e1f2708b21704eddaf8388,main-trial-7,h,h,true,515981.20
66e1f2708b21704eddaf8388,main-trial-7,d,d,true,517000.70
66e1f2708b21704eddaf8388,main-trial-7,w,w,true,517414.10
66e1f2708b21704eddaf8388,main-trial-7, , ,true,518000.40
66e1f2708b21704eddaf8388,main-trial-7,s,s,true,518437.20
66e1f2708b21704eddaf8388,main-trial-7,f,f,true,518923.00
66e1f2708b21704eddaf8388,main-trial-7, , ,true,519260.40
66e1f2708b21704eddaf8388,main-trial-7,s,s,true,519854.90
66e1f2708b21704eddaf8388,main-trial-7,f,f,true,520121.60
66e1f2708b21704eddaf8388,main-trial-7, , ,true,520511.30
66e1f2708b21704eddaf8388,main-trial-7,s,s,true,521500.30
66e1f2708b21704eddaf8388,main-trial-7,f,f,true,521916.20
66e1f2708b21704eddaf8388,main-trial-7, , ,true,522345.10
66e1f2708b21704eddaf8388,main-trial-7,g,g,true,523097.60
66e1f2708b21704eddaf8388,main-trial-7,o,o,true,523908.10
66e1f2708b21704eddaf8388,main-trial-7,s,s,true,525074.50
66e1f2708b21704eddaf8388,main-trial-7,k,k,true,525982.20
66e1f2708b21704eddaf8388,main-trial-7,m,m,true,526298.70
66e1f2708b21704eddaf8388,main-trial-7, , ,true,526986.30
66e1f2708b21704eddaf8388,main-trial-7,b,b,true,527611.50
66e1f2708b21704eddaf8388,main-trial-7,e,e,true,527963.80
66e1f2708b21704eddaf8388,main-trial-7, , ,true,528811.50
66e1f2708b21704eddaf8388,main-trial-7,b,b,true,529147.80
66e1f2708b21704eddaf8388,main-trial-7,e,e,true,529510.60
66e1f2708b21704eddaf8388,main-trial-7, ,b,false,530038.60
66e1f2708b21704eddaf8388,main-trial-7, ,e,false,530529.60
66e1f2708b21704eddaf8388,main-trial-7, , ,true,531868.30
66e1f2708b21704eddaf8388,main-trial-7,b,b,true,532335.50
66e1f2708b21704eddaf8388,main-trial-7,e,e,true,532801.70
66e1f2708b21704eddaf8388,main-trial-7, , ,true,533169.30
66e1f2708b21704eddaf8388,main-trial-7,h,h,true,534138.40
66e1f2708b21704eddaf8388,main-trial-7,y,y,true,535122.00
66e1f2708b21704eddaf8388,main-trial-7,d,d,true,536150.30
66e1f2708b21704eddaf8388,main-trial-7,x,x,true,536997.70
66e1f2708b21704eddaf8388,main-trial-7,c,c,true,537723.90
66e1f2708b21704eddaf8388,main-trial-7, , ,true,538062.30
66e1f2708b21704eddaf8388,main-trial-7,s,s,true,538841.00
66e1f2708b21704eddaf8388,main-trial-7,f,f,true,539212.30
66e1f2708b21704eddaf8388,main-trial-7, , ,true,539640.70
66e1f2708b21704eddaf8388,main-trial-7,b,b,true,540301.30
66e1f2708b21704eddaf8388,main-trial-7,e,e,true,540577.50
66e1f2708b21704eddaf8388,main-trial-7, , ,true,540813.80
66e1f2708b21704eddaf8388,main-trial-7,s,s,true,541647.70
66e1f2708b21704eddaf8388,main-trial-7,f,f,true,542277.90
66e1f2708b21704eddaf8388,main-trial-7, , ,true,542762.50
66e1f2708b21704eddaf8388,main-trial-7,b,b,true,543881.30
66e1f2708b21704eddaf8388,main-trial-7,e,e,true,544225.80
66e1f2708b21704eddaf8388,main-trial-7, , ,true,544608.90
66e1f2708b21704eddaf8388,main-trial-7,s,s,true,545374.10
66e1f2708b21704eddaf8388,main-trial-7,f,f,true,545685.30
66e1f2708b21704eddaf8388,main-trial-7, , ,true,546001.90
66e1f2708b21704eddaf8388,main-trial-7,b,b,true,546601.50
66e1f2708b21704eddaf8388,main-trial-7,e,e,true,546855.00
66e1f2708b21704eddaf8388,main-trial-8,m,m,true,551071.20
66e1f2708b21704eddaf8388,main-trial-8,q,q,true,552320.50
66e1f2708b21704eddaf8388,main-trial-8,w,w,true,553161.10
66e1f2708b21704eddaf8388,main-trial-8,t,t,true,554837.20
66e1f2708b21704eddaf8388,main-trial-8,r,r,true,555045.50
66e1f2708b21704eddaf8388,main-trial-8, , ,true,555718.30
66e1f2708b21704eddaf8388,main-trial-8,c,c,true,556041.40
66e1f2708b21704eddaf8388,main-trial-8,v,v,true,556276.80
66e1f2708b21704eddaf8388,main-trial-8, , ,true,556995.30
66e1f2708b21704eddaf8388,main-trial-8,c,c,true,557399.80
66e1f2708b21704eddaf8388,main-trial-8,v,v,true,557621.30
66e1f2708b21704eddaf8388,main-trial-8, , ,true,558108.30
66e1f2708b21704eddaf8388,main-trial-8,c,c,true,558526.20
66e1f2708b21704eddaf8388,main-trial-8,v,v,true,558785.80
66e1f2708b21704eddaf8388,main-trial-8, , ,true,559122.00
66e1f2708b21704eddaf8388,main-trial-8,p,p,true,559908.70
66e1f2708b21704eddaf8388,main-trial-8,h,h,true,560826.80
66e1f2708b21704eddaf8388,main-trial-8,n,n,true,561523.20
66e1f2708b21704eddaf8388,main-trial-8,u,u,true,561813.10
66e1f2708b21704eddaf8388,main-trial-8,s,s,true,562068.60
66e1f2708b21704eddaf8388,main-trial-8, , ,true,562400.20
66e1f2708b21704eddaf8388,main-trial-8,c,c,true,563091.20
66e1f2708b21704eddaf8388,main-trial-8,r,r,true,563498.20
66e1f2708b21704eddaf8388,main-trial-8, , ,true,563768.60
66e1f2708b21704eddaf8388,main-trial-8,c,c,true,564305.20
66e1f2708b21704eddaf8388,main-trial-8,r,r,true,564703.80
66e1f2708b21704eddaf8388,main-trial-8, , ,true,565943.90
66e1f2708b21704eddaf8388,main-trial-8,c,c,true,566325.60
66e1f2708b21704eddaf8388,main-trial-8,r,r,true,566804.30
66e1f2708b21704eddaf8388,main-trial-8, , ,true,567264.60
66e1f2708b21704eddaf8388,main-trial-8,k,k,true,567897.20
66e1f2708b21704eddaf8388,main-trial-8,l,l,true,568207.90
66e1f2708b21704eddaf8388,main-trial-8,o,o,true,568636.30
66e1f2708b21704eddaf8388,main-trial-8,d,d,true,569457.30
66e1f2708b21704eddaf8388,main-trial-8,c,c,true,569737.60
66e1f2708b21704eddaf8388,main-trial-8, , ,true,570302.40
66e1f2708b21704eddaf8388,main-trial-8,c,c,true,570718.00
66e1f2708b21704eddaf8388,main-trial-8,v,v,true,570978.00
66e1f2708b21704eddaf8388,main-trial-8, , ,true,571572.40
66e1f2708b21704eddaf8388,main-trial-8,c,c,true,572357.60
66e1f2708b21704eddaf8388,main-trial-8,r,r,true,572724.10
66e1f2708b21704eddaf8388,main-trial-8, , ,true,573567.10
66e1f2708b21704eddaf8388,main-trial-8,c, ,false,574055.90
66e1f2708b21704eddaf8388,main-trial-8,c,c,true,574558.60
66e1f2708b21704eddaf8388,main-trial-8,v,v,true,574792.20
66e1f2708b21704eddaf8388,main-trial-8, , ,true,575214.10
66e1f2708b21704eddaf8388,main-trial-8,c,c,true,575786.00
66e1f2708b21704eddaf8388,main-trial-8,r,r,true,576175.40
66e1f2708b21704eddaf8388,main-trial-8, , ,true,576454.30
66e1f2708b21704eddaf8388,main-trial-8,c,c,true,577219.10
66e1f2708b21704eddaf8388,main-trial-8,v,v,true,577419.60
66e1f2708b21704eddaf8388,main-trial-8, , ,true,577756.60
66e1f2708b21704eddaf8388,main-trial-8,c,c,true,578165.20
66e1f2708b21704eddaf8388,main-trial-8,r,c,false,578655.40
66e1f2708b21704eddaf8388,main-trial-8,r,c,false,578685.30
66e1f2708b21704eddaf8388,main-trial-8,r,c,false,578714.90
66e1f2708b21704eddaf8388,main-trial-8,r,c,false,578745.10
66e1f2708b21704eddaf8388,main-trial-8,r,c,false,578775.10
66e1f2708b21704eddaf8388,main-trial-8,r,c,false,578804.90
66e1f2708b21704eddaf8388,main-trial-8,r,c,false,578843.00
66e1f2708b21704eddaf8388,main-trial-8,r,c,false,578872.80
66e1f2708b21704eddaf8388,main-trial-8,r,c,false,578902.50
66e1f2708b21704eddaf8388,main-trial-8,r,r,true,578924.20
66e1f2708b21704eddaf8388,main-trial-9,u,u,true,583461.60
66e1f2708b21704eddaf8388,main-trial-9,j,j,true,584789.10
66e1f2708b21704eddaf8388,main-trial-9,f,f,true,585677.60
66e1f2708b21704eddaf8388,main-trial-9,x,x,true,586499.30
66e1f2708b21704eddaf8388,main-trial-9,c,c,true,587394.30
66e1f2708b21704eddaf8388,main-trial-9, , ,true,588010.80
66e1f2708b21704eddaf8388,main-trial-9,s,s,true,588536.50
66e1f2708b21704eddaf8388,main-trial-9,r,r,true,588854.00
66e1f2708b21704eddaf8388,main-trial-9, , ,true,589534.40
66e1f2708b21704eddaf8388,main-trial-9,s,s,true,589953.90
66e1f2708b21704eddaf8388,main-trial-9,r,r,true,590209.30
66e1f2708b21704eddaf8388,main-trial-9, , ,true,590683.10
66e1f2708b21704eddaf8388,main-trial-9,s,s,true,591320.00
66e1f2708b21704eddaf8388,main-trial-9,r,r,true,591708.70
66e1f2708b21704eddaf8388,main-trial-9, , ,true,592135.60
66e1f2708b21704eddaf8388,main-trial-9,k,k,true,592934.90
66e1f2708b21704eddaf8388,main-trial-9,l,l,true,593290.10
66e1f2708b21704eddaf8388,main-trial-9,s,s,true,594193.80
66e1f2708b21704eddaf8388,main-trial-9,f,f,true,595345.30
66e1f2708b21704eddaf8388,main-trial-9,g,g,true,595583.90
66e1f2708b21704eddaf8388,main-trial-9, , ,true,595977.60
66e1f2708b21704eddaf8388,main-trial-9,w,w,true,596607.10
66e1f2708b21704eddaf8388,main-trial-9,f,f,true,596962.50
66e1f2708b21704eddaf8388,main-trial-9, , ,true,597379.40
66e1f2708b21704eddaf8388,main-trial-9,w,w,true,598271.10
66e1f2708b21704eddaf8388,main-trial-9,f,f,true,598537.90
66e1f2708b21704eddaf8388,main-trial-9, , ,true,598984.40
66e1f2708b21704eddaf8388,main-trial-9,w,w,true,599491.90
66e1f2708b21704eddaf8388,main-trial-9,f,f,true,599733.80
66e1f2708b21704eddaf8388,main-trial-9, , ,true,600181.90
66e1f2708b21704eddaf8388,main-trial-9,s,s,true,600818.00
66e1f2708b21704eddaf8388,main-trial-9,t,t,true,601099.80
66e1f2708b21704eddaf8388,main-trial-9,n,n,true,602088.00
66e1f2708b21704eddaf8388,main-trial-9,o,o,true,602598.80
66e1f2708b21704eddaf8388,main-trial-9,p,p,true,603031.40
66e1f2708b21704eddaf8388,main-trial-9, , ,true,603762.20
66e1f2708b21704eddaf8388,main-trial-9,s,s,true,604102.20
66e1f2708b21704eddaf8388,main-trial-9,r,r,true,604338.90
66e1f2708b21704eddaf8388,main-trial-9, , ,true,604961.60
66e1f2708b21704eddaf8388,main-trial-9,w,w,true,605483.70
66e1f2708b21704eddaf8388,main-trial-9,f,f,true,605769.30
66e1f2708b21704eddaf8388,main-trial-9, , ,true,606133.00
66e1f2708b21704eddaf8388,main-trial-9,s,s,true,606737.60
66e1f2708b21704eddaf8388,main-trial-9,r,r,true,607058.30
66e1f2708b21704eddaf8388,main-trial-9, , ,true,607452.90
66e1f2708b21704eddaf8388,main-trial-9,w,w,true,608256.40
66e1f2708b21704eddaf8388,main-trial-9,f,w,false,608553.30
66e1f2708b21704eddaf8388,main-trial-9,f,f,true,609031.00
66e1f2708b21704eddaf8388,main-trial-9, , ,true,609496.10
66e1f2708b21704eddaf8388,main-trial-9,s,s,true,610116.30
66e1f2708b21704eddaf8388,main-trial-9,r,r,true,610429.60
66e1f2708b21704eddaf8388,main-trial-9, , ,true,611071.10
66e1f2708b21704eddaf8388,main-trial-9,w,w,true,611580.60
66e1f2708b21704eddaf8388,main-trial-9,f,f,true,611854.50
66e1f2708b21704eddaf8388,main-trial-10,u,u,true,619190.00
66e1f2708b21704eddaf8388,main-trial-10,v,v,true,620241.10
66e1f2708b21704eddaf8388,main-trial-10,r,r,true,621328.70
66e1f2708b21704eddaf8388,main-trial-10,t,t,true,621828.50
66e1f2708b21704eddaf8388,main-trial-10,l,l,true,622630.40
66e1f2708b21704eddaf8388,main-trial-10, , ,true,623256.20
66e1f2708b21704eddaf8388,main-trial-10,d,d,true,623744.70
66e1f2708b21704eddaf8388,main-trial-10,f,f,true,624047.20
66e1f2708b21704eddaf8388,main-trial-10, , ,true,624390.60
66e1f2708b21704eddaf8388,main-trial-10,d,d,true,624953.50
66e1f2708b21704eddaf8388,main-trial-10,f,f,true,625257.90
66e1f2708b21704eddaf8388,main-trial-10, , ,true,625659.90
66e1f2708b21704eddaf8388,main-trial-10,d,d,true,626271.40
66e1f2708b21704eddaf8388,main-trial-10,f,f,true,626543.50
66e1f2708b21704eddaf8388,main-trial-10, , ,true,626888.30
66e1f2708b21704eddaf8388,main-trial-10,x,x,true,628002.90
66e1f2708b21704eddaf8388,main-trial-10,m,m,true,628315.90
66e1f2708b21704eddaf8388,main-trial-10,v,v,true,629409.20
66e1f2708b21704eddaf8388,main-trial-10,r,r,true,629734.40
66e1f2708b21704eddaf8388,main-trial-10,m,m,true,630593.10
66e1f2708b21704eddaf8388,main-trial-10, , ,true,631025.70
66e1f2708b21704eddaf8388,main-trial-10,f,f,true,631528.00
66e1f2708b21704eddaf8388,main-trial-10,g,g,true,631820.80
66e1f2708b21704eddaf8388,main-trial-10, , ,true,632691.50
66e1f2708b21704eddaf8388,main-trial-10,f,f,true,633055.50
66e1f2708b21704eddaf8388,main-trial-10,g,g,true,633357.50
66e1f2708b21704eddaf8388,main-trial-10, , ,true,633681.40
66e1f2708b21704eddaf8388,main-trial-10,f,f,true,634191.40
66e1f2708b21704eddaf8388,main-trial-10,g,g,true,634416.40
66e1f2708b21704eddaf8388,main-trial-10, , ,true,634778.60
66e1f2708b21704eddaf8388,main-trial-10,p,p,true,635635.80
66e1f2708b21704eddaf8388,main-trial-10,s,s,true,636042.10
66e1f2708b21704eddaf8388,main-trial-10,w,w,true,637101.00
66e1f2708b21704eddaf8388,main-trial-10,a,a,true,637557.80
66e1f2708b21704eddaf8388,main-trial-10,n,n,true,637941.50
66e1f2708b21704eddaf8388,main-trial-10, , ,true,638551.70
66e1f2708b21704eddaf8388,main-trial-10,d,d,true,639058.50
66e1f2708b21704eddaf8388,main-trial-10,f,f,true,639389.40
66e1f2708b21704eddaf8388,main-trial-10, , ,true,639770.60
66e1f2708b21704eddaf8388,main-trial-10,f,f,true,640350.10
66e1f2708b21704eddaf8388,main-trial-10,g,g,true,640630.10
66e1f2708b21704eddaf8388,main-trial-10, , ,true,641152.50
66e1f2708b21704eddaf8388,main-trial-10,d,d,true,642128.30
66e1f2708b21704eddaf8388,main-trial-10,f,f,true,642406.70
66e1f2708b21704eddaf8388,main-trial-10, , ,true,642849.30
66e1f2708b21704eddaf8388,main-trial-10,f,f,true,643448.10
66e1f2708b21704eddaf8388,main-trial-10,g,g,true,643678.40
66e1f2708b21704eddaf8388,main-trial-10, , ,true,644049.50
66e1f2708b21704eddaf8388,main-trial-10,d,d,true,644633.70
66e1f2708b21704eddaf8388,main-trial-10,f,f,true,644894.50
66e1f2708b21704eddaf8388,main-trial-10, , ,true,645423.80
66e1f2708b21704eddaf8388,main-trial-10,f,f,true,645919.30
66e1f2708b21704eddaf8388,main-trial-10,g,g,true,646134.70
66e1f2708b21704eddaf8388,main-trial-11,i,i,true,649705.50
66e1f2708b21704eddaf8388,main-trial-11,s,s,true,650067.60
66e1f2708b21704eddaf8388,main-trial-11,z,z,true,651668.40
66e1f2708b21704eddaf8388,main-trial-11,w,w,true,652354.20
66e1f2708b21704eddaf8388,main-trial-11,q,q,true,653284.70
66e1f2708b21704eddaf8388,main-trial-11, , ,true,653754.40
66e1f2708b21704eddaf8388,main-trial-11,f,f,true,654300.10
66e1f2708b21704eddaf8388,main-trial-11,f,f,true,654589.60
66e1f2708b21704eddaf8388,main-trial-11, , ,true,655116.40
66e1f2708b21704eddaf8388,main-trial-11,f,f,true,655511.30
66e1f2708b21704eddaf8388,main-trial-11,f,f,true,655737.80
66e1f2708b21704eddaf8388,main-trial-11, , ,true,656133.20
66e1f2708b21704eddaf8388,main-trial-11,f,f,true,656639.90
66e1f2708b21704eddaf8388,main-trial-11,f,f,true,656863.70
66e1f2708b21704eddaf8388,main-trial-11, , ,true,657222.40
66e1f2708b21704eddaf8388,main-trial-11,g,g,true,657749.50
66e1f2708b21704eddaf8388,main-trial-11,d,d,true,658209.80
66e1f2708b21704eddaf8388,main-trial-11,p,p,true,659340.50
66e1f2708b21704eddaf8388,main-trial-11,k,k,true,660102.00
66e1f2708b21704eddaf8388,main-trial-11,t,t,true,660525.00
66e1f2708b21704eddaf8388,main-trial-11, , ,true,661034.60
66e1f2708b21704eddaf8388,main-trial-11,a,a,true,661609.30
66e1f2708b21704eddaf8388,main-trial-11,a,a,true,661779.20
66e1f2708b21704eddaf8388,main-trial-11, , ,true,662355.30
66e1f2708b21704eddaf8388,main-trial-11,a,a,true,662804.40
66e1f2708b21704eddaf8388,main-trial-11,a,a,true,662964.70
66e1f2708b21704eddaf8388,main-trial-11, , ,true,663412.70
66e1f2708b21704eddaf8388,main-trial-11,a,a,true,663914.30
66e1f2708b21704eddaf8388,main-trial-11,a,a,true,664074.10
66e1f2708b21704eddaf8388,main-trial-11, , ,true,664710.80
66e1f2708b21704eddaf8388,main-trial-11,b,b,true,665259.70
66e1f2708b21704eddaf8388,main-trial-11,v,v,true,665545.10
66e1f2708b21704eddaf8388,main-trial-11,l,l,true,666420.40
66e1f2708b21704eddaf8388,main-trial-11,o,o,true,666729.00
66e1f2708b21704eddaf8388,main-trial-11,z,z,true,667104.00
66e1f2708b21704eddaf8388,main-trial-11, , ,true,667655.50
66e1f2708b21704eddaf8388,main-trial-11,f,f,true,668227.90
66e1f2708b21704eddaf8388,main-trial-11,f,f,true,668397.10
66e1f2708b21704eddaf8388,main-trial-11, , ,true,668913.20
66e1f2708b21704eddaf8388,main-trial-11,a,a,true,669556.20
66e1f2708b21704eddaf8388,main-trial-11,a,a,true,669772.50
66e1f2708b21704eddaf8388,main-trial-11, , ,true,670088.60
66e1f2708b21704eddaf8388,main-trial-11,f,f,true,670640.70
66e1f2708b21704eddaf8388,main-trial-11,f,f,true,670817.00
66e1f2708b21704eddaf8388,main-trial-11, , ,true,671250.80
66e1f2708b21704eddaf8388,main-trial-11,a,a,true,671753.20
66e1f2708b21704eddaf8388,main-trial-11,a,a,true,671965.70
66e1f2708b21704eddaf8388,main-trial-11, , ,true,672487.70
66e1f2708b21704eddaf8388,main-trial-11,f,f,true,674038.50
66e1f2708b21704eddaf8388,main-trial-11,f,f,true,674224.20
66e1f2708b21704eddaf8388,main-trial-11, , ,true,674586.60
66e1f2708b21704eddaf8388,main-trial-11,a,a,true,675063.30
66e1f2708b21704eddaf8388,main-trial-11,a,a,true,675257.10
66e1f2708b21704eddaf8388,main-trial-12,v,v,true,679233.30
66e1f2708b21704eddaf8388,main-trial-12,o,o,true,679783.40
66e1f2708b21704eddaf8388,main-trial-12,m,m,true,681268.10
66e1f2708b21704eddaf8388,main-trial-12,c,a,false,681867.60
66e1f2708b21704eddaf8388,main-trial-12,c,c,true,682147.20
66e1f2708b21704eddaf8388,main-trial-12,m,m,true,682869.00
66e1f2708b21704eddaf8388,main-trial-12, , ,true,683349.50
66e1f2708b21704eddaf8388,main-trial-12,f,f,true,683780.00
66e1f2708b21704eddaf8388,main-trial-12,d,d,true,684181.80
66e1f2708b21704eddaf8388,main-trial-12, , ,true,684780.00
66e1f2708b21704eddaf8388,main-trial-12,f,f,true,685144.90
66e1f2708b21704eddaf8388,main-trial-12,d,d,true,685365.80
66e1f2708b21704eddaf8388,main-trial-12, , ,true,685601.10
66e1f2708b21704eddaf8388,main-trial-12,f,f,true,686405.20
66e1f2708b21704eddaf8388,main-trial-12,d,d,true,687263.70
66e1f2708b21704eddaf8388,main-trial-12, , ,true,687525.60
66e1f2708b21704eddaf8388,main-trial-12,l,l,true,688265.40
66e1f2708b21704eddaf8388,main-trial-12,v,v,true,688980.90
66e1f2708b21704eddaf8388,main-trial-12,s,z,false,690225.20
66e1f2708b21704eddaf8388,main-trial-12,s,s,true,691511.70
66e1f2708b21704eddaf8388,main-trial-12,z,z,true,692580.70
66e1f2708b21704eddaf8388,main-trial-12,e,e,true,692945.20
66e1f2708b21704eddaf8388,main-trial-12, , ,true,693581.50
66e1f2708b21704eddaf8388,main-trial-12,c,c,true,693982.50
66e1f2708b21704eddaf8388,main-trial-12,e,e,true,694240.40
66e1f2708b21704eddaf8388,main-trial-12, , ,true,694879.30
66e1f2708b21704eddaf8388,main-trial-12,c,c,true,695388.40
66e1f2708b21704eddaf8388,main-trial-12,e,e,true,695635.00
66e1f2708b21704eddaf8388,main-trial-12, , ,true,696117.70
66e1f2708b21704eddaf8388,main-trial-12,c,c,true,696930.10
66e1f2708b21704eddaf8388,main-trial-12,e,e,true,697243.60
66e1f2708b21704eddaf8388,main-trial-12, , ,true,697752.00
66e1f2708b21704eddaf8388,main-trial-12,e,e,true,698595.70
66e1f2708b21704eddaf8388,main-trial-12,n,n,true,698883.10
66e1f2708b21704eddaf8388,main-trial-12,g,g,true,701305.50
66e1f2708b21704eddaf8388,main-trial-12,q,q,true,701972.50
66e1f2708b21704eddaf8388,main-trial-12,i,i,true,702390.30
66e1f2708b21704eddaf8388,main-trial-12, ,f,false,703446.20
66e1f2708b21704eddaf8388,main-trial-12, ,d,false,704323.80
66e1f2708b21704eddaf8388,main-trial-12, , ,true,705173.10
66e1f2708b21704eddaf8388,main-trial-12,f,f,true,705549.40
66e1f2708b21704eddaf8388,main-trial-12,d,d,true,705828.20
66e1f2708b21704eddaf8388,main-trial-12, , ,true,706177.00
66e1f2708b21704eddaf8388,main-trial-12,c,c,true,706853.50
66e1f2708b21704eddaf8388,main-trial-12,e,e,true,707040.10
66e1f2708b21704eddaf8388,main-trial-12, , ,true,707276.80
66e1f2708b21704eddaf8388,main-trial-12,f,f,true,707957.40
66e1f2708b21704eddaf8388,main-trial-12,d,d,true,708379.20
66e1f2708b21704eddaf8388,main-trial-12, , ,true,708839.50
66e1f2708b21704eddaf8388,main-trial-12,c,c,true,709676.10
66e1f2708b21704eddaf8388,main-trial-12,e,e,true,709961.30
66e1f2708b21704eddaf8388,main-trial-12, , ,true,710487.60
66e1f2708b21704eddaf8388,main-trial-12,f,f,true,711950.10
66e1f2708b21704eddaf8388,main-trial-12,d,e,false,712515.60
66e1f2708b21704eddaf8388,main-trial-12,d, ,false,713543.70
66e1f2708b21704eddaf8388,main-trial-12,d,c,false,713965.90
66e1f2708b21704eddaf8388,main-trial-12,d,e,false,714332.60
66e1f2708b21704eddaf8388,main-trial-12,d,d,true,716264.50
66e1f2708b21704eddaf8388,main-trial-12, , ,true,717163.20
66e1f2708b21704eddaf8388,main-trial-12,c,c,true,717584.60
66e1f2708b21704eddaf8388,main-trial-12,e,e,true,717845.70
66e1f2708b21704eddaf8388,main-trial-13,t,t,true,724807.70
66e1f2708b21704eddaf8388,main-trial-13,e,e,true,726083.20
66e1f2708b21704eddaf8388,main-trial-13,w,w,true,727105.80
66e1f2708b21704eddaf8388,main-trial-13,z,z,true,727989.90
66e1f2708b21704eddaf8388,main-trial-13,z,z,true,728242.70
66e1f2708b21704eddaf8388,main-trial-13, , ,true,728760.10
66e1f2708b21704eddaf8388,main-trial-13,d,d,true,729210.80
66e1f2708b21704eddaf8388,main-trial-13,r,r,true,729491.00
66e1f2708b21704eddaf8388,main-trial-13, , ,true,730121.00
66e1f2708b21704eddaf8388,main-trial-13,d,d,true,730439.10
66e1f2708b21704eddaf8388,main-trial-13,r,r,true,730684.50
66e1f2708b21704eddaf8388,main-trial-13, , ,true,731117.00
66e1f2708b21704eddaf8388,main-trial-13,d,d,true,731498.10
66e1f2708b21704eddaf8388,main-trial-13,r,r,true,731735.30
66e1f2708b21704eddaf8388,main-trial-13, , ,true,732169.10
66e1f2708b21704eddaf8388,main-trial-13,f,f,true,732614.90
66e1f2708b21704eddaf8388,main-trial-13,g,g,true,733031.60
66e1f2708b21704eddaf8388,main-trial-13,p,p,true,734125.40
66e1f2708b21704eddaf8388,main-trial-13,l,l,true,734640.80
66e1f2708b21704eddaf8388,main-trial-13,t,t,true,735663.30
66e1f2708b21704eddaf8388,main-trial-13, , ,true,736125.00
66e1f2708b21704eddaf8388,main-trial-13,f,f,true,736572.20
66e1f2708b21704eddaf8388,main-trial-13,d,d,true,736979.60
66e1f2708b21704eddaf8388,main-trial-13, , ,true,737344.20
66e1f2708b21704eddaf8388,main-trial-13,f,f,true,737793.10
66e1f2708b21704eddaf8388,main-trial-13,d,d,true,738056.50
66e1f2708b21704eddaf8388,main-trial-13, , ,true,738312.60
66e1f2708b21704eddaf8388,main-trial-13,f,f,true,738876.00
66e1f2708b21704eddaf8388,main-trial-13,d,d,true,739152.90
66e1f2708b21704eddaf8388,main-trial-13, , ,true,739412.80
66e1f2708b21704eddaf8388,main-trial-13,g,g,true,742730.70
66e1f2708b21704eddaf8388,main-trial-13,u,u,true,743885.30
66e1f2708b21704eddaf8388,main-trial-13,z,z,true,744750.50
66e1f2708b21704eddaf8388,main-trial-13,b,b,true,745643.90
66e1f2708b21704eddaf8388,main-trial-13,t,t,true,745971.50
66e1f2708b21704eddaf8388,main-trial-13, , ,true,746426.20
66e1f2708b21704eddaf8388,main-trial-13,d,d,true,746997.10
66e1f2708b21704eddaf8388,main-trial-13,r,r,true,747295.80
66e1f2708b21704eddaf8388,main-trial-13, , ,true,747924.10
66e1f2708b21704eddaf8388,main-trial-13,f,f,true,748290.00
66e1f2708b21704eddaf8388,main-trial-13,d,d,true,748574.20
66e1f2708b21704eddaf8388,main-trial-13, , ,true,748900.50
66e1f2708b21704eddaf8388,main-trial-13,d,d,true,749766.60
66e1f2708b21704eddaf8388,main-trial-13,r,r,true,750087.00
66e1f2708b21704eddaf8388,main-trial-13, , ,true,750554.60
66e1f2708b21704eddaf8388,main-trial-13,f,f,true,751410.10
66e1f2708b21704eddaf8388,main-trial-13,d,d,true,751980.70
66e1f2708b21704eddaf8388,main-trial-13, , ,true,752351.30
66e1f2708b21704eddaf8388,main-trial-13,d,d,true,753066.20
66e1f2708b21704eddaf8388,main-trial-13,r,r,true,753337.90
66e1f2708b21704eddaf8388,main-trial-13, , ,true,753794.30
66e1f2708b21704eddaf8388,main-trial-13,f,f,true,754322.10
66e1f2708b21704eddaf8388,main-trial-13,d,d,true,755532.90
66e1f2708b21704eddaf8388,main-trial-13,,d,false,833305.30
66e1f2708b21704eddaf8388,main-trial-13,,r,false,833590.10
66e1f2708b21704eddaf8388,main-trial-13,,f,false,835482.10
66e1f2708b21704eddaf8388,main-trial-13,,g,false,835763.00
66e1f2708b21704eddaf8388,main-trial-14,a,a,true,842277.30
66e1f2708b21704eddaf8388,main-trial-14,i,i,true,842506.80
66e1f2708b21704eddaf8388,main-trial-14,q,q,true,844081.70
66e1f2708b21704eddaf8388,main-trial-14,v,v,true,845339.70
66e1f2708b21704eddaf8388,main-trial-14,p,p,true,846168.70
66e1f2708b21704eddaf8388,main-trial-14, ,x,false,847376.90
66e1f2708b21704eddaf8388,main-trial-14, ,c,false,847648.10
66e1f2708b21704eddaf8388,main-trial-14, , ,true,848768.40
66e1f2708b21704eddaf8388,main-trial-14,x,x,true,849033.40
66e1f2708b21704eddaf8388,main-trial-14,c,c,true,849349.40
66e1f2708b21704eddaf8388,main-trial-14, , ,true,849756.60
66e1f2708b21704eddaf8388,main-trial-14,x,x,true,850172.70
66e1f2708b21704eddaf8388,main-trial-14,c,c,true,850370.40
66e1f2708b21704eddaf8388,main-trial-14, , ,true,850895.20
66e1f2708b21704eddaf8388,main-trial-14,x,x,true,851508.40
66e1f2708b21704eddaf8388,main-trial-14,c,c,true,851838.70
66e1f2708b21704eddaf8388,main-trial-14, , ,true,852215.30
66e1f2708b21704eddaf8388,main-trial-14,j,j,true,852775.50
66e1f2708b21704eddaf8388,main-trial-14,o,o,true,853176.60
66e1f2708b21704eddaf8388,main-trial-14,h,h,true,854245.70
66e1f2708b21704eddaf8388,main-trial-14,d,d,true,855293.40
66e1f2708b21704eddaf8388,main-trial-14,x,x,true,855855.90
66e1f2708b21704eddaf8388,main-trial-14, , ,true,856398.50
66e1f2708b21704eddaf8388,main-trial-14,c,c,true,856771.10
66e1f2708b21704eddaf8388,main-trial-14,e,e,true,856964.70
66e1f2708b21704eddaf8388,main-trial-14, , ,true,857542.70
66e1f2708b21704eddaf8388,main-trial-14,c,c,true,857870.80
66e1f2708b21704eddaf8388,main-trial-14,e,e,true,858082.30
66e1f2708b21704eddaf8388,main-trial-14, , ,true,858347.00
66e1f2708b21704eddaf8388,main-trial-14,c,c,true,858795.90
66e1f2708b21704eddaf8388,main-trial-14,e,e,true,859024.90
66e1f2708b21704eddaf8388,main-trial-14, , ,true,859505.20
66e1f2708b21704eddaf8388,main-trial-14,k,k,true,860384.80
66e1f2708b21704eddaf8388,main-trial-14,c,c,true,860796.30
66e1f2708b21704eddaf8388,main-trial-14,d,d,true,861780.00
66e1f2708b21704eddaf8388,main-trial-14,s,s,true,862588.90
66e1f2708b21704eddaf8388,main-trial-14,t,t,true,863068.70
66e1f2708b21704eddaf8388,main-trial-14, , ,true,863558.30
66e1f2708b21704eddaf8388,main-trial-14,x,x,true,864275.30
66e1f2708b21704eddaf8388,main-trial-14,c,c,true,864684.10
66e1f2708b21704eddaf8388,main-trial-14, , ,true,865185.20
66e1f2708b21704eddaf8388,main-trial-14,c,c,true,865579.50
66e1f2708b21704eddaf8388,main-trial-14,e,e,true,866086.10
66e1f2708b21704eddaf8388,main-trial-14, , ,true,866552.20
66e1f2708b21704eddaf8388,main-trial-14,x,x,true,867233.10
66e1f2708b21704eddaf8388,main-trial-14,c,c,true,867446.60
66e1f2708b21704eddaf8388,main-trial-14, , ,true,867833.80
66e1f2708b21704eddaf8388,main-trial-14,c,c,true,868447.50
66e1f2708b21704eddaf8388,main-trial-14,e,e,true,869213.30
66e1f2708b21704eddaf8388,main-trial-14, ,x,false,870481.10
66e1f2708b21704eddaf8388,main-trial-14, ,c,false,870734.40
66e1f2708b21704eddaf8388,main-trial-14, , ,true,871947.40
66e1f2708b21704eddaf8388,main-trial-14,x,x,true,872500.70
66e1f2708b21704eddaf8388,main-trial-14,c,c,true,872747.70
66e1f2708b21704eddaf8388,main-trial-14, , ,true,873166.00
66e1f2708b21704eddaf8388,main-trial-14,c,c,true,873543.10
66e1f2708b21704eddaf8388,main-trial-14,e,e,true,873790.40
66e1f2708b21704eddaf8388,main-trial-15,l,l,true,891255.90
66e1f2708b21704eddaf8388,main-trial-15,i,i,true,891543.40
66e1f2708b21704eddaf8388,main-trial-15,l,l,true,892615.70
66e1f2708b21704eddaf8388,main-trial-15,f,f,true,893148.70
66e1f2708b21704eddaf8388,main-trial-15,q,q,true,894289.60
66e1f2708b21704eddaf8388,main-trial-15, , ,true,895016.30
66e1f2708b21704eddaf8388,main-trial-15,f,f,true,895463.40
66e1f2708b21704eddaf8388,main-trial-15,r,r,true,895749.30
66e1f2708b21704eddaf8388,main-trial-15, , ,true,896247.70
66e1f2708b21704eddaf8388,main-trial-15,f,f,true,896594.20
66e1f2708b21704eddaf8388,main-trial-15,r,r,true,896805.00
66e1f2708b21704eddaf8388,main-trial-15, , ,true,897074.00
66e1f2708b21704eddaf8388,main-trial-15,f,f,true,897671.10
66e1f2708b21704eddaf8388,main-trial-15,r,r,true,897938.90
66e1f2708b21704eddaf8388,main-trial-15, , ,true,898266.80
66e1f2708b21704eddaf8388,main-trial-15,m,m,true,898963.00
66e1f2708b21704eddaf8388,main-trial-15,y,y,true,899329.20
66e1f2708b21704eddaf8388,main-trial-15,e,e,true,900503.20
66e1f2708b21704eddaf8388,main-trial-15,p,p,true,900718.60
66e1f2708b21704eddaf8388,main-trial-15,u,u,true,901071.00
66e1f2708b21704eddaf8388,main-trial-15, , ,true,901563.60
66e1f2708b21704eddaf8388,main-trial-15,f,f,true,902271.50
66e1f2708b21704eddaf8388,main-trial-15,d,d,true,902754.20
66e1f2708b21704eddaf8388,main-trial-15, , ,true,902993.60
66e1f2708b21704eddaf8388,main-trial-15,f,f,true,903561.30
66e1f2708b21704eddaf8388,main-trial-15,d,d,true,904018.10
66e1f2708b21704eddaf8388,main-trial-15, , ,true,904650.10
66e1f2708b21704eddaf8388,main-trial-15,f,f,true,905197.40
66e1f2708b21704eddaf8388,main-trial-15,d,d,true,905402.20
66e1f2708b21704eddaf8388,main-trial-15, , ,true,905712.40
66e1f2708b21704eddaf8388,main-trial-15,g,g,true,907802.90
66e1f2708b21704eddaf8388,main-trial-15,j,j,true,908047.10
66e1f2708b21704eddaf8388,main-trial-15,t,t,true,909338.90
66e1f2708b21704eddaf8388,main-trial-15,o,o,true,909609.00
66e1f2708b21704eddaf8388,main-trial-15,n,n,true,909992.90
66e1f2708b21704eddaf8388,main-trial-15, , ,true,910387.00
66e1f2708b21704eddaf8388,main-trial-15,f,f,true,910907.00
66e1f2708b21704eddaf8388,main-trial-15,r,r,true,911163.20
66e1f2708b21704eddaf8388,main-trial-15, , ,true,911609.80
66e1f2708b21704eddaf8388,main-trial-15,f,f,true,912051.70
66e1f2708b21704eddaf8388,main-trial-15,d,d,true,912380.50
66e1f2708b21704eddaf8388,main-trial-15, , ,true,912829.30
66e1f2708b21704eddaf8388,main-trial-15,f,f,true,913281.30
66e1f2708b21704eddaf8388,main-trial-15,r,r,true,913554.70
66e1f2708b21704eddaf8388,main-trial-15, , ,true,913800.00
66e1f2708b21704eddaf8388,main-trial-15,f,f,true,914312.20
66e1f2708b21704eddaf8388,main-trial-15,d,d,true,914613.30
66e1f2708b21704eddaf8388,main-trial-15, , ,true,914844.30
66e1f2708b21704eddaf8388,main-trial-15,f,f,true,915407.60
66e1f2708b21704eddaf8388,main-trial-15,r,r,true,915654.60
66e1f2708b21704eddaf8388,main-trial-15, , ,true,916060.70
66e1f2708b21704eddaf8388,main-trial-15,f,f,true,916542.40
66e1f2708b21704eddaf8388,main-trial-15,d,d,true,916913.20
66e1f2708b21704eddaf8388,main-trial-16,c,c,true,927405.80
66e1f2708b21704eddaf8388,main-trial-16,v,v,true,927651.10
66e1f2708b21704eddaf8388,main-trial-16,b,b,true,928840.50
66e1f2708b21704eddaf8388,main-trial-16,c,c,true,929300.60
66e1f2708b21704eddaf8388,main-trial-16,s,s,true,930049.50
66e1f2708b21704eddaf8388,main-trial-16, , ,true,930497.00
66e1f2708b21704eddaf8388,main-trial-16,s,s,true,930881.30
66e1f2708b21704eddaf8388,main-trial-16,e,e,true,931076.20
66e1f2708b21704eddaf8388,main-trial-16, , ,true,931495.40
66e1f2708b21704eddaf8388,main-trial-16,s,s,true,931841.70
66e1f2708b21704eddaf8388,main-trial-16,e,e,true,932081.10
66e1f2708b21704eddaf8388,main-trial-16, , ,true,932421.90
66e1f2708b21704eddaf8388,main-trial-16,s,s,true,932686.90
66e1f2708b21704eddaf8388,main-trial-16,e,e,true,932926.50
66e1f2708b21704eddaf8388,main-trial-16, , ,true,933247.70
66e1f2708b21704eddaf8388,main-trial-16,e,e,true,934072.90
66e1f2708b21704eddaf8388,main-trial-16,u,u,true,934433.10
66e1f2708b21704eddaf8388,main-trial-16,p,p,true,935365.90
66e1f2708b21704eddaf8388,main-trial-16,n,n,true,936153.80
66e1f2708b21704eddaf8388,main-trial-16,q,q,true,937080.10
66e1f2708b21704eddaf8388,main-trial-16, ,w,false,938621.60
66e1f2708b21704eddaf8388,main-trial-16, ,d,false,939497.80
66e1f2708b21704eddaf8388,main-trial-16, , ,true,940710.20
66e1f2708b21704eddaf8388,main-trial-16,w,w,true,942138.20
66e1f2708b21704eddaf8388,main-trial-16,d,d,true,942639.30
66e1f2708b21704eddaf8388,main-trial-16, , ,true,943103.40
66e1f2708b21704eddaf8388,main-trial-16,w,w,true,943614.10
66e1f2708b21704eddaf8388,main-trial-16,d,d,true,943675.70
66e1f2708b21704eddaf8388,main-trial-16, , ,true,945050.60
66e1f2708b21704eddaf8388,main-trial-16,w,w,true,945752.00
66e1f2708b21704eddaf8388,main-trial-16,d,d,true,946310.40
66e1f2708b21704eddaf8388,main-trial-16, ,w,false,946319.50
66e1f2708b21704eddaf8388,main-trial-16, , ,true,946740.00
66e1f2708b21704eddaf8388,main-trial-16,v,v,true,948305.40
66e1f2708b21704eddaf8388,main-trial-16,z,z,true,949649.00
66e1f2708b21704eddaf8388,main-trial-16,j,j,true,950574.30
66e1f2708b21704eddaf8388,main-trial-16,x,x,true,951328.10
66e1f2708b21704eddaf8388,main-trial-16,o,o,true,951656.20
66e1f2708b21704eddaf8388,main-trial-16, , ,true,952128.50
66e1f2708b21704eddaf8388,main-trial-16,s,s,true,952564.50
66e1f2708b21704eddaf8388,main-trial-16,e,e,true,952897.70
66e1f2708b21704eddaf8388,main-trial-16, , ,true,953375.30
66e1f2708b21704eddaf8388,main-trial-16,w,w,true,953970.70
66e1f2708b21704eddaf8388,main-trial-16,d,d,true,954219.60
66e1f2708b21704eddaf8388,main-trial-16, , ,true,954628.10
66e1f2708b21704eddaf8388,main-trial-16,s,s,true,954968.60
66e1f2708b21704eddaf8388,main-trial-16,e,e,true,955243.80
66e1f2708b21704eddaf8388,main-trial-16, , ,true,955641.00
66e1f2708b21704eddaf8388,main-trial-16,w,w,true,956216.50
66e1f2708b21704eddaf8388,main-trial-16,d,d,true,956452.60
66e1f2708b21704eddaf8388,main-trial-16, , ,true,956993.80
66e1f2708b21704eddaf8388,main-trial-16,s,s,true,957652.80
66e1f2708b21704eddaf8388,main-trial-16,e,e,true,957918.50
66e1f2708b21704eddaf8388,main-trial-16, , ,true,958373.90
66e1f2708b21704eddaf8388,main-trial-16,w,w,true,958991.30
66e1f2708b21704eddaf8388,main-trial-16,d,d,true,959219.30
66e1f2708b21704eddaf8388,main-trial-17,e,e,true,968341.50
66e1f2708b21704eddaf8388,main-trial-17,w,w,true,968729.30
66e1f2708b21704eddaf8388,main-trial-17,o,o,true,968990.30
66e1f2708b21704eddaf8388,main-trial-17,f,f,true,970187.80
66e1f2708b21704eddaf8388,main-trial-17,n,n,true,970389.30
66e1f2708b21704eddaf8388,main-trial-17, ,f,false,971200.40
66e1f2708b21704eddaf8388,main-trial-17, ,e,false,971446.30
66e1f2708b21704eddaf8388,main-trial-17, , ,true,972532.90
66e1f2708b21704eddaf8388,main-trial-17,f,f,true,972974.00
66e1f2708b21704eddaf8388,main-trial-17,e,e,true,973245.80
66e1f2708b21704eddaf8388,main-trial-17, , ,true,973516.90
66e1f2708b21704eddaf8388,main-trial-17,f,f,true,973943.50
66e1f2708b21704eddaf8388,main-trial-17,e,e,true,974188.60
66e1f2708b21704eddaf8388,main-trial-17, , ,true,974407.90
66e1f2708b21704eddaf8388,main-trial-17,f,f,true,974849.20
66e1f2708b21704eddaf8388,main-trial-17,e,e,true,975057.90
66e1f2708b21704eddaf8388,main-trial-17, , ,true,975296.00
66e1f2708b21704eddaf8388,main-trial-17,w,w,true,975966.70
66e1f2708b21704eddaf8388,main-trial-17,w,w,true,976166.20
66e1f2708b21704eddaf8388,main-trial-17,l,l,true,977494.00
66e1f2708b21704eddaf8388,main-trial-17,v,v,true,977900.80
66e1f2708b21704eddaf8388,main-trial-17,s,s,true,978544.50
66e1f2708b21704eddaf8388,main-trial-17, , ,true,978918.90
66e1f2708b21704eddaf8388,main-trial-17,e,e,true,979406.50
66e1f2708b21704eddaf8388,main-trial-17,f,f,true,979644.00
66e1f2708b21704eddaf8388,main-trial-17, , ,true,979987.40
66e1f2708b21704eddaf8388,main-trial-17,e,e,true,980342.80
66e1f2708b21704eddaf8388,main-trial-17,f,f,true,980586.80
66e1f2708b21704eddaf8388,main-trial-17, , ,true,980978.10
66e1f2708b21704eddaf8388,main-trial-17,e,e,true,981332.70
66e1f2708b21704eddaf8388,main-trial-17,f,f,true,981592.80
66e1f2708b21704eddaf8388,main-trial-17, , ,true,981928.20
66e1f2708b21704eddaf8388,main-trial-17,g,g,true,982815.20
66e1f2708b21704eddaf8388,main-trial-17,a,a,true,983500.30
66e1f2708b21704eddaf8388,main-trial-17,w,w,true,983992.10
66e1f2708b21704eddaf8388,main-trial-17,s,s,true,984369.40
66e1f2708b21704eddaf8388,main-trial-17,b,b,true,984712.00
66e1f2708b21704eddaf8388,main-trial-17, , ,true,985147.80
66e1f2708b21704eddaf8388,main-trial-17,f,f,true,985657.80
66e1f2708b21704eddaf8388,main-trial-17,e,e,true,985927.30
66e1f2708b21704eddaf8388,main-trial-17, , ,true,986180.70
66e1f2708b21704eddaf8388,main-trial-17,e,e,true,986832.10
66e1f2708b21704eddaf8388,main-trial-17,f,f,true,987105.60
66e1f2708b21704eddaf8388,main-trial-17, , ,true,987473.10
66e1f2708b21704eddaf8388,main-trial-17,f,f,true,988006.70
66e1f2708b21704eddaf8388,main-trial-17,e,e,true,988257.70
66e1f2708b21704eddaf8388,main-trial-17, , ,true,988465.30
66e1f2708b21704eddaf8388,main-trial-17,e,e,true,989059.10
66e1f2708b21704eddaf8388,main-trial-17,f,f,true,989361.10
66e1f2708b21704eddaf8388,main-trial-17, , ,true,989771.10
66e1f2708b21704eddaf8388,main-trial-17,f,f,true,990260.60
66e1f2708b21704eddaf8388,main-trial-17,e,e,true,990493.20
66e1f2708b21704eddaf8388,main-trial-17, , ,true,990806.10
66e1f2708b21704eddaf8388,main-trial-17,e,e,true,991361.00
66e1f2708b21704eddaf8388,main-trial-17,f,f,true,991592.20
66e1f2708b21704eddaf8388,main-trial-18,r,r,true,1007666.00
66e1f2708b21704eddaf8388,main-trial-18,b,b,true,1008835.80
66e1f2708b21704eddaf8388,main-trial-18,e,e,true,1009837.00
66e1f2708b21704eddaf8388,main-trial-18,z,z,true,1010667.10
66e1f2708b21704eddaf8388,main-trial-18,c,c,true,1010954.40
66e1f2708b21704eddaf8388,main-trial-18, , ,true,1011342.00
66e1f2708b21704eddaf8388,main-trial-18,a,a,true,1011856.00
66e1f2708b21704eddaf8388,main-trial-18,a,a,true,1012049.30
66e1f2708b21704eddaf8388,main-trial-18, , ,true,1012474.60
66e1f2708b21704eddaf8388,main-trial-18,a,a,true,1012913.10
66e1f2708b21704eddaf8388,main-trial-18,a,a,true,1013137.10
66e1f2708b21704eddaf8388,main-trial-18, , ,true,1013566.00
66e1f2708b21704eddaf8388,main-trial-18,a,a,true,1014029.00
66e1f2708b21704eddaf8388,main-trial-18,a,a,true,1014222.20
66e1f2708b21704eddaf8388,main-trial-18, , ,true,1014641.60
66e1f2708b21704eddaf8388,main-trial-18,l,l,true,1015322.80
66e1f2708b21704eddaf8388,main-trial-18,e,e,true,1015619.00
66e1f2708b21704eddaf8388,main-trial-18,g,v,false,1016090.30
66e1f2708b21704eddaf8388,main-trial-18,g,g,true,1017305.80
66e1f2708b21704eddaf8388,main-trial-18,p,p,true,1018202.40
66e1f2708b21704eddaf8388,main-trial-18,v,v,true,1018689.00
66e1f2708b21704eddaf8388,main-trial-18, ,f,false,1019559.90
66e1f2708b21704eddaf8388,main-trial-18, ,f,false,1019763.90
66e1f2708b21704eddaf8388,main-trial-18, , ,true,1020588.90
66e1f2708b21704eddaf8388,main-trial-18,f,f,true,1020988.10
66e1f2708b21704eddaf8388,main-trial-18,f,f,true,1021198.10
66e1f2708b21704eddaf8388,main-trial-18, , ,true,1021827.90
66e1f2708b21704eddaf8388,main-trial-18,f,f,true,1022198.50
66e1f2708b21704eddaf8388,main-trial-18,f,f,true,1022663.20
66e1f2708b21704eddaf8388,main-trial-18, , ,true,1023036.80
66e1f2708b21704eddaf8388,main-trial-18,f,f,true,1023561.40
66e1f2708b21704eddaf8388,main-trial-18,f,f,true,1023776.30
66e1f2708b21704eddaf8388,main-trial-18, , ,true,1024148.40
66e1f2708b21704eddaf8388,main-trial-18,d,d,true,1025175.30
66e1f2708b21704eddaf8388,main-trial-18,g,g,true,1025468.50
66e1f2708b21704eddaf8388,main-trial-18,l,l,true,1026266.20
66e1f2708b21704eddaf8388,main-trial-18,p,p,true,1026535.40
66e1f2708b21704eddaf8388,main-trial-18,s,s,true,1027420.50
66e1f2708b21704eddaf8388,main-trial-18, , ,true,1027925.60
66e1f2708b21704eddaf8388,main-trial-18,a,a,true,1028318.50
66e1f2708b21704eddaf8388,main-trial-18,a,a,true,1028597.30
66e1f2708b21704eddaf8388,main-trial-18, , ,true,1029024.90
66e1f2708b21704eddaf8388,main-trial-18,f,f,true,1029633.20
66e1f2708b21704eddaf8388,main-trial-18,f,f,true,1029817.40
66e1f2708b21704eddaf8388,main-trial-18, , ,true,1030249.40
66e1f2708b21704eddaf8388,main-trial-18,a,a,true,1030678.70
66e1f2708b21704eddaf8388,main-trial-18,a,a,true,1030912.10
66e1f2708b21704eddaf8388,main-trial-18, , ,true,1031242.10
66e1f2708b21704eddaf8388,main-trial-18,f,f,true,1031702.30
66e1f2708b21704eddaf8388,main-trial-18,f,f,true,1031897.00
66e1f2708b21704eddaf8388,main-trial-18, , ,true,1032359.70
66e1f2708b21704eddaf8388,main-trial-18,a,a,true,1032822.50
66e1f2708b21704eddaf8388,main-trial-18,a,a,true,1033013.40
66e1f2708b21704eddaf8388,main-trial-18, , ,true,1033332.40
66e1f2708b21704eddaf8388,main-trial-18,f,f,true,1034299.50
66e1f2708b21704eddaf8388,main-trial-18,f,f,true,1034453.40
66e1f2708b21704eddaf8388,main-trial-19,d,d,true,1038772.50
66e1f2708b21704eddaf8388,main-trial-19,b,b,true,1039090.40
66e1f2708b21704eddaf8388,main-trial-19,e,e,true,1039306.30
66e1f2708b21704eddaf8388,main-trial-19,d,d,true,1040200.60
66e1f2708b21704eddaf8388,main-trial-19,a,a,true,1040447.90
66e1f2708b21704eddaf8388,main-trial-19, , ,true,1040767.90
66e1f2708b21704eddaf8388,main-trial-19,v,v,true,1041338.20
66e1f2708b21704eddaf8388,main-trial-19,r,r,true,1041686.30
66e1f2708b21704eddaf8388,main-trial-19, , ,true,1041942.70
66e1f2708b21704eddaf8388,main-trial-19,v,v,true,1042636.00
66e1f2708b21704eddaf8388,main-trial-19,r,r,true,1042858.30
66e1f2708b21704eddaf8388,main-trial-19, , ,true,1043101.90
66e1f2708b21704eddaf8388,main-trial-19,v,v,true,1043657.60
66e1f2708b21704eddaf8388,main-trial-19,r,r,true,1043845.10
66e1f2708b21704eddaf8388,main-trial-19, , ,true,1044122.90
66e1f2708b21704eddaf8388,main-trial-19,j,j,true,1045197.50
66e1f2708b21704eddaf8388,main-trial-19,d,d,true,1046176.80
66e1f2708b21704eddaf8388,main-trial-19,a,a,true,1046480.10
66e1f2708b21704eddaf8388,main-trial-19,x,x,true,1047528.20
66e1f2708b21704eddaf8388,main-trial-19,w,w,true,1048691.50
66e1f2708b21704eddaf8388,main-trial-19, , ,true,1049102.00
66e1f2708b21704eddaf8388,main-trial-19,f,f,true,1049464.10
66e1f2708b21704eddaf8388,main-trial-19,r,r,true,1049721.60
66e1f2708b21704eddaf8388,main-trial-19, , ,true,1049944.40
66e1f2708b21704eddaf8388,main-trial-19,f,f,true,1050403.20
66e1f2708b21704eddaf8388,main-trial-19,r,r,true,1050583.40
66e1f2708b21704eddaf8388,main-trial-19, , ,true,1050929.20
66e1f2708b21704eddaf8388,main-trial-19,f,f,true,1051264.50
66e1f2708b21704eddaf8388,main-trial-19,r,r,true,1051481.00
66e1f2708b21704eddaf8388,main-trial-19, , ,true,1051762.10
66e1f2708b21704eddaf8388,main-trial-19,b,b,true,1053339.20
66e1f2708b21704eddaf8388,main-trial-19,z,z,true,1053820.40
66e1f2708b21704eddaf8388,main-trial-19,e,e,true,1054314.20
66e1f2708b21704eddaf8388,main-trial-19,l,l,true,1055348.00
66e1f2708b21704eddaf8388,main-trial-19,p,p,true,1055631.00
66e1f2708b21704eddaf8388,main-trial-19, ,v,false,1056578.80
66e1f2708b21704eddaf8388,main-trial-19, ,r,false,1057094.70
66e1f2708b21704eddaf8388,main-trial-19, , ,true,1058224.90
66e1f2708b21704eddaf8388,main-trial-19,v,v,true,1059058.60
66e1f2708b21704eddaf8388,main-trial-19,r,r,true,1059248.60
66e1f2708b21704eddaf8388,main-trial-19, , ,true,1059488.60
66e1f2708b21704eddaf8388,main-trial-19,f,f,true,1060306.30
66e1f2708b21704eddaf8388,main-trial-19,r,r,true,1060495.60
66e1f2708b21704eddaf8388,main-trial-19, , ,true,1060935.50
66e1f2708b21704eddaf8388,main-trial-19,v,v,true,1061430.40
66e1f2708b21704eddaf8388,main-trial-19,r,r,true,1061781.90
66e1f2708b21704eddaf8388,main-trial-19, , ,true,1062112.00
66e1f2708b21704eddaf8388,main-trial-19,f,f,true,1062703.10
66e1f2708b21704eddaf8388,main-trial-19,r,r,true,1062964.80
66e1f2708b21704eddaf8388,main-trial-19, , ,true,1063297.50
66e1f2708b21704eddaf8388,main-trial-19,v,v,true,1063937.60
66e1f2708b21704eddaf8388,main-trial-19,r,r,true,1064148.90
66e1f2708b21704eddaf8388,main-trial-19, , ,true,1064447.50
66e1f2708b21704eddaf8388,main-trial-19,f,f,true,1065422.10
66e1f2708b21704eddaf8388,main-trial-19,r,r,true,1065663.40
66e1f2708b21704eddaf8388,main-trial-20,q,q,true,1073426.00
66e1f2708b21704eddaf8388,main-trial-20,g,g,true,1076124.50
66e1f2708b21704eddaf8388,main-trial-20,c,c,true,1076865.10
66e1f2708b21704eddaf8388,main-trial-20,m,m,true,1077429.20
66e1f2708b21704eddaf8388,main-trial-20,u,u,true,1078532.60
66e1f2708b21704eddaf8388,main-trial-20, , ,true,1078917.00
66e1f2708b21704eddaf8388,main-trial-20,d,d,true,1079499.80
66e1f2708b21704eddaf8388,main-trial-20,s,s,true,1079857.80
66e1f2708b21704eddaf8388,main-trial-20, , ,true,1080093.80
66e1f2708b21704eddaf8388,main-trial-20,d,d,true,1080757.30
66e1f2708b21704eddaf8388,main-trial-20,s,s,true,1080949.20
66e1f2708b21704eddaf8388,main-trial-20, , ,true,1081163.70
66e1f2708b21704eddaf8388,main-trial-20,d,d,true,1081542.40
66e1f2708b21704eddaf8388,main-trial-20,s,s,true,1081784.50
66e1f2708b21704eddaf8388,main-trial-20, , ,true,1082030.00
66e1f2708b21704eddaf8388,main-trial-20,a,a,true,1082899.40
66e1f2708b21704eddaf8388,main-trial-20,v,v,true,1083866.40
66e1f2708b21704eddaf8388,main-trial-20,x,x,true,1085123.30
66e1f2708b21704eddaf8388,main-trial-20,x,x,true,1085324.50
66e1f2708b21704eddaf8388,main-trial-20,x,x,true,1085537.60
66e1f2708b21704eddaf8388,main-trial-20, , ,true,1086141.40
66e1f2708b21704eddaf8388,main-trial-20,w,w,true,1086618.90
66e1f2708b21704eddaf8388,main-trial-20,d,d,true,1087028.80
66e1f2708b21704eddaf8388,main-trial-20, , ,true,1087598.70
66e1f2708b21704eddaf8388,main-trial-20,w,w,true,1087892.60
66e1f2708b21704eddaf8388,main-trial-20,d,d,true,1088137.50
66e1f2708b21704eddaf8388,main-trial-20, , ,true,1088511.50
66e1f2708b21704eddaf8388,main-trial-20,w,w,true,1088986.60
66e1f2708b21704eddaf8388,main-trial-20,d,d,true,1089213.80
66e1f2708b21704eddaf8388,main-trial-20, , ,true,1089555.40
66e1f2708b21704eddaf8388,main-trial-20,c,c,true,1089878.70
66e1f2708b21704eddaf8388,main-trial-20,v,v,true,1090174.30
66e1f2708b21704eddaf8388,main-trial-20,b,b,true,1091500.10
66e1f2708b21704eddaf8388,main-trial-20,x,x,true,1092434.00
66e1f2708b21704eddaf8388,main-trial-20,m,m,true,1092767.30
66e1f2708b21704eddaf8388,main-trial-20, , ,true,1093294.70
66e1f2708b21704eddaf8388,main-trial-20,d,d,true,1093813.00
66e1f2708b21704eddaf8388,main-trial-20,s,s,true,1094147.70
66e1f2708b21704eddaf8388,main-trial-20, , ,true,1094461.10
66e1f2708b21704eddaf8388,main-trial-20,w,w,true,1095062.20
66e1f2708b21704eddaf8388,main-trial-20,d,d,true,1095358.40
66e1f2708b21704eddaf8388,main-trial-20, , ,true,1095753.50
66e1f2708b21704eddaf8388,main-trial-20,d,d,true,1096238.50
66e1f2708b21704eddaf8388,main-trial-20,s,s,true,1096485.50
66e1f2708b21704eddaf8388,main-trial-20, , ,true,1096749.80
66e1f2708b21704eddaf8388,main-trial-20,w,w,true,1097676.80
66e1f2708b21704eddaf8388,main-trial-20,d,d,true,1097989.60
66e1f2708b21704eddaf8388,main-trial-20, , ,true,1098363.70
66e1f2708b21704eddaf8388,main-trial-20,d,d,true,1098996.70
66e1f2708b21704eddaf8388,main-trial-20,s,s,true,1099266.60
66e1f2708b21704eddaf8388,main-trial-20, , ,true,1099499.20
66e1f2708b21704eddaf8388,main-trial-20,w,w,true,1100235.40
66e1f2708b21704eddaf8388,main-trial-20,d,d,true,1100483.80
66e1f2708b21704eddaf8388,main-trial-21,x,x,true,1105848.30
66e1f2708b21704eddaf8388,main-trial-21,f,f,true,1106916.90
66e1f2708b21704eddaf8388,main-trial-21,s,s,true,1107314.50
66e1f2708b21704eddaf8388,main-trial-21,g,g,true,1108753.50
66e1f2708b21704eddaf8388,main-trial-21,k,k,true,1118622.20
66e1f2708b21704eddaf8388,main-trial-21, ,e,false,1119455.30
66e1f2708b21704eddaf8388,main-trial-21, ,f,false,1119636.00
66e1f2708b21704eddaf8388,main-trial-21, , ,true,1119932.90
66e1f2708b21704eddaf8388,main-trial-21,e, ,false,1121074.30
66e1f2708b21704eddaf8388,main-trial-21,e,e,true,1121333.40
66e1f2708b21704eddaf8388,main-trial-21,f,f,true,1121522.30
66e1f2708b21704eddaf8388,main-trial-21, , ,true,1121903.60
66e1f2708b21704eddaf8388,main-trial-21,e,e,true,1122321.00
66e1f2708b21704eddaf8388,main-trial-21,f,f,true,1122515.90
66e1f2708b21704eddaf8388,main-trial-21, , ,true,1122866.60
66e1f2708b21704eddaf8388,main-trial-21,e,e,true,1123370.80
66e1f2708b21704eddaf8388,main-trial-21,f,f,true,1123562.10
66e1f2708b21704eddaf8388,main-trial-21, , ,true,1123907.50
66e1f2708b21704eddaf8388,main-trial-21,z,z,true,1124836.10
66e1f2708b21704eddaf8388,main-trial-21,j,y,false,1125450.10
66e1f2708b21704eddaf8388,main-trial-21,j,j,true,1126457.40
66e1f2708b21704eddaf8388,main-trial-21,s,s,true,1127546.90
66e1f2708b21704eddaf8388,main-trial-21,n,n,true,1128262.90
66e1f2708b21704eddaf8388,main-trial-21,b,b,true,1129092.70
66e1f2708b21704eddaf8388,main-trial-21, , ,true,1129376.80
66e1f2708b21704eddaf8388,main-trial-21,f,f,true,1130028.20
66e1f2708b21704eddaf8388,main-trial-21,e,e,true,1130236.20
66e1f2708b21704eddaf8388,main-trial-21, , ,true,1130486.00
66e1f2708b21704eddaf8388,main-trial-21,f,f,true,1131268.30
66e1f2708b21704eddaf8388,main-trial-21,e,e,true,1131518.40
66e1f2708b21704eddaf8388,main-trial-21, , ,true,1131829.60
66e1f2708b21704eddaf8388,main-trial-21,f,f,true,1132265.80
66e1f2708b21704eddaf8388,main-trial-21,e,e,true,1132527.40
66e1f2708b21704eddaf8388,main-trial-21, , ,true,1132739.50
66e1f2708b21704eddaf8388,main-trial-21,n,n,true,1133659.00
66e1f2708b21704eddaf8388,main-trial-21,h,h,true,1134076.70
66e1f2708b21704eddaf8388,main-trial-21,h,h,true,1134764.80
66e1f2708b21704eddaf8388,main-trial-21,s,s,true,1135866.50
66e1f2708b21704eddaf8388,main-trial-21,z,z,true,1136190.30
66e1f2708b21704eddaf8388,main-trial-21, , ,true,1136600.00
66e1f2708b21704eddaf8388,main-trial-21,e,e,true,1137199.00
66e1f2708b21704eddaf8388,main-trial-21,f,f,true,1137444.00
66e1f2708b21704eddaf8388,main-trial-21, , ,true,1137853.90
66e1f2708b21704eddaf8388,main-trial-21,f,f,true,1138314.90
66e1f2708b21704eddaf8388,main-trial-21,e,e,true,1138591.40
66e1f2708b21704eddaf8388,main-trial-21, , ,true,1138806.50
66e1f2708b21704eddaf8388,main-trial-21,e,e,true,1139792.20
66e1f2708b21704eddaf8388,main-trial-21,f,f,true,1139992.40
66e1f2708b21704eddaf8388,main-trial-21, , ,true,1140361.50
66e1f2708b21704eddaf8388,main-trial-21,f,f,true,1141050.70
66e1f2708b21704eddaf8388,main-trial-21,e,e,true,1141348.70
66e1f2708b21704eddaf8388,main-trial-21, , ,true,1141885.70
66e1f2708b21704eddaf8388,main-trial-21,e,e,true,1142653.80
66e1f2708b21704eddaf8388,main-trial-21,f,f,true,1142854.20
66e1f2708b21704eddaf8388,main-trial-21, , ,true,1143289.20
66e1f2708b21704eddaf8388,main-trial-21,f,f,true,1143811.90
66e1f2708b21704eddaf8388,main-trial-21,e,e,true,1144172.70
66e1f2708b21704eddaf8388,main-trial-22,j,j,true,1149653.30
66e1f2708b21704eddaf8388,main-trial-22,m,m,true,1150654.30
66e1f2708b21704eddaf8388,main-trial-22,n,n,true,1152688.70
66e1f2708b21704eddaf8388,main-trial-22,w,w,true,1153900.90
66e1f2708b21704eddaf8388,main-trial-22,s,z,false,1154356.50
66e1f2708b21704eddaf8388,main-trial-22,s,s,true,1154872.90
66e1f2708b21704eddaf8388,main-trial-22, , ,true,1155370.80
66e1f2708b21704eddaf8388,main-trial-22,z,z,true,1155993.80
66e1f2708b21704eddaf8388,main-trial-22,x,x,true,1156598.10
66e1f2708b21704eddaf8388,main-trial-22, , ,true,1157050.30
66e1f2708b21704eddaf8388,main-trial-22,z,z,true,1157669.20
66e1f2708b21704eddaf8388,main-trial-22,x,x,true,1157919.90
66e1f2708b21704eddaf8388,main-trial-22, , ,true,1158302.60
66e1f2708b21704eddaf8388,main-trial-22,z,z,true,1158904.50
66e1f2708b21704eddaf8388,main-trial-22,x,x,true,1159153.80
66e1f2708b21704eddaf8388,main-trial-22, , ,true,1159424.60
66e1f2708b21704eddaf8388,main-trial-22,v,v,true,1159948.80
66e1f2708b21704eddaf8388,main-trial-22,d,d,true,1161075.20
66e1f2708b21704eddaf8388,main-trial-22,p,p,true,1162186.20
66e1f2708b21704eddaf8388,main-trial-22,b,b,true,1163104.20
66e1f2708b21704eddaf8388,main-trial-22,n,n,true,1163480.90
66e1f2708b21704eddaf8388,main-trial-22, , ,true,1163931.70
66e1f2708b21704eddaf8388,main-trial-22,z,z,true,1164644.70
66e1f2708b21704eddaf8388,main-trial-22,e,e,true,1164819.60
66e1f2708b21704eddaf8388,main-trial-22, ,z,false,1165748.90
66e1f2708b21704eddaf8388,main-trial-22, ,e,false,1165954.90
66e1f2708b21704eddaf8388,main-trial-22, , ,true,1166303.60
66e1f2708b21704eddaf8388,main-trial-22,z,z,true,1167022.70
66e1f2708b21704eddaf8388,main-trial-22,e,e,true,1167309.90
66e1f2708b21704eddaf8388,main-trial-22, , ,true,1167783.60
66e1f2708b21704eddaf8388,main-trial-22,z,z,true,1168186.30
66e1f2708b21704eddaf8388,main-trial-22,e,e,true,1168433.20
66e1f2708b21704eddaf8388,main-trial-22, , ,true,1168862.70
66e1f2708b21704eddaf8388,main-trial-22,c,c,true,1169577.10
66e1f2708b21704eddaf8388,main-trial-22,t,t,true,1169929.70
66e1f2708b21704eddaf8388,main-trial-22,s,s,true,1170800.50
66e1f2708b21704eddaf8388,main-trial-22,p,p,true,1171366.70
66e1f2708b21704eddaf8388,main-trial-22,v,v,true,1172079.20
66e1f2708b21704eddaf8388,main-trial-22, , ,true,1172397.00
66e1f2708b21704eddaf8388,main-trial-22,z,z,true,1172991.40
66e1f2708b21704eddaf8388,main-trial-22,x,x,true,1173304.50
66e1f2708b21704eddaf8388,main-trial-22, , ,true,1173750.80
66e1f2708b21704eddaf8388,main-trial-22,z,z,true,1174183.00
66e1f2708b21704eddaf8388,main-trial-22,e,e,true,1174667.50
66e1f2708b21704eddaf8388,main-trial-22, , ,true,1175048.90
66e1f2708b21704eddaf8388,main-trial-22,z,z,true,1175623.90
66e1f2708b21704eddaf8388,main-trial-22,x,x,true,1175857.10
66e1f2708b21704eddaf8388,main-trial-22, , ,true,1176206.30
66e1f2708b21704eddaf8388,main-trial-22,z,z,true,1176835.30
66e1f2708b21704eddaf8388,main-trial-22,e,e,true,1177202.70
66e1f2708b21704eddaf8388,main-trial-22, , ,true,1177590.40
66e1f2708b21704eddaf8388,main-trial-22,z,z,true,1178158.70
66e1f2708b21704eddaf8388,main-trial-22,x,x,true,1178418.20
66e1f2708b21704eddaf8388,main-trial-22, , ,true,1178822.20
66e1f2708b21704eddaf8388,main-trial-22,z,z,true,1179297.00
66e1f2708b21704eddaf8388,main-trial-22,e,e,true,1179786.40
66e1f2708b21704eddaf8388,main-trial-23,j,j,true,1182930.60
66e1f2708b21704eddaf8388,main-trial-23,r,r,true,1183824.50
66e1f2708b21704eddaf8388,main-trial-23,u,u,true,1184912.40
66e1f2708b21704eddaf8388,main-trial-23,d,d,true,1185252.70
66e1f2708b21704eddaf8388,main-trial-23,s,s,true,1185853.60
66e1f2708b21704eddaf8388,main-trial-23, , ,true,1186393.50
66e1f2708b21704eddaf8388,main-trial-23,f,f,true,1187035.90
66e1f2708b21704eddaf8388,main-trial-23,d,d,true,1187326.40
66e1f2708b21704eddaf8388,main-trial-23, , ,true,1187642.20
66e1f2708b21704eddaf8388,main-trial-23,f,f,true,1188148.50
66e1f2708b21704eddaf8388,main-trial-23,d,d,true,1188417.80
66e1f2708b21704eddaf8388,main-trial-23, , ,true,1188664.10
66e1f2708b21704eddaf8388,main-trial-23,f,f,true,1189105.50
66e1f2708b21704eddaf8388,main-trial-23,d,d,true,1189345.20
66e1f2708b21704eddaf8388,main-trial-23, , ,true,1189571.70
66e1f2708b21704eddaf8388,main-trial-23,l,l,true,1190299.90
66e1f2708b21704eddaf8388,main-trial-23,b,b,true,1190791.30
66e1f2708b21704eddaf8388,main-trial-23,l,l,true,1191964.40
66e1f2708b21704eddaf8388,main-trial-23,j,j,true,1193719.80
66e1f2708b21704eddaf8388,main-trial-23,c,c,true,1194096.90
66e1f2708b21704eddaf8388,main-trial-23, , ,true,1194399.70
66e1f2708b21704eddaf8388,main-trial-23,d,d,true,1195082.00
66e1f2708b21704eddaf8388,main-trial-23,r,r,true,1195304.50
66e1f2708b21704eddaf8388,main-trial-23, , ,true,1195603.90
66e1f2708b21704eddaf8388,main-trial-23,d,d,true,1195942.00
66e1f2708b21704eddaf8388,main-trial-23,r,r,true,1196158.80
66e1f2708b21704eddaf8388,main-trial-23, , ,true,1196579.60
66e1f2708b21704eddaf8388,main-trial-23,d,d,true,1197008.70
66e1f2708b21704eddaf8388,main-trial-23,r,r,true,1197271.50
66e1f2708b21704eddaf8388,main-trial-23, , ,true,1197657.60
66e1f2708b21704eddaf8388,main-trial-23,z,z,true,1198411.80
66e1f2708b21704eddaf8388,main-trial-23,y,y,true,1198789.20
66e1f2708b21704eddaf8388,main-trial-23,a,a,true,1199712.00
66e1f2708b21704eddaf8388,main-trial-23,s,s,true,1200100.30
66e1f2708b21704eddaf8388,main-trial-23,g,g,true,1201097.20
66e1f2708b21704eddaf8388,main-trial-23, , ,true,1201478.70
66e1f2708b21704eddaf8388,main-trial-23,f,f,true,1203310.70
66e1f2708b21704eddaf8388,main-trial-23,d,d,true,1203656.90
66e1f2708b21704eddaf8388,main-trial-23, , ,true,1203941.10
66e1f2708b21704eddaf8388,main-trial-23,d,f,false,1204537.70
66e1f2708b21704eddaf8388,main-trial-23,d,d,true,1205900.30
66e1f2708b21704eddaf8388,main-trial-23,r,r,true,1206070.60
66e1f2708b21704eddaf8388,main-trial-23, , ,true,1206494.80
66e1f2708b21704eddaf8388,main-trial-23,f,f,true,1207244.50
66e1f2708b21704eddaf8388,main-trial-23,d,d,true,1207953.60
66e1f2708b21704eddaf8388,main-trial-23, , ,true,1208193.10
66e1f2708b21704eddaf8388,main-trial-23,d,d,true,1208834.70
66e1f2708b21704eddaf8388,main-trial-23,r,r,true,1208987.00
66e1f2708b21704eddaf8388,main-trial-23, , ,true,1209368.30
66e1f2708b21704eddaf8388,main-trial-23,f,f,true,1210141.20
66e1f2708b21704eddaf8388,main-trial-23,d,d,true,1210413.50
66e1f2708b21704eddaf8388,main-trial-23, , ,true,1210624.30
66e1f2708b21704eddaf8388,main-trial-23,d,d,true,1212497.90
66e1f2708b21704eddaf8388,main-trial-23,r,r,true,1212671.30
66e1f2708b21704eddaf8388,main-trial-24,e,e,true,1219609.90
66e1f2708b21704eddaf8388,main-trial-24,h,h,true,1219917.10
66e1f2708b21704eddaf8388,main-trial-24,k,k,true,1220904.80
66e1f2708b21704eddaf8388,main-trial-24,o,o,true,1221216.10
66e1f2708b21704eddaf8388,main-trial-24,i,i,true,1221426.70
66e1f2708b21704eddaf8388,main-trial-24, ,w,false,1222382.00
66e1f2708b21704eddaf8388,main-trial-24, ,f,false,1222579.00
66e1f2708b21704eddaf8388,main-trial-24, , ,true,1222922.10
66e1f2708b21704eddaf8388,main-trial-24,w, ,false,1223794.70
66e1f2708b21704eddaf8388,main-trial-24,w,w,true,1224179.50
66e1f2708b21704eddaf8388,main-trial-24,f,f,true,1224358.80
66e1f2708b21704eddaf8388,main-trial-24, , ,true,1224754.70
66e1f2708b21704eddaf8388,main-trial-24,w,w,true,1225126.40
66e1f2708b21704eddaf8388,main-trial-24,f,f,true,1225354.50
66e1f2708b21704eddaf8388,main-trial-24, , ,true,1225644.70
66e1f2708b21704eddaf8388,main-trial-24,w,w,true,1226272.10
66e1f2708b21704eddaf8388,main-trial-24,f,f,true,1226474.40
66e1f2708b21704eddaf8388,main-trial-24, , ,true,1226813.10
66e1f2708b21704eddaf8388,main-trial-24,b,b,true,1227408.40
66e1f2708b21704eddaf8388,main-trial-24,y,y,true,1227718.90
66e1f2708b21704eddaf8388,main-trial-24,n, ,false,1228089.30
66e1f2708b21704eddaf8388,main-trial-24,n,n,true,1228583.40
66e1f2708b21704eddaf8388,main-trial-24,x,x,true,1229741.00
66e1f2708b21704eddaf8388,main-trial-24,t,t,true,1230353.10
66e1f2708b21704eddaf8388,main-trial-24, , ,true,1230914.90
66e1f2708b21704eddaf8388,main-trial-24,s,s,true,1231336.10
66e1f2708b21704eddaf8388,main-trial-24,r,r,true,1231522.60
66e1f2708b21704eddaf8388,main-trial-24, , ,true,1232154.40
66e1f2708b21704eddaf8388,main-trial-24,s,s,true,1232656.80
66e1f2708b21704eddaf8388,main-trial-24,r,r,true,1232908.80
66e1f2708b21704eddaf8388,main-trial-24, , ,true,1233278.30
66e1f2708b21704eddaf8388,main-trial-24,s,s,true,1233611.60
66e1f2708b21704eddaf8388,main-trial-24,r,r,true,1233907.80
66e1f2708b21704eddaf8388,main-trial-24, , ,true,1234246.40
66e1f2708b21704eddaf8388,main-trial-24,r,r,true,1235165.00
66e1f2708b21704eddaf8388,main-trial-24,y,y,true,1235825.90
66e1f2708b21704eddaf8388,main-trial-24,j,j,true,1236877.50
66e1f2708b21704eddaf8388,main-trial-24,q,q,true,1238242.20
66e1f2708b21704eddaf8388,main-trial-24,z,z,true,1238998.60
66e1f2708b21704eddaf8388,main-trial-24, , ,true,1239488.80
66e1f2708b21704eddaf8388,main-trial-24,w,w,true,1240017.20
66e1f2708b21704eddaf8388,main-trial-24,f,f,true,1240301.10
66e1f2708b21704eddaf8388,main-trial-24, , ,true,1240624.60
66e1f2708b21704eddaf8388,main-trial-24,s,s,true,1241247.80
66e1f2708b21704eddaf8388,main-trial-24,r,r,true,1241553.30
66e1f2708b21704eddaf8388,main-trial-24, , ,true,1241926.90
66e1f2708b21704eddaf8388,main-trial-24,w,w,true,1242612.10
66e1f2708b21704eddaf8388,main-trial-24,f,f,true,1242803.00
66e1f2708b21704eddaf8388,main-trial-24, , ,true,1243170.10
66e1f2708b21704eddaf8388,main-trial-24,s,s,true,1243886.80
66e1f2708b21704eddaf8388,main-trial-24,r,r,true,1244213.50
66e1f2708b21704eddaf8388,main-trial-24, , ,true,1244607.40
66e1f2708b21704eddaf8388,main-trial-24,w,w,true,1245381.40
66e1f2708b21704eddaf8388,main-trial-24,f,f,true,1245813.90
66e1f2708b21704eddaf8388,main-trial-24, , ,true,1246218.70
66e1f2708b21704eddaf8388,main-trial-24,s,s,true,1246777.80
66e1f2708b21704eddaf8388,main-trial-24,r,r,true,1247045.70
66e1f2708b21704eddaf8388,main-trial-25,k,k,true,1250915.80
66e1f2708b21704eddaf8388,main-trial-25,s,s,true,1251255.00
66e1f2708b21704eddaf8388,main-trial-25,j,j,true,1252838.40
66e1f2708b21704eddaf8388,main-trial-25,p,p,true,1253593.60
66e1f2708b21704eddaf8388,main-trial-25,o,o,true,1253798.20
66e1f2708b21704eddaf8388,main-trial-25, , ,true,1254730.40
66e1f2708b21704eddaf8388,main-trial-25,c,c,true,1255082.80
66e1f2708b21704eddaf8388,main-trial-25,r,r,true,1255361.00
66e1f2708b21704eddaf8388,main-trial-25, , ,true,1255768.70
66e1f2708b21704eddaf8388,main-trial-25,c,c,true,1256161.50
66e1f2708b21704eddaf8388,main-trial-25,r,r,true,1256433.20
66e1f2708b21704eddaf8388,main-trial-25, , ,true,1256779.60
66e1f2708b21704eddaf8388,main-trial-25,c,c,true,1257198.10
66e1f2708b21704eddaf8388,main-trial-25,r,r,true,1257472.70
66e1f2708b21704eddaf8388,main-trial-25, , ,true,1257812.30
66e1f2708b21704eddaf8388,main-trial-25,u,u,true,1259217.40
66e1f2708b21704eddaf8388,main-trial-25,z,z,true,1259534.20
66e1f2708b21704eddaf8388,main-trial-25,j,j,true,1260506.00
66e1f2708b21704eddaf8388,main-trial-25,t,t,true,1261945.60
66e1f2708b21704eddaf8388,main-trial-25,k,k,true,1262562.90
66e1f2708b21704eddaf8388,main-trial-25, , ,true,1262985.60
66e1f2708b21704eddaf8388,main-trial-25,v,v,true,1263403.10
66e1f2708b21704eddaf8388,main-trial-25,r,r,true,1263688.30
66e1f2708b21704eddaf8388,main-trial-25, , ,true,1264064.50
66e1f2708b21704eddaf8388,main-trial-25,v,v,true,1264399.80
66e1f2708b21704eddaf8388,main-trial-25,r,r,true,1264768.30
66e1f2708b21704eddaf8388,main-trial-25, , ,true,1265043.30
66e1f2708b21704eddaf8388,main-trial-25,v,v,true,1265448.70
66e1f2708b21704eddaf8388,main-trial-25,r,r,true,1265706.20
66e1f2708b21704eddaf8388,main-trial-25, , ,true,1265917.70
66e1f2708b21704eddaf8388,main-trial-25,m,m,true,1266713.80
66e1f2708b21704eddaf8388,main-trial-25,u,u,true,1267004.10
66e1f2708b21704eddaf8388,main-trial-25,f,f,true,1267959.20
66e1f2708b21704eddaf8388,main-trial-25,b,b,true,1268873.80
66e1f2708b21704eddaf8388,main-trial-25,n,n,true,1269258.40
66e1f2708b21704eddaf8388,main-trial-25, , ,true,1269643.50
66e1f2708b21704eddaf8388,main-trial-25,c,c,true,1270319.20
66e1f2708b21704eddaf8388,main-trial-25,r,r,true,1270527.00
66e1f2708b21704eddaf8388,main-trial-25, , ,true,1270906.70
66e1f2708b21704eddaf8388,main-trial-25,v,v,true,1271350.80
66e1f2708b21704eddaf8388,main-trial-25,r,r,true,1271583.80
66e1f2708b21704eddaf8388,main-trial-25, , ,true,1271891.50
66e1f2708b21704eddaf8388,main-trial-25,c,c,true,1272456.00
66e1f2708b21704eddaf8388,main-trial-25,r,r,true,1272716.10
66e1f2708b21704eddaf8388,main-trial-25, , ,true,1273150.20
66e1f2708b21704eddaf8388,main-trial-25,v,v,true,1273632.20
66e1f2708b21704eddaf8388,main-trial-25,r,r,true,1273970.30
66e1f2708b21704eddaf8388,main-trial-25, , ,true,1274241.20
66e1f2708b21704eddaf8388,main-trial-25,c,c,true,1274967.40
66e1f2708b21704eddaf8388,main-trial-25,r,r,true,1275199.60
66e1f2708b21704eddaf8388,main-trial-25, , ,true,1275472.60
66e1f2708b21704eddaf8388,main-trial-25,v,v,true,1275990.80
66e1f2708b21704eddaf8388,main-trial-25,r,r,true,1276429.50
66e1f2708b21704eddaf8388,main-trial-26,g,g,true,1280636.30
66e1f2708b21704eddaf8388,main-trial-26,c,c,true,1281243.60
66e1f2708b21704eddaf8388,main-trial-26,f,f,true,1282090.00
66e1f2708b21704eddaf8388,main-trial-26,y,y,true,1282438.30
66e1f2708b21704eddaf8388,main-trial-26,j,j,true,1283389.70
66e1f2708b21704eddaf8388,main-trial-26, , ,true,1283770.90
66e1f2708b21704eddaf8388,main-trial-26,w,w,true,1284358.40
66e1f2708b21704eddaf8388,main-trial-26,d,d,true,1284678.30
66e1f2708b21704eddaf8388,main-trial-26, , ,true,1285056.90
66e1f2708b21704eddaf8388,main-trial-26,w,w,true,1285521.00
66e1f2708b21704eddaf8388,main-trial-26,d,d,true,1285745.00
66e1f2708b21704eddaf8388,main-trial-26, , ,true,1286102.70
66e1f2708b21704eddaf8388,main-trial-26,w,w,true,1286415.00
66e1f2708b21704eddaf8388,main-trial-26,d,d,true,1286686.20
66e1f2708b21704eddaf8388,main-trial-26, , ,true,1287005.60
66e1f2708b21704eddaf8388,main-trial-26,c,c,true,1287681.30
66e1f2708b21704eddaf8388,main-trial-26,w,w,true,1287979.40
66e1f2708b21704eddaf8388,main-trial-26,z,z,true,1289173.20
66e1f2708b21704eddaf8388,main-trial-26,l,l,true,1290096.50
66e1f2708b21704eddaf8388,main-trial-26,d,d,true,1290406.60
66e1f2708b21704eddaf8388,main-trial-26, , ,true,1290679.10
66e1f2708b21704eddaf8388,main-trial-26,s,s,true,1291437.80
66e1f2708b21704eddaf8388,main-trial-26,e,e,true,1291656.90
66e1f2708b21704eddaf8388,main-trial-26, , ,true,1292037.20
66e1f2708b21704eddaf8388,main-trial-26,s,s,true,1292433.70
66e1f2708b21704eddaf8388,main-trial-26,e,e,true,1292721.20
66e1f2708b21704eddaf8388,main-trial-26, , ,true,1293058.70
66e1f2708b21704eddaf8388,main-trial-26,s,s,true,1293401.50
66e1f2708b21704eddaf8388,main-trial-26,e,e,true,1293652.70
66e1f2708b21704eddaf8388,main-trial-26, , ,true,1294003.00
66e1f2708b21704eddaf8388,main-trial-26,p,p,true,1294655.40
66e1f2708b21704eddaf8388,main-trial-26,n,n,true,1295063.80
66e1f2708b21704eddaf8388,main-trial-26,r,r,true,1296046.00
66e1f2708b21704eddaf8388,main-trial-26,k,k,true,1296866.90
66e1f2708b21704eddaf8388,main-trial-26,p,p,true,1297199.00
66e1f2708b21704eddaf8388,main-trial-26, , ,true,1297673.30
66e1f2708b21704eddaf8388,main-trial-26,w,w,true,1298088.40
66e1f2708b21704eddaf8388,main-trial-26,d,d,true,1298405.30
66e1f2708b21704eddaf8388,main-trial-26, , ,true,1298681.00
66e1f2708b21704eddaf8388,main-trial-26,s,s,true,1299428.40
66e1f2708b21704eddaf8388,main-trial-26,e,e,true,1299743.20
66e1f2708b21704eddaf8388,main-trial-26, , ,true,1299995.50
66e1f2708b21704eddaf8388,main-trial-26,w,w,true,1300404.70
66e1f2708b21704eddaf8388,main-trial-26,d,d,true,1300758.90
66e1f2708b21704eddaf8388,main-trial-26, , ,true,1301023.70
66e1f2708b21704eddaf8388,main-trial-26,s,s,true,1301467.40
66e1f2708b21704eddaf8388,main-trial-26,e,e,true,1301747.70
66e1f2708b21704eddaf8388,main-trial-26, , ,true,1302151.30
66e1f2708b21704eddaf8388,main-trial-26,w,w,true,1302633.10
66e1f2708b21704eddaf8388,main-trial-26,d,d,true,1303102.80
66e1f2708b21704eddaf8388,main-trial-26, , ,true,1303579.10
66e1f2708b21704eddaf8388,main-trial-26,s,s,true,1304073.70
66e1f2708b21704eddaf8388,main-trial-26,e,e,true,1304358.10
66e1f2708b21704eddaf8388,main-trial-27,h,h,true,1307825.00
66e1f2708b21704eddaf8388,main-trial-27,d,d,true,1309112.50
66e1f2708b21704eddaf8388,main-trial-27,k,k,true,1309969.20
66e1f2708b21704eddaf8388,main-trial-27,f,f,true,1310433.40
66e1f2708b21704eddaf8388,main-trial-27,d,d,true,1311028.30
66e1f2708b21704eddaf8388,main-trial-27, , ,true,1311287.90
66e1f2708b21704eddaf8388,main-trial-27,d,d,true,1311757.80
66e1f2708b21704eddaf8388,main-trial-27,r,r,true,1312029.40
66e1f2708b21704eddaf8388,main-trial-27, , ,true,1312387.30
66e1f2708b21704eddaf8388,main-trial-27,d,d,true,1312745.70
66e1f2708b21704eddaf8388,main-trial-27,r,r,true,1312998.40
66e1f2708b21704eddaf8388,main-trial-27, , ,true,1313332.50
66e1f2708b21704eddaf8388,main-trial-27,d,d,true,1313688.60
66e1f2708b21704eddaf8388,main-trial-27,r,r,true,1313938.70
66e1f2708b21704eddaf8388,main-trial-27, , ,true,1314302.90
66e1f2708b21704eddaf8388,main-trial-27,p,p,true,1314974.90
66e1f2708b21704eddaf8388,main-trial-27,h,h,true,1315495.20
66e1f2708b21704eddaf8388,main-trial-27,x,x,true,1316678.50
66e1f2708b21704eddaf8388,main-trial-27,w,w,true,1317617.60
66e1f2708b21704eddaf8388,main-trial-27,z,z,true,1318339.00
66e1f2708b21704eddaf8388,main-trial-27, , ,true,1319112.80
66e1f2708b21704eddaf8388,main-trial-27,e,e,true,1319494.90
66e1f2708b21704eddaf8388,main-trial-27,f,f,true,1319776.00
66e1f2708b21704eddaf8388,main-trial-27, , ,true,1320181.40
66e1f2708b21704eddaf8388,main-trial-27,e,e,true,1320709.20
66e1f2708b21704eddaf8388,main-trial-27,f,f,true,1320952.20
66e1f2708b21704eddaf8388,main-trial-27, , ,true,1321384.70
66e1f2708b21704eddaf8388,main-trial-27,e,e,true,1321929.90
66e1f2708b21704eddaf8388,main-trial-27,f,f,true,1322179.80
66e1f2708b21704eddaf8388,main-trial-27, , ,true,1322609.80
66e1f2708b21704eddaf8388,main-trial-27,w,w,true,1323317.20
66e1f2708b21704eddaf8388,main-trial-27,r,r,true,1323595.30
66e1f2708b21704eddaf8388,main-trial-27,b,b,true,1324571.60
66e1f2708b21704eddaf8388,main-trial-27,l,l,true,1325219.30
66e1f2708b21704eddaf8388,main-trial-27,x,x,true,1326055.40
66e1f2708b21704eddaf8388,main-trial-27, , ,true,1326537.10
66e1f2708b21704eddaf8388,main-trial-27,d,d,true,1327017.40
66e1f2708b21704eddaf8388,main-trial-27,r,r,true,1327309.60
66e1f2708b21704eddaf8388,main-trial-27, , ,true,1327799.90
66e1f2708b21704eddaf8388,main-trial-27,e,e,true,1328313.20
66e1f2708b21704eddaf8388,main-trial-27,f,f,true,1328568.40
66e1f2708b21704eddaf8388,main-trial-27, , ,true,1328968.80
66e1f2708b21704eddaf8388,main-trial-27,d,d,true,1329560.30
66e1f2708b21704eddaf8388,main-trial-27,r,r,true,1329849.10
66e1f2708b21704eddaf8388,main-trial-27, , ,true,1330210.90
66e1f2708b21704eddaf8388,main-trial-27,e,e,true,1330677.90
66e1f2708b21704eddaf8388,main-trial-27,f,f,true,1330887.60
66e1f2708b21704eddaf8388,main-trial-27, , ,true,1331299.70
66e1f2708b21704eddaf8388,main-trial-27,d,d,true,1331863.30
66e1f2708b21704eddaf8388,main-trial-27,r,r,true,1332119.00
66e1f2708b21704eddaf8388,main-trial-27, , ,true,1332511.50
66e1f2708b21704eddaf8388,main-trial-27,e,e,true,1332964.10
66e1f2708b21704eddaf8388,main-trial-27,f,f,true,1333198.00
