user_id,trialId,expectedKey,typedKey,isCorrect,keydownTime
66f5c81fa771db6db1bc2382,intro-trial-1,t,t,true,50336.80
66f5c81fa771db6db1bc2382,intro-trial-1,f,f,true,50629.80
66f5c81fa771db6db1bc2382,intro-trial-1,y,f,false,50821.70
66f5c81fa771db6db1bc2382,intro-trial-1,y,y,true,51298.80
66f5c81fa771db6db1bc2382,intro-trial-1,y,y,true,51533.70
66f5c81fa771db6db1bc2382,intro-trial-1,w,w,true,51856.80
66f5c81fa771db6db1bc2382,intro-trial-1, , ,true,52110.70
66f5c81fa771db6db1bc2382,intro-trial-1,d,d,true,52280.90
66f5c81fa771db6db1bc2382,intro-trial-1,f,f,true,52479.60
66f5c81fa771db6db1bc2382,intro-trial-1, , ,true,52631.70
66f5c81fa771db6db1bc2382,intro-trial-1,d,d,true,52897.70
66f5c81fa771db6db1bc2382,intro-trial-1,f,f,true,52993.80
66f5c81fa771db6db1bc2382,intro-trial-1, , ,true,53089.80
66f5c81fa771db6db1bc2382,intro-trial-1,d,d,true,53292.80
66f5c81fa771db6db1bc2382,intro-trial-1,f,f,true,53377.80
66f5c81fa771db6db1bc2382,intro-trial-1, , ,true,53469.70
66f5c81fa771db6db1bc2382,intro-trial-1,q,q,true,53815.70
66f5c81fa771db6db1bc2382,intro-trial-1,i,i,true,53942.60
66f5c81fa771db6db1bc2382,intro-trial-1,f,f,true,54109.80
66f5c81fa771db6db1bc2382,intro-trial-1,j,j,true,54549.70
66f5c81fa771db6db1bc2382,intro-trial-1,h,h,true,54848.80
66f5c81fa771db6db1bc2382,intro-trial-1, , ,true,55008.70
66f5c81fa771db6db1bc2382,intro-trial-1,e,e,true,55189.80
66f5c81fa771db6db1bc2382,intro-trial-1,f,f,true,55320.80
66f5c81fa771db6db1bc2382,intro-trial-1, , ,true,55441.70
66f5c81fa771db6db1bc2382,intro-trial-1,e,e,true,55564.60
66f5c81fa771db6db1bc2382,intro-trial-1,f,f,true,55645.60
66f5c81fa771db6db1bc2382,intro-trial-1, , ,true,55759.40
66f5c81fa771db6db1bc2382,intro-trial-1,e,e,true,55865.70
66f5c81fa771db6db1bc2382,intro-trial-1,f,f,true,55952.60
66f5c81fa771db6db1bc2382,intro-trial-1, , ,true,56044.80
66f5c81fa771db6db1bc2382,intro-trial-1,o,o,true,56236.60
66f5c81fa771db6db1bc2382,intro-trial-1,b,b,true,56426.70
66f5c81fa771db6db1bc2382,intro-trial-1,k,k,true,56750.00
66f5c81fa771db6db1bc2382,intro-trial-1,x,x,true,57515.60
66f5c81fa771db6db1bc2382,intro-trial-1,p,p,true,57663.60
66f5c81fa771db6db1bc2382,intro-trial-1, , ,true,57804.60
66f5c81fa771db6db1bc2382,intro-trial-1,d,d,true,58282.70
66f5c81fa771db6db1bc2382,intro-trial-1,f,f,true,58407.60
66f5c81fa771db6db1bc2382,intro-trial-1, , ,true,58500.60
66f5c81fa771db6db1bc2382,intro-trial-1,e,e,true,58852.60
66f5c81fa771db6db1bc2382,intro-trial-1,f,f,true,58974.60
66f5c81fa771db6db1bc2382,intro-trial-1, , ,true,59083.70
66f5c81fa771db6db1bc2382,intro-trial-1,d,d,true,59300.60
66f5c81fa771db6db1bc2382,intro-trial-1,f,f,true,59396.60
66f5c81fa771db6db1bc2382,intro-trial-1, , ,true,59522.60
66f5c81fa771db6db1bc2382,intro-trial-1,e,e,true,59720.60
66f5c81fa771db6db1bc2382,intro-trial-1,f,f,true,59866.60
66f5c81fa771db6db1bc2382,intro-trial-1, , ,true,59964.50
66f5c81fa771db6db1bc2382,intro-trial-1,d,d,true,60216.50
66f5c81fa771db6db1bc2382,intro-trial-1,f,f,true,60469.70
66f5c81fa771db6db1bc2382,intro-trial-1, , ,true,60582.50
66f5c81fa771db6db1bc2382,intro-trial-1,e,e,true,60748.70
66f5c81fa771db6db1bc2382,intro-trial-1,f,f,true,60861.50
66f5c81fa771db6db1bc2382,intro-trial-1,, ,false,61038.60
66f5c81fa771db6db1bc2382,intro-trial-2,n,n,true,76815.60
66f5c81fa771db6db1bc2382,intro-trial-2,p,p,true,77013.30
66f5c81fa771db6db1bc2382,intro-trial-2,e,e,true,77300.20
66f5c81fa771db6db1bc2382,intro-trial-2,y,y,true,77393.30
66f5c81fa771db6db1bc2382,intro-trial-2,b,b,true,77670.20
66f5c81fa771db6db1bc2382,intro-trial-2, , ,true,77803.30
66f5c81fa771db6db1bc2382,intro-trial-2,q,q,true,78135.30
66f5c81fa771db6db1bc2382,intro-trial-2,s,w,false,78292.20
66f5c81fa771db6db1bc2382,intro-trial-2,s, ,false,78457.30
66f5c81fa771db6db1bc2382,intro-trial-2,s,s,true,78910.30
66f5c81fa771db6db1bc2382,intro-trial-2, , ,true,79110.30
66f5c81fa771db6db1bc2382,intro-trial-2,q,q,true,79458.30
66f5c81fa771db6db1bc2382,intro-trial-2,s,s,true,79644.20
66f5c81fa771db6db1bc2382,intro-trial-2, , ,true,79831.20
66f5c81fa771db6db1bc2382,intro-trial-2,q,q,true,79985.30
66f5c81fa771db6db1bc2382,intro-trial-2,s,s,true,80102.30
66f5c81fa771db6db1bc2382,intro-trial-2, ,w,false,80138.20
66f5c81fa771db6db1bc2382,intro-trial-2, , ,true,80426.30
66f5c81fa771db6db1bc2382,intro-trial-2,l,l,true,80601.30
66f5c81fa771db6db1bc2382,intro-trial-2,l,l,true,80791.70
66f5c81fa771db6db1bc2382,intro-trial-2,s,s,true,80959.20
66f5c81fa771db6db1bc2382,intro-trial-2,l,l,true,81224.20
66f5c81fa771db6db1bc2382,intro-trial-2,a,a,true,81375.30
66f5c81fa771db6db1bc2382,intro-trial-2, , ,true,81528.30
66f5c81fa771db6db1bc2382,intro-trial-2,s,s,true,81737.20
66f5c81fa771db6db1bc2382,intro-trial-2,a,a,true,81869.20
66f5c81fa771db6db1bc2382,intro-trial-2, , ,true,81991.10
66f5c81fa771db6db1bc2382,intro-trial-2,s,s,true,82127.20
66f5c81fa771db6db1bc2382,intro-trial-2,a,a,true,82248.20
66f5c81fa771db6db1bc2382,intro-trial-2, , ,true,82346.20
66f5c81fa771db6db1bc2382,intro-trial-2,s,a,false,82501.20
66f5c81fa771db6db1bc2382,intro-trial-2,s,s,true,82558.30
66f5c81fa771db6db1bc2382,intro-trial-2,a,a,true,82835.20
66f5c81fa771db6db1bc2382,intro-trial-2, , ,true,82969.20
66f5c81fa771db6db1bc2382,intro-trial-2,t,t,true,83425.50
66f5c81fa771db6db1bc2382,intro-trial-2,u,u,true,83634.10
66f5c81fa771db6db1bc2382,intro-trial-2,k,k,true,83761.30
66f5c81fa771db6db1bc2382,intro-trial-2,w,w,true,84085.20
66f5c81fa771db6db1bc2382,intro-trial-2,b,b,true,84251.30
66f5c81fa771db6db1bc2382,intro-trial-2, , ,true,84384.20
66f5c81fa771db6db1bc2382,intro-trial-2,q,q,true,84762.10
66f5c81fa771db6db1bc2382,intro-trial-2,s,s,true,85032.30
66f5c81fa771db6db1bc2382,intro-trial-2, , ,true,85237.20
66f5c81fa771db6db1bc2382,intro-trial-2,s,s,true,85600.10
66f5c81fa771db6db1bc2382,intro-trial-2,a,a,true,85700.20
66f5c81fa771db6db1bc2382,intro-trial-2, , ,true,85843.10
66f5c81fa771db6db1bc2382,intro-trial-2,q,q,true,86158.10
66f5c81fa771db6db1bc2382,intro-trial-2,s,s,true,86385.20
66f5c81fa771db6db1bc2382,intro-trial-2, , ,true,86609.10
66f5c81fa771db6db1bc2382,intro-trial-2,s,s,true,86901.10
66f5c81fa771db6db1bc2382,intro-trial-2,a,a,true,87014.30
66f5c81fa771db6db1bc2382,intro-trial-2, , ,true,87124.10
66f5c81fa771db6db1bc2382,intro-trial-2,q,q,true,87445.10
66f5c81fa771db6db1bc2382,intro-trial-2,s,s,true,87657.10
66f5c81fa771db6db1bc2382,intro-trial-2, , ,true,87797.00
66f5c81fa771db6db1bc2382,intro-trial-2,s,s,true,88011.30
66f5c81fa771db6db1bc2382,intro-trial-2,a,a,true,88122.10
66f5c81fa771db6db1bc2382,intro-trial-3,f,f,true,99185.80
66f5c81fa771db6db1bc2382,intro-trial-3,e,e,true,99368.90
66f5c81fa771db6db1bc2382,intro-trial-3,j,j,true,99413.90
66f5c81fa771db6db1bc2382,intro-trial-3,b,b,true,99871.90
66f5c81fa771db6db1bc2382,intro-trial-3,q,q,true,100293.90
66f5c81fa771db6db1bc2382,intro-trial-3, , ,true,100414.70
66f5c81fa771db6db1bc2382,intro-trial-3,f,f,true,100588.90
66f5c81fa771db6db1bc2382,intro-trial-3,g,g,true,100884.90
66f5c81fa771db6db1bc2382,intro-trial-3, , ,true,101006.80
66f5c81fa771db6db1bc2382,intro-trial-3,f,f,true,101283.00
66f5c81fa771db6db1bc2382,intro-trial-3,g,g,true,101523.80
66f5c81fa771db6db1bc2382,intro-trial-3, , ,true,101637.80
66f5c81fa771db6db1bc2382,intro-trial-3,f,f,true,102171.90
66f5c81fa771db6db1bc2382,intro-trial-3,g,g,true,102369.80
66f5c81fa771db6db1bc2382,intro-trial-3, , ,true,102478.90
66f5c81fa771db6db1bc2382,intro-trial-3,w,w,true,102801.90
66f5c81fa771db6db1bc2382,intro-trial-3,l,l,true,102900.80
66f5c81fa771db6db1bc2382,intro-trial-3,f,f,true,103181.80
66f5c81fa771db6db1bc2382,intro-trial-3,j,j,true,103963.90
66f5c81fa771db6db1bc2382,intro-trial-3,x,x,true,104074.00
66f5c81fa771db6db1bc2382,intro-trial-3, , ,true,104210.80
66f5c81fa771db6db1bc2382,intro-trial-3,f,f,true,104367.90
66f5c81fa771db6db1bc2382,intro-trial-3,r,r,true,104563.80
66f5c81fa771db6db1bc2382,intro-trial-3, , ,true,104701.90
66f5c81fa771db6db1bc2382,intro-trial-3,f,f,true,104804.60
66f5c81fa771db6db1bc2382,intro-trial-3,r,r,true,104992.90
66f5c81fa771db6db1bc2382,intro-trial-3, , ,true,105075.80
66f5c81fa771db6db1bc2382,intro-trial-3,f,f,true,105224.80
66f5c81fa771db6db1bc2382,intro-trial-3,r,r,true,105414.80
66f5c81fa771db6db1bc2382,intro-trial-3, , ,true,105495.80
66f5c81fa771db6db1bc2382,intro-trial-3,u,u,true,105667.80
66f5c81fa771db6db1bc2382,intro-trial-3,o,o,true,105924.80
66f5c81fa771db6db1bc2382,intro-trial-3,i,i,true,106108.40
66f5c81fa771db6db1bc2382,intro-trial-3,e,e,true,106437.80
66f5c81fa771db6db1bc2382,intro-trial-3,l,l,true,106519.80
66f5c81fa771db6db1bc2382,intro-trial-3, , ,true,106708.80
66f5c81fa771db6db1bc2382,intro-trial-3,f,f,true,106938.90
66f5c81fa771db6db1bc2382,intro-trial-3,g,g,true,107200.80
66f5c81fa771db6db1bc2382,intro-trial-3, , ,true,107301.70
66f5c81fa771db6db1bc2382,intro-trial-3,f,f,true,107694.80
66f5c81fa771db6db1bc2382,intro-trial-3,r,r,true,108070.70
66f5c81fa771db6db1bc2382,intro-trial-3, , ,true,108231.70
66f5c81fa771db6db1bc2382,intro-trial-3,f,f,true,108447.80
66f5c81fa771db6db1bc2382,intro-trial-3,g,g,true,108656.80
66f5c81fa771db6db1bc2382,intro-trial-3, , ,true,108743.80
66f5c81fa771db6db1bc2382,intro-trial-3,f,f,true,108987.80
66f5c81fa771db6db1bc2382,intro-trial-3,r,r,true,109175.80
66f5c81fa771db6db1bc2382,intro-trial-3, , ,true,109257.70
66f5c81fa771db6db1bc2382,intro-trial-3,f,f,true,109515.80
66f5c81fa771db6db1bc2382,intro-trial-3,g,g,true,109713.70
66f5c81fa771db6db1bc2382,intro-trial-3, , ,true,109835.60
66f5c81fa771db6db1bc2382,intro-trial-3,f,f,true,109983.80
66f5c81fa771db6db1bc2382,intro-trial-3,r,r,true,110193.80
66f5c81fa771db6db1bc2382,main-trial-1,r,r,true,121948.50
66f5c81fa771db6db1bc2382,main-trial-1,n,n,true,122038.40
66f5c81fa771db6db1bc2382,main-trial-1,o,o,true,122187.40
66f5c81fa771db6db1bc2382,main-trial-1,s,s,true,122357.60
66f5c81fa771db6db1bc2382,main-trial-1,v,v,true,122521.50
66f5c81fa771db6db1bc2382,main-trial-1, , ,true,122620.60
66f5c81fa771db6db1bc2382,main-trial-1,s,s,true,122795.50
66f5c81fa771db6db1bc2382,main-trial-1,e,e,true,122917.40
66f5c81fa771db6db1bc2382,main-trial-1, , ,true,123039.40
66f5c81fa771db6db1bc2382,main-trial-1,s,s,true,123144.30
66f5c81fa771db6db1bc2382,main-trial-1,e,e,true,123217.60
66f5c81fa771db6db1bc2382,main-trial-1, , ,true,123322.30
66f5c81fa771db6db1bc2382,main-trial-1,s,s,true,123469.50
66f5c81fa771db6db1bc2382,main-trial-1,e,e,true,123521.40
66f5c81fa771db6db1bc2382,main-trial-1, ,e,false,123606.40
66f5c81fa771db6db1bc2382,main-trial-1, , ,true,123933.40
66f5c81fa771db6db1bc2382,main-trial-1,x,x,true,124077.40
66f5c81fa771db6db1bc2382,main-trial-1,t,t,true,124298.40
66f5c81fa771db6db1bc2382,main-trial-1,s,s,true,124534.40
66f5c81fa771db6db1bc2382,main-trial-1,l,l,true,124711.50
66f5c81fa771db6db1bc2382,main-trial-1,d,d,true,124787.50
66f5c81fa771db6db1bc2382,main-trial-1, , ,true,125188.40
66f5c81fa771db6db1bc2382,main-trial-1,w,w,true,125367.40
66f5c81fa771db6db1bc2382,main-trial-1,d,d,true,125578.60
66f5c81fa771db6db1bc2382,main-trial-1, , ,true,125725.40
66f5c81fa771db6db1bc2382,main-trial-1,w,w,true,125870.40
66f5c81fa771db6db1bc2382,main-trial-1,d,d,true,125979.50
66f5c81fa771db6db1bc2382,main-trial-1, , ,true,126113.40
66f5c81fa771db6db1bc2382,main-trial-1,w,w,true,126245.40
66f5c81fa771db6db1bc2382,main-trial-1,d,d,true,126344.40
66f5c81fa771db6db1bc2382,main-trial-1, , ,true,126445.30
66f5c81fa771db6db1bc2382,main-trial-1,r,r,true,126740.40
66f5c81fa771db6db1bc2382,main-trial-1,q,e,false,126903.30
66f5c81fa771db6db1bc2382,main-trial-1,q,q,true,127296.80
66f5c81fa771db6db1bc2382,main-trial-1,e,u,false,127683.30
66f5c81fa771db6db1bc2382,main-trial-1,e,e,true,127822.30
66f5c81fa771db6db1bc2382,main-trial-1,u,u,true,128439.40
66f5c81fa771db6db1bc2382,main-trial-1,o,o,true,128625.40
66f5c81fa771db6db1bc2382,main-trial-1, , ,true,128897.40
66f5c81fa771db6db1bc2382,main-trial-1,s,s,true,129104.40
66f5c81fa771db6db1bc2382,main-trial-1,e,e,true,129194.40
66f5c81fa771db6db1bc2382,main-trial-1, , ,true,129275.30
66f5c81fa771db6db1bc2382,main-trial-1,w,w,true,129851.30
66f5c81fa771db6db1bc2382,main-trial-1,d,d,true,130057.40
66f5c81fa771db6db1bc2382,main-trial-1, , ,true,130184.30
66f5c81fa771db6db1bc2382,main-trial-1,s,s,true,130493.40
66f5c81fa771db6db1bc2382,main-trial-1,e,e,true,130588.30
66f5c81fa771db6db1bc2382,main-trial-1, , ,true,130712.30
66f5c81fa771db6db1bc2382,main-trial-1,w,w,true,131032.40
66f5c81fa771db6db1bc2382,main-trial-1,d,d,true,131247.20
66f5c81fa771db6db1bc2382,main-trial-1, , ,true,131379.20
66f5c81fa771db6db1bc2382,main-trial-1,s,s,true,131728.30
66f5c81fa771db6db1bc2382,main-trial-1,e,e,true,131840.40
66f5c81fa771db6db1bc2382,main-trial-1, , ,true,131977.20
66f5c81fa771db6db1bc2382,main-trial-1,w,w,true,132155.20
66f5c81fa771db6db1bc2382,main-trial-1,d,d,true,132310.30
66f5c81fa771db6db1bc2382,main-trial-2,e,e,true,165634.30
66f5c81fa771db6db1bc2382,main-trial-2,c,c,true,165929.70
66f5c81fa771db6db1bc2382,main-trial-2,n,n,true,167213.60
66f5c81fa771db6db1bc2382,main-trial-2,l,l,true,167362.60
66f5c81fa771db6db1bc2382,main-trial-2,e,e,true,167497.60
66f5c81fa771db6db1bc2382,main-trial-2, , ,true,167624.70
66f5c81fa771db6db1bc2382,main-trial-2,f,f,true,167812.60
66f5c81fa771db6db1bc2382,main-trial-2,d,d,true,167923.70
66f5c81fa771db6db1bc2382,main-trial-2, , ,true,168060.80
66f5c81fa771db6db1bc2382,main-trial-2,f,d,false,168208.70
66f5c81fa771db6db1bc2382,main-trial-2,f,f,true,168287.70
66f5c81fa771db6db1bc2382,main-trial-2,d,d,true,168570.70
66f5c81fa771db6db1bc2382,main-trial-2, , ,true,168684.70
66f5c81fa771db6db1bc2382,main-trial-2,f,f,true,168943.60
66f5c81fa771db6db1bc2382,main-trial-2,d,d,true,169027.60
66f5c81fa771db6db1bc2382,main-trial-2, , ,true,169153.50
66f5c81fa771db6db1bc2382,main-trial-2,x,x,true,169376.60
66f5c81fa771db6db1bc2382,main-trial-2,b,b,true,169599.70
66f5c81fa771db6db1bc2382,main-trial-2,f,f,true,169829.70
66f5c81fa771db6db1bc2382,main-trial-2,u,u,true,170070.60
66f5c81fa771db6db1bc2382,main-trial-2,e,e,true,170260.70
66f5c81fa771db6db1bc2382,main-trial-2, , ,true,170381.60
66f5c81fa771db6db1bc2382,main-trial-2,d,d,true,170631.50
66f5c81fa771db6db1bc2382,main-trial-2,r,d,false,170779.60
66f5c81fa771db6db1bc2382,main-trial-2,r,r,true,171128.60
66f5c81fa771db6db1bc2382,main-trial-2, , ,true,171238.50
66f5c81fa771db6db1bc2382,main-trial-2,d,d,true,171404.60
66f5c81fa771db6db1bc2382,main-trial-2,r,r,true,171557.60
66f5c81fa771db6db1bc2382,main-trial-2, , ,true,171631.60
66f5c81fa771db6db1bc2382,main-trial-2,d,d,true,171766.60
66f5c81fa771db6db1bc2382,main-trial-2,r,r,true,171895.60
66f5c81fa771db6db1bc2382,main-trial-2, , ,true,171975.60
66f5c81fa771db6db1bc2382,main-trial-2,h,h,true,172318.70
66f5c81fa771db6db1bc2382,main-trial-2,q,q,true,172544.60
66f5c81fa771db6db1bc2382,main-trial-2,r,r,true,172854.50
66f5c81fa771db6db1bc2382,main-trial-2,k,k,true,173129.60
66f5c81fa771db6db1bc2382,main-trial-2,f,f,true,173405.50
66f5c81fa771db6db1bc2382,main-trial-2, , ,true,173952.70
66f5c81fa771db6db1bc2382,main-trial-2,f,f,true,174091.50
66f5c81fa771db6db1bc2382,main-trial-2,d,d,true,174261.50
66f5c81fa771db6db1bc2382,main-trial-2, , ,true,174404.70
66f5c81fa771db6db1bc2382,main-trial-2,d,f,false,174593.60
66f5c81fa771db6db1bc2382,main-trial-2,d,d,true,174708.50
66f5c81fa771db6db1bc2382,main-trial-2,r,r,true,175111.50
66f5c81fa771db6db1bc2382,main-trial-2, , ,true,175208.40
66f5c81fa771db6db1bc2382,main-trial-2,f,f,true,175586.60
66f5c81fa771db6db1bc2382,main-trial-2,d,d,true,175734.10
66f5c81fa771db6db1bc2382,main-trial-2, , ,true,175854.60
66f5c81fa771db6db1bc2382,main-trial-2,d,d,true,176314.50
66f5c81fa771db6db1bc2382,main-trial-2,r,r,true,176490.50
66f5c81fa771db6db1bc2382,main-trial-2, , ,true,176568.60
66f5c81fa771db6db1bc2382,main-trial-2,f,f,true,176821.50
66f5c81fa771db6db1bc2382,main-trial-2,d,d,true,177043.60
66f5c81fa771db6db1bc2382,main-trial-2, , ,true,177236.50
66f5c81fa771db6db1bc2382,main-trial-2,d,d,true,177596.60
66f5c81fa771db6db1bc2382,main-trial-2,r,r,true,177768.40
66f5c81fa771db6db1bc2382,main-trial-3,c,c,true,186211.00
66f5c81fa771db6db1bc2382,main-trial-3,q,d,false,186234.50
66f5c81fa771db6db1bc2382,main-trial-3,q,q,true,186768.70
66f5c81fa771db6db1bc2382,main-trial-3,c,c,true,187226.80
66f5c81fa771db6db1bc2382,main-trial-3,k,k,true,187580.50
66f5c81fa771db6db1bc2382,main-trial-3,w,w,true,187748.30
66f5c81fa771db6db1bc2382,main-trial-3, , ,true,187923.30
66f5c81fa771db6db1bc2382,main-trial-3,d,d,true,188075.40
66f5c81fa771db6db1bc2382,main-trial-3,f,f,true,188238.30
66f5c81fa771db6db1bc2382,main-trial-3, , ,true,188360.50
66f5c81fa771db6db1bc2382,main-trial-3,d,d,true,188456.30
66f5c81fa771db6db1bc2382,main-trial-3,f,f,true,188553.40
66f5c81fa771db6db1bc2382,main-trial-3, , ,true,188638.30
66f5c81fa771db6db1bc2382,main-trial-3,d,d,true,188754.30
66f5c81fa771db6db1bc2382,main-trial-3,f,f,true,188834.30
66f5c81fa771db6db1bc2382,main-trial-3, , ,true,188912.30
66f5c81fa771db6db1bc2382,main-trial-3,n,n,true,189142.30
66f5c81fa771db6db1bc2382,main-trial-3,s,i,false,189308.30
66f5c81fa771db6db1bc2382,main-trial-3,s,s,true,189383.30
66f5c81fa771db6db1bc2382,main-trial-3,i,h,false,189768.30
66f5c81fa771db6db1bc2382,main-trial-3,i,i,true,190198.30
66f5c81fa771db6db1bc2382,main-trial-3,h,h,true,190429.30
66f5c81fa771db6db1bc2382,main-trial-3,y,y,true,190642.40
66f5c81fa771db6db1bc2382,main-trial-3, , ,true,190763.20
66f5c81fa771db6db1bc2382,main-trial-3,f,f,true,190960.30
66f5c81fa771db6db1bc2382,main-trial-3,g,g,true,191269.30
66f5c81fa771db6db1bc2382,main-trial-3, , ,true,191415.30
66f5c81fa771db6db1bc2382,main-trial-3,f,f,true,191609.40
66f5c81fa771db6db1bc2382,main-trial-3,g,g,true,191806.30
66f5c81fa771db6db1bc2382,main-trial-3, , ,true,191906.30
66f5c81fa771db6db1bc2382,main-trial-3,f,f,true,192043.50
66f5c81fa771db6db1bc2382,main-trial-3,g,g,true,192234.30
66f5c81fa771db6db1bc2382,main-trial-3, , ,true,192311.20
66f5c81fa771db6db1bc2382,main-trial-3,k,k,true,192530.30
66f5c81fa771db6db1bc2382,main-trial-3,q,q,true,192893.30
66f5c81fa771db6db1bc2382,main-trial-3,t,t,true,193250.30
66f5c81fa771db6db1bc2382,main-trial-3,c,c,true,193449.30
66f5c81fa771db6db1bc2382,main-trial-3,n,n,true,193702.30
66f5c81fa771db6db1bc2382,main-trial-3, , ,true,193876.30
66f5c81fa771db6db1bc2382,main-trial-3,d,d,true,194187.20
66f5c81fa771db6db1bc2382,main-trial-3,f,f,true,194337.20
66f5c81fa771db6db1bc2382,main-trial-3, , ,true,194442.30
66f5c81fa771db6db1bc2382,main-trial-3,f,d,false,194638.20
66f5c81fa771db6db1bc2382,main-trial-3,f,f,true,194724.30
66f5c81fa771db6db1bc2382,main-trial-3,g,f,false,195068.20
66f5c81fa771db6db1bc2382,main-trial-3,g,g,true,195299.20
66f5c81fa771db6db1bc2382,main-trial-3, , ,true,195488.30
66f5c81fa771db6db1bc2382,main-trial-3,d,d,true,195820.30
66f5c81fa771db6db1bc2382,main-trial-3,f,f,true,195983.20
66f5c81fa771db6db1bc2382,main-trial-3, , ,true,196123.10
66f5c81fa771db6db1bc2382,main-trial-3,f,f,true,196359.70
66f5c81fa771db6db1bc2382,main-trial-3,g,g,true,196642.20
66f5c81fa771db6db1bc2382,main-trial-3, , ,true,196874.20
66f5c81fa771db6db1bc2382,main-trial-3,d,d,true,197235.20
66f5c81fa771db6db1bc2382,main-trial-3,f,f,true,197393.30
66f5c81fa771db6db1bc2382,main-trial-3, , ,true,197719.10
66f5c81fa771db6db1bc2382,main-trial-3,f,f,true,198113.20
66f5c81fa771db6db1bc2382,main-trial-3,g,g,true,198329.10
66f5c81fa771db6db1bc2382,main-trial-4,e,d,false,202408.00
66f5c81fa771db6db1bc2382,main-trial-4,e,e,true,202758.10
66f5c81fa771db6db1bc2382,main-trial-4,s,q,false,203089.10
66f5c81fa771db6db1bc2382,main-trial-4,s,s,true,203605.10
66f5c81fa771db6db1bc2382,main-trial-4,q,q,true,203960.30
66f5c81fa771db6db1bc2382,main-trial-4,w,w,true,204297.00
66f5c81fa771db6db1bc2382,main-trial-4,h,b,false,204546.10
66f5c81fa771db6db1bc2382,main-trial-4,h,h,true,204783.10
66f5c81fa771db6db1bc2382,main-trial-4, , ,true,204989.00
66f5c81fa771db6db1bc2382,main-trial-4,f,f,true,205121.00
66f5c81fa771db6db1bc2382,main-trial-4,r,r,true,205332.00
66f5c81fa771db6db1bc2382,main-trial-4, , ,true,205425.20
66f5c81fa771db6db1bc2382,main-trial-4,f,f,true,205547.00
66f5c81fa771db6db1bc2382,main-trial-4,r,r,true,205724.10
66f5c81fa771db6db1bc2382,main-trial-4, , ,true,205810.00
66f5c81fa771db6db1bc2382,main-trial-4,f,f,true,205942.20
66f5c81fa771db6db1bc2382,main-trial-4,r,r,true,206096.10
66f5c81fa771db6db1bc2382,main-trial-4, , ,true,206164.20
66f5c81fa771db6db1bc2382,main-trial-4,e,e,true,206323.10
66f5c81fa771db6db1bc2382,main-trial-4,f,f,true,206593.20
66f5c81fa771db6db1bc2382,main-trial-4,u,u,true,206755.20
66f5c81fa771db6db1bc2382,main-trial-4,c,c,true,206925.00
66f5c81fa771db6db1bc2382,main-trial-4,f,f,true,207199.30
66f5c81fa771db6db1bc2382,main-trial-4, , ,true,207339.10
66f5c81fa771db6db1bc2382,main-trial-4,f,f,true,207610.90
66f5c81fa771db6db1bc2382,main-trial-4,d,d,true,207754.20
66f5c81fa771db6db1bc2382,main-trial-4, , ,true,207899.00
66f5c81fa771db6db1bc2382,main-trial-4,f,f,true,208112.00
66f5c81fa771db6db1bc2382,main-trial-4,d,d,true,208240.90
66f5c81fa771db6db1bc2382,main-trial-4, , ,true,208363.00
66f5c81fa771db6db1bc2382,main-trial-4,f,f,true,208583.00
66f5c81fa771db6db1bc2382,main-trial-4,d,d,true,208678.00
66f5c81fa771db6db1bc2382,main-trial-4, , ,true,208785.00
66f5c81fa771db6db1bc2382,main-trial-4,z,z,true,209023.00
66f5c81fa771db6db1bc2382,main-trial-4,t,t,true,209378.00
66f5c81fa771db6db1bc2382,main-trial-4,v,v,true,209786.00
66f5c81fa771db6db1bc2382,main-trial-4,c,c,true,210018.90
66f5c81fa771db6db1bc2382,main-trial-4,p,p,true,210184.10
66f5c81fa771db6db1bc2382,main-trial-4, , ,true,210425.00
66f5c81fa771db6db1bc2382,main-trial-4,f,f,true,210607.00
66f5c81fa771db6db1bc2382,main-trial-4,r,r,true,210793.90
66f5c81fa771db6db1bc2382,main-trial-4, , ,true,210840.00
66f5c81fa771db6db1bc2382,main-trial-4,f,f,true,211005.00
66f5c81fa771db6db1bc2382,main-trial-4,d,d,true,211327.90
66f5c81fa771db6db1bc2382,main-trial-4, , ,true,211549.00
66f5c81fa771db6db1bc2382,main-trial-4,f,f,true,211835.00
66f5c81fa771db6db1bc2382,main-trial-4,r,r,true,212019.90
66f5c81fa771db6db1bc2382,main-trial-4, , ,true,212096.80
66f5c81fa771db6db1bc2382,main-trial-4,f,f,true,212258.90
66f5c81fa771db6db1bc2382,main-trial-4,d,d,true,212416.00
66f5c81fa771db6db1bc2382,main-trial-4, , ,true,212536.80
66f5c81fa771db6db1bc2382,main-trial-4,f,f,true,212701.90
66f5c81fa771db6db1bc2382,main-trial-4,r,r,true,212931.90
66f5c81fa771db6db1bc2382,main-trial-4, , ,true,213031.00
66f5c81fa771db6db1bc2382,main-trial-4,f,f,true,213220.90
66f5c81fa771db6db1bc2382,main-trial-4,d,d,true,213349.90
66f5c81fa771db6db1bc2382,main-trial-5,g,g,true,219922.80
66f5c81fa771db6db1bc2382,main-trial-5,v,v,true,220196.80
66f5c81fa771db6db1bc2382,main-trial-5,r,r,true,220533.80
66f5c81fa771db6db1bc2382,main-trial-5,d,d,true,220934.90
66f5c81fa771db6db1bc2382,main-trial-5,f,f,true,221147.70
66f5c81fa771db6db1bc2382,main-trial-5, , ,true,221276.80
66f5c81fa771db6db1bc2382,main-trial-5,w,w,true,221495.80
66f5c81fa771db6db1bc2382,main-trial-5,f,f,true,221658.70
66f5c81fa771db6db1bc2382,main-trial-5, , ,true,221830.70
66f5c81fa771db6db1bc2382,main-trial-5,w,w,true,221987.70
66f5c81fa771db6db1bc2382,main-trial-5,f,f,true,222132.60
66f5c81fa771db6db1bc2382,main-trial-5, , ,true,222241.80
66f5c81fa771db6db1bc2382,main-trial-5,w,w,true,222347.60
66f5c81fa771db6db1bc2382,main-trial-5,f,f,true,222454.80
66f5c81fa771db6db1bc2382,main-trial-5, , ,true,222508.90
66f5c81fa771db6db1bc2382,main-trial-5,b,b,true,222718.80
66f5c81fa771db6db1bc2382,main-trial-5,p,p,true,223003.80
66f5c81fa771db6db1bc2382,main-trial-5,e,e,true,223258.70
66f5c81fa771db6db1bc2382,main-trial-5,i,i,true,223482.80
66f5c81fa771db6db1bc2382,main-trial-5,i,i,true,223640.80
66f5c81fa771db6db1bc2382,main-trial-5, , ,true,223808.10
66f5c81fa771db6db1bc2382,main-trial-5,s,s,true,223962.70
66f5c81fa771db6db1bc2382,main-trial-5,r,r,true,224089.70
66f5c81fa771db6db1bc2382,main-trial-5, , ,true,224153.70
66f5c81fa771db6db1bc2382,main-trial-5,s,s,true,224268.50
66f5c81fa771db6db1bc2382,main-trial-5,r,r,true,224357.70
66f5c81fa771db6db1bc2382,main-trial-5, , ,true,224437.70
66f5c81fa771db6db1bc2382,main-trial-5,s,s,true,224522.70
66f5c81fa771db6db1bc2382,main-trial-5,r,r,true,224605.70
66f5c81fa771db6db1bc2382,main-trial-5, , ,true,224647.70
66f5c81fa771db6db1bc2382,main-trial-5,u,u,true,224818.80
66f5c81fa771db6db1bc2382,main-trial-5,m,h,false,225197.70
66f5c81fa771db6db1bc2382,main-trial-5,m,m,true,225521.90
66f5c81fa771db6db1bc2382,main-trial-5,a, ,false,225563.70
66f5c81fa771db6db1bc2382,main-trial-5,a,a,true,225671.70
66f5c81fa771db6db1bc2382,main-trial-5,h,h,true,226000.70
66f5c81fa771db6db1bc2382,main-trial-5,z,z,true,226186.70
66f5c81fa771db6db1bc2382,main-trial-5, , ,true,226325.60
66f5c81fa771db6db1bc2382,main-trial-5,w,w,true,226531.70
66f5c81fa771db6db1bc2382,main-trial-5,f,s,false,226577.60
66f5c81fa771db6db1bc2382,main-trial-5,f,f,true,226732.70
66f5c81fa771db6db1bc2382,main-trial-5, , ,true,226834.60
66f5c81fa771db6db1bc2382,main-trial-5,s,s,true,227010.70
66f5c81fa771db6db1bc2382,main-trial-5,r,r,true,227148.80
66f5c81fa771db6db1bc2382,main-trial-5, , ,true,227236.40
66f5c81fa771db6db1bc2382,main-trial-5,w,w,true,227535.60
66f5c81fa771db6db1bc2382,main-trial-5,f,f,true,227658.60
66f5c81fa771db6db1bc2382,main-trial-5, , ,true,227831.60
66f5c81fa771db6db1bc2382,main-trial-5,s,s,true,227955.70
66f5c81fa771db6db1bc2382,main-trial-5,r,r,true,228089.60
66f5c81fa771db6db1bc2382,main-trial-5, , ,true,228195.50
66f5c81fa771db6db1bc2382,main-trial-5,w,w,true,228468.20
66f5c81fa771db6db1bc2382,main-trial-5,f,s,false,228667.60
66f5c81fa771db6db1bc2382,main-trial-5,f,f,true,228911.60
66f5c81fa771db6db1bc2382,main-trial-5, , ,true,229208.60
66f5c81fa771db6db1bc2382,main-trial-5,s,s,true,229347.60
66f5c81fa771db6db1bc2382,main-trial-5,r,r,true,229483.60
66f5c81fa771db6db1bc2382,main-trial-6,r,r,true,237135.50
66f5c81fa771db6db1bc2382,main-trial-6,w,w,true,237490.40
66f5c81fa771db6db1bc2382,main-trial-6,k,i,false,237643.50
66f5c81fa771db6db1bc2382,main-trial-6,k,k,true,237836.50
66f5c81fa771db6db1bc2382,main-trial-6,i,i,true,238477.60
66f5c81fa771db6db1bc2382,main-trial-6,w,v,false,238592.00
66f5c81fa771db6db1bc2382,main-trial-6,w, ,false,238769.50
66f5c81fa771db6db1bc2382,main-trial-6,w,v,false,238944.40
66f5c81fa771db6db1bc2382,main-trial-6,w,w,true,239510.50
66f5c81fa771db6db1bc2382,main-trial-6, , ,true,239751.40
66f5c81fa771db6db1bc2382,main-trial-6,v,v,true,239916.50
66f5c81fa771db6db1bc2382,main-trial-6,r,r,true,240128.50
66f5c81fa771db6db1bc2382,main-trial-6, , ,true,240193.40
66f5c81fa771db6db1bc2382,main-trial-6,v,v,true,240348.40
66f5c81fa771db6db1bc2382,main-trial-6,r,r,true,240545.60
66f5c81fa771db6db1bc2382,main-trial-6, , ,true,240598.40
66f5c81fa771db6db1bc2382,main-trial-6,v,v,true,240737.40
66f5c81fa771db6db1bc2382,main-trial-6,r,r,true,240908.60
66f5c81fa771db6db1bc2382,main-trial-6, , ,true,240972.40
66f5c81fa771db6db1bc2382,main-trial-6,r,r,true,241369.30
66f5c81fa771db6db1bc2382,main-trial-6,c,c,true,241686.40
66f5c81fa771db6db1bc2382,main-trial-6,y,y,true,241942.30
66f5c81fa771db6db1bc2382,main-trial-6,s,s,true,242265.60
66f5c81fa771db6db1bc2382,main-trial-6,a,a,true,242460.40
66f5c81fa771db6db1bc2382,main-trial-6, , ,true,242574.60
66f5c81fa771db6db1bc2382,main-trial-6,f,f,true,242741.60
66f5c81fa771db6db1bc2382,main-trial-6,r,r,true,242923.40
66f5c81fa771db6db1bc2382,main-trial-6, , ,true,242993.40
66f5c81fa771db6db1bc2382,main-trial-6,f,f,true,243141.40
66f5c81fa771db6db1bc2382,main-trial-6,r,r,true,243324.70
66f5c81fa771db6db1bc2382,main-trial-6, , ,true,243418.40
66f5c81fa771db6db1bc2382,main-trial-6,f,f,true,243543.30
66f5c81fa771db6db1bc2382,main-trial-6,r,r,true,243707.30
66f5c81fa771db6db1bc2382,main-trial-6, , ,true,243803.20
66f5c81fa771db6db1bc2382,main-trial-6,c,c,true,244454.30
66f5c81fa771db6db1bc2382,main-trial-6,q,q,true,244787.40
66f5c81fa771db6db1bc2382,main-trial-6,c,c,true,245019.30
66f5c81fa771db6db1bc2382,main-trial-6,u,u,true,245137.30
66f5c81fa771db6db1bc2382,main-trial-6,b,b,true,245341.40
66f5c81fa771db6db1bc2382,main-trial-6, , ,true,245454.40
66f5c81fa771db6db1bc2382,main-trial-6,v,v,true,245639.40
66f5c81fa771db6db1bc2382,main-trial-6,r,r,true,245928.40
66f5c81fa771db6db1bc2382,main-trial-6, , ,true,246014.40
66f5c81fa771db6db1bc2382,main-trial-6,f,v,false,246129.30
66f5c81fa771db6db1bc2382,main-trial-6,f,r,false,246368.40
66f5c81fa771db6db1bc2382,main-trial-6,f,f,true,246577.40
66f5c81fa771db6db1bc2382,main-trial-6,r,r,true,246776.40
66f5c81fa771db6db1bc2382,main-trial-6, , ,true,246908.30
66f5c81fa771db6db1bc2382,main-trial-6,v,v,true,247150.30
66f5c81fa771db6db1bc2382,main-trial-6,r,r,true,247397.30
66f5c81fa771db6db1bc2382,main-trial-6, , ,true,247546.30
66f5c81fa771db6db1bc2382,main-trial-6,f,f,true,247980.20
66f5c81fa771db6db1bc2382,main-trial-6,r,r,true,248198.30
66f5c81fa771db6db1bc2382,main-trial-6, , ,true,248286.10
66f5c81fa771db6db1bc2382,main-trial-6,v,v,true,248433.30
66f5c81fa771db6db1bc2382,main-trial-6,r,r,true,248875.80
66f5c81fa771db6db1bc2382,main-trial-6, , ,true,249101.30
66f5c81fa771db6db1bc2382,main-trial-6,f,f,true,249281.30
66f5c81fa771db6db1bc2382,main-trial-6,r,r,true,249474.40
66f5c81fa771db6db1bc2382,main-trial-7,b,b,true,254551.20
66f5c81fa771db6db1bc2382,main-trial-7,f,f,true,254693.20
66f5c81fa771db6db1bc2382,main-trial-7,h,x,false,255205.20
66f5c81fa771db6db1bc2382,main-trial-7,h,h,true,255361.10
66f5c81fa771db6db1bc2382,main-trial-7,x,h,false,255655.20
66f5c81fa771db6db1bc2382,main-trial-7,x,x,true,255922.20
66f5c81fa771db6db1bc2382,main-trial-7,r,r,true,256196.20
66f5c81fa771db6db1bc2382,main-trial-7, , ,true,256348.20
66f5c81fa771db6db1bc2382,main-trial-7,e,e,true,256522.20
66f5c81fa771db6db1bc2382,main-trial-7,f, ,false,256819.20
66f5c81fa771db6db1bc2382,main-trial-7,f,f,true,256929.10
66f5c81fa771db6db1bc2382,main-trial-7, , ,true,257371.20
66f5c81fa771db6db1bc2382,main-trial-7,e,e,true,257457.20
66f5c81fa771db6db1bc2382,main-trial-7,f,f,true,257557.20
66f5c81fa771db6db1bc2382,main-trial-7, , ,true,257666.00
66f5c81fa771db6db1bc2382,main-trial-7,e,e,true,257803.20
66f5c81fa771db6db1bc2382,main-trial-7,f,f,true,257868.10
66f5c81fa771db6db1bc2382,main-trial-7, , ,true,257968.10
66f5c81fa771db6db1bc2382,main-trial-7,u,u,true,258182.20
66f5c81fa771db6db1bc2382,main-trial-7,q,q,true,258337.10
66f5c81fa771db6db1bc2382,main-trial-7,x,x,true,258734.20
66f5c81fa771db6db1bc2382,main-trial-7,e,e,true,258975.70
66f5c81fa771db6db1bc2382,main-trial-7,y,y,true,259087.20
66f5c81fa771db6db1bc2382,main-trial-7, , ,true,259199.10
66f5c81fa771db6db1bc2382,main-trial-7,d,d,true,259366.20
66f5c81fa771db6db1bc2382,main-trial-7,r,r,true,259544.10
66f5c81fa771db6db1bc2382,main-trial-7, , ,true,259599.00
66f5c81fa771db6db1bc2382,main-trial-7,d,d,true,259758.10
66f5c81fa771db6db1bc2382,main-trial-7,r,r,true,259851.10
66f5c81fa771db6db1bc2382,main-trial-7, , ,true,259940.00
66f5c81fa771db6db1bc2382,main-trial-7,d,d,true,260084.10
66f5c81fa771db6db1bc2382,main-trial-7,r,r,true,260163.10
66f5c81fa771db6db1bc2382,main-trial-7, , ,true,260245.10
66f5c81fa771db6db1bc2382,main-trial-7,p,p,true,260596.10
66f5c81fa771db6db1bc2382,main-trial-7,c,c,true,260719.10
66f5c81fa771db6db1bc2382,main-trial-7,l,l,true,261015.10
66f5c81fa771db6db1bc2382,main-trial-7,d,d,true,261252.20
66f5c81fa771db6db1bc2382,main-trial-7,d,d,true,261459.10
66f5c81fa771db6db1bc2382,main-trial-7, , ,true,261565.80
66f5c81fa771db6db1bc2382,main-trial-7,e,e,true,261765.00
66f5c81fa771db6db1bc2382,main-trial-7,f,f,true,261877.00
66f5c81fa771db6db1bc2382,main-trial-7, , ,true,261960.10
66f5c81fa771db6db1bc2382,main-trial-7,d,d,true,262103.10
66f5c81fa771db6db1bc2382,main-trial-7,r,r,true,262255.10
66f5c81fa771db6db1bc2382,main-trial-7, , ,true,262347.10
66f5c81fa771db6db1bc2382,main-trial-7,e,e,true,262619.00
66f5c81fa771db6db1bc2382,main-trial-7,f,f,true,262744.10
66f5c81fa771db6db1bc2382,main-trial-7, , ,true,262815.00
66f5c81fa771db6db1bc2382,main-trial-7,d,d,true,262993.00
66f5c81fa771db6db1bc2382,main-trial-7,r,r,true,263182.00
66f5c81fa771db6db1bc2382,main-trial-7, , ,true,263293.00
66f5c81fa771db6db1bc2382,main-trial-7,e,e,true,263502.10
66f5c81fa771db6db1bc2382,main-trial-7,f,f,true,263607.00
66f5c81fa771db6db1bc2382,main-trial-7, , ,true,263711.00
66f5c81fa771db6db1bc2382,main-trial-7,d,d,true,263853.10
66f5c81fa771db6db1bc2382,main-trial-7,r,r,true,264022.00
66f5c81fa771db6db1bc2382,main-trial-8,s,s,true,267250.00
66f5c81fa771db6db1bc2382,main-trial-8,t,t,true,267405.00
66f5c81fa771db6db1bc2382,main-trial-8,n,n,true,268982.20
66f5c81fa771db6db1bc2382,main-trial-8,i,i,true,269193.50
66f5c81fa771db6db1bc2382,main-trial-8,i,i,true,269453.90
66f5c81fa771db6db1bc2382,main-trial-8, , ,true,269600.00
66f5c81fa771db6db1bc2382,main-trial-8,a,a,true,269709.00
66f5c81fa771db6db1bc2382,main-trial-8,a,s,false,269800.00
66f5c81fa771db6db1bc2382,main-trial-8,a,a,true,269913.90
66f5c81fa771db6db1bc2382,main-trial-8, , ,true,270127.90
66f5c81fa771db6db1bc2382,main-trial-8,a,a,true,270292.90
66f5c81fa771db6db1bc2382,main-trial-8,a,a,true,270468.90
66f5c81fa771db6db1bc2382,main-trial-8, , ,true,270602.90
66f5c81fa771db6db1bc2382,main-trial-8,a,a,true,270743.00
66f5c81fa771db6db1bc2382,main-trial-8,a,a,true,270882.10
66f5c81fa771db6db1bc2382,main-trial-8, , ,true,270977.90
66f5c81fa771db6db1bc2382,main-trial-8,q,f,false,271173.00
66f5c81fa771db6db1bc2382,main-trial-8,q,q,true,271497.80
66f5c81fa771db6db1bc2382,main-trial-8,q,q,true,271702.90
66f5c81fa771db6db1bc2382,main-trial-8,r,r,true,272244.00
66f5c81fa771db6db1bc2382,main-trial-8,v,v,true,272494.90
66f5c81fa771db6db1bc2382,main-trial-8,t,t,true,272717.90
66f5c81fa771db6db1bc2382,main-trial-8, , ,true,272829.90
66f5c81fa771db6db1bc2382,main-trial-8,f,f,true,272962.90
66f5c81fa771db6db1bc2382,main-trial-8,f,f,true,273109.00
66f5c81fa771db6db1bc2382,main-trial-8, , ,true,273213.90
66f5c81fa771db6db1bc2382,main-trial-8,f,f,true,273369.90
66f5c81fa771db6db1bc2382,main-trial-8,f,f,true,273505.90
66f5c81fa771db6db1bc2382,main-trial-8, , ,true,273610.80
66f5c81fa771db6db1bc2382,main-trial-8,f,f,true,273770.00
66f5c81fa771db6db1bc2382,main-trial-8,f,f,true,273900.00
66f5c81fa771db6db1bc2382,main-trial-8, , ,true,273953.80
66f5c81fa771db6db1bc2382,main-trial-8,u,u,true,274575.90
66f5c81fa771db6db1bc2382,main-trial-8,f,f,true,274670.10
66f5c81fa771db6db1bc2382,main-trial-8,a,a,true,275323.80
66f5c81fa771db6db1bc2382,main-trial-8,j,j,true,275743.80
66f5c81fa771db6db1bc2382,main-trial-8,y,y,true,275938.90
66f5c81fa771db6db1bc2382,main-trial-8, , ,true,276090.10
66f5c81fa771db6db1bc2382,main-trial-8,a,a,true,276259.80
66f5c81fa771db6db1bc2382,main-trial-8,a,a,true,276460.90
66f5c81fa771db6db1bc2382,main-trial-8, , ,true,276618.90
66f5c81fa771db6db1bc2382,main-trial-8,f,f,true,276891.80
66f5c81fa771db6db1bc2382,main-trial-8,f,f,true,277054.80
66f5c81fa771db6db1bc2382,main-trial-8, , ,true,277142.90
66f5c81fa771db6db1bc2382,main-trial-8,a,a,true,277367.90
66f5c81fa771db6db1bc2382,main-trial-8,a,a,true,277555.90
66f5c81fa771db6db1bc2382,main-trial-8, , ,true,277659.70
66f5c81fa771db6db1bc2382,main-trial-8,f,f,true,277786.80
66f5c81fa771db6db1bc2382,main-trial-8,f,f,true,277939.80
66f5c81fa771db6db1bc2382,main-trial-8, , ,true,278057.80
66f5c81fa771db6db1bc2382,main-trial-8,a,a,true,278200.90
66f5c81fa771db6db1bc2382,main-trial-8,a,a,true,278391.70
66f5c81fa771db6db1bc2382,main-trial-8, , ,true,278560.70
66f5c81fa771db6db1bc2382,main-trial-8,f,f,true,278707.90
66f5c81fa771db6db1bc2382,main-trial-8,f,f,true,278848.80
66f5c81fa771db6db1bc2382,main-trial-9,e,e,true,285705.70
66f5c81fa771db6db1bc2382,main-trial-9,s,v,false,286103.70
66f5c81fa771db6db1bc2382,main-trial-9,s,s,true,286376.60
66f5c81fa771db6db1bc2382,main-trial-9,v,v,true,286544.80
66f5c81fa771db6db1bc2382,main-trial-9,d,d,true,286779.70
66f5c81fa771db6db1bc2382,main-trial-9,h,h,true,287004.70
66f5c81fa771db6db1bc2382,main-trial-9, , ,true,287239.60
66f5c81fa771db6db1bc2382,main-trial-9,s,s,true,287377.80
66f5c81fa771db6db1bc2382,main-trial-9,f,f,true,287476.60
66f5c81fa771db6db1bc2382,main-trial-9, , ,true,287580.70
66f5c81fa771db6db1bc2382,main-trial-9,s,s,true,287672.70
66f5c81fa771db6db1bc2382,main-trial-9,f,f,true,287741.60
66f5c81fa771db6db1bc2382,main-trial-9, , ,true,287831.60
66f5c81fa771db6db1bc2382,main-trial-9,s,s,true,287924.60
66f5c81fa771db6db1bc2382,main-trial-9,f,f,true,288015.70
66f5c81fa771db6db1bc2382,main-trial-9, , ,true,288042.10
66f5c81fa771db6db1bc2382,main-trial-9,e,e,true,288329.70
66f5c81fa771db6db1bc2382,main-trial-9,p,p,true,288579.70
66f5c81fa771db6db1bc2382,main-trial-9,w,w,true,288969.60
66f5c81fa771db6db1bc2382,main-trial-9,t,t,true,289251.60
66f5c81fa771db6db1bc2382,main-trial-9,l,l,true,289455.80
66f5c81fa771db6db1bc2382,main-trial-9, , ,true,289598.60
66f5c81fa771db6db1bc2382,main-trial-9,b,b,true,289792.60
66f5c81fa771db6db1bc2382,main-trial-9,e,e,true,289863.50
66f5c81fa771db6db1bc2382,main-trial-9, , ,true,289959.70
66f5c81fa771db6db1bc2382,main-trial-9,b,b,true,290066.80
66f5c81fa771db6db1bc2382,main-trial-9,e,e,true,290158.60
66f5c81fa771db6db1bc2382,main-trial-9, , ,true,290202.10
66f5c81fa771db6db1bc2382,main-trial-9,b,b,true,290341.40
66f5c81fa771db6db1bc2382,main-trial-9,e,e,true,290421.60
66f5c81fa771db6db1bc2382,main-trial-9, , ,true,290450.50
66f5c81fa771db6db1bc2382,main-trial-9,o,o,true,290995.70
66f5c81fa771db6db1bc2382,main-trial-9,f,f,true,291087.50
66f5c81fa771db6db1bc2382,main-trial-9,w,w,true,291683.60
66f5c81fa771db6db1bc2382,main-trial-9,p,p,true,292052.50
66f5c81fa771db6db1bc2382,main-trial-9,x,x,true,292174.60
66f5c81fa771db6db1bc2382,main-trial-9, , ,true,292273.50
66f5c81fa771db6db1bc2382,main-trial-9,s,s,true,292473.60
66f5c81fa771db6db1bc2382,main-trial-9,f,f,true,292600.40
66f5c81fa771db6db1bc2382,main-trial-9, , ,true,292685.50
66f5c81fa771db6db1bc2382,main-trial-9,b,b,true,292937.60
66f5c81fa771db6db1bc2382,main-trial-9,e,e,true,293015.30
66f5c81fa771db6db1bc2382,main-trial-9, , ,true,293097.50
66f5c81fa771db6db1bc2382,main-trial-9,s,s,true,293279.50
66f5c81fa771db6db1bc2382,main-trial-9,f,f,true,293399.40
66f5c81fa771db6db1bc2382,main-trial-9, , ,true,293497.30
66f5c81fa771db6db1bc2382,main-trial-9,b,b,true,293686.60
66f5c81fa771db6db1bc2382,main-trial-9,e,e,true,293797.50
66f5c81fa771db6db1bc2382,main-trial-9, , ,true,293880.60
66f5c81fa771db6db1bc2382,main-trial-9,s,s,true,294056.60
66f5c81fa771db6db1bc2382,main-trial-9,f,f,true,294221.60
66f5c81fa771db6db1bc2382,main-trial-9, , ,true,294340.50
66f5c81fa771db6db1bc2382,main-trial-9,b,b,true,294494.50
66f5c81fa771db6db1bc2382,main-trial-9,e,e,true,294578.60
66f5c81fa771db6db1bc2382,main-trial-10,c,c,true,303194.40
66f5c81fa771db6db1bc2382,main-trial-10,t,t,true,303418.40
66f5c81fa771db6db1bc2382,main-trial-10,b,b,true,303544.30
66f5c81fa771db6db1bc2382,main-trial-10,n,y,false,303822.40
66f5c81fa771db6db1bc2382,main-trial-10,n,n,true,304185.30
66f5c81fa771db6db1bc2382,main-trial-10,y,y,true,304403.40
66f5c81fa771db6db1bc2382,main-trial-10, , ,true,304522.40
66f5c81fa771db6db1bc2382,main-trial-10,s,s,true,304693.30
66f5c81fa771db6db1bc2382,main-trial-10,r,r,true,304820.30
66f5c81fa771db6db1bc2382,main-trial-10, , ,true,304887.30
66f5c81fa771db6db1bc2382,main-trial-10,s,s,true,304986.30
66f5c81fa771db6db1bc2382,main-trial-10,r,r,true,305088.40
66f5c81fa771db6db1bc2382,main-trial-10, , ,true,305157.30
66f5c81fa771db6db1bc2382,main-trial-10,s,s,true,305245.50
66f5c81fa771db6db1bc2382,main-trial-10,r, ,false,305261.30
66f5c81fa771db6db1bc2382,main-trial-10,r,r,true,305342.30
66f5c81fa771db6db1bc2382,main-trial-10, , ,true,305409.40
66f5c81fa771db6db1bc2382,main-trial-10,l,l,true,305568.30
66f5c81fa771db6db1bc2382,main-trial-10,s,s,true,305805.50
66f5c81fa771db6db1bc2382,main-trial-10,a,a,true,306005.40
66f5c81fa771db6db1bc2382,main-trial-10,g,g,true,306133.30
66f5c81fa771db6db1bc2382,main-trial-10,p,p,true,306349.60
66f5c81fa771db6db1bc2382,main-trial-10, , ,true,306513.40
66f5c81fa771db6db1bc2382,main-trial-10,w,w,true,306650.30
66f5c81fa771db6db1bc2382,main-trial-10,f,f,true,306801.40
66f5c81fa771db6db1bc2382,main-trial-10, , ,true,306893.20
66f5c81fa771db6db1bc2382,main-trial-10,w,w,true,307093.30
66f5c81fa771db6db1bc2382,main-trial-10,f,f,true,307206.30
66f5c81fa771db6db1bc2382,main-trial-10, , ,true,307317.30
66f5c81fa771db6db1bc2382,main-trial-10,w,w,true,307436.40
66f5c81fa771db6db1bc2382,main-trial-10,f,f,true,307516.40
66f5c81fa771db6db1bc2382,main-trial-10, , ,true,307599.30
66f5c81fa771db6db1bc2382,main-trial-10,g,g,true,307899.30
66f5c81fa771db6db1bc2382,main-trial-10,n,n,true,308022.40
66f5c81fa771db6db1bc2382,main-trial-10,l,i,false,308175.30
66f5c81fa771db6db1bc2382,main-trial-10,l,l,true,308511.30
66f5c81fa771db6db1bc2382,main-trial-10,n,v,false,308665.30
66f5c81fa771db6db1bc2382,main-trial-10,n,n,true,308988.40
66f5c81fa771db6db1bc2382,main-trial-10,v,v,true,309142.30
66f5c81fa771db6db1bc2382,main-trial-10, , ,true,309250.30
66f5c81fa771db6db1bc2382,main-trial-10,s,s,true,309525.30
66f5c81fa771db6db1bc2382,main-trial-10,r,r,true,309654.30
66f5c81fa771db6db1bc2382,main-trial-10, , ,true,309723.30
66f5c81fa771db6db1bc2382,main-trial-10,w,w,true,309917.30
66f5c81fa771db6db1bc2382,main-trial-10,f,f,true,310040.20
66f5c81fa771db6db1bc2382,main-trial-10, , ,true,310127.30
66f5c81fa771db6db1bc2382,main-trial-10,s,s,true,310327.20
66f5c81fa771db6db1bc2382,main-trial-10,r,r,true,310490.20
66f5c81fa771db6db1bc2382,main-trial-10, , ,true,310587.20
66f5c81fa771db6db1bc2382,main-trial-10,w,s,false,310791.20
66f5c81fa771db6db1bc2382,main-trial-10,w,2,false,311013.30
66f5c81fa771db6db1bc2382,main-trial-10,w,w,true,311526.30
66f5c81fa771db6db1bc2382,main-trial-10,f,f,true,311742.30
66f5c81fa771db6db1bc2382,main-trial-10, , ,true,311877.20
66f5c81fa771db6db1bc2382,main-trial-10,s,s,true,312188.30
66f5c81fa771db6db1bc2382,main-trial-10,r,r,true,312345.80
66f5c81fa771db6db1bc2382,main-trial-10, , ,true,312450.20
66f5c81fa771db6db1bc2382,main-trial-10,w,w,true,312594.20
66f5c81fa771db6db1bc2382,main-trial-10,f,f,true,312715.10
66f5c81fa771db6db1bc2382,main-trial-11,t,t,true,317027.10
66f5c81fa771db6db1bc2382,main-trial-11,e,e,true,317155.30
66f5c81fa771db6db1bc2382,main-trial-11,f,f,true,317471.90
66f5c81fa771db6db1bc2382,main-trial-11,d,d,true,317768.00
66f5c81fa771db6db1bc2382,main-trial-11,n,n,true,317911.00
66f5c81fa771db6db1bc2382,main-trial-11, , ,true,318127.00
66f5c81fa771db6db1bc2382,main-trial-11,e,e,true,318302.00
66f5c81fa771db6db1bc2382,main-trial-11,f,f,true,318422.10
66f5c81fa771db6db1bc2382,main-trial-11, , ,true,318517.70
66f5c81fa771db6db1bc2382,main-trial-11,e,e,true,318631.10
66f5c81fa771db6db1bc2382,main-trial-11,f,f,true,318717.10
66f5c81fa771db6db1bc2382,main-trial-11, , ,true,318816.00
66f5c81fa771db6db1bc2382,main-trial-11,e,e,true,318902.10
66f5c81fa771db6db1bc2382,main-trial-11,f,f,true,319006.10
66f5c81fa771db6db1bc2382,main-trial-11, , ,true,319024.00
66f5c81fa771db6db1bc2382,main-trial-11,y,o,false,319244.00
66f5c81fa771db6db1bc2382,main-trial-11,y,l,false,319322.00
66f5c81fa771db6db1bc2382,main-trial-11,y,y,true,319627.00
66f5c81fa771db6db1bc2382,main-trial-11,l,l,true,319832.90
66f5c81fa771db6db1bc2382,main-trial-11,y,y,true,320214.00
66f5c81fa771db6db1bc2382,main-trial-11,i,i,true,320625.00
66f5c81fa771db6db1bc2382,main-trial-11,h,h,true,320750.00
66f5c81fa771db6db1bc2382,main-trial-11, , ,true,321021.00
66f5c81fa771db6db1bc2382,main-trial-11,f,f,true,321154.00
66f5c81fa771db6db1bc2382,main-trial-11,e,r,false,321346.90
66f5c81fa771db6db1bc2382,main-trial-11,e, ,false,321432.80
66f5c81fa771db6db1bc2382,main-trial-11,e,f,false,321546.80
66f5c81fa771db6db1bc2382,main-trial-11,e,r,false,321718.90
66f5c81fa771db6db1bc2382,main-trial-11,e, ,false,321786.00
66f5c81fa771db6db1bc2382,main-trial-11,e,f,false,321936.00
66f5c81fa771db6db1bc2382,main-trial-11,e,e,true,322350.50
66f5c81fa771db6db1bc2382,main-trial-11, , ,true,322559.90
66f5c81fa771db6db1bc2382,main-trial-11,f,f,true,322709.90
66f5c81fa771db6db1bc2382,main-trial-11,e,e,true,322821.90
66f5c81fa771db6db1bc2382,main-trial-11, , ,true,322967.90
66f5c81fa771db6db1bc2382,main-trial-11,f,f,true,323075.00
66f5c81fa771db6db1bc2382,main-trial-11,e,e,true,323174.00
66f5c81fa771db6db1bc2382,main-trial-11, , ,true,323295.80
66f5c81fa771db6db1bc2382,main-trial-11,c,c,true,325109.90
66f5c81fa771db6db1bc2382,main-trial-11,j,j,true,325356.90
66f5c81fa771db6db1bc2382,main-trial-11,e,e,true,325479.80
66f5c81fa771db6db1bc2382,main-trial-11,l,l,true,325666.90
66f5c81fa771db6db1bc2382,main-trial-11,a,a,true,325814.80
66f5c81fa771db6db1bc2382,main-trial-11, , ,true,325947.00
66f5c81fa771db6db1bc2382,main-trial-11,e,e,true,326129.80
66f5c81fa771db6db1bc2382,main-trial-11,f,f,true,326301.80
66f5c81fa771db6db1bc2382,main-trial-11, , ,true,326371.80
66f5c81fa771db6db1bc2382,main-trial-11,f,f,true,326610.80
66f5c81fa771db6db1bc2382,main-trial-11,e,e,true,326716.00
66f5c81fa771db6db1bc2382,main-trial-11, , ,true,326821.90
66f5c81fa771db6db1bc2382,main-trial-11,e,e,true,327299.90
66f5c81fa771db6db1bc2382,main-trial-11,f,f,true,327438.90
66f5c81fa771db6db1bc2382,main-trial-11, , ,true,327572.80
66f5c81fa771db6db1bc2382,main-trial-11,f,f,true,327753.90
66f5c81fa771db6db1bc2382,main-trial-11,e,e,true,327847.90
66f5c81fa771db6db1bc2382,main-trial-11, , ,true,327966.90
66f5c81fa771db6db1bc2382,main-trial-11,e,e,true,328108.80
66f5c81fa771db6db1bc2382,main-trial-11,f,f,true,328226.80
66f5c81fa771db6db1bc2382,main-trial-11, , ,true,328346.80
66f5c81fa771db6db1bc2382,main-trial-11,f,f,true,328702.90
66f5c81fa771db6db1bc2382,main-trial-11,e,e,true,328788.00
66f5c81fa771db6db1bc2382,main-trial-12,f,f,true,351605.40
66f5c81fa771db6db1bc2382,main-trial-12,n,n,true,351757.40
66f5c81fa771db6db1bc2382,main-trial-12,u,u,true,352009.50
66f5c81fa771db6db1bc2382,main-trial-12,d,d,true,352222.50
66f5c81fa771db6db1bc2382,main-trial-12,f,f,true,352331.40
66f5c81fa771db6db1bc2382,main-trial-12, , ,true,352459.40
66f5c81fa771db6db1bc2382,main-trial-12,w,w,true,352658.40
66f5c81fa771db6db1bc2382,main-trial-12,d,f,false,352765.30
66f5c81fa771db6db1bc2382,main-trial-12,d,d,true,352892.00
66f5c81fa771db6db1bc2382,main-trial-12, , ,true,353124.40
66f5c81fa771db6db1bc2382,main-trial-12,w,w,true,353305.50
66f5c81fa771db6db1bc2382,main-trial-12,d,d,true,353389.40
66f5c81fa771db6db1bc2382,main-trial-12, , ,true,353545.60
66f5c81fa771db6db1bc2382,main-trial-12,w,w,true,353649.40
66f5c81fa771db6db1bc2382,main-trial-12,d,d,true,353733.40
66f5c81fa771db6db1bc2382,main-trial-12, , ,true,353867.30
66f5c81fa771db6db1bc2382,main-trial-12,r,r,true,354146.60
66f5c81fa771db6db1bc2382,main-trial-12,y,y,true,354344.50
66f5c81fa771db6db1bc2382,main-trial-12,c,c,true,354451.30
66f5c81fa771db6db1bc2382,main-trial-12,e,e,true,354664.40
66f5c81fa771db6db1bc2382,main-trial-12,o,i,false,354719.50
66f5c81fa771db6db1bc2382,main-trial-12,o,o,true,354861.40
66f5c81fa771db6db1bc2382,main-trial-12, , ,true,355039.50
66f5c81fa771db6db1bc2382,main-trial-12,s,s,true,355227.40
66f5c81fa771db6db1bc2382,main-trial-12,e,e,true,355325.40
66f5c81fa771db6db1bc2382,main-trial-12, , ,true,355404.40
66f5c81fa771db6db1bc2382,main-trial-12,s,s,true,355513.40
66f5c81fa771db6db1bc2382,main-trial-12,e,e,true,355585.40
66f5c81fa771db6db1bc2382,main-trial-12, , ,true,355678.40
66f5c81fa771db6db1bc2382,main-trial-12,s,s,true,355800.30
66f5c81fa771db6db1bc2382,main-trial-12,e,e,true,355886.50
66f5c81fa771db6db1bc2382,main-trial-12, , ,true,355994.30
66f5c81fa771db6db1bc2382,main-trial-12,j,j,true,356341.50
66f5c81fa771db6db1bc2382,main-trial-12,x,x,true,356608.40
66f5c81fa771db6db1bc2382,main-trial-12,y,y,true,356757.40
66f5c81fa771db6db1bc2382,main-trial-12,k,k,true,357248.40
66f5c81fa771db6db1bc2382,main-trial-12,j,j,true,357433.40
66f5c81fa771db6db1bc2382,main-trial-12, , ,true,357575.30
66f5c81fa771db6db1bc2382,main-trial-12,w,w,true,357783.30
66f5c81fa771db6db1bc2382,main-trial-12,d,d,true,357897.10
66f5c81fa771db6db1bc2382,main-trial-12, , ,true,358013.60
66f5c81fa771db6db1bc2382,main-trial-12,s,s,true,358320.40
66f5c81fa771db6db1bc2382,main-trial-12,e,e,true,358424.30
66f5c81fa771db6db1bc2382,main-trial-12, , ,true,358523.40
66f5c81fa771db6db1bc2382,main-trial-12,w,w,true,358765.30
66f5c81fa771db6db1bc2382,main-trial-12,d,d,true,358874.30
66f5c81fa771db6db1bc2382,main-trial-12, , ,true,359025.30
66f5c81fa771db6db1bc2382,main-trial-12,s,s,true,359219.40
66f5c81fa771db6db1bc2382,main-trial-12,e,e,true,359325.30
66f5c81fa771db6db1bc2382,main-trial-12, , ,true,359444.30
66f5c81fa771db6db1bc2382,main-trial-12,w,w,true,359746.30
66f5c81fa771db6db1bc2382,main-trial-12,d,d,true,359857.30
66f5c81fa771db6db1bc2382,main-trial-12, , ,true,360076.30
66f5c81fa771db6db1bc2382,main-trial-12,s,s,true,360212.30
66f5c81fa771db6db1bc2382,main-trial-12,e,e,true,360356.30
66f5c81fa771db6db1bc2382,main-trial-13,s,s,true,365285.80
66f5c81fa771db6db1bc2382,main-trial-13,u,u,true,365389.20
66f5c81fa771db6db1bc2382,main-trial-13,p,p,true,365476.10
66f5c81fa771db6db1bc2382,main-trial-13,o,o,true,365634.20
66f5c81fa771db6db1bc2382,main-trial-13,r,r,true,365718.20
66f5c81fa771db6db1bc2382,main-trial-13, , ,true,365832.20
66f5c81fa771db6db1bc2382,main-trial-13,f,f,true,365911.20
66f5c81fa771db6db1bc2382,main-trial-13,g,g,true,366095.20
66f5c81fa771db6db1bc2382,main-trial-13, , ,true,366177.10
66f5c81fa771db6db1bc2382,main-trial-13,f,f,true,366359.10
66f5c81fa771db6db1bc2382,main-trial-13,g,r,false,366534.20
66f5c81fa771db6db1bc2382,main-trial-13,g,f,false,366704.10
66f5c81fa771db6db1bc2382,main-trial-13,g,g,true,367287.20
66f5c81fa771db6db1bc2382,main-trial-13, , ,true,367468.20
66f5c81fa771db6db1bc2382,main-trial-13,f,f,true,368921.10
66f5c81fa771db6db1bc2382,main-trial-13,g,g,true,369138.20
66f5c81fa771db6db1bc2382,main-trial-13, , ,true,369343.20
66f5c81fa771db6db1bc2382,main-trial-13,q,q,true,369919.20
66f5c81fa771db6db1bc2382,main-trial-13,u,u,true,370265.20
66f5c81fa771db6db1bc2382,main-trial-13,a,a,true,370443.20
66f5c81fa771db6db1bc2382,main-trial-13,y,y,true,370724.20
66f5c81fa771db6db1bc2382,main-trial-13,n,n,true,370962.10
66f5c81fa771db6db1bc2382,main-trial-13, , ,true,371071.00
66f5c81fa771db6db1bc2382,main-trial-13,d,d,true,371177.90
66f5c81fa771db6db1bc2382,main-trial-13,f,f,true,371356.10
66f5c81fa771db6db1bc2382,main-trial-13, , ,true,371465.10
66f5c81fa771db6db1bc2382,main-trial-13,d,d,true,371604.20
66f5c81fa771db6db1bc2382,main-trial-13,f,f,true,371688.20
66f5c81fa771db6db1bc2382,main-trial-13, , ,true,371743.30
66f5c81fa771db6db1bc2382,main-trial-13,d,d,true,372287.10
66f5c81fa771db6db1bc2382,main-trial-13,f,f,true,372405.10
66f5c81fa771db6db1bc2382,main-trial-13, , ,true,372535.10
66f5c81fa771db6db1bc2382,main-trial-13,j,j,true,372787.10
66f5c81fa771db6db1bc2382,main-trial-13,u,u,true,373007.20
66f5c81fa771db6db1bc2382,main-trial-13,g,g,true,373376.20
66f5c81fa771db6db1bc2382,main-trial-13,y,y,true,373963.10
66f5c81fa771db6db1bc2382,main-trial-13,j,n,false,374205.10
66f5c81fa771db6db1bc2382,main-trial-13,j,j,true,374571.00
66f5c81fa771db6db1bc2382,main-trial-13, , ,true,374754.00
66f5c81fa771db6db1bc2382,main-trial-13,f,f,true,375064.10
66f5c81fa771db6db1bc2382,main-trial-13,g,g,true,375299.60
66f5c81fa771db6db1bc2382,main-trial-13, , ,true,375434.00
66f5c81fa771db6db1bc2382,main-trial-13,d,d,true,375758.10
66f5c81fa771db6db1bc2382,main-trial-13,f,f,true,375882.00
66f5c81fa771db6db1bc2382,main-trial-13, , ,true,375985.00
66f5c81fa771db6db1bc2382,main-trial-13,f,d,false,376159.00
66f5c81fa771db6db1bc2382,main-trial-13,f,f,true,376283.10
66f5c81fa771db6db1bc2382,main-trial-13,g,j,false,376443.10
66f5c81fa771db6db1bc2382,main-trial-13,g,g,true,376767.00
66f5c81fa771db6db1bc2382,main-trial-13, , ,true,376954.00
66f5c81fa771db6db1bc2382,main-trial-13,d,d,true,377158.00
66f5c81fa771db6db1bc2382,main-trial-13,f,f,true,377322.80
66f5c81fa771db6db1bc2382,main-trial-13, , ,true,377498.00
66f5c81fa771db6db1bc2382,main-trial-13,f,d,false,377698.00
66f5c81fa771db6db1bc2382,main-trial-13,f,f,true,377785.20
66f5c81fa771db6db1bc2382,main-trial-13,g,g,true,378113.00
66f5c81fa771db6db1bc2382,main-trial-13, , ,true,378387.00
66f5c81fa771db6db1bc2382,main-trial-13,d,d,true,378592.90
66f5c81fa771db6db1bc2382,main-trial-13,f,f,true,378999.00
66f5c81fa771db6db1bc2382,main-trial-14,t,t,true,405805.10
66f5c81fa771db6db1bc2382,main-trial-14,w,w,true,406053.50
66f5c81fa771db6db1bc2382,main-trial-14,x,x,true,406580.60
66f5c81fa771db6db1bc2382,main-trial-14,r,r,true,406797.50
66f5c81fa771db6db1bc2382,main-trial-14,u,u,true,406985.50
66f5c81fa771db6db1bc2382,main-trial-14, , ,true,407123.50
66f5c81fa771db6db1bc2382,main-trial-14,d,d,true,407211.50
66f5c81fa771db6db1bc2382,main-trial-14,r,r,true,407357.50
66f5c81fa771db6db1bc2382,main-trial-14, , ,true,407452.40
66f5c81fa771db6db1bc2382,main-trial-14,d,d,true,407657.40
66f5c81fa771db6db1bc2382,main-trial-14,r,r,true,407800.50
66f5c81fa771db6db1bc2382,main-trial-14, , ,true,407892.30
66f5c81fa771db6db1bc2382,main-trial-14,d,d,true,408011.40
66f5c81fa771db6db1bc2382,main-trial-14,r,r,true,408137.50
66f5c81fa771db6db1bc2382,main-trial-14, , ,true,408235.40
66f5c81fa771db6db1bc2382,main-trial-14,l,l,true,408721.50
66f5c81fa771db6db1bc2382,main-trial-14,w,w,true,409125.50
66f5c81fa771db6db1bc2382,main-trial-14,a,a,true,409566.60
66f5c81fa771db6db1bc2382,main-trial-14,e,e,true,409765.40
66f5c81fa771db6db1bc2382,main-trial-14,s,s,true,409877.30
66f5c81fa771db6db1bc2382,main-trial-14, , ,true,410035.40
66f5c81fa771db6db1bc2382,main-trial-14,e,e,true,410216.50
66f5c81fa771db6db1bc2382,main-trial-14,f,f,true,410338.40
66f5c81fa771db6db1bc2382,main-trial-14, , ,true,410444.30
66f5c81fa771db6db1bc2382,main-trial-14,e,e,true,410555.40
66f5c81fa771db6db1bc2382,main-trial-14,f,f,true,410637.50
66f5c81fa771db6db1bc2382,main-trial-14, , ,true,410763.50
66f5c81fa771db6db1bc2382,main-trial-14,e,e,true,410897.40
66f5c81fa771db6db1bc2382,main-trial-14,f,f,true,410966.40
66f5c81fa771db6db1bc2382,main-trial-14, , ,true,411082.40
66f5c81fa771db6db1bc2382,main-trial-14,b,b,true,411439.50
66f5c81fa771db6db1bc2382,main-trial-14,b,b,true,411636.50
66f5c81fa771db6db1bc2382,main-trial-14,h,h,true,411839.40
66f5c81fa771db6db1bc2382,main-trial-14,e,e,true,411914.40
66f5c81fa771db6db1bc2382,main-trial-14,s,s,true,412015.40
66f5c81fa771db6db1bc2382,main-trial-14, , ,true,412195.40
66f5c81fa771db6db1bc2382,main-trial-14,d,d,true,412454.50
66f5c81fa771db6db1bc2382,main-trial-14,r,r,true,412609.40
66f5c81fa771db6db1bc2382,main-trial-14, , ,true,412676.50
66f5c81fa771db6db1bc2382,main-trial-14,e,e,true,412853.40
66f5c81fa771db6db1bc2382,main-trial-14,f,f,true,412958.50
66f5c81fa771db6db1bc2382,main-trial-14, , ,true,413078.50
66f5c81fa771db6db1bc2382,main-trial-14,d,d,true,413284.40
66f5c81fa771db6db1bc2382,main-trial-14,r,r,true,413456.40
66f5c81fa771db6db1bc2382,main-trial-14, , ,true,413559.50
66f5c81fa771db6db1bc2382,main-trial-14,e,e,true,413656.50
66f5c81fa771db6db1bc2382,main-trial-14,f,f,true,413774.50
66f5c81fa771db6db1bc2382,main-trial-14, , ,true,413892.30
66f5c81fa771db6db1bc2382,main-trial-14,d,e,false,413998.40
66f5c81fa771db6db1bc2382,main-trial-14,d,d,true,414416.40
66f5c81fa771db6db1bc2382,main-trial-14,r,r,true,414594.30
66f5c81fa771db6db1bc2382,main-trial-14, , ,true,414708.40
66f5c81fa771db6db1bc2382,main-trial-14,e,e,true,415123.40
66f5c81fa771db6db1bc2382,main-trial-14,f,f,true,415229.40
66f5c81fa771db6db1bc2382,main-trial-15,i,i,true,419662.40
66f5c81fa771db6db1bc2382,main-trial-15,p,m,false,419830.10
66f5c81fa771db6db1bc2382,main-trial-15,p,p,true,419907.30
66f5c81fa771db6db1bc2382,main-trial-15,t,t,true,420066.30
66f5c81fa771db6db1bc2382,main-trial-15,m,m,true,420281.30
66f5c81fa771db6db1bc2382,main-trial-15,p,p,true,420385.20
66f5c81fa771db6db1bc2382,main-trial-15, , ,true,420629.30
66f5c81fa771db6db1bc2382,main-trial-15,d,d,true,420748.30
66f5c81fa771db6db1bc2382,main-trial-15,s,s,true,421023.30
66f5c81fa771db6db1bc2382,main-trial-15, , ,true,421105.30
66f5c81fa771db6db1bc2382,main-trial-15,d,d,true,421288.30
66f5c81fa771db6db1bc2382,main-trial-15,s,s,true,421363.40
66f5c81fa771db6db1bc2382,main-trial-15, , ,true,421490.30
66f5c81fa771db6db1bc2382,main-trial-15,d,d,true,421678.30
66f5c81fa771db6db1bc2382,main-trial-15,s,s,true,421786.30
66f5c81fa771db6db1bc2382,main-trial-15, , ,true,421890.30
66f5c81fa771db6db1bc2382,main-trial-15,d,s,false,422141.30
66f5c81fa771db6db1bc2382,main-trial-15,d,d,true,422211.30
66f5c81fa771db6db1bc2382,main-trial-15,s,s,true,422486.30
66f5c81fa771db6db1bc2382,main-trial-15,m,m,true,422796.20
66f5c81fa771db6db1bc2382,main-trial-15,s,s,true,422957.30
66f5c81fa771db6db1bc2382,main-trial-15,x,d,false,423120.30
66f5c81fa771db6db1bc2382,main-trial-15,x,x,true,423346.30
66f5c81fa771db6db1bc2382,main-trial-15, , ,true,423496.30
66f5c81fa771db6db1bc2382,main-trial-15,w,w,true,423798.20
66f5c81fa771db6db1bc2382,main-trial-15,d,d,true,423905.30
66f5c81fa771db6db1bc2382,main-trial-15, , ,true,424056.30
66f5c81fa771db6db1bc2382,main-trial-15,w,w,true,424170.20
66f5c81fa771db6db1bc2382,main-trial-15,d,d,true,424265.20
66f5c81fa771db6db1bc2382,main-trial-15, , ,true,424393.40
66f5c81fa771db6db1bc2382,main-trial-15,w,w,true,424509.20
66f5c81fa771db6db1bc2382,main-trial-15,d,d,true,424593.20
66f5c81fa771db6db1bc2382,main-trial-15, , ,true,424692.30
66f5c81fa771db6db1bc2382,main-trial-15,i,i,true,425099.20
66f5c81fa771db6db1bc2382,main-trial-15,d,d,true,425245.20
66f5c81fa771db6db1bc2382,main-trial-15,i,i,true,425558.10
66f5c81fa771db6db1bc2382,main-trial-15,v,v,true,425765.10
66f5c81fa771db6db1bc2382,main-trial-15,k,k,true,425906.30
66f5c81fa771db6db1bc2382,main-trial-15, , ,true,426125.20
66f5c81fa771db6db1bc2382,main-trial-15,d,d,true,426376.30
66f5c81fa771db6db1bc2382,main-trial-15,s,s,true,426532.20
66f5c81fa771db6db1bc2382,main-trial-15, , ,true,426615.10
66f5c81fa771db6db1bc2382,main-trial-15,w,w,true,426799.20
66f5c81fa771db6db1bc2382,main-trial-15,d,d,true,426904.20
66f5c81fa771db6db1bc2382,main-trial-15, , ,true,427029.60
66f5c81fa771db6db1bc2382,main-trial-15,d,d,true,427433.20
66f5c81fa771db6db1bc2382,main-trial-15,s,s,true,427527.20
66f5c81fa771db6db1bc2382,main-trial-15, , ,true,427647.20
66f5c81fa771db6db1bc2382,main-trial-15,w,w,true,427792.20
66f5c81fa771db6db1bc2382,main-trial-15,d,d,true,427899.10
66f5c81fa771db6db1bc2382,main-trial-15, , ,true,428032.20
66f5c81fa771db6db1bc2382,main-trial-15,d,d,true,428324.20
66f5c81fa771db6db1bc2382,main-trial-15,s,s,true,428520.10
66f5c81fa771db6db1bc2382,main-trial-15, , ,true,428695.20
66f5c81fa771db6db1bc2382,main-trial-15,w,w,true,428873.30
66f5c81fa771db6db1bc2382,main-trial-15,d,d,true,428987.10
66f5c81fa771db6db1bc2382,main-trial-16,r,r,true,433159.10
66f5c81fa771db6db1bc2382,main-trial-16,i,i,true,433927.00
66f5c81fa771db6db1bc2382,main-trial-16,w,w,true,434038.20
66f5c81fa771db6db1bc2382,main-trial-16,z,z,true,434425.10
66f5c81fa771db6db1bc2382,main-trial-16,v,x,false,434726.10
66f5c81fa771db6db1bc2382,main-trial-16,v,v,true,434988.20
66f5c81fa771db6db1bc2382,main-trial-16, , ,true,435141.10
66f5c81fa771db6db1bc2382,main-trial-16,d,d,true,435273.00
66f5c81fa771db6db1bc2382,main-trial-16,r,r,true,435405.00
66f5c81fa771db6db1bc2382,main-trial-16, , ,true,435509.00
66f5c81fa771db6db1bc2382,main-trial-16,d,d,true,435610.10
66f5c81fa771db6db1bc2382,main-trial-16,r,r,true,435706.10
66f5c81fa771db6db1bc2382,main-trial-16, , ,true,435775.00
66f5c81fa771db6db1bc2382,main-trial-16,d,d,true,435908.10
66f5c81fa771db6db1bc2382,main-trial-16,r,r,true,435993.00
66f5c81fa771db6db1bc2382,main-trial-16, , ,true,436030.10
66f5c81fa771db6db1bc2382,main-trial-16,m,m,true,436365.00
66f5c81fa771db6db1bc2382,main-trial-16,o,o,true,436459.90
66f5c81fa771db6db1bc2382,main-trial-16,a,a,true,436560.00
66f5c81fa771db6db1bc2382,main-trial-16,s,s,true,436664.00
66f5c81fa771db6db1bc2382,main-trial-16,a,a,true,436859.10
66f5c81fa771db6db1bc2382,main-trial-16, , ,true,437002.90
66f5c81fa771db6db1bc2382,main-trial-16,f,f,true,437208.50
66f5c81fa771db6db1bc2382,main-trial-16,d,d,true,437291.00
66f5c81fa771db6db1bc2382,main-trial-16, , ,true,437443.10
66f5c81fa771db6db1bc2382,main-trial-16,f,f,true,437609.00
66f5c81fa771db6db1bc2382,main-trial-16,d,d,true,437705.00
66f5c81fa771db6db1bc2382,main-trial-16, , ,true,437830.00
66f5c81fa771db6db1bc2382,main-trial-16,f,f,true,437974.00
66f5c81fa771db6db1bc2382,main-trial-16,d,d,true,438060.00
66f5c81fa771db6db1bc2382,main-trial-16, , ,true,438170.90
66f5c81fa771db6db1bc2382,main-trial-16,f,f,true,438436.00
66f5c81fa771db6db1bc2382,main-trial-16,d,d,true,438564.10
66f5c81fa771db6db1bc2382,main-trial-16,d,h,false,438897.00
66f5c81fa771db6db1bc2382,main-trial-16,d,c,false,439075.10
66f5c81fa771db6db1bc2382,main-trial-16,d,h,false,439979.00
66f5c81fa771db6db1bc2382,main-trial-16,d,d,true,440203.00
66f5c81fa771db6db1bc2382,main-trial-16,h,h,true,440473.00
66f5c81fa771db6db1bc2382,main-trial-16,c,c,true,440774.10
66f5c81fa771db6db1bc2382,main-trial-16, , ,true,440990.90
66f5c81fa771db6db1bc2382,main-trial-16,d,d,true,441220.90
66f5c81fa771db6db1bc2382,main-trial-16,r,r,true,441374.00
66f5c81fa771db6db1bc2382,main-trial-16, , ,true,441446.90
66f5c81fa771db6db1bc2382,main-trial-16,f,d,false,441568.80
66f5c81fa771db6db1bc2382,main-trial-16,f,r,false,441686.10
66f5c81fa771db6db1bc2382,main-trial-16,f, ,false,441759.90
66f5c81fa771db6db1bc2382,main-trial-16,f,f,true,442002.90
66f5c81fa771db6db1bc2382,main-trial-16,d,d,true,442219.90
66f5c81fa771db6db1bc2382,main-trial-16, , ,true,442363.90
66f5c81fa771db6db1bc2382,main-trial-16,d,d,true,442756.90
66f5c81fa771db6db1bc2382,main-trial-16,r,r,true,442929.90
66f5c81fa771db6db1bc2382,main-trial-16, , ,true,443070.90
66f5c81fa771db6db1bc2382,main-trial-16,f,f,true,443323.90
66f5c81fa771db6db1bc2382,main-trial-16,d,d,true,443440.90
66f5c81fa771db6db1bc2382,main-trial-16, , ,true,443582.90
66f5c81fa771db6db1bc2382,main-trial-16,d,d,true,443755.00
66f5c81fa771db6db1bc2382,main-trial-16,r,r,true,443879.90
66f5c81fa771db6db1bc2382,main-trial-16, , ,true,443981.90
66f5c81fa771db6db1bc2382,main-trial-16,f,f,true,444208.90
66f5c81fa771db6db1bc2382,main-trial-16,d,d,true,444338.80
66f5c81fa771db6db1bc2382,main-trial-17,q,q,true,447960.40
66f5c81fa771db6db1bc2382,main-trial-17,x,x,true,448378.80
66f5c81fa771db6db1bc2382,main-trial-17,d,d,true,448609.90
66f5c81fa771db6db1bc2382,main-trial-17,j,j,true,448754.90
66f5c81fa771db6db1bc2382,main-trial-17,z,v,false,449304.80
66f5c81fa771db6db1bc2382,main-trial-17,z,z,true,449613.80
66f5c81fa771db6db1bc2382,main-trial-17, , ,true,449788.80
66f5c81fa771db6db1bc2382,main-trial-17,v,v,true,450037.70
66f5c81fa771db6db1bc2382,main-trial-17,r,r,true,450252.70
66f5c81fa771db6db1bc2382,main-trial-17, , ,true,450389.80
66f5c81fa771db6db1bc2382,main-trial-17,v,v,true,450443.90
66f5c81fa771db6db1bc2382,main-trial-17,r,r,true,450655.80
66f5c81fa771db6db1bc2382,main-trial-17, , ,true,450754.80
66f5c81fa771db6db1bc2382,main-trial-17,v,v,true,450850.60
66f5c81fa771db6db1bc2382,main-trial-17,r,r,true,451053.70
66f5c81fa771db6db1bc2382,main-trial-17, , ,true,451152.60
66f5c81fa771db6db1bc2382,main-trial-17,c,v,false,451255.70
66f5c81fa771db6db1bc2382,main-trial-17,c,r,false,451450.70
66f5c81fa771db6db1bc2382,main-trial-17,c, ,false,451556.80
66f5c81fa771db6db1bc2382,main-trial-17,c,c,true,451721.80
66f5c81fa771db6db1bc2382,main-trial-17,r,r,true,451879.00
66f5c81fa771db6db1bc2382,main-trial-17,y,y,true,451997.00
66f5c81fa771db6db1bc2382,main-trial-17,b, ,false,452196.80
66f5c81fa771db6db1bc2382,main-trial-17,b,b,true,452595.80
66f5c81fa771db6db1bc2382,main-trial-17,n,n,true,452827.90
66f5c81fa771db6db1bc2382,main-trial-17, , ,true,453036.80
66f5c81fa771db6db1bc2382,main-trial-17,c,c,true,453300.70
66f5c81fa771db6db1bc2382,main-trial-17,r,r,true,453478.70
66f5c81fa771db6db1bc2382,main-trial-17, , ,true,453539.80
66f5c81fa771db6db1bc2382,main-trial-17,c,c,true,453711.80
66f5c81fa771db6db1bc2382,main-trial-17,r,r,true,453860.70
66f5c81fa771db6db1bc2382,main-trial-17, , ,true,453908.70
66f5c81fa771db6db1bc2382,main-trial-17,c,c,true,454076.70
66f5c81fa771db6db1bc2382,main-trial-17,r, ,false,454217.60
66f5c81fa771db6db1bc2382,main-trial-17,r,t,false,454237.70
66f5c81fa771db6db1bc2382,main-trial-17,r,r,true,454275.70
66f5c81fa771db6db1bc2382,main-trial-17, ,x,false,455015.80
66f5c81fa771db6db1bc2382,main-trial-17, ,n,false,455427.70
66f5c81fa771db6db1bc2382,main-trial-17, ,x,false,455626.70
66f5c81fa771db6db1bc2382,main-trial-17, ,x,false,456542.70
66f5c81fa771db6db1bc2382,main-trial-17, ,n,false,456988.80
66f5c81fa771db6db1bc2382,main-trial-17, ,a,false,457226.80
66f5c81fa771db6db1bc2382,main-trial-17, ,n,false,457818.70
66f5c81fa771db6db1bc2382,main-trial-17, , ,true,458159.10
66f5c81fa771db6db1bc2382,main-trial-17,x,x,true,458570.70
66f5c81fa771db6db1bc2382,main-trial-17,n,n,true,459051.60
66f5c81fa771db6db1bc2382,main-trial-17,a,a,true,459217.60
66f5c81fa771db6db1bc2382,main-trial-17,p,p,true,459355.60
66f5c81fa771db6db1bc2382,main-trial-17,d,d,true,459591.70
66f5c81fa771db6db1bc2382,main-trial-17, , ,true,459730.80
66f5c81fa771db6db1bc2382,main-trial-17,v,v,true,460004.70
66f5c81fa771db6db1bc2382,main-trial-17,r,g,false,460007.50
66f5c81fa771db6db1bc2382,main-trial-17,r,r,true,460323.70
66f5c81fa771db6db1bc2382,main-trial-17, , ,true,460416.60
66f5c81fa771db6db1bc2382,main-trial-17,c,v,false,460538.70
66f5c81fa771db6db1bc2382,main-trial-17,c,c,true,460854.70
66f5c81fa771db6db1bc2382,main-trial-17,r,r,true,461103.60
66f5c81fa771db6db1bc2382,main-trial-17, ,e,false,461110.50
66f5c81fa771db6db1bc2382,main-trial-17, , ,true,461287.60
66f5c81fa771db6db1bc2382,main-trial-17,v,v,true,461667.60
66f5c81fa771db6db1bc2382,main-trial-17,r,r,true,461894.50
66f5c81fa771db6db1bc2382,main-trial-17, , ,true,461995.50
66f5c81fa771db6db1bc2382,main-trial-17,c,c,true,462294.60
66f5c81fa771db6db1bc2382,main-trial-17,r,r,true,462566.60
66f5c81fa771db6db1bc2382,main-trial-17, , ,true,462716.60
66f5c81fa771db6db1bc2382,main-trial-17,v,v,true,463058.60
66f5c81fa771db6db1bc2382,main-trial-17,r,r,true,463286.60
66f5c81fa771db6db1bc2382,main-trial-17, ,c,false,463534.60
66f5c81fa771db6db1bc2382,main-trial-17, ,r,false,463739.60
66f5c81fa771db6db1bc2382,main-trial-17, , ,true,464052.60
66f5c81fa771db6db1bc2382,main-trial-17,c,c,true,464247.60
66f5c81fa771db6db1bc2382,main-trial-17,r,r,true,464462.50
66f5c81fa771db6db1bc2382,main-trial-17,, ,false,464645.60
66f5c81fa771db6db1bc2382,main-trial-18,l,l,true,468803.00
66f5c81fa771db6db1bc2382,main-trial-18,j,i,false,468921.40
66f5c81fa771db6db1bc2382,main-trial-18,j,f,false,469216.50
66f5c81fa771db6db1bc2382,main-trial-18,j,j,true,469567.40
66f5c81fa771db6db1bc2382,main-trial-18,f,f,true,469996.40
66f5c81fa771db6db1bc2382,main-trial-18,y,y,true,470133.40
66f5c81fa771db6db1bc2382,main-trial-18,m,m,true,470352.40
66f5c81fa771db6db1bc2382,main-trial-18, , ,true,470477.50
66f5c81fa771db6db1bc2382,main-trial-18,c,c,true,470668.50
66f5c81fa771db6db1bc2382,main-trial-18,r,r,true,470862.40
66f5c81fa771db6db1bc2382,main-trial-18, , ,true,470935.40
66f5c81fa771db6db1bc2382,main-trial-18,c,c,true,471066.30
66f5c81fa771db6db1bc2382,main-trial-18,r,r,true,471305.40
66f5c81fa771db6db1bc2382,main-trial-18, , ,true,471558.40
66f5c81fa771db6db1bc2382,main-trial-18,c,c,true,471692.50
66f5c81fa771db6db1bc2382,main-trial-18,r,r,true,471864.50
66f5c81fa771db6db1bc2382,main-trial-18, , ,true,471941.40
66f5c81fa771db6db1bc2382,main-trial-18,a,a,true,472138.40
66f5c81fa771db6db1bc2382,main-trial-18,o,y,false,472328.40
66f5c81fa771db6db1bc2382,main-trial-18,o,o,true,472461.40
66f5c81fa771db6db1bc2382,main-trial-18,y,j,false,472741.40
66f5c81fa771db6db1bc2382,main-trial-18,y,a,false,472835.40
66f5c81fa771db6db1bc2382,main-trial-18,y,y,true,476341.40
66f5c81fa771db6db1bc2382,main-trial-18,a,a,true,476478.40
66f5c81fa771db6db1bc2382,main-trial-18,i,i,true,476604.30
66f5c81fa771db6db1bc2382,main-trial-18, , ,true,476757.30
66f5c81fa771db6db1bc2382,main-trial-18,v,v,true,476917.30
66f5c81fa771db6db1bc2382,main-trial-18,r,r,true,477182.40
66f5c81fa771db6db1bc2382,main-trial-18, , ,true,477276.40
66f5c81fa771db6db1bc2382,main-trial-18,v,v,true,477475.50
66f5c81fa771db6db1bc2382,main-trial-18,r,r,true,477779.30
66f5c81fa771db6db1bc2382,main-trial-18, , ,true,477939.30
66f5c81fa771db6db1bc2382,main-trial-18,v,v,true,478089.30
66f5c81fa771db6db1bc2382,main-trial-18,r,r,true,478409.30
66f5c81fa771db6db1bc2382,main-trial-18, , ,true,478575.50
66f5c81fa771db6db1bc2382,main-trial-18,n,n,true,478760.40
66f5c81fa771db6db1bc2382,main-trial-18,e,e,true,478936.90
66f5c81fa771db6db1bc2382,main-trial-18,h,h,true,479078.30
66f5c81fa771db6db1bc2382,main-trial-18,t,t,true,479273.30
66f5c81fa771db6db1bc2382,main-trial-18,t,t,true,479457.30
66f5c81fa771db6db1bc2382,main-trial-18, , ,true,479555.20
66f5c81fa771db6db1bc2382,main-trial-18,c,c,true,479821.30
66f5c81fa771db6db1bc2382,main-trial-18,r,r,true,480103.40
66f5c81fa771db6db1bc2382,main-trial-18, , ,true,480187.20
66f5c81fa771db6db1bc2382,main-trial-18,v,v,true,480637.30
66f5c81fa771db6db1bc2382,main-trial-18,r,r,true,480910.30
66f5c81fa771db6db1bc2382,main-trial-18, , ,true,481036.20
66f5c81fa771db6db1bc2382,main-trial-18,c,c,true,481281.30
66f5c81fa771db6db1bc2382,main-trial-18,r,r,true,481496.40
66f5c81fa771db6db1bc2382,main-trial-18, , ,true,481666.20
66f5c81fa771db6db1bc2382,main-trial-18,v,v,true,481910.40
66f5c81fa771db6db1bc2382,main-trial-18,r,r,true,482177.30
66f5c81fa771db6db1bc2382,main-trial-18, , ,true,482346.40
66f5c81fa771db6db1bc2382,main-trial-18,c, ,false,482574.30
66f5c81fa771db6db1bc2382,main-trial-18,c,c,true,483008.40
66f5c81fa771db6db1bc2382,main-trial-18,r,r,true,483261.20
66f5c81fa771db6db1bc2382,main-trial-18, , ,true,483448.20
66f5c81fa771db6db1bc2382,main-trial-18,v,v,true,483744.20
66f5c81fa771db6db1bc2382,main-trial-18,r,r,true,484062.30
66f5c81fa771db6db1bc2382,main-trial-19,y,y,true,488197.30
66f5c81fa771db6db1bc2382,main-trial-19,h,h,true,488900.20
66f5c81fa771db6db1bc2382,main-trial-19,e,e,true,489034.60
66f5c81fa771db6db1bc2382,main-trial-19,h,h,true,489142.20
66f5c81fa771db6db1bc2382,main-trial-19,u,u,true,489423.10
66f5c81fa771db6db1bc2382,main-trial-19, , ,true,489661.10
66f5c81fa771db6db1bc2382,main-trial-19,f,f,true,489886.10
66f5c81fa771db6db1bc2382,main-trial-19,r,r,true,490099.30
66f5c81fa771db6db1bc2382,main-trial-19, , ,true,490164.10
66f5c81fa771db6db1bc2382,main-trial-19,f,f,true,490374.10
66f5c81fa771db6db1bc2382,main-trial-19,r,r,true,490596.10
66f5c81fa771db6db1bc2382,main-trial-19, , ,true,490690.10
66f5c81fa771db6db1bc2382,main-trial-19,f,f,true,491343.10
66f5c81fa771db6db1bc2382,main-trial-19,r,r,true,491801.10
66f5c81fa771db6db1bc2382,main-trial-19, , ,true,491893.10
66f5c81fa771db6db1bc2382,main-trial-19,n,n,true,492099.10
66f5c81fa771db6db1bc2382,main-trial-19,n,n,true,492276.00
66f5c81fa771db6db1bc2382,main-trial-19,q,q,true,492654.20
66f5c81fa771db6db1bc2382,main-trial-19,h,h,true,492973.10
66f5c81fa771db6db1bc2382,main-trial-19,r,r,true,493257.00
66f5c81fa771db6db1bc2382,main-trial-19, , ,true,493417.20
66f5c81fa771db6db1bc2382,main-trial-19,v,v,true,493667.10
66f5c81fa771db6db1bc2382,main-trial-19,r,r,true,493919.10
66f5c81fa771db6db1bc2382,main-trial-19, , ,true,494039.10
66f5c81fa771db6db1bc2382,main-trial-19,v,v,true,494157.00
66f5c81fa771db6db1bc2382,main-trial-19,r,r,true,494422.00
66f5c81fa771db6db1bc2382,main-trial-19, , ,true,494557.10
66f5c81fa771db6db1bc2382,main-trial-19,v,v,true,494996.20
66f5c81fa771db6db1bc2382,main-trial-19,r,r,true,495262.00
66f5c81fa771db6db1bc2382,main-trial-19, , ,true,495418.10
66f5c81fa771db6db1bc2382,main-trial-19,z,z,true,495858.00
66f5c81fa771db6db1bc2382,main-trial-19,u,u,true,496038.00
66f5c81fa771db6db1bc2382,main-trial-19,p,p,true,496125.80
66f5c81fa771db6db1bc2382,main-trial-19,q,q,true,496744.00
66f5c81fa771db6db1bc2382,main-trial-19,t,t,true,497079.90
66f5c81fa771db6db1bc2382,main-trial-19, , ,true,497250.00
66f5c81fa771db6db1bc2382,main-trial-19,f,f,true,497492.00
66f5c81fa771db6db1bc2382,main-trial-19,r,r,true,497708.00
66f5c81fa771db6db1bc2382,main-trial-19, , ,true,497775.00
66f5c81fa771db6db1bc2382,main-trial-19,v,v,true,498042.00
66f5c81fa771db6db1bc2382,main-trial-19,r,r,true,498290.00
66f5c81fa771db6db1bc2382,main-trial-19, , ,true,498445.00
66f5c81fa771db6db1bc2382,main-trial-19,f,f,true,498558.80
66f5c81fa771db6db1bc2382,main-trial-19,r,r,true,498792.00
66f5c81fa771db6db1bc2382,main-trial-19, , ,true,499016.00
66f5c81fa771db6db1bc2382,main-trial-19,v,v,true,499407.50
66f5c81fa771db6db1bc2382,main-trial-19,r,r,true,499711.90
66f5c81fa771db6db1bc2382,main-trial-19, , ,true,499876.90
66f5c81fa771db6db1bc2382,main-trial-19,f,f,true,500164.10
66f5c81fa771db6db1bc2382,main-trial-19,r,r,true,500404.10
66f5c81fa771db6db1bc2382,main-trial-19, , ,true,500543.00
66f5c81fa771db6db1bc2382,main-trial-19,v,v,true,500681.90
66f5c81fa771db6db1bc2382,main-trial-19,r,r,true,500998.00
66f5c81fa771db6db1bc2382,main-trial-20,b,b,true,521845.60
66f5c81fa771db6db1bc2382,main-trial-20,f,t,false,522118.50
66f5c81fa771db6db1bc2382,main-trial-20,f,f,true,522361.60
66f5c81fa771db6db1bc2382,main-trial-20,t,k,false,522565.60
66f5c81fa771db6db1bc2382,main-trial-20,t,t,true,523203.60
66f5c81fa771db6db1bc2382,main-trial-20,k,k,true,523606.70
66f5c81fa771db6db1bc2382,main-trial-20,n,n,true,523777.70
66f5c81fa771db6db1bc2382,main-trial-20, ,c,false,527690.10
66f5c81fa771db6db1bc2382,main-trial-20, , ,true,528011.40
66f5c81fa771db6db1bc2382,main-trial-20,c,c,true,528218.60
66f5c81fa771db6db1bc2382,main-trial-20,v,f,false,528443.50
66f5c81fa771db6db1bc2382,main-trial-20,v,r,false,528448.40
66f5c81fa771db6db1bc2382,main-trial-20,v, ,false,528536.40
66f5c81fa771db6db1bc2382,main-trial-20,v,v,true,528772.50
66f5c81fa771db6db1bc2382,main-trial-20, , ,true,528948.50
66f5c81fa771db6db1bc2382,main-trial-20,c,c,true,529102.50
66f5c81fa771db6db1bc2382,main-trial-20,v,v,true,529234.40
66f5c81fa771db6db1bc2382,main-trial-20, , ,true,529331.40
66f5c81fa771db6db1bc2382,main-trial-20,c,c,true,529498.40
66f5c81fa771db6db1bc2382,main-trial-20,v,v,true,529599.50
66f5c81fa771db6db1bc2382,main-trial-20, , ,true,529633.40
66f5c81fa771db6db1bc2382,main-trial-20,b,b,true,530081.50
66f5c81fa771db6db1bc2382,main-trial-20,i,i,true,530257.30
66f5c81fa771db6db1bc2382,main-trial-20,z,q,false,530347.30
66f5c81fa771db6db1bc2382,main-trial-20,z,z,true,530635.40
66f5c81fa771db6db1bc2382,main-trial-20,q,q,true,531031.40
66f5c81fa771db6db1bc2382,main-trial-20,y,y,true,531231.50
66f5c81fa771db6db1bc2382,main-trial-20, , ,true,531358.40
66f5c81fa771db6db1bc2382,main-trial-20,c,c,true,531509.50
66f5c81fa771db6db1bc2382,main-trial-20,r,r,true,531693.40
66f5c81fa771db6db1bc2382,main-trial-20, , ,true,531779.40
66f5c81fa771db6db1bc2382,main-trial-20,c,c,true,531895.30
66f5c81fa771db6db1bc2382,main-trial-20,r,r,true,532053.40
66f5c81fa771db6db1bc2382,main-trial-20, , ,true,532114.40
66f5c81fa771db6db1bc2382,main-trial-20,c,c,true,532274.50
66f5c81fa771db6db1bc2382,main-trial-20,r,r,true,532455.40
66f5c81fa771db6db1bc2382,main-trial-20, , ,true,532536.40
66f5c81fa771db6db1bc2382,main-trial-20,d,d,true,532701.40
66f5c81fa771db6db1bc2382,main-trial-20,r,m,false,532875.40
66f5c81fa771db6db1bc2382,main-trial-20,r,r,true,533233.40
66f5c81fa771db6db1bc2382,main-trial-20,m,m,true,533492.50
66f5c81fa771db6db1bc2382,main-trial-20,p,p,true,533827.40
66f5c81fa771db6db1bc2382,main-trial-20,n,n,true,534023.40
66f5c81fa771db6db1bc2382,main-trial-20, , ,true,534142.40
66f5c81fa771db6db1bc2382,main-trial-20,c,c,true,534365.40
66f5c81fa771db6db1bc2382,main-trial-20,v,v,true,534616.50
66f5c81fa771db6db1bc2382,main-trial-20, , ,true,534768.40
66f5c81fa771db6db1bc2382,main-trial-20,c,c,true,534967.30
66f5c81fa771db6db1bc2382,main-trial-20,r,r,true,535168.40
66f5c81fa771db6db1bc2382,main-trial-20, , ,true,535229.40
66f5c81fa771db6db1bc2382,main-trial-20,c,c,true,535619.40
66f5c81fa771db6db1bc2382,main-trial-20,v,v,true,535849.40
66f5c81fa771db6db1bc2382,main-trial-20, , ,true,535983.30
66f5c81fa771db6db1bc2382,main-trial-20,c,c,true,536132.30
66f5c81fa771db6db1bc2382,main-trial-20,r,r,true,536363.40
66f5c81fa771db6db1bc2382,main-trial-20, , ,true,536464.40
66f5c81fa771db6db1bc2382,main-trial-20,c,c,true,536639.30
66f5c81fa771db6db1bc2382,main-trial-20,v,v,true,536777.40
66f5c81fa771db6db1bc2382,main-trial-20, , ,true,536911.30
66f5c81fa771db6db1bc2382,main-trial-20,c,c,true,537035.40
66f5c81fa771db6db1bc2382,main-trial-20,r,r,true,537266.40
66f5c81fa771db6db1bc2382,main-trial-21,c,c,true,545396.30
66f5c81fa771db6db1bc2382,main-trial-21,z,z,true,546005.20
66f5c81fa771db6db1bc2382,main-trial-21,c,c,true,546291.10
66f5c81fa771db6db1bc2382,main-trial-21,i,i,true,546675.10
66f5c81fa771db6db1bc2382,main-trial-21,q,q,true,547031.10
66f5c81fa771db6db1bc2382,main-trial-21, , ,true,547117.00
66f5c81fa771db6db1bc2382,main-trial-21,x,x,true,547401.10
66f5c81fa771db6db1bc2382,main-trial-21,c,c,true,547937.20
66f5c81fa771db6db1bc2382,main-trial-21, , ,true,548151.20
66f5c81fa771db6db1bc2382,main-trial-21,x,x,true,548438.10
66f5c81fa771db6db1bc2382,main-trial-21,c,c,true,548566.20
66f5c81fa771db6db1bc2382,main-trial-21, , ,true,548711.10
66f5c81fa771db6db1bc2382,main-trial-21,x,x,true,548925.10
66f5c81fa771db6db1bc2382,main-trial-21,c,c,true,549015.60
66f5c81fa771db6db1bc2382,main-trial-21, , ,true,549125.10
66f5c81fa771db6db1bc2382,main-trial-21,n,n,true,550362.20
66f5c81fa771db6db1bc2382,main-trial-21,l,l,true,550622.60
66f5c81fa771db6db1bc2382,main-trial-21,k,k,true,550832.10
66f5c81fa771db6db1bc2382,main-trial-21,g,g,true,551223.10
66f5c81fa771db6db1bc2382,main-trial-21,a,a,true,551406.10
66f5c81fa771db6db1bc2382,main-trial-21, , ,true,551528.10
66f5c81fa771db6db1bc2382,main-trial-21,c,c,true,551801.10
66f5c81fa771db6db1bc2382,main-trial-21,e,r,false,552031.10
66f5c81fa771db6db1bc2382,main-trial-21,e, ,false,552167.00
66f5c81fa771db6db1bc2382,main-trial-21,e,e,true,552458.20
66f5c81fa771db6db1bc2382,main-trial-21, , ,true,552782.20
66f5c81fa771db6db1bc2382,main-trial-21,c,c,true,552889.90
66f5c81fa771db6db1bc2382,main-trial-21,e,e,true,553169.10
66f5c81fa771db6db1bc2382,main-trial-21, , ,true,553299.00
66f5c81fa771db6db1bc2382,main-trial-21,c,c,true,553417.00
66f5c81fa771db6db1bc2382,main-trial-21,e,e,true,553685.20
66f5c81fa771db6db1bc2382,main-trial-21, , ,true,553779.00
66f5c81fa771db6db1bc2382,main-trial-21,x,x,true,554145.10
66f5c81fa771db6db1bc2382,main-trial-21,v,v,true,554505.10
66f5c81fa771db6db1bc2382,main-trial-21,x,x,true,554815.10
66f5c81fa771db6db1bc2382,main-trial-21,c,c,true,555009.10
66f5c81fa771db6db1bc2382,main-trial-21,n,n,true,555399.00
66f5c81fa771db6db1bc2382,main-trial-21, , ,true,555584.10
66f5c81fa771db6db1bc2382,main-trial-21,x,x,true,555895.00
66f5c81fa771db6db1bc2382,main-trial-21,c,c,true,556049.90
66f5c81fa771db6db1bc2382,main-trial-21, , ,true,556229.10
66f5c81fa771db6db1bc2382,main-trial-21,c,x,false,556577.00
66f5c81fa771db6db1bc2382,main-trial-21,c,c,true,556869.00
66f5c81fa771db6db1bc2382,main-trial-21,e,e,true,557152.00
66f5c81fa771db6db1bc2382,main-trial-21, , ,true,557286.00
66f5c81fa771db6db1bc2382,main-trial-21,x,x,true,557556.10
66f5c81fa771db6db1bc2382,main-trial-21,c,c,true,557694.10
66f5c81fa771db6db1bc2382,main-trial-21, , ,true,557876.10
66f5c81fa771db6db1bc2382,main-trial-21,c,c,true,558345.10
66f5c81fa771db6db1bc2382,main-trial-21,e,e,true,558599.90
66f5c81fa771db6db1bc2382,main-trial-21, , ,true,558737.90
66f5c81fa771db6db1bc2382,main-trial-21,x,x,true,559202.50
66f5c81fa771db6db1bc2382,main-trial-21,c,c,true,559356.90
66f5c81fa771db6db1bc2382,main-trial-21, , ,true,559542.20
66f5c81fa771db6db1bc2382,main-trial-21,c,c,true,559720.00
66f5c81fa771db6db1bc2382,main-trial-21,e,e,true,560033.90
66f5c81fa771db6db1bc2382,main-trial-22,d,d,true,563874.90
66f5c81fa771db6db1bc2382,main-trial-22,s,s,true,564094.80
66f5c81fa771db6db1bc2382,main-trial-22,u,u,true,564588.80
66f5c81fa771db6db1bc2382,main-trial-22,l,l,true,564759.80
66f5c81fa771db6db1bc2382,main-trial-22,d,d,true,564917.80
66f5c81fa771db6db1bc2382,main-trial-22, , ,true,565079.90
66f5c81fa771db6db1bc2382,main-trial-22,w,w,true,565390.80
66f5c81fa771db6db1bc2382,main-trial-22,d,d,true,565509.90
66f5c81fa771db6db1bc2382,main-trial-22, , ,true,565685.80
66f5c81fa771db6db1bc2382,main-trial-22,w,w,true,565798.80
66f5c81fa771db6db1bc2382,main-trial-22,d,d,true,565878.00
66f5c81fa771db6db1bc2382,main-trial-22, , ,true,566008.90
66f5c81fa771db6db1bc2382,main-trial-22,w,w,true,566098.80
66f5c81fa771db6db1bc2382,main-trial-22,d,d,true,566200.90
66f5c81fa771db6db1bc2382,main-trial-22, , ,true,566275.80
66f5c81fa771db6db1bc2382,main-trial-22,g,g,true,566905.90
66f5c81fa771db6db1bc2382,main-trial-22,p,p,true,567080.80
66f5c81fa771db6db1bc2382,main-trial-22,q,a,false,567435.80
66f5c81fa771db6db1bc2382,main-trial-22,q,q,true,567753.20
66f5c81fa771db6db1bc2382,main-trial-22,s,s,true,568028.00
66f5c81fa771db6db1bc2382,main-trial-22,s,s,true,568227.90
66f5c81fa771db6db1bc2382,main-trial-22, , ,true,568336.80
66f5c81fa771db6db1bc2382,main-trial-22,d,d,true,568478.70
66f5c81fa771db6db1bc2382,main-trial-22,s,s,true,568620.80
66f5c81fa771db6db1bc2382,main-trial-22, , ,true,568791.80
66f5c81fa771db6db1bc2382,main-trial-22,d,d,true,568878.80
66f5c81fa771db6db1bc2382,main-trial-22,s,s,true,569003.80
66f5c81fa771db6db1bc2382,main-trial-22, , ,true,569168.80
66f5c81fa771db6db1bc2382,main-trial-22,d,d,true,569230.30
66f5c81fa771db6db1bc2382,main-trial-22,s,s,true,569392.80
66f5c81fa771db6db1bc2382,main-trial-22, , ,true,569527.70
66f5c81fa771db6db1bc2382,main-trial-22,j,j,true,569756.90
66f5c81fa771db6db1bc2382,main-trial-22,j,j,true,570161.90
66f5c81fa771db6db1bc2382,main-trial-22,i,i,true,570557.70
66f5c81fa771db6db1bc2382,main-trial-22,d,d,true,570713.70
66f5c81fa771db6db1bc2382,main-trial-22,d,d,true,570991.70
66f5c81fa771db6db1bc2382,main-trial-22, , ,true,571187.70
66f5c81fa771db6db1bc2382,main-trial-22,w,w,true,571425.70
66f5c81fa771db6db1bc2382,main-trial-22,d,d,true,571590.70
66f5c81fa771db6db1bc2382,main-trial-22, , ,true,571714.70
66f5c81fa771db6db1bc2382,main-trial-22,d,w,false,571968.80
66f5c81fa771db6db1bc2382,main-trial-22,d,d,true,572063.70
66f5c81fa771db6db1bc2382,main-trial-22,s, ,false,572593.70
66f5c81fa771db6db1bc2382,main-trial-22,s,s,true,572704.80
66f5c81fa771db6db1bc2382,main-trial-22, ,w,false,573270.70
66f5c81fa771db6db1bc2382,main-trial-22, ,d,false,573433.60
66f5c81fa771db6db1bc2382,main-trial-22, , ,true,573627.90
66f5c81fa771db6db1bc2382,main-trial-22,w, ,false,573943.70
66f5c81fa771db6db1bc2382,main-trial-22,w,w,true,574156.70
66f5c81fa771db6db1bc2382,main-trial-22,d,d,true,574509.90
66f5c81fa771db6db1bc2382,main-trial-22, , ,true,574675.80
66f5c81fa771db6db1bc2382,main-trial-22,d,w,false,574898.50
66f5c81fa771db6db1bc2382,main-trial-22,d,d,true,574996.80
66f5c81fa771db6db1bc2382,main-trial-22,s,s,true,575381.30
66f5c81fa771db6db1bc2382,main-trial-22, , ,true,575552.70
66f5c81fa771db6db1bc2382,main-trial-22,w,w,true,575857.60
66f5c81fa771db6db1bc2382,main-trial-22,d,d,true,575980.20
66f5c81fa771db6db1bc2382,main-trial-22, , ,true,576188.70
66f5c81fa771db6db1bc2382,main-trial-22,d,d,true,576624.70
66f5c81fa771db6db1bc2382,main-trial-22,s,s,true,576732.70
66f5c81fa771db6db1bc2382,main-trial-23,p,p,true,581199.60
66f5c81fa771db6db1bc2382,main-trial-23,x,x,true,581520.60
66f5c81fa771db6db1bc2382,main-trial-23,z,b,false,581880.60
66f5c81fa771db6db1bc2382,main-trial-23,z,z,true,582113.60
66f5c81fa771db6db1bc2382,main-trial-23,b,b,true,582301.60
66f5c81fa771db6db1bc2382,main-trial-23,q,q,true,582545.50
66f5c81fa771db6db1bc2382,main-trial-23, , ,true,582689.60
66f5c81fa771db6db1bc2382,main-trial-23,z,x,false,582886.60
66f5c81fa771db6db1bc2382,main-trial-23,z,z,true,583211.70
66f5c81fa771db6db1bc2382,main-trial-23,x,x,true,583345.50
66f5c81fa771db6db1bc2382,main-trial-23, , ,true,583465.50
66f5c81fa771db6db1bc2382,main-trial-23,z,z,true,583643.50
66f5c81fa771db6db1bc2382,main-trial-23,x,x,true,583753.40
66f5c81fa771db6db1bc2382,main-trial-23, , ,true,583902.50
66f5c81fa771db6db1bc2382,main-trial-23,z,z,true,584035.50
66f5c81fa771db6db1bc2382,main-trial-23,x,x,true,584131.60
66f5c81fa771db6db1bc2382,main-trial-23, , ,true,584203.60
66f5c81fa771db6db1bc2382,main-trial-23,y,y,true,584519.60
66f5c81fa771db6db1bc2382,main-trial-23,h,h,true,584773.70
66f5c81fa771db6db1bc2382,main-trial-23,t,t,true,585133.50
66f5c81fa771db6db1bc2382,main-trial-23,q,q,true,585464.50
66f5c81fa771db6db1bc2382,main-trial-23,b,b,true,585662.60
66f5c81fa771db6db1bc2382,main-trial-23, , ,true,585811.50
66f5c81fa771db6db1bc2382,main-trial-23,z,z,true,586087.40
66f5c81fa771db6db1bc2382,main-trial-23,e,e,true,586244.50
66f5c81fa771db6db1bc2382,main-trial-23, , ,true,586361.50
66f5c81fa771db6db1bc2382,main-trial-23,z,z,true,586531.50
66f5c81fa771db6db1bc2382,main-trial-23,e,e,true,586647.50
66f5c81fa771db6db1bc2382,main-trial-23, , ,true,586749.30
66f5c81fa771db6db1bc2382,main-trial-23,z,z,true,586897.40
66f5c81fa771db6db1bc2382,main-trial-23,e,e,true,587032.50
66f5c81fa771db6db1bc2382,main-trial-23, , ,true,587129.40
66f5c81fa771db6db1bc2382,main-trial-23,i,i,true,587307.50
66f5c81fa771db6db1bc2382,main-trial-23,h,h,true,587500.40
66f5c81fa771db6db1bc2382,main-trial-23,v,v,true,587873.50
66f5c81fa771db6db1bc2382,main-trial-23,d,d,true,588176.60
66f5c81fa771db6db1bc2382,main-trial-23,p,p,true,588329.50
66f5c81fa771db6db1bc2382,main-trial-23, , ,true,588515.40
66f5c81fa771db6db1bc2382,main-trial-23,z,x,false,588801.60
66f5c81fa771db6db1bc2382,main-trial-23,z,z,true,589066.60
66f5c81fa771db6db1bc2382,main-trial-23,x,x,true,589185.40
66f5c81fa771db6db1bc2382,main-trial-23, , ,true,589307.30
66f5c81fa771db6db1bc2382,main-trial-23,z,z,true,589742.10
66f5c81fa771db6db1bc2382,main-trial-23,e,e,true,589924.40
66f5c81fa771db6db1bc2382,main-trial-23, , ,true,590057.40
66f5c81fa771db6db1bc2382,main-trial-23,z,z,true,590318.40
66f5c81fa771db6db1bc2382,main-trial-23,x,x,true,590590.60
66f5c81fa771db6db1bc2382,main-trial-23, , ,true,590732.40
66f5c81fa771db6db1bc2382,main-trial-23,z,z,true,591040.40
66f5c81fa771db6db1bc2382,main-trial-23,e,e,true,591344.40
66f5c81fa771db6db1bc2382,main-trial-23, , ,true,591518.40
66f5c81fa771db6db1bc2382,main-trial-23,z,z,true,591744.50
66f5c81fa771db6db1bc2382,main-trial-23,x,x,true,591880.40
66f5c81fa771db6db1bc2382,main-trial-23, , ,true,592054.40
66f5c81fa771db6db1bc2382,main-trial-23,z,z,true,592254.40
66f5c81fa771db6db1bc2382,main-trial-23,e,e,true,592596.40
66f5c81fa771db6db1bc2382,main-trial-24,f,f,true,597839.50
66f5c81fa771db6db1bc2382,main-trial-24,e,e,true,598055.30
66f5c81fa771db6db1bc2382,main-trial-24,h,h,true,598218.20
66f5c81fa771db6db1bc2382,main-trial-24,f,f,true,598386.20
66f5c81fa771db6db1bc2382,main-trial-24,o,o,true,598502.30
66f5c81fa771db6db1bc2382,main-trial-24, , ,true,598773.30
66f5c81fa771db6db1bc2382,main-trial-24,f,f,true,598968.20
66f5c81fa771db6db1bc2382,main-trial-24,d,d,true,599092.40
66f5c81fa771db6db1bc2382,main-trial-24, , ,true,599194.30
66f5c81fa771db6db1bc2382,main-trial-24,f,f,true,599356.20
66f5c81fa771db6db1bc2382,main-trial-24,d,d,true,599473.20
66f5c81fa771db6db1bc2382,main-trial-24, , ,true,599584.20
66f5c81fa771db6db1bc2382,main-trial-24,f,f,true,599718.20
66f5c81fa771db6db1bc2382,main-trial-24,d,d,true,599821.70
66f5c81fa771db6db1bc2382,main-trial-24, , ,true,599914.30
66f5c81fa771db6db1bc2382,main-trial-24,r,r,true,600083.30
66f5c81fa771db6db1bc2382,main-trial-24,d,d,true,600525.30
66f5c81fa771db6db1bc2382,main-trial-24,x,x,true,600870.20
66f5c81fa771db6db1bc2382,main-trial-24,f,f,true,601199.30
66f5c81fa771db6db1bc2382,main-trial-24,b,b,true,601405.20
66f5c81fa771db6db1bc2382,main-trial-24, , ,true,601585.40
66f5c81fa771db6db1bc2382,main-trial-24,f,f,true,601674.20
66f5c81fa771db6db1bc2382,main-trial-24,r,r,true,601908.20
66f5c81fa771db6db1bc2382,main-trial-24, , ,true,602017.30
66f5c81fa771db6db1bc2382,main-trial-24,f,f,true,602137.20
66f5c81fa771db6db1bc2382,main-trial-24,r,r,true,602334.20
66f5c81fa771db6db1bc2382,main-trial-24, , ,true,602417.20
66f5c81fa771db6db1bc2382,main-trial-24,f,f,true,602550.20
66f5c81fa771db6db1bc2382,main-trial-24,r,r,true,602730.20
66f5c81fa771db6db1bc2382,main-trial-24, , ,true,602799.10
66f5c81fa771db6db1bc2382,main-trial-24,l,l,true,603001.20
66f5c81fa771db6db1bc2382,main-trial-24,s,j,false,603190.20
66f5c81fa771db6db1bc2382,main-trial-24,s,j,false,603621.20
66f5c81fa771db6db1bc2382,main-trial-24,s,s,true,603871.20
66f5c81fa771db6db1bc2382,main-trial-24,j,j,true,604108.20
66f5c81fa771db6db1bc2382,main-trial-24,x,x,true,604479.20
66f5c81fa771db6db1bc2382,main-trial-24,o,o,true,604611.10
66f5c81fa771db6db1bc2382,main-trial-24, , ,true,604889.20
66f5c81fa771db6db1bc2382,main-trial-24,f,f,true,605004.20
66f5c81fa771db6db1bc2382,main-trial-24,d,d,true,605143.20
66f5c81fa771db6db1bc2382,main-trial-24, , ,true,605314.20
66f5c81fa771db6db1bc2382,main-trial-24,f,f,true,605747.20
66f5c81fa771db6db1bc2382,main-trial-24,r,r,true,606001.10
66f5c81fa771db6db1bc2382,main-trial-24, , ,true,606094.00
66f5c81fa771db6db1bc2382,main-trial-24,f,f,true,606317.10
66f5c81fa771db6db1bc2382,main-trial-24,d,d,true,606458.20
66f5c81fa771db6db1bc2382,main-trial-24, , ,true,606602.10
66f5c81fa771db6db1bc2382,main-trial-24,f,f,true,606740.40
66f5c81fa771db6db1bc2382,main-trial-24,r,r,true,606980.20
66f5c81fa771db6db1bc2382,main-trial-24, , ,true,607094.10
66f5c81fa771db6db1bc2382,main-trial-24,f,f,true,607308.20
66f5c81fa771db6db1bc2382,main-trial-24,d,d,true,607452.10
66f5c81fa771db6db1bc2382,main-trial-24, , ,true,607566.20
66f5c81fa771db6db1bc2382,main-trial-24,f,f,true,607768.10
66f5c81fa771db6db1bc2382,main-trial-24,r,r,true,607992.20
66f5c81fa771db6db1bc2382,main-trial-25,q,q,true,612766.10
66f5c81fa771db6db1bc2382,main-trial-25,k,k,true,612892.00
66f5c81fa771db6db1bc2382,main-trial-25,a,a,true,613192.10
66f5c81fa771db6db1bc2382,main-trial-25,i,i,true,613285.80
66f5c81fa771db6db1bc2382,main-trial-25,q,q,true,613642.00
66f5c81fa771db6db1bc2382,main-trial-25, , ,true,613795.00
66f5c81fa771db6db1bc2382,main-trial-25,f,f,true,613920.10
66f5c81fa771db6db1bc2382,main-trial-25,d,d,true,614058.00
66f5c81fa771db6db1bc2382,main-trial-25, , ,true,614147.00
66f5c81fa771db6db1bc2382,main-trial-25,f,f,true,614355.00
66f5c81fa771db6db1bc2382,main-trial-25,d,d,true,614496.00
66f5c81fa771db6db1bc2382,main-trial-25, , ,true,614587.00
66f5c81fa771db6db1bc2382,main-trial-25,f,f,true,614738.00
66f5c81fa771db6db1bc2382,main-trial-25,d,d,true,614860.00
66f5c81fa771db6db1bc2382,main-trial-25, , ,true,614964.00
66f5c81fa771db6db1bc2382,main-trial-25,o,o,true,615257.00
66f5c81fa771db6db1bc2382,main-trial-25,y,y,true,615541.00
66f5c81fa771db6db1bc2382,main-trial-25,k,k,true,615815.90
66f5c81fa771db6db1bc2382,main-trial-25,v,v,true,616241.90
66f5c81fa771db6db1bc2382,main-trial-25,w,w,true,616667.00
66f5c81fa771db6db1bc2382,main-trial-25, , ,true,616804.00
66f5c81fa771db6db1bc2382,main-trial-25,c,d,false,616961.00
66f5c81fa771db6db1bc2382,main-trial-25,c,c,true,616977.00
66f5c81fa771db6db1bc2382,main-trial-25,e,d,false,617008.00
66f5c81fa771db6db1bc2382,main-trial-25,e,e,true,617333.00
66f5c81fa771db6db1bc2382,main-trial-25, , ,true,617470.00
66f5c81fa771db6db1bc2382,main-trial-25,c,c,true,617669.00
66f5c81fa771db6db1bc2382,main-trial-25,e,e,true,617991.90
66f5c81fa771db6db1bc2382,main-trial-25, , ,true,618113.00
66f5c81fa771db6db1bc2382,main-trial-25,c,c,true,618296.00
66f5c81fa771db6db1bc2382,main-trial-25,e,e,true,618641.90
66f5c81fa771db6db1bc2382,main-trial-25, , ,true,618787.00
66f5c81fa771db6db1bc2382,main-trial-25,q,q,true,619150.90
66f5c81fa771db6db1bc2382,main-trial-25,p,p,true,619400.00
66f5c81fa771db6db1bc2382,main-trial-25,j,j,true,619839.90
66f5c81fa771db6db1bc2382,main-trial-25,b,d,false,620102.50
66f5c81fa771db6db1bc2382,main-trial-25,b,b,true,620507.00
66f5c81fa771db6db1bc2382,main-trial-25,e,e,true,620675.00
66f5c81fa771db6db1bc2382,main-trial-25, , ,true,620787.90
66f5c81fa771db6db1bc2382,main-trial-25,f,f,true,621041.00
66f5c81fa771db6db1bc2382,main-trial-25,d,d,true,621234.90
66f5c81fa771db6db1bc2382,main-trial-25, , ,true,621397.90
66f5c81fa771db6db1bc2382,main-trial-25,c,f,false,621516.90
66f5c81fa771db6db1bc2382,main-trial-25,c,d,false,621683.00
66f5c81fa771db6db1bc2382,main-trial-25,c,c,true,621918.90
66f5c81fa771db6db1bc2382,main-trial-25,e,e,true,622193.90
66f5c81fa771db6db1bc2382,main-trial-25, , ,true,622315.90
66f5c81fa771db6db1bc2382,main-trial-25,f,f,true,622810.10
66f5c81fa771db6db1bc2382,main-trial-25,d,d,true,622918.90
66f5c81fa771db6db1bc2382,main-trial-25, , ,true,623115.90
66f5c81fa771db6db1bc2382,main-trial-25,c,c,true,623418.10
66f5c81fa771db6db1bc2382,main-trial-25,e,e,true,623672.90
66f5c81fa771db6db1bc2382,main-trial-25, , ,true,623737.80
66f5c81fa771db6db1bc2382,main-trial-25,f,f,true,623864.70
66f5c81fa771db6db1bc2382,main-trial-25,d,d,true,624000.90
66f5c81fa771db6db1bc2382,main-trial-25, , ,true,624237.80
66f5c81fa771db6db1bc2382,main-trial-25,c,c,true,624502.80
66f5c81fa771db6db1bc2382,main-trial-25,e,e,true,624732.80
66f5c81fa771db6db1bc2382,main-trial-26,l,i,false,630190.30
66f5c81fa771db6db1bc2382,main-trial-26,l,k,false,630403.80
66f5c81fa771db6db1bc2382,main-trial-26,l, ,false,630770.80
66f5c81fa771db6db1bc2382,main-trial-26,l,i,false,632426.70
66f5c81fa771db6db1bc2382,main-trial-26,l,k,false,632707.70
66f5c81fa771db6db1bc2382,main-trial-26,l,i,false,633085.70
66f5c81fa771db6db1bc2382,main-trial-26,l,i,false,633655.70
66f5c81fa771db6db1bc2382,main-trial-26,l,l,true,634153.70
66f5c81fa771db6db1bc2382,main-trial-26,k,k,true,634747.60
66f5c81fa771db6db1bc2382,main-trial-26,e,w,false,635285.70
66f5c81fa771db6db1bc2382,main-trial-26,e,e,true,635611.70
66f5c81fa771db6db1bc2382,main-trial-26,r,r,true,635896.70
66f5c81fa771db6db1bc2382,main-trial-26,w,w,true,636498.70
66f5c81fa771db6db1bc2382,main-trial-26, , ,true,636950.70
66f5c81fa771db6db1bc2382,main-trial-26,f,f,true,637058.60
66f5c81fa771db6db1bc2382,main-trial-26,f,f,true,637255.90
66f5c81fa771db6db1bc2382,main-trial-26, , ,true,637357.90
66f5c81fa771db6db1bc2382,main-trial-26,f,f,true,637561.70
66f5c81fa771db6db1bc2382,main-trial-26,f,f,true,637726.60
66f5c81fa771db6db1bc2382,main-trial-26, , ,true,637858.50
66f5c81fa771db6db1bc2382,main-trial-26,f,f,true,638070.70
66f5c81fa771db6db1bc2382,main-trial-26,f,f,true,638250.60
66f5c81fa771db6db1bc2382,main-trial-26, , ,true,638337.60
66f5c81fa771db6db1bc2382,main-trial-26,x,x,true,639010.70
66f5c81fa771db6db1bc2382,main-trial-26,e,e,true,639322.70
66f5c81fa771db6db1bc2382,main-trial-26,p,p,true,639504.60
66f5c81fa771db6db1bc2382,main-trial-26,t,t,true,639758.70
66f5c81fa771db6db1bc2382,main-trial-26,p,p,true,640015.70
66f5c81fa771db6db1bc2382,main-trial-26, , ,true,640204.10
66f5c81fa771db6db1bc2382,main-trial-26,a,a,true,640346.70
66f5c81fa771db6db1bc2382,main-trial-26,a,a,true,640553.60
66f5c81fa771db6db1bc2382,main-trial-26, , ,true,640663.40
66f5c81fa771db6db1bc2382,main-trial-26,a,a,true,640824.50
66f5c81fa771db6db1bc2382,main-trial-26,a,a,true,640994.50
66f5c81fa771db6db1bc2382,main-trial-26, , ,true,641112.50
66f5c81fa771db6db1bc2382,main-trial-26,a,a,true,641276.60
66f5c81fa771db6db1bc2382,main-trial-26,a,a,true,641424.60
66f5c81fa771db6db1bc2382,main-trial-26, , ,true,641541.60
66f5c81fa771db6db1bc2382,main-trial-26,d,d,true,643560.50
66f5c81fa771db6db1bc2382,main-trial-26,a,a,true,643665.60
66f5c81fa771db6db1bc2382,main-trial-26,e,e,true,643891.60
66f5c81fa771db6db1bc2382,main-trial-26,g,g,true,644177.50
66f5c81fa771db6db1bc2382,main-trial-26,z,z,true,644507.40
66f5c81fa771db6db1bc2382,main-trial-26, , ,true,644689.50
66f5c81fa771db6db1bc2382,main-trial-26,f,f,true,644908.50
66f5c81fa771db6db1bc2382,main-trial-26,f,f,true,645064.50
66f5c81fa771db6db1bc2382,main-trial-26, , ,true,645162.60
66f5c81fa771db6db1bc2382,main-trial-26,a,a,true,645640.50
66f5c81fa771db6db1bc2382,main-trial-26,a,a,true,645802.40
66f5c81fa771db6db1bc2382,main-trial-26, , ,true,645936.50
66f5c81fa771db6db1bc2382,main-trial-26,f,f,true,646210.50
66f5c81fa771db6db1bc2382,main-trial-26,f,f,true,646353.50
66f5c81fa771db6db1bc2382,main-trial-26, , ,true,646473.60
66f5c81fa771db6db1bc2382,main-trial-26,a,a,true,646653.40
66f5c81fa771db6db1bc2382,main-trial-26,a,a,true,646832.50
66f5c81fa771db6db1bc2382,main-trial-26, , ,true,646979.50
66f5c81fa771db6db1bc2382,main-trial-26,f,f,true,647101.50
66f5c81fa771db6db1bc2382,main-trial-26,f,f,true,647230.60
66f5c81fa771db6db1bc2382,main-trial-26, , ,true,647441.50
66f5c81fa771db6db1bc2382,main-trial-26,a,a,true,647572.60
66f5c81fa771db6db1bc2382,main-trial-26,a,a,true,647736.40
66f5c81fa771db6db1bc2382,main-trial-27,s,a,false,659559.30
66f5c81fa771db6db1bc2382,main-trial-27,s,s,true,659909.30
66f5c81fa771db6db1bc2382,main-trial-27,z,z,true,660225.20
66f5c81fa771db6db1bc2382,main-trial-27,i,i,true,660429.20
66f5c81fa771db6db1bc2382,main-trial-27,i,i,true,660595.30
66f5c81fa771db6db1bc2382,main-trial-27,i, ,false,660768.70
66f5c81fa771db6db1bc2382,main-trial-27,i,f,false,660849.20
66f5c81fa771db6db1bc2382,main-trial-27,i,e,false,661059.20
66f5c81fa771db6db1bc2382,main-trial-27,i, ,false,661190.30
66f5c81fa771db6db1bc2382,main-trial-27,i,f,false,661300.10
66f5c81fa771db6db1bc2382,main-trial-27,i,i,true,661752.30
66f5c81fa771db6db1bc2382,main-trial-27, , ,true,662105.30
66f5c81fa771db6db1bc2382,main-trial-27,f,f,true,662244.20
66f5c81fa771db6db1bc2382,main-trial-27,e,e,true,662442.30
66f5c81fa771db6db1bc2382,main-trial-27, , ,true,662550.30
66f5c81fa771db6db1bc2382,main-trial-27,f,f,true,662699.20
66f5c81fa771db6db1bc2382,main-trial-27,e,e,true,662807.30
66f5c81fa771db6db1bc2382,main-trial-27, , ,true,662919.20
66f5c81fa771db6db1bc2382,main-trial-27,f,f,true,663074.20
66f5c81fa771db6db1bc2382,main-trial-27,e,e,true,663177.20
66f5c81fa771db6db1bc2382,main-trial-27, , ,true,663321.00
66f5c81fa771db6db1bc2382,main-trial-27,y,d,false,663526.20
66f5c81fa771db6db1bc2382,main-trial-27,y,y,true,663758.30
66f5c81fa771db6db1bc2382,main-trial-27,d,d,true,664009.20
66f5c81fa771db6db1bc2382,main-trial-27,d,d,true,664228.20
66f5c81fa771db6db1bc2382,main-trial-27,m,m,true,664538.20
66f5c81fa771db6db1bc2382,main-trial-27,g,g,true,664701.20
66f5c81fa771db6db1bc2382,main-trial-27, , ,true,664826.10
66f5c81fa771db6db1bc2382,main-trial-27,e,e,true,665048.40
66f5c81fa771db6db1bc2382,main-trial-27,f,f,true,665178.20
66f5c81fa771db6db1bc2382,main-trial-27, , ,true,665302.10
66f5c81fa771db6db1bc2382,main-trial-27,e,e,true,665431.10
66f5c81fa771db6db1bc2382,main-trial-27,f,f,true,665526.20
66f5c81fa771db6db1bc2382,main-trial-27, , ,true,665688.10
66f5c81fa771db6db1bc2382,main-trial-27,e,e,true,665909.30
66f5c81fa771db6db1bc2382,main-trial-27,f,f,true,666267.20
66f5c81fa771db6db1bc2382,main-trial-27, , ,true,666405.10
66f5c81fa771db6db1bc2382,main-trial-27,c,z,false,666859.20
66f5c81fa771db6db1bc2382,main-trial-27,c,o,false,666981.10
66f5c81fa771db6db1bc2382,main-trial-27,c,c,true,667215.20
66f5c81fa771db6db1bc2382,main-trial-27,o,o,true,667361.10
66f5c81fa771db6db1bc2382,main-trial-27,z,z,true,667516.30
66f5c81fa771db6db1bc2382,main-trial-27,c,c,true,668028.10
66f5c81fa771db6db1bc2382,main-trial-27,b,b,true,668257.20
66f5c81fa771db6db1bc2382,main-trial-27, , ,true,668400.10
66f5c81fa771db6db1bc2382,main-trial-27,f,f,true,668592.10
66f5c81fa771db6db1bc2382,main-trial-27,e,e,true,668761.10
66f5c81fa771db6db1bc2382,main-trial-27, , ,true,668889.00
66f5c81fa771db6db1bc2382,main-trial-27,e,f,false,669008.10
66f5c81fa771db6db1bc2382,main-trial-27,e,e,true,669257.10
66f5c81fa771db6db1bc2382,main-trial-27,f,f,true,669371.20
66f5c81fa771db6db1bc2382,main-trial-27, , ,true,669500.10
66f5c81fa771db6db1bc2382,main-trial-27,f,f,true,669821.10
66f5c81fa771db6db1bc2382,main-trial-27,e,e,true,670002.10
66f5c81fa771db6db1bc2382,main-trial-27, , ,true,670137.10
66f5c81fa771db6db1bc2382,main-trial-27,e,e,true,670353.10
66f5c81fa771db6db1bc2382,main-trial-27,f,f,true,670551.10
66f5c81fa771db6db1bc2382,main-trial-27, , ,true,670654.90
66f5c81fa771db6db1bc2382,main-trial-27,f,f,true,671805.70
66f5c81fa771db6db1bc2382,main-trial-27,e,e,true,672009.00
66f5c81fa771db6db1bc2382,main-trial-27, , ,true,672204.10
66f5c81fa771db6db1bc2382,main-trial-27,e,e,true,672310.10
66f5c81fa771db6db1bc2382,main-trial-27,f,f,true,672434.00
