user_id,trialId,expectedKey,typedKey,isCorrect,keydownTime
60d41f1884db98332554af48,intro-trial-1,t,t,true,35520.00
60d41f1884db98332554af48,intro-trial-1,o,o,true,36217.00
60d41f1884db98332554af48,intro-trial-1,a,a,true,36633.00
60d41f1884db98332554af48,intro-trial-1,i,i,true,36959.00
60d41f1884db98332554af48,intro-trial-1,q,q,true,37380.00
60d41f1884db98332554af48,intro-trial-1, , ,true,38025.00
60d41f1884db98332554af48,intro-trial-1,d,d,true,38486.00
60d41f1884db98332554af48,intro-trial-1,f,d,false,41271.00
60d41f1884db98332554af48,intro-trial-1,f, ,false,41962.00
60d41f1884db98332554af48,intro-trial-1,f,f,true,42603.00
60d41f1884db98332554af48,intro-trial-1, , ,true,44789.00
60d41f1884db98332554af48,intro-trial-1,d,d,true,45423.00
60d41f1884db98332554af48,intro-trial-1,f,f,true,45873.00
60d41f1884db98332554af48,intro-trial-1, , ,true,46319.00
60d41f1884db98332554af48,intro-trial-1,d,d,true,46835.00
60d41f1884db98332554af48,intro-trial-1,f,f,true,47309.00
60d41f1884db98332554af48,intro-trial-1, , ,true,47952.00
60d41f1884db98332554af48,intro-trial-1,d,d,true,49215.00
60d41f1884db98332554af48,intro-trial-1,q,q,true,49722.00
60d41f1884db98332554af48,intro-trial-1,k,k,true,50182.00
60d41f1884db98332554af48,intro-trial-1,q,z,false,51204.00
60d41f1884db98332554af48,intro-trial-1,q,o,false,51642.00
60d41f1884db98332554af48,intro-trial-1,q,q,true,53388.00
60d41f1884db98332554af48,intro-trial-1,o,o,true,54104.00
60d41f1884db98332554af48,intro-trial-1, , ,true,54650.00
60d41f1884db98332554af48,intro-trial-1,e,e,true,55207.00
60d41f1884db98332554af48,intro-trial-1,f,f,true,55740.00
60d41f1884db98332554af48,intro-trial-1, , ,true,56211.00
60d41f1884db98332554af48,intro-trial-1,e,e,true,56693.00
60d41f1884db98332554af48,intro-trial-1,f,f,true,57099.00
60d41f1884db98332554af48,intro-trial-1, , ,true,57598.00
60d41f1884db98332554af48,intro-trial-1,e,e,true,58096.00
60d41f1884db98332554af48,intro-trial-1,f,f,true,58510.00
60d41f1884db98332554af48,intro-trial-1, , ,true,59181.00
60d41f1884db98332554af48,intro-trial-1,t,t,true,59658.00
60d41f1884db98332554af48,intro-trial-1,x,x,true,60184.00
60d41f1884db98332554af48,intro-trial-1,p,p,true,60744.00
60d41f1884db98332554af48,intro-trial-1,h,h,true,61088.00
60d41f1884db98332554af48,intro-trial-1,e,e,true,61477.00
60d41f1884db98332554af48,intro-trial-1, , ,true,61891.00
60d41f1884db98332554af48,intro-trial-1,d,d,true,62213.00
60d41f1884db98332554af48,intro-trial-1,f,f,true,62595.00
60d41f1884db98332554af48,intro-trial-1, , ,true,63194.00
60d41f1884db98332554af48,intro-trial-1,e,e,true,63958.00
60d41f1884db98332554af48,intro-trial-1,f,f,true,64316.00
60d41f1884db98332554af48,intro-trial-1, , ,true,64764.00
60d41f1884db98332554af48,intro-trial-1,d,d,true,65173.00
60d41f1884db98332554af48,intro-trial-1,f,f,true,65543.00
60d41f1884db98332554af48,intro-trial-1, , ,true,66008.00
60d41f1884db98332554af48,intro-trial-1,e,e,true,66497.00
60d41f1884db98332554af48,intro-trial-1,f,f,true,66942.00
60d41f1884db98332554af48,intro-trial-1, , ,true,67397.00
60d41f1884db98332554af48,intro-trial-1,d,d,true,67788.00
60d41f1884db98332554af48,intro-trial-1,f,f,true,68146.00
60d41f1884db98332554af48,intro-trial-1, , ,true,68577.00
60d41f1884db98332554af48,intro-trial-1,e,e,true,69042.00
60d41f1884db98332554af48,intro-trial-1,f,f,true,69468.00
60d41f1884db98332554af48,intro-trial-2,e,e,true,76228.00
60d41f1884db98332554af48,intro-trial-2,z,z,true,76741.00
60d41f1884db98332554af48,intro-trial-2,q,q,true,77677.00
60d41f1884db98332554af48,intro-trial-2,j,j,true,78211.00
60d41f1884db98332554af48,intro-trial-2,j,j,true,78615.00
60d41f1884db98332554af48,intro-trial-2, , ,true,78992.00
60d41f1884db98332554af48,intro-trial-2,q,q,true,79375.00
60d41f1884db98332554af48,intro-trial-2,s,s,true,79765.00
60d41f1884db98332554af48,intro-trial-2, , ,true,80130.00
60d41f1884db98332554af48,intro-trial-2,q,q,true,80777.00
60d41f1884db98332554af48,intro-trial-2,s,s,true,81335.00
60d41f1884db98332554af48,intro-trial-2, , ,true,81689.00
60d41f1884db98332554af48,intro-trial-2,q,q,true,82260.00
60d41f1884db98332554af48,intro-trial-2,s,s,true,82740.00
60d41f1884db98332554af48,intro-trial-2, , ,true,83077.00
60d41f1884db98332554af48,intro-trial-2,y,y,true,83485.00
60d41f1884db98332554af48,intro-trial-2,c,c,true,83795.00
60d41f1884db98332554af48,intro-trial-2,f,f,true,84103.00
60d41f1884db98332554af48,intro-trial-2,r,r,true,84556.00
60d41f1884db98332554af48,intro-trial-2,z,z,true,84905.00
60d41f1884db98332554af48,intro-trial-2, , ,true,85309.00
60d41f1884db98332554af48,intro-trial-2,s,s,true,85631.00
60d41f1884db98332554af48,intro-trial-2,a,a,true,85923.00
60d41f1884db98332554af48,intro-trial-2, , ,true,86203.00
60d41f1884db98332554af48,intro-trial-2,s,s,true,86560.00
60d41f1884db98332554af48,intro-trial-2,a,a,true,86833.00
60d41f1884db98332554af48,intro-trial-2, , ,true,87109.00
60d41f1884db98332554af48,intro-trial-2,s,s,true,87546.00
60d41f1884db98332554af48,intro-trial-2,a,a,true,87834.00
60d41f1884db98332554af48,intro-trial-2, , ,true,88159.00
60d41f1884db98332554af48,intro-trial-2,r,r,true,88743.00
60d41f1884db98332554af48,intro-trial-2,z,z,true,89010.00
60d41f1884db98332554af48,intro-trial-2,i,i,true,89548.00
60d41f1884db98332554af48,intro-trial-2,q,q,true,89899.00
60d41f1884db98332554af48,intro-trial-2,k,k,true,90471.00
60d41f1884db98332554af48,intro-trial-2, , ,true,90788.00
60d41f1884db98332554af48,intro-trial-2,q,q,true,92016.00
60d41f1884db98332554af48,intro-trial-2,s,s,true,92865.00
60d41f1884db98332554af48,intro-trial-2, , ,true,93357.00
60d41f1884db98332554af48,intro-trial-2,s,s,true,93639.00
60d41f1884db98332554af48,intro-trial-2,a,a,true,93888.00
60d41f1884db98332554af48,intro-trial-2, , ,true,94110.00
60d41f1884db98332554af48,intro-trial-2,q,q,true,94545.00
60d41f1884db98332554af48,intro-trial-2,s,s,true,94972.00
60d41f1884db98332554af48,intro-trial-2, , ,true,95285.00
60d41f1884db98332554af48,intro-trial-2,s,s,true,95572.00
60d41f1884db98332554af48,intro-trial-2,a,a,true,95807.00
60d41f1884db98332554af48,intro-trial-2, , ,true,96155.00
60d41f1884db98332554af48,intro-trial-2,q,q,true,96685.00
60d41f1884db98332554af48,intro-trial-2,s,s,true,97102.00
60d41f1884db98332554af48,intro-trial-2, , ,true,97420.00
60d41f1884db98332554af48,intro-trial-2,s,s,true,97702.00
60d41f1884db98332554af48,intro-trial-2,a,a,true,98000.00
60d41f1884db98332554af48,intro-trial-3,y,y,true,103017.00
60d41f1884db98332554af48,intro-trial-3,n,n,true,103494.00
60d41f1884db98332554af48,intro-trial-3,s,s,true,103806.00
60d41f1884db98332554af48,intro-trial-3,r,r,true,104124.00
60d41f1884db98332554af48,intro-trial-3,z,z,true,104492.00
60d41f1884db98332554af48,intro-trial-3, , ,true,104840.00
60d41f1884db98332554af48,intro-trial-3,f,f,true,105071.00
60d41f1884db98332554af48,intro-trial-3,g,g,true,105621.00
60d41f1884db98332554af48,intro-trial-3, , ,true,106039.00
60d41f1884db98332554af48,intro-trial-3,f,f,true,106669.00
60d41f1884db98332554af48,intro-trial-3,g,g,true,106959.00
60d41f1884db98332554af48,intro-trial-3, , ,true,107303.00
60d41f1884db98332554af48,intro-trial-3,f,f,true,107603.00
60d41f1884db98332554af48,intro-trial-3,g,g,true,107910.00
60d41f1884db98332554af48,intro-trial-3, , ,true,108236.00
60d41f1884db98332554af48,intro-trial-3,j,j,true,108493.00
60d41f1884db98332554af48,intro-trial-3,u,u,true,108708.00
60d41f1884db98332554af48,intro-trial-3,h,h,true,108932.00
60d41f1884db98332554af48,intro-trial-3,t,t,true,109524.00
60d41f1884db98332554af48,intro-trial-3,b,b,true,109877.00
60d41f1884db98332554af48,intro-trial-3, , ,true,110141.00
60d41f1884db98332554af48,intro-trial-3,f,f,true,110415.00
60d41f1884db98332554af48,intro-trial-3,r,r,true,111454.00
60d41f1884db98332554af48,intro-trial-3, , ,true,112124.00
60d41f1884db98332554af48,intro-trial-3,f,f,true,112571.00
60d41f1884db98332554af48,intro-trial-3,r,r,true,112867.00
60d41f1884db98332554af48,intro-trial-3, , ,true,113159.00
60d41f1884db98332554af48,intro-trial-3,f,f,true,113492.00
60d41f1884db98332554af48,intro-trial-3,r,r,true,113757.00
60d41f1884db98332554af48,intro-trial-3, , ,true,114126.00
60d41f1884db98332554af48,intro-trial-3,b,b,true,114425.00
60d41f1884db98332554af48,intro-trial-3,v,v,true,114836.00
60d41f1884db98332554af48,intro-trial-3,i,i,true,115157.00
60d41f1884db98332554af48,intro-trial-3,q,q,true,115507.00
60d41f1884db98332554af48,intro-trial-3,h,h,true,115854.00
60d41f1884db98332554af48,intro-trial-3, , ,true,116157.00
60d41f1884db98332554af48,intro-trial-3,f,f,true,116420.00
60d41f1884db98332554af48,intro-trial-3,g,g,true,117854.00
60d41f1884db98332554af48,intro-trial-3, , ,true,118391.00
60d41f1884db98332554af48,intro-trial-3,f,f,true,119380.00
60d41f1884db98332554af48,intro-trial-3,r,r,true,119719.00
60d41f1884db98332554af48,intro-trial-3, , ,true,120097.00
60d41f1884db98332554af48,intro-trial-3,f,f,true,120449.00
60d41f1884db98332554af48,intro-trial-3,g,g,true,120863.00
60d41f1884db98332554af48,intro-trial-3, , ,true,121254.00
60d41f1884db98332554af48,intro-trial-3,f,f,true,121464.00
60d41f1884db98332554af48,intro-trial-3,r,r,true,121765.00
60d41f1884db98332554af48,intro-trial-3, , ,true,122107.00
60d41f1884db98332554af48,intro-trial-3,f,f,true,122613.00
60d41f1884db98332554af48,intro-trial-3,g,g,true,122970.00
60d41f1884db98332554af48,intro-trial-3, , ,true,123310.00
60d41f1884db98332554af48,intro-trial-3,f,f,true,123548.00
60d41f1884db98332554af48,intro-trial-3,r,r,true,123781.00
60d41f1884db98332554af48,main-trial-1,y,y,true,130430.00
60d41f1884db98332554af48,main-trial-1,s,s,true,130792.00
60d41f1884db98332554af48,main-trial-1,f,f,true,131111.00
60d41f1884db98332554af48,main-trial-1,r,r,true,131469.00
60d41f1884db98332554af48,main-trial-1,y,y,true,131717.00
60d41f1884db98332554af48,main-trial-1, , ,true,131989.00
60d41f1884db98332554af48,main-trial-1,d,d,true,132245.00
60d41f1884db98332554af48,main-trial-1,r,r,true,132482.00
60d41f1884db98332554af48,main-trial-1, , ,true,132821.00
60d41f1884db98332554af48,main-trial-1,d,d,true,133134.00
60d41f1884db98332554af48,main-trial-1,r,r,true,133410.00
60d41f1884db98332554af48,main-trial-1, , ,true,133667.00
60d41f1884db98332554af48,main-trial-1,d,d,true,134027.00
60d41f1884db98332554af48,main-trial-1,r,r,true,134320.00
60d41f1884db98332554af48,main-trial-1, , ,true,134686.00
60d41f1884db98332554af48,main-trial-1,p,p,true,134957.00
60d41f1884db98332554af48,main-trial-1,d,d,true,135197.00
60d41f1884db98332554af48,main-trial-1,m,m,true,135506.00
60d41f1884db98332554af48,main-trial-1,u,u,true,135793.00
60d41f1884db98332554af48,main-trial-1,v,v,true,136197.00
60d41f1884db98332554af48,main-trial-1, , ,true,136431.00
60d41f1884db98332554af48,main-trial-1,f,f,true,136670.00
60d41f1884db98332554af48,main-trial-1,d,d,true,136928.00
60d41f1884db98332554af48,main-trial-1, , ,true,137295.00
60d41f1884db98332554af48,main-trial-1,f,f,true,137621.00
60d41f1884db98332554af48,main-trial-1,d,d,true,137835.00
60d41f1884db98332554af48,main-trial-1, , ,true,138109.00
60d41f1884db98332554af48,main-trial-1,f,f,true,138462.00
60d41f1884db98332554af48,main-trial-1,d,d,true,138770.00
60d41f1884db98332554af48,main-trial-1, , ,true,139439.00
60d41f1884db98332554af48,main-trial-1,m,m,true,139953.00
60d41f1884db98332554af48,main-trial-1,s,s,true,140270.00
60d41f1884db98332554af48,main-trial-1,n,n,true,140474.00
60d41f1884db98332554af48,main-trial-1,g,g,true,140709.00
60d41f1884db98332554af48,main-trial-1,e,e,true,140993.00
60d41f1884db98332554af48,main-trial-1, , ,true,141254.00
60d41f1884db98332554af48,main-trial-1,d,d,true,141452.00
60d41f1884db98332554af48,main-trial-1,r,r,true,141699.00
60d41f1884db98332554af48,main-trial-1, , ,true,141859.00
60d41f1884db98332554af48,main-trial-1,f,f,true,142192.00
60d41f1884db98332554af48,main-trial-1,d,d,true,142393.00
60d41f1884db98332554af48,main-trial-1, , ,true,142600.00
60d41f1884db98332554af48,main-trial-1,d,d,true,142876.00
60d41f1884db98332554af48,main-trial-1,r,r,true,143109.00
60d41f1884db98332554af48,main-trial-1, , ,true,143286.00
60d41f1884db98332554af48,main-trial-1,f,f,true,143839.00
60d41f1884db98332554af48,main-trial-1,d,d,true,144069.00
60d41f1884db98332554af48,main-trial-1, , ,true,144434.00
60d41f1884db98332554af48,main-trial-1,d,d,true,144813.00
60d41f1884db98332554af48,main-trial-1,r,r,true,145056.00
60d41f1884db98332554af48,main-trial-1, , ,true,145223.00
60d41f1884db98332554af48,main-trial-1,f,f,true,145907.00
60d41f1884db98332554af48,main-trial-1,d,d,true,146124.00
60d41f1884db98332554af48,main-trial-2,e,e,true,153394.00
60d41f1884db98332554af48,main-trial-2,p,p,true,153759.00
60d41f1884db98332554af48,main-trial-2,e,e,true,153995.00
60d41f1884db98332554af48,main-trial-2,r,r,true,154108.00
60d41f1884db98332554af48,main-trial-2,u,u,true,154413.00
60d41f1884db98332554af48,main-trial-2, , ,true,154692.00
60d41f1884db98332554af48,main-trial-2,f,f,true,154922.00
60d41f1884db98332554af48,main-trial-2,d,d,true,155163.00
60d41f1884db98332554af48,main-trial-2, , ,true,155328.00
60d41f1884db98332554af48,main-trial-2,f,f,true,155633.00
60d41f1884db98332554af48,main-trial-2,d,d,true,155879.00
60d41f1884db98332554af48,main-trial-2, , ,true,156278.00
60d41f1884db98332554af48,main-trial-2,f,f,true,156783.00
60d41f1884db98332554af48,main-trial-2,d,d,true,157059.00
60d41f1884db98332554af48,main-trial-2, , ,true,157368.00
60d41f1884db98332554af48,main-trial-2,m,m,true,157738.00
60d41f1884db98332554af48,main-trial-2,m,m,true,158121.00
60d41f1884db98332554af48,main-trial-2,r,r,true,158360.00
60d41f1884db98332554af48,main-trial-2,d,d,true,158574.00
60d41f1884db98332554af48,main-trial-2,g,g,true,158821.00
60d41f1884db98332554af48,main-trial-2, , ,true,158966.00
60d41f1884db98332554af48,main-trial-2,f,f,true,159239.00
60d41f1884db98332554af48,main-trial-2,r,r,true,159510.00
60d41f1884db98332554af48,main-trial-2, , ,true,159777.00
60d41f1884db98332554af48,main-trial-2,f,f,true,160069.00
60d41f1884db98332554af48,main-trial-2,r,r,true,160311.00
60d41f1884db98332554af48,main-trial-2, , ,true,160538.00
60d41f1884db98332554af48,main-trial-2,f,f,true,160861.00
60d41f1884db98332554af48,main-trial-2,r,r,true,161081.00
60d41f1884db98332554af48,main-trial-2, , ,true,161345.00
60d41f1884db98332554af48,main-trial-2,p,p,true,161685.00
60d41f1884db98332554af48,main-trial-2,l,l,true,161878.00
60d41f1884db98332554af48,main-trial-2,p,m,false,162226.00
60d41f1884db98332554af48,main-trial-2,p,p,true,162830.00
60d41f1884db98332554af48,main-trial-2,m,m,true,163226.00
60d41f1884db98332554af48,main-trial-2,x,x,true,163519.00
60d41f1884db98332554af48,main-trial-2, , ,true,163742.00
60d41f1884db98332554af48,main-trial-2,f,f,true,163994.00
60d41f1884db98332554af48,main-trial-2,d,d,true,164260.00
60d41f1884db98332554af48,main-trial-2, , ,true,164409.00
60d41f1884db98332554af48,main-trial-2,f,f,true,164779.00
60d41f1884db98332554af48,main-trial-2,r,r,true,165033.00
60d41f1884db98332554af48,main-trial-2, , ,true,165264.00
60d41f1884db98332554af48,main-trial-2,f,f,true,165589.00
60d41f1884db98332554af48,main-trial-2,d,d,true,165874.00
60d41f1884db98332554af48,main-trial-2, , ,true,166212.00
60d41f1884db98332554af48,main-trial-2,f,f,true,166621.00
60d41f1884db98332554af48,main-trial-2,r,r,true,166881.00
60d41f1884db98332554af48,main-trial-2, , ,true,167125.00
60d41f1884db98332554af48,main-trial-2,f,f,true,167543.00
60d41f1884db98332554af48,main-trial-2,d,d,true,167850.00
60d41f1884db98332554af48,main-trial-2, , ,true,168214.00
60d41f1884db98332554af48,main-trial-2,f,f,true,168429.00
60d41f1884db98332554af48,main-trial-2,r,r,true,168643.00
60d41f1884db98332554af48,main-trial-3,q,q,true,172976.00
60d41f1884db98332554af48,main-trial-3,x,x,true,173517.00
60d41f1884db98332554af48,main-trial-3,p,p,true,174231.00
60d41f1884db98332554af48,main-trial-3,f,f,true,174524.00
60d41f1884db98332554af48,main-trial-3,q,q,true,174871.00
60d41f1884db98332554af48,main-trial-3, , ,true,175152.00
60d41f1884db98332554af48,main-trial-3,w,w,true,175431.00
60d41f1884db98332554af48,main-trial-3,d,d,true,175702.00
60d41f1884db98332554af48,main-trial-3, , ,true,175859.00
60d41f1884db98332554af48,main-trial-3,w,w,true,176287.00
60d41f1884db98332554af48,main-trial-3,d,d,true,176691.00
60d41f1884db98332554af48,main-trial-3, , ,true,176889.00
60d41f1884db98332554af48,main-trial-3,w,w,true,177392.00
60d41f1884db98332554af48,main-trial-3,d,d,true,177666.00
60d41f1884db98332554af48,main-trial-3, , ,true,177882.00
60d41f1884db98332554af48,main-trial-3,z,z,true,178289.00
60d41f1884db98332554af48,main-trial-3,k,k,true,178715.00
60d41f1884db98332554af48,main-trial-3,x,x,true,179257.00
60d41f1884db98332554af48,main-trial-3,p,p,true,179590.00
60d41f1884db98332554af48,main-trial-3,u,u,true,179815.00
60d41f1884db98332554af48,main-trial-3, , ,true,179994.00
60d41f1884db98332554af48,main-trial-3,d,d,true,180315.00
60d41f1884db98332554af48,main-trial-3,s,s,true,180534.00
60d41f1884db98332554af48,main-trial-3, , ,true,180702.00
60d41f1884db98332554af48,main-trial-3,d,d,true,181037.00
60d41f1884db98332554af48,main-trial-3,s,s,true,181188.00
60d41f1884db98332554af48,main-trial-3, , ,true,181383.00
60d41f1884db98332554af48,main-trial-3,d,d,true,181734.00
60d41f1884db98332554af48,main-trial-3,s,s,true,181865.00
60d41f1884db98332554af48,main-trial-3, , ,true,182079.00
60d41f1884db98332554af48,main-trial-3,l,l,true,182549.00
60d41f1884db98332554af48,main-trial-3,j,i,false,182746.00
60d41f1884db98332554af48,main-trial-3,j,j,true,182974.00
60d41f1884db98332554af48,main-trial-3,l,u,false,183183.00
60d41f1884db98332554af48,main-trial-3,l,v,false,183496.00
60d41f1884db98332554af48,main-trial-3,l,l,true,184419.00
60d41f1884db98332554af48,main-trial-3,u,u,true,184650.00
60d41f1884db98332554af48,main-trial-3,v,v,true,184955.00
60d41f1884db98332554af48,main-trial-3, , ,true,185430.00
60d41f1884db98332554af48,main-trial-3,w,w,true,185743.00
60d41f1884db98332554af48,main-trial-3,d,e,false,185970.00
60d41f1884db98332554af48,main-trial-3,d,d,true,187097.00
60d41f1884db98332554af48,main-trial-3, , ,true,187512.00
60d41f1884db98332554af48,main-trial-3,d,d,true,187801.00
60d41f1884db98332554af48,main-trial-3,s,s,true,188046.00
60d41f1884db98332554af48,main-trial-3, , ,true,188294.00
60d41f1884db98332554af48,main-trial-3,w,w,true,188624.00
60d41f1884db98332554af48,main-trial-3,d,d,true,188882.00
60d41f1884db98332554af48,main-trial-3, , ,true,189077.00
60d41f1884db98332554af48,main-trial-3,d,d,true,189463.00
60d41f1884db98332554af48,main-trial-3,s,s,true,189731.00
60d41f1884db98332554af48,main-trial-3, , ,true,189939.00
60d41f1884db98332554af48,main-trial-3,w,w,true,190607.00
60d41f1884db98332554af48,main-trial-3,d,d,true,190995.00
60d41f1884db98332554af48,main-trial-3, , ,true,191155.00
60d41f1884db98332554af48,main-trial-3,d,d,true,191536.00
60d41f1884db98332554af48,main-trial-3,s,s,true,191752.00
60d41f1884db98332554af48,main-trial-4,x,x,true,195570.00
60d41f1884db98332554af48,main-trial-4,a,a,true,195910.00
60d41f1884db98332554af48,main-trial-4,w,w,true,196312.00
60d41f1884db98332554af48,main-trial-4,y,y,true,196742.00
60d41f1884db98332554af48,main-trial-4,u,u,true,197043.00
60d41f1884db98332554af48,main-trial-4, , ,true,197285.00
60d41f1884db98332554af48,main-trial-4,f,f,true,197596.00
60d41f1884db98332554af48,main-trial-4,f,f,true,197788.00
60d41f1884db98332554af48,main-trial-4, , ,true,198104.00
60d41f1884db98332554af48,main-trial-4,f,f,true,198466.00
60d41f1884db98332554af48,main-trial-4,f,f,true,198617.00
60d41f1884db98332554af48,main-trial-4, , ,true,198992.00
60d41f1884db98332554af48,main-trial-4,f,f,true,199354.00
60d41f1884db98332554af48,main-trial-4,f,f,true,199547.00
60d41f1884db98332554af48,main-trial-4, , ,true,199848.00
60d41f1884db98332554af48,main-trial-4,p,p,true,200120.00
60d41f1884db98332554af48,main-trial-4,c,c,true,200662.00
60d41f1884db98332554af48,main-trial-4,h,h,true,200958.00
60d41f1884db98332554af48,main-trial-4,s,s,true,201204.00
60d41f1884db98332554af48,main-trial-4,b,b,true,201494.00
60d41f1884db98332554af48,main-trial-4, , ,true,201755.00
60d41f1884db98332554af48,main-trial-4,a,a,true,202042.00
60d41f1884db98332554af48,main-trial-4,a,a,true,202263.00
60d41f1884db98332554af48,main-trial-4, , ,true,202718.00
60d41f1884db98332554af48,main-trial-4,a,a,true,203051.00
60d41f1884db98332554af48,main-trial-4,a,a,true,203262.00
60d41f1884db98332554af48,main-trial-4, , ,true,203595.00
60d41f1884db98332554af48,main-trial-4,a,a,true,203990.00
60d41f1884db98332554af48,main-trial-4,a,a,true,204239.00
60d41f1884db98332554af48,main-trial-4, , ,true,204491.00
60d41f1884db98332554af48,main-trial-4,j,j,true,204862.00
60d41f1884db98332554af48,main-trial-4,h,h,true,205131.00
60d41f1884db98332554af48,main-trial-4,q,q,true,205548.00
60d41f1884db98332554af48,main-trial-4,k,k,true,205812.00
60d41f1884db98332554af48,main-trial-4,l,l,true,206043.00
60d41f1884db98332554af48,main-trial-4, , ,true,206224.00
60d41f1884db98332554af48,main-trial-4,f,f,true,206613.00
60d41f1884db98332554af48,main-trial-4,f,f,true,206765.00
60d41f1884db98332554af48,main-trial-4, , ,true,207026.00
60d41f1884db98332554af48,main-trial-4,a,a,true,207294.00
60d41f1884db98332554af48,main-trial-4,a,a,true,207518.00
60d41f1884db98332554af48,main-trial-4, , ,true,207814.00
60d41f1884db98332554af48,main-trial-4,f,f,true,208061.00
60d41f1884db98332554af48,main-trial-4,f,f,true,208234.00
60d41f1884db98332554af48,main-trial-4, , ,true,208551.00
60d41f1884db98332554af48,main-trial-4,a,a,true,208809.00
60d41f1884db98332554af48,main-trial-4,a,a,true,209028.00
60d41f1884db98332554af48,main-trial-4, , ,true,209437.00
60d41f1884db98332554af48,main-trial-4,f,f,true,209772.00
60d41f1884db98332554af48,main-trial-4,f,f,true,209940.00
60d41f1884db98332554af48,main-trial-4, , ,true,210296.00
60d41f1884db98332554af48,main-trial-4,a,a,true,210671.00
60d41f1884db98332554af48,main-trial-4,a,a,true,210882.00
60d41f1884db98332554af48,main-trial-5,x,x,true,216724.00
60d41f1884db98332554af48,main-trial-5,b,b,true,217259.00
60d41f1884db98332554af48,main-trial-5,m,m,true,217754.00
60d41f1884db98332554af48,main-trial-5,n,n,true,218240.00
60d41f1884db98332554af48,main-trial-5,p,p,true,218563.00
60d41f1884db98332554af48,main-trial-5, , ,true,218834.00
60d41f1884db98332554af48,main-trial-5,f,f,true,219113.00
60d41f1884db98332554af48,main-trial-5,d,d,true,219374.00
60d41f1884db98332554af48,main-trial-5, , ,true,219752.00
60d41f1884db98332554af48,main-trial-5,f,f,true,220044.00
60d41f1884db98332554af48,main-trial-5,d,d,true,220270.00
60d41f1884db98332554af48,main-trial-5, , ,true,220492.00
60d41f1884db98332554af48,main-trial-5,f,f,true,220864.00
60d41f1884db98332554af48,main-trial-5,d,d,true,221032.00
60d41f1884db98332554af48,main-trial-5, , ,true,221331.00
60d41f1884db98332554af48,main-trial-5,l,l,true,221629.00
60d41f1884db98332554af48,main-trial-5,c,c,true,221941.00
60d41f1884db98332554af48,main-trial-5,p,p,true,222539.00
60d41f1884db98332554af48,main-trial-5,j,j,true,222861.00
60d41f1884db98332554af48,main-trial-5,b,b,true,223605.00
60d41f1884db98332554af48,main-trial-5, , ,true,224027.00
60d41f1884db98332554af48,main-trial-5,d,d,true,224268.00
60d41f1884db98332554af48,main-trial-5,r,r,true,224553.00
60d41f1884db98332554af48,main-trial-5, , ,true,224713.00
60d41f1884db98332554af48,main-trial-5,d,d,true,225047.00
60d41f1884db98332554af48,main-trial-5,r,r,true,225254.00
60d41f1884db98332554af48,main-trial-5, , ,true,225399.00
60d41f1884db98332554af48,main-trial-5,d,d,true,225738.00
60d41f1884db98332554af48,main-trial-5,r,r,true,225968.00
60d41f1884db98332554af48,main-trial-5, , ,true,226404.00
60d41f1884db98332554af48,main-trial-5,z,z,true,226817.00
60d41f1884db98332554af48,main-trial-5,k,k,true,227061.00
60d41f1884db98332554af48,main-trial-5,g,g,true,227633.00
60d41f1884db98332554af48,main-trial-5,w,w,true,228195.00
60d41f1884db98332554af48,main-trial-5,d,d,true,228442.00
60d41f1884db98332554af48,main-trial-5, , ,true,228667.00
60d41f1884db98332554af48,main-trial-5,f,f,true,228931.00
60d41f1884db98332554af48,main-trial-5,d,d,true,229102.00
60d41f1884db98332554af48,main-trial-5, , ,true,229319.00
60d41f1884db98332554af48,main-trial-5,d,d,true,229582.00
60d41f1884db98332554af48,main-trial-5,r,r,true,229813.00
60d41f1884db98332554af48,main-trial-5, , ,true,229971.00
60d41f1884db98332554af48,main-trial-5,f,f,true,230355.00
60d41f1884db98332554af48,main-trial-5,d,d,true,230614.00
60d41f1884db98332554af48,main-trial-5, , ,true,230858.00
60d41f1884db98332554af48,main-trial-5,d,d,true,231141.00
60d41f1884db98332554af48,main-trial-5,r,r,true,231370.00
60d41f1884db98332554af48,main-trial-5, , ,true,231492.00
60d41f1884db98332554af48,main-trial-5,f,f,true,231998.00
60d41f1884db98332554af48,main-trial-5,d,d,true,232184.00
60d41f1884db98332554af48,main-trial-5, , ,true,232994.00
60d41f1884db98332554af48,main-trial-5,d,d,true,233444.00
60d41f1884db98332554af48,main-trial-5,r,r,true,233632.00
60d41f1884db98332554af48,main-trial-6,g,g,true,237300.00
60d41f1884db98332554af48,main-trial-6,i,i,true,237567.00
60d41f1884db98332554af48,main-trial-6,v,v,true,237730.00
60d41f1884db98332554af48,main-trial-6,x,x,true,238567.00
60d41f1884db98332554af48,main-trial-6,f,f,true,238872.00
60d41f1884db98332554af48,main-trial-6, , ,true,239349.00
60d41f1884db98332554af48,main-trial-6,a,a,true,239641.00
60d41f1884db98332554af48,main-trial-6,a,a,true,239853.00
60d41f1884db98332554af48,main-trial-6, , ,true,240166.00
60d41f1884db98332554af48,main-trial-6,a,a,true,240408.00
60d41f1884db98332554af48,main-trial-6,a,a,true,240636.00
60d41f1884db98332554af48,main-trial-6, , ,true,240926.00
60d41f1884db98332554af48,main-trial-6,a,a,true,241199.00
60d41f1884db98332554af48,main-trial-6,a,a,true,241446.00
60d41f1884db98332554af48,main-trial-6, , ,true,241701.00
60d41f1884db98332554af48,main-trial-6,i,i,true,241962.00
60d41f1884db98332554af48,main-trial-6,c,c,true,242167.00
60d41f1884db98332554af48,main-trial-6,p,p,true,242426.00
60d41f1884db98332554af48,main-trial-6,d,d,true,242661.00
60d41f1884db98332554af48,main-trial-6,t,t,true,242898.00
60d41f1884db98332554af48,main-trial-6, , ,true,243081.00
60d41f1884db98332554af48,main-trial-6,f,f,true,243321.00
60d41f1884db98332554af48,main-trial-6,f,f,true,243495.00
60d41f1884db98332554af48,main-trial-6, , ,true,243683.00
60d41f1884db98332554af48,main-trial-6,f,f,true,244141.00
60d41f1884db98332554af48,main-trial-6,f,f,true,244299.00
60d41f1884db98332554af48,main-trial-6, , ,true,244646.00
60d41f1884db98332554af48,main-trial-6,f,f,true,244892.00
60d41f1884db98332554af48,main-trial-6,f,f,true,245139.00
60d41f1884db98332554af48,main-trial-6, , ,true,245511.00
60d41f1884db98332554af48,main-trial-6,p,p,true,245813.00
60d41f1884db98332554af48,main-trial-6,k,k,true,246102.00
60d41f1884db98332554af48,main-trial-6,s,k,false,246251.00
60d41f1884db98332554af48,main-trial-6,s,s,true,246692.00
60d41f1884db98332554af48,main-trial-6,a,a,true,246909.00
60d41f1884db98332554af48,main-trial-6,h,h,true,247164.00
60d41f1884db98332554af48,main-trial-6, , ,true,247538.00
60d41f1884db98332554af48,main-trial-6,a,a,true,247738.00
60d41f1884db98332554af48,main-trial-6,a,a,true,247978.00
60d41f1884db98332554af48,main-trial-6, , ,true,248431.00
60d41f1884db98332554af48,main-trial-6,f,f,true,248647.00
60d41f1884db98332554af48,main-trial-6,f,f,true,248845.00
60d41f1884db98332554af48,main-trial-6, , ,true,249005.00
60d41f1884db98332554af48,main-trial-6,a,a,true,249336.00
60d41f1884db98332554af48,main-trial-6,a,a,true,249542.00
60d41f1884db98332554af48,main-trial-6, , ,true,249743.00
60d41f1884db98332554af48,main-trial-6,f,f,true,249979.00
60d41f1884db98332554af48,main-trial-6,f,f,true,250149.00
60d41f1884db98332554af48,main-trial-6, , ,true,250359.00
60d41f1884db98332554af48,main-trial-6,a,a,true,250642.00
60d41f1884db98332554af48,main-trial-6,a,a,true,250857.00
60d41f1884db98332554af48,main-trial-6, , ,true,251076.00
60d41f1884db98332554af48,main-trial-6,f,f,true,251369.00
60d41f1884db98332554af48,main-trial-6,f,f,true,251725.00
60d41f1884db98332554af48,main-trial-7,y,y,true,255287.00
60d41f1884db98332554af48,main-trial-7,m,m,true,255682.00
60d41f1884db98332554af48,main-trial-7,z,z,true,256059.00
60d41f1884db98332554af48,main-trial-7,h,h,true,256340.00
60d41f1884db98332554af48,main-trial-7,i,i,true,256555.00
60d41f1884db98332554af48,main-trial-7, , ,true,256894.00
60d41f1884db98332554af48,main-trial-7,z,z,true,257240.00
60d41f1884db98332554af48,main-trial-7,x,x,true,258647.00
60d41f1884db98332554af48,main-trial-7, , ,true,259088.00
60d41f1884db98332554af48,main-trial-7,z,z,true,259454.00
60d41f1884db98332554af48,main-trial-7,x,x,true,259882.00
60d41f1884db98332554af48,main-trial-7, , ,true,260317.00
60d41f1884db98332554af48,main-trial-7,z,z,true,260957.00
60d41f1884db98332554af48,main-trial-7,x,x,true,261362.00
60d41f1884db98332554af48,main-trial-7, , ,true,261645.00
60d41f1884db98332554af48,main-trial-7,d,d,true,261954.00
60d41f1884db98332554af48,main-trial-7,o,o,true,262173.00
60d41f1884db98332554af48,main-trial-7,e,e,true,262316.00
60d41f1884db98332554af48,main-trial-7,j,j,true,262726.00
60d41f1884db98332554af48,main-trial-7,i,i,true,263114.00
60d41f1884db98332554af48,main-trial-7, , ,true,263249.00
60d41f1884db98332554af48,main-trial-7,z,z,true,263598.00
60d41f1884db98332554af48,main-trial-7,e,e,true,264011.00
60d41f1884db98332554af48,main-trial-7, , ,true,264457.00
60d41f1884db98332554af48,main-trial-7,z,z,true,264841.00
60d41f1884db98332554af48,main-trial-7,e,e,true,265126.00
60d41f1884db98332554af48,main-trial-7, , ,true,265295.00
60d41f1884db98332554af48,main-trial-7,z,z,true,265735.00
60d41f1884db98332554af48,main-trial-7,e,e,true,265970.00
60d41f1884db98332554af48,main-trial-7, , ,true,266118.00
60d41f1884db98332554af48,main-trial-7,u,u,true,266528.00
60d41f1884db98332554af48,main-trial-7,g,g,true,266757.00
60d41f1884db98332554af48,main-trial-7,t,t,true,267200.00
60d41f1884db98332554af48,main-trial-7,m,m,true,267456.00
60d41f1884db98332554af48,main-trial-7,m,m,true,267609.00
60d41f1884db98332554af48,main-trial-7, , ,true,267806.00
60d41f1884db98332554af48,main-trial-7,z,z,true,268505.00
60d41f1884db98332554af48,main-trial-7,x,x,true,268924.00
60d41f1884db98332554af48,main-trial-7, , ,true,269129.00
60d41f1884db98332554af48,main-trial-7,z,z,true,269905.00
60d41f1884db98332554af48,main-trial-7,e,e,true,270207.00
60d41f1884db98332554af48,main-trial-7, , ,true,270351.00
60d41f1884db98332554af48,main-trial-7,z,z,true,270856.00
60d41f1884db98332554af48,main-trial-7,x,x,true,271916.00
60d41f1884db98332554af48,main-trial-7, , ,true,272230.00
60d41f1884db98332554af48,main-trial-7,z,a,false,272613.00
60d41f1884db98332554af48,main-trial-7,z, ,false,273188.00
60d41f1884db98332554af48,main-trial-7,z,x,false,275860.00
60d41f1884db98332554af48,main-trial-7,z, ,false,276242.00
60d41f1884db98332554af48,main-trial-7,z,z,true,278232.00
60d41f1884db98332554af48,main-trial-7,e,e,true,278787.00
60d41f1884db98332554af48,main-trial-7, , ,true,279593.00
60d41f1884db98332554af48,main-trial-7,z,z,true,281119.00
60d41f1884db98332554af48,main-trial-7,x,x,true,282858.00
60d41f1884db98332554af48,main-trial-7, , ,true,283848.00
60d41f1884db98332554af48,main-trial-7,z,z,true,285513.00
60d41f1884db98332554af48,main-trial-7,e,x,false,286423.00
60d41f1884db98332554af48,main-trial-7,e,x,false,288339.00
60d41f1884db98332554af48,main-trial-7,e, ,false,289128.00
60d41f1884db98332554af48,main-trial-7,e,e,true,290367.00
60d41f1884db98332554af48,main-trial-8,v,v,true,295774.00
60d41f1884db98332554af48,main-trial-8,b,b,true,296264.00
60d41f1884db98332554af48,main-trial-8,k,k,true,296660.00
60d41f1884db98332554af48,main-trial-8,g,g,true,297104.00
60d41f1884db98332554af48,main-trial-8,p,p,true,297354.00
60d41f1884db98332554af48,main-trial-8, , ,true,297700.00
60d41f1884db98332554af48,main-trial-8,e,e,true,297964.00
60d41f1884db98332554af48,main-trial-8,f,f,true,298195.00
60d41f1884db98332554af48,main-trial-8, , ,true,298333.00
60d41f1884db98332554af48,main-trial-8,e,e,true,298593.00
60d41f1884db98332554af48,main-trial-8,f,f,true,298826.00
60d41f1884db98332554af48,main-trial-8, , ,true,298985.00
60d41f1884db98332554af48,main-trial-8,e,e,true,299359.00
60d41f1884db98332554af48,main-trial-8,f,f,true,299878.00
60d41f1884db98332554af48,main-trial-8, , ,true,300059.00
60d41f1884db98332554af48,main-trial-8,h,h,true,300545.00
60d41f1884db98332554af48,main-trial-8,j,j,true,300844.00
60d41f1884db98332554af48,main-trial-8,l,l,true,301363.00
60d41f1884db98332554af48,main-trial-8,b,b,true,301673.00
60d41f1884db98332554af48,main-trial-8,s,s,true,301935.00
60d41f1884db98332554af48,main-trial-8, , ,true,302092.00
60d41f1884db98332554af48,main-trial-8,d,d,true,302342.00
60d41f1884db98332554af48,main-trial-8,r,r,true,302531.00
60d41f1884db98332554af48,main-trial-8, , ,true,302682.00
60d41f1884db98332554af48,main-trial-8,d,d,true,303013.00
60d41f1884db98332554af48,main-trial-8,r,r,true,303228.00
60d41f1884db98332554af48,main-trial-8, , ,true,303385.00
60d41f1884db98332554af48,main-trial-8,d,d,true,303762.00
60d41f1884db98332554af48,main-trial-8,r,r,true,303973.00
60d41f1884db98332554af48,main-trial-8, , ,true,304153.00
60d41f1884db98332554af48,main-trial-8,m,m,true,304885.00
60d41f1884db98332554af48,main-trial-8,f,f,true,305157.00
60d41f1884db98332554af48,main-trial-8,n,n,true,305448.00
60d41f1884db98332554af48,main-trial-8,h,h,true,305724.00
60d41f1884db98332554af48,main-trial-8,z,z,true,306093.00
60d41f1884db98332554af48,main-trial-8, , ,true,306336.00
60d41f1884db98332554af48,main-trial-8,e,e,true,306714.00
60d41f1884db98332554af48,main-trial-8,f,f,true,307010.00
60d41f1884db98332554af48,main-trial-8, , ,true,307191.00
60d41f1884db98332554af48,main-trial-8,d,d,true,307680.00
60d41f1884db98332554af48,main-trial-8,r,r,true,307910.00
60d41f1884db98332554af48,main-trial-8, , ,true,308047.00
60d41f1884db98332554af48,main-trial-8,e,e,true,308828.00
60d41f1884db98332554af48,main-trial-8,f,d,false,309022.00
60d41f1884db98332554af48,main-trial-8,f,f,true,309491.00
60d41f1884db98332554af48,main-trial-8, , ,true,309677.00
60d41f1884db98332554af48,main-trial-8,d,d,true,310131.00
60d41f1884db98332554af48,main-trial-8,r,r,true,310757.00
60d41f1884db98332554af48,main-trial-8, , ,true,311095.00
60d41f1884db98332554af48,main-trial-8,e,e,true,311867.00
60d41f1884db98332554af48,main-trial-8,f,f,true,312218.00
60d41f1884db98332554af48,main-trial-8, , ,true,312589.00
60d41f1884db98332554af48,main-trial-8,d,d,true,312907.00
60d41f1884db98332554af48,main-trial-8,r,r,true,313094.00
60d41f1884db98332554af48,main-trial-9,c,c,true,316680.00
60d41f1884db98332554af48,main-trial-9,u,u,true,316858.00
60d41f1884db98332554af48,main-trial-9,r,r,true,317027.00
60d41f1884db98332554af48,main-trial-9,e,e,true,317107.00
60d41f1884db98332554af48,main-trial-9,s,s,true,317174.00
60d41f1884db98332554af48,main-trial-9, , ,true,317351.00
60d41f1884db98332554af48,main-trial-9,x,x,true,318107.00
60d41f1884db98332554af48,main-trial-9,c,c,true,318778.00
60d41f1884db98332554af48,main-trial-9, , ,true,319347.00
60d41f1884db98332554af48,main-trial-9,x,x,true,320396.00
60d41f1884db98332554af48,main-trial-9,c,c,true,320757.00
60d41f1884db98332554af48,main-trial-9, , ,true,321176.00
60d41f1884db98332554af48,main-trial-9,x,x,true,322460.00
60d41f1884db98332554af48,main-trial-9,c,c,true,322872.00
60d41f1884db98332554af48,main-trial-9, , ,true,323218.00
60d41f1884db98332554af48,main-trial-9,u,u,true,323590.00
60d41f1884db98332554af48,main-trial-9,y,y,true,324060.00
60d41f1884db98332554af48,main-trial-9,c,c,true,324556.00
60d41f1884db98332554af48,main-trial-9,h,h,true,324751.00
60d41f1884db98332554af48,main-trial-9,g,g,true,325178.00
60d41f1884db98332554af48,main-trial-9, , ,true,325601.00
60d41f1884db98332554af48,main-trial-9,c,c,true,325899.00
60d41f1884db98332554af48,main-trial-9,e,e,true,326175.00
60d41f1884db98332554af48,main-trial-9, , ,true,326297.00
60d41f1884db98332554af48,main-trial-9,c,c,true,326599.00
60d41f1884db98332554af48,main-trial-9,e,e,true,326783.00
60d41f1884db98332554af48,main-trial-9, , ,true,327032.00
60d41f1884db98332554af48,main-trial-9,c,c,true,327324.00
60d41f1884db98332554af48,main-trial-9,e,e,true,327577.00
60d41f1884db98332554af48,main-trial-9, , ,true,327768.00
60d41f1884db98332554af48,main-trial-9,m,m,true,328085.00
60d41f1884db98332554af48,main-trial-9,e,e,true,328574.00
60d41f1884db98332554af48,main-trial-9,o,o,true,328878.00
60d41f1884db98332554af48,main-trial-9,i,i,true,329106.00
60d41f1884db98332554af48,main-trial-9,y,y,true,329345.00
60d41f1884db98332554af48,main-trial-9, , ,true,329597.00
60d41f1884db98332554af48,main-trial-9,x,x,true,330215.00
60d41f1884db98332554af48,main-trial-9,c,c,true,330645.00
60d41f1884db98332554af48,main-trial-9, , ,true,330937.00
60d41f1884db98332554af48,main-trial-9,c,c,true,331649.00
60d41f1884db98332554af48,main-trial-9,e,e,true,332036.00
60d41f1884db98332554af48,main-trial-9, , ,true,332225.00
60d41f1884db98332554af48,main-trial-9,x,x,true,332997.00
60d41f1884db98332554af48,main-trial-9,c,c,true,334371.00
60d41f1884db98332554af48,main-trial-9, , ,true,335083.00
60d41f1884db98332554af48,main-trial-9,c,c,true,336232.00
60d41f1884db98332554af48,main-trial-9,e,e,true,336664.00
60d41f1884db98332554af48,main-trial-9, , ,true,337043.00
60d41f1884db98332554af48,main-trial-9,x,x,true,337880.00
60d41f1884db98332554af48,main-trial-9,c,c,true,338936.00
60d41f1884db98332554af48,main-trial-9, , ,true,339367.00
60d41f1884db98332554af48,main-trial-9,c,c,true,340183.00
60d41f1884db98332554af48,main-trial-9,e,e,true,340567.00
60d41f1884db98332554af48,main-trial-10,q,q,true,344721.00
60d41f1884db98332554af48,main-trial-10,h,h,true,345113.00
60d41f1884db98332554af48,main-trial-10,e,e,true,345385.00
60d41f1884db98332554af48,main-trial-10,f,f,true,345557.00
60d41f1884db98332554af48,main-trial-10,j,j,true,345743.00
60d41f1884db98332554af48,main-trial-10, , ,true,345990.00
60d41f1884db98332554af48,main-trial-10,f,f,true,346265.00
60d41f1884db98332554af48,main-trial-10,r,r,true,346516.00
60d41f1884db98332554af48,main-trial-10, , ,true,346649.00
60d41f1884db98332554af48,main-trial-10,f,f,true,347096.00
60d41f1884db98332554af48,main-trial-10,r,r,true,347337.00
60d41f1884db98332554af48,main-trial-10, , ,true,347469.00
60d41f1884db98332554af48,main-trial-10,f,f,true,347856.00
60d41f1884db98332554af48,main-trial-10,r,r,true,348076.00
60d41f1884db98332554af48,main-trial-10, , ,true,348214.00
60d41f1884db98332554af48,main-trial-10,j,j,true,348643.00
60d41f1884db98332554af48,main-trial-10,r,r,true,348880.00
60d41f1884db98332554af48,main-trial-10,s,s,true,349026.00
60d41f1884db98332554af48,main-trial-10,f,f,true,349547.00
60d41f1884db98332554af48,main-trial-10,o,o,true,349704.00
60d41f1884db98332554af48,main-trial-10, , ,true,349947.00
60d41f1884db98332554af48,main-trial-10,v,v,true,350453.00
60d41f1884db98332554af48,main-trial-10,r,r,true,350779.00
60d41f1884db98332554af48,main-trial-10, , ,true,350992.00
60d41f1884db98332554af48,main-trial-10,v,v,true,351349.00
60d41f1884db98332554af48,main-trial-10,r,r,true,351676.00
60d41f1884db98332554af48,main-trial-10, , ,true,351839.00
60d41f1884db98332554af48,main-trial-10,v,v,true,352421.00
60d41f1884db98332554af48,main-trial-10,r,r,true,352741.00
60d41f1884db98332554af48,main-trial-10, , ,true,352889.00
60d41f1884db98332554af48,main-trial-10,p,p,true,353396.00
60d41f1884db98332554af48,main-trial-10,j,j,true,353802.00
60d41f1884db98332554af48,main-trial-10,u,u,true,354033.00
60d41f1884db98332554af48,main-trial-10,o,o,true,354475.00
60d41f1884db98332554af48,main-trial-10,n,n,true,354750.00
60d41f1884db98332554af48,main-trial-10, , ,true,354975.00
60d41f1884db98332554af48,main-trial-10,f,f,true,355179.00
60d41f1884db98332554af48,main-trial-10,r,r,true,355670.00
60d41f1884db98332554af48,main-trial-10, , ,true,355824.00
60d41f1884db98332554af48,main-trial-10,v,v,true,356306.00
60d41f1884db98332554af48,main-trial-10,r,r,true,356650.00
60d41f1884db98332554af48,main-trial-10, , ,true,356795.00
60d41f1884db98332554af48,main-trial-10,f,f,true,357204.00
60d41f1884db98332554af48,main-trial-10,r,r,true,357438.00
60d41f1884db98332554af48,main-trial-10, , ,true,357657.00
60d41f1884db98332554af48,main-trial-10,v,v,true,358096.00
60d41f1884db98332554af48,main-trial-10,r,r,true,358516.00
60d41f1884db98332554af48,main-trial-10, , ,true,358660.00
60d41f1884db98332554af48,main-trial-10,f,f,true,358988.00
60d41f1884db98332554af48,main-trial-10,r,r,true,359239.00
60d41f1884db98332554af48,main-trial-10, , ,true,359409.00
60d41f1884db98332554af48,main-trial-10,v,v,true,359953.00
60d41f1884db98332554af48,main-trial-10,r,r,true,360534.00
60d41f1884db98332554af48,main-trial-11,w,w,true,365457.00
60d41f1884db98332554af48,main-trial-11,b,b,true,365894.00
60d41f1884db98332554af48,main-trial-11,d,d,true,366242.00
60d41f1884db98332554af48,main-trial-11,m,m,true,366607.00
60d41f1884db98332554af48,main-trial-11,l,l,true,366798.00
60d41f1884db98332554af48,main-trial-11, , ,true,367068.00
60d41f1884db98332554af48,main-trial-11,v,v,true,367405.00
60d41f1884db98332554af48,main-trial-11,r,r,true,367722.00
60d41f1884db98332554af48,main-trial-11, , ,true,367865.00
60d41f1884db98332554af48,main-trial-11,v,v,true,368352.00
60d41f1884db98332554af48,main-trial-11,r,r,true,368678.00
60d41f1884db98332554af48,main-trial-11, , ,true,368857.00
60d41f1884db98332554af48,main-trial-11,v,v,true,369462.00
60d41f1884db98332554af48,main-trial-11,r,r,true,369819.00
60d41f1884db98332554af48,main-trial-11, , ,true,370029.00
60d41f1884db98332554af48,main-trial-11,t,t,true,370448.00
60d41f1884db98332554af48,main-trial-11,t,t,true,370580.00
60d41f1884db98332554af48,main-trial-11,s,s,true,370672.00
60d41f1884db98332554af48,main-trial-11,o,o,true,370874.00
60d41f1884db98332554af48,main-trial-11,r,r,true,370985.00
60d41f1884db98332554af48,main-trial-11, , ,true,371468.00
60d41f1884db98332554af48,main-trial-11,f,f,true,371905.00
60d41f1884db98332554af48,main-trial-11,r,r,true,372295.00
60d41f1884db98332554af48,main-trial-11, , ,true,372461.00
60d41f1884db98332554af48,main-trial-11,f,f,true,372733.00
60d41f1884db98332554af48,main-trial-11,r,r,true,372980.00
60d41f1884db98332554af48,main-trial-11, , ,true,373096.00
60d41f1884db98332554af48,main-trial-11,f,f,true,373439.00
60d41f1884db98332554af48,main-trial-11,r,r,true,373671.00
60d41f1884db98332554af48,main-trial-11, , ,true,373803.00
60d41f1884db98332554af48,main-trial-11,n,n,true,374355.00
60d41f1884db98332554af48,main-trial-11,q,q,true,374607.00
60d41f1884db98332554af48,main-trial-11,t,t,true,375172.00
60d41f1884db98332554af48,main-trial-11,v,v,true,375484.00
60d41f1884db98332554af48,main-trial-11,s,s,true,375676.00
60d41f1884db98332554af48,main-trial-11, , ,true,375845.00
60d41f1884db98332554af48,main-trial-11,v,v,true,376230.00
60d41f1884db98332554af48,main-trial-11,r,r,true,376558.00
60d41f1884db98332554af48,main-trial-11, , ,true,376699.00
60d41f1884db98332554af48,main-trial-11,f,f,true,376967.00
60d41f1884db98332554af48,main-trial-11,r,r,true,377221.00
60d41f1884db98332554af48,main-trial-11, , ,true,377351.00
60d41f1884db98332554af48,main-trial-11,v,v,true,377787.00
60d41f1884db98332554af48,main-trial-11,r,r,true,378113.00
60d41f1884db98332554af48,main-trial-11, , ,true,378302.00
60d41f1884db98332554af48,main-trial-11,f,f,true,378851.00
60d41f1884db98332554af48,main-trial-11,r,r,true,379108.00
60d41f1884db98332554af48,main-trial-11, , ,true,379258.00
60d41f1884db98332554af48,main-trial-11,v,v,true,379695.00
60d41f1884db98332554af48,main-trial-11,r,r,true,380007.00
60d41f1884db98332554af48,main-trial-11, , ,true,380154.00
60d41f1884db98332554af48,main-trial-11,f,f,true,380602.00
60d41f1884db98332554af48,main-trial-11,r,r,true,380839.00
60d41f1884db98332554af48,main-trial-12,y,y,true,386257.00
60d41f1884db98332554af48,main-trial-12,p,p,true,386600.00
60d41f1884db98332554af48,main-trial-12,z,z,true,387354.00
60d41f1884db98332554af48,main-trial-12,m,m,true,387601.00
60d41f1884db98332554af48,main-trial-12,u,u,true,387902.00
60d41f1884db98332554af48,main-trial-12, , ,true,388339.00
60d41f1884db98332554af48,main-trial-12,f,f,true,388580.00
60d41f1884db98332554af48,main-trial-12,e,e,true,388805.00
60d41f1884db98332554af48,main-trial-12, , ,true,388916.00
60d41f1884db98332554af48,main-trial-12,f,f,true,389232.00
60d41f1884db98332554af48,main-trial-12,e,e,true,389419.00
60d41f1884db98332554af48,main-trial-12, , ,true,389569.00
60d41f1884db98332554af48,main-trial-12,f,f,true,389908.00
60d41f1884db98332554af48,main-trial-12,e,e,true,390046.00
60d41f1884db98332554af48,main-trial-12, , ,true,390178.00
60d41f1884db98332554af48,main-trial-12,h,h,true,390739.00
60d41f1884db98332554af48,main-trial-12,i,i,true,390960.00
60d41f1884db98332554af48,main-trial-12,j,j,true,391322.00
60d41f1884db98332554af48,main-trial-12,p,p,true,391662.00
60d41f1884db98332554af48,main-trial-12,u,u,true,391817.00
60d41f1884db98332554af48,main-trial-12, , ,true,392027.00
60d41f1884db98332554af48,main-trial-12,e,e,true,392328.00
60d41f1884db98332554af48,main-trial-12,f,f,true,392479.00
60d41f1884db98332554af48,main-trial-12, , ,true,392667.00
60d41f1884db98332554af48,main-trial-12,e,e,true,393025.00
60d41f1884db98332554af48,main-trial-12,f,f,true,393133.00
60d41f1884db98332554af48,main-trial-12, , ,true,393294.00
60d41f1884db98332554af48,main-trial-12,e,e,true,393683.00
60d41f1884db98332554af48,main-trial-12,f,f,true,393803.00
60d41f1884db98332554af48,main-trial-12, , ,true,393931.00
60d41f1884db98332554af48,main-trial-12,d,d,true,394472.00
60d41f1884db98332554af48,main-trial-12,b,b,true,394735.00
60d41f1884db98332554af48,main-trial-12,o,o,true,395040.00
60d41f1884db98332554af48,main-trial-12,d,d,true,395232.00
60d41f1884db98332554af48,main-trial-12,s,s,true,395312.00
60d41f1884db98332554af48,main-trial-12, , ,true,395476.00
60d41f1884db98332554af48,main-trial-12,f,f,true,395753.00
60d41f1884db98332554af48,main-trial-12,e,e,true,395935.00
60d41f1884db98332554af48,main-trial-12, , ,true,396089.00
60d41f1884db98332554af48,main-trial-12,e,e,true,396378.00
60d41f1884db98332554af48,main-trial-12,f,f,true,396555.00
60d41f1884db98332554af48,main-trial-12, , ,true,396702.00
60d41f1884db98332554af48,main-trial-12,f,f,true,397086.00
60d41f1884db98332554af48,main-trial-12,e,e,true,397351.00
60d41f1884db98332554af48,main-trial-12, , ,true,397569.00
60d41f1884db98332554af48,main-trial-12,e,e,true,397847.00
60d41f1884db98332554af48,main-trial-12,f,d,false,398039.00
60d41f1884db98332554af48,main-trial-12,f,f,true,398587.00
60d41f1884db98332554af48,main-trial-12, , ,true,398780.00
60d41f1884db98332554af48,main-trial-12,f,f,true,399382.00
60d41f1884db98332554af48,main-trial-12,e,e,true,399636.00
60d41f1884db98332554af48,main-trial-12, , ,true,399801.00
60d41f1884db98332554af48,main-trial-12,e,e,true,400423.00
60d41f1884db98332554af48,main-trial-12,f,f,true,400696.00
60d41f1884db98332554af48,main-trial-13,m,m,true,405193.00
60d41f1884db98332554af48,main-trial-13,z,z,true,405544.00
60d41f1884db98332554af48,main-trial-13,d,d,true,405906.00
60d41f1884db98332554af48,main-trial-13,q,q,true,406301.00
60d41f1884db98332554af48,main-trial-13,c,c,true,406788.00
60d41f1884db98332554af48,main-trial-13, , ,true,406982.00
60d41f1884db98332554af48,main-trial-13,w,w,true,407360.00
60d41f1884db98332554af48,main-trial-13,f,f,true,407796.00
60d41f1884db98332554af48,main-trial-13, , ,true,408033.00
60d41f1884db98332554af48,main-trial-13,w,w,true,408622.00
60d41f1884db98332554af48,main-trial-13,f,f,true,408943.00
60d41f1884db98332554af48,main-trial-13, , ,true,409215.00
60d41f1884db98332554af48,main-trial-13,w,w,true,409578.00
60d41f1884db98332554af48,main-trial-13,f,f,true,409822.00
60d41f1884db98332554af48,main-trial-13, , ,true,409999.00
60d41f1884db98332554af48,main-trial-13,k,k,true,410465.00
60d41f1884db98332554af48,main-trial-13,t,t,true,410900.00
60d41f1884db98332554af48,main-trial-13,z,z,true,411283.00
60d41f1884db98332554af48,main-trial-13,d,d,true,411581.00
60d41f1884db98332554af48,main-trial-13,i,i,true,411831.00
60d41f1884db98332554af48,main-trial-13, , ,true,412130.00
60d41f1884db98332554af48,main-trial-13,s,s,true,412407.00
60d41f1884db98332554af48,main-trial-13,r,r,true,412668.00
60d41f1884db98332554af48,main-trial-13, , ,true,412778.00
60d41f1884db98332554af48,main-trial-13,s,s,true,413228.00
60d41f1884db98332554af48,main-trial-13,r,r,true,413434.00
60d41f1884db98332554af48,main-trial-13, , ,true,413534.00
60d41f1884db98332554af48,main-trial-13,s,s,true,413939.00
60d41f1884db98332554af48,main-trial-13,r,r,true,414132.00
60d41f1884db98332554af48,main-trial-13, , ,true,414254.00
60d41f1884db98332554af48,main-trial-13,y,y,true,414658.00
60d41f1884db98332554af48,main-trial-13,f,m,false,415058.00
60d41f1884db98332554af48,main-trial-13,f,f,true,415416.00
60d41f1884db98332554af48,main-trial-13,m,m,true,415883.00
60d41f1884db98332554af48,main-trial-13,h,h,true,416413.00
60d41f1884db98332554af48,main-trial-13,y,y,true,416737.00
60d41f1884db98332554af48,main-trial-13, , ,true,416965.00
60d41f1884db98332554af48,main-trial-13,w,w,true,417344.00
60d41f1884db98332554af48,main-trial-13,f,f,true,417853.00
60d41f1884db98332554af48,main-trial-13, , ,true,418043.00
60d41f1884db98332554af48,main-trial-13,s,s,true,418305.00
60d41f1884db98332554af48,main-trial-13,r,r,true,418568.00
60d41f1884db98332554af48,main-trial-13, , ,true,418666.00
60d41f1884db98332554af48,main-trial-13,w,w,true,419769.00
60d41f1884db98332554af48,main-trial-13,f,f,true,420124.00
60d41f1884db98332554af48,main-trial-13, , ,true,420356.00
60d41f1884db98332554af48,main-trial-13,s,s,true,420600.00
60d41f1884db98332554af48,main-trial-13,r,r,true,420809.00
60d41f1884db98332554af48,main-trial-13, , ,true,420928.00
60d41f1884db98332554af48,main-trial-13,w,w,true,421602.00
60d41f1884db98332554af48,main-trial-13,f,f,true,422022.00
60d41f1884db98332554af48,main-trial-13, , ,true,422201.00
60d41f1884db98332554af48,main-trial-13,s,s,true,422460.00
60d41f1884db98332554af48,main-trial-13,r,r,true,422637.00
60d41f1884db98332554af48,main-trial-14,n,n,true,427369.00
60d41f1884db98332554af48,main-trial-14,i,i,true,427608.00
60d41f1884db98332554af48,main-trial-14,a,a,true,427788.00
60d41f1884db98332554af48,main-trial-14,k,k,true,428034.00
60d41f1884db98332554af48,main-trial-14,z,z,true,428303.00
60d41f1884db98332554af48,main-trial-14, , ,true,428635.00
60d41f1884db98332554af48,main-trial-14,d,d,true,428941.00
60d41f1884db98332554af48,main-trial-14,f,f,true,429206.00
60d41f1884db98332554af48,main-trial-14, , ,true,429438.00
60d41f1884db98332554af48,main-trial-14,d,d,true,429817.00
60d41f1884db98332554af48,main-trial-14,f,f,true,430043.00
60d41f1884db98332554af48,main-trial-14, , ,true,430224.00
60d41f1884db98332554af48,main-trial-14,d,d,true,430630.00
60d41f1884db98332554af48,main-trial-14,f,f,true,430786.00
60d41f1884db98332554af48,main-trial-14, , ,true,431022.00
60d41f1884db98332554af48,main-trial-14,w,w,true,431427.00
60d41f1884db98332554af48,main-trial-14,n,n,true,431671.00
60d41f1884db98332554af48,main-trial-14,y,p,false,432023.00
60d41f1884db98332554af48,main-trial-14,y,y,true,432736.00
60d41f1884db98332554af48,main-trial-14,p,p,true,433040.00
60d41f1884db98332554af48,main-trial-14,x,x,true,433251.00
60d41f1884db98332554af48,main-trial-14, , ,true,433471.00
60d41f1884db98332554af48,main-trial-14,f,f,true,433733.00
60d41f1884db98332554af48,main-trial-14,g,g,true,434713.00
60d41f1884db98332554af48,main-trial-14, , ,true,435363.00
60d41f1884db98332554af48,main-trial-14,f,f,true,435966.00
60d41f1884db98332554af48,main-trial-14,g,g,true,436206.00
60d41f1884db98332554af48,main-trial-14, , ,true,436440.00
60d41f1884db98332554af48,main-trial-14,f,f,true,436791.00
60d41f1884db98332554af48,main-trial-14,g,g,true,437126.00
60d41f1884db98332554af48,main-trial-14, , ,true,437300.00
60d41f1884db98332554af48,main-trial-14,g,g,true,437759.00
60d41f1884db98332554af48,main-trial-14,h,h,true,437909.00
60d41f1884db98332554af48,main-trial-14,e,e,true,438106.00
60d41f1884db98332554af48,main-trial-14,w,w,true,438252.00
60d41f1884db98332554af48,main-trial-14,t,t,true,438573.00
60d41f1884db98332554af48,main-trial-14, , ,true,438763.00
60d41f1884db98332554af48,main-trial-14,d,d,true,439049.00
60d41f1884db98332554af48,main-trial-14,f,f,true,439302.00
60d41f1884db98332554af48,main-trial-14, , ,true,439434.00
60d41f1884db98332554af48,main-trial-14,f,f,true,439729.00
60d41f1884db98332554af48,main-trial-14,g,g,true,440036.00
60d41f1884db98332554af48,main-trial-14, , ,true,440349.00
60d41f1884db98332554af48,main-trial-14,d,d,true,440655.00
60d41f1884db98332554af48,main-trial-14,f,f,true,440870.00
60d41f1884db98332554af48,main-trial-14, , ,true,441018.00
60d41f1884db98332554af48,main-trial-14,f,f,true,441246.00
60d41f1884db98332554af48,main-trial-14,g,g,true,442043.00
60d41f1884db98332554af48,main-trial-14, , ,true,442249.00
60d41f1884db98332554af48,main-trial-14,d,d,true,442569.00
60d41f1884db98332554af48,main-trial-14,f,r,false,442950.00
60d41f1884db98332554af48,main-trial-14,f,f,true,443670.00
60d41f1884db98332554af48,main-trial-14, , ,true,444230.00
60d41f1884db98332554af48,main-trial-14,f,f,true,444414.00
60d41f1884db98332554af48,main-trial-14,g,g,true,444865.00
60d41f1884db98332554af48,main-trial-15,y,y,true,448690.00
60d41f1884db98332554af48,main-trial-15,a,a,true,449013.00
60d41f1884db98332554af48,main-trial-15,k,k,true,449395.00
60d41f1884db98332554af48,main-trial-15,x,x,true,449914.00
60d41f1884db98332554af48,main-trial-15,t,t,true,450252.00
60d41f1884db98332554af48,main-trial-15, , ,true,450401.00
60d41f1884db98332554af48,main-trial-15,f,f,true,450607.00
60d41f1884db98332554af48,main-trial-15,r,r,true,450831.00
60d41f1884db98332554af48,main-trial-15, , ,true,450998.00
60d41f1884db98332554af48,main-trial-15,f,f,true,451472.00
60d41f1884db98332554af48,main-trial-15,r,r,true,451677.00
60d41f1884db98332554af48,main-trial-15, , ,true,451826.00
60d41f1884db98332554af48,main-trial-15,f,f,true,452250.00
60d41f1884db98332554af48,main-trial-15,r,r,true,452452.00
60d41f1884db98332554af48,main-trial-15, , ,true,452564.00
60d41f1884db98332554af48,main-trial-15,j,j,true,453004.00
60d41f1884db98332554af48,main-trial-15,m,m,true,453281.00
60d41f1884db98332554af48,main-trial-15,z,z,true,453547.00
60d41f1884db98332554af48,main-trial-15,t,t,true,453846.00
60d41f1884db98332554af48,main-trial-15,a,a,true,453982.00
60d41f1884db98332554af48,main-trial-15, , ,true,454296.00
60d41f1884db98332554af48,main-trial-15,f,f,true,454651.00
60d41f1884db98332554af48,main-trial-15,d,d,true,454911.00
60d41f1884db98332554af48,main-trial-15, , ,true,455066.00
60d41f1884db98332554af48,main-trial-15,f,f,true,455418.00
60d41f1884db98332554af48,main-trial-15,d,d,true,455542.00
60d41f1884db98332554af48,main-trial-15, , ,true,455747.00
60d41f1884db98332554af48,main-trial-15,f,f,true,456094.00
60d41f1884db98332554af48,main-trial-15,d,d,true,456210.00
60d41f1884db98332554af48,main-trial-15, , ,true,456399.00
60d41f1884db98332554af48,main-trial-15,x,x,true,456820.00
60d41f1884db98332554af48,main-trial-15,l,l,true,457280.00
60d41f1884db98332554af48,main-trial-15,t,t,true,457676.00
60d41f1884db98332554af48,main-trial-15,v,v,true,458076.00
60d41f1884db98332554af48,main-trial-15,u,u,true,458403.00
60d41f1884db98332554af48,main-trial-15, , ,true,458631.00
60d41f1884db98332554af48,main-trial-15,f,f,true,458860.00
60d41f1884db98332554af48,main-trial-15,r,r,true,459076.00
60d41f1884db98332554af48,main-trial-15, , ,true,459197.00
60d41f1884db98332554af48,main-trial-15,f,f,true,459495.00
60d41f1884db98332554af48,main-trial-15,d,d,true,459763.00
60d41f1884db98332554af48,main-trial-15, , ,true,459895.00
60d41f1884db98332554af48,main-trial-15,f,f,true,460268.00
60d41f1884db98332554af48,main-trial-15,r,r,true,460569.00
60d41f1884db98332554af48,main-trial-15, , ,true,460715.00
60d41f1884db98332554af48,main-trial-15,f,f,true,461126.00
60d41f1884db98332554af48,main-trial-15,d,d,true,461329.00
60d41f1884db98332554af48,main-trial-15, , ,true,461465.00
60d41f1884db98332554af48,main-trial-15,f,f,true,462141.00
60d41f1884db98332554af48,main-trial-15,r,r,true,462400.00
60d41f1884db98332554af48,main-trial-15, , ,true,462532.00
60d41f1884db98332554af48,main-trial-15,f,f,true,462986.00
60d41f1884db98332554af48,main-trial-15,d,d,true,463172.00
60d41f1884db98332554af48,main-trial-16,s,s,true,466778.00
60d41f1884db98332554af48,main-trial-16,b,b,true,467088.00
60d41f1884db98332554af48,main-trial-16,r,r,true,467349.00
60d41f1884db98332554af48,main-trial-16,g,g,true,467972.00
60d41f1884db98332554af48,main-trial-16,z,z,true,468281.00
60d41f1884db98332554af48,main-trial-16, , ,true,468480.00
60d41f1884db98332554af48,main-trial-16,e,e,true,468774.00
60d41f1884db98332554af48,main-trial-16,f,f,true,468902.00
60d41f1884db98332554af48,main-trial-16, , ,true,469034.00
60d41f1884db98332554af48,main-trial-16,e,e,true,469384.00
60d41f1884db98332554af48,main-trial-16,f,f,true,469478.00
60d41f1884db98332554af48,main-trial-16, , ,true,469612.00
60d41f1884db98332554af48,main-trial-16,e,e,true,469983.00
60d41f1884db98332554af48,main-trial-16,f,f,true,470093.00
60d41f1884db98332554af48,main-trial-16, , ,true,470187.00
60d41f1884db98332554af48,main-trial-16,e,e,true,470772.00
60d41f1884db98332554af48,main-trial-16,h,h,true,471055.00
60d41f1884db98332554af48,main-trial-16,y,y,true,471966.00
60d41f1884db98332554af48,main-trial-16,s,s,true,472240.00
60d41f1884db98332554af48,main-trial-16,x,x,true,473247.00
60d41f1884db98332554af48,main-trial-16, , ,true,473555.00
60d41f1884db98332554af48,main-trial-16,f,f,true,473859.00
60d41f1884db98332554af48,main-trial-16,e,e,true,474028.00
60d41f1884db98332554af48,main-trial-16, , ,true,474159.00
60d41f1884db98332554af48,main-trial-16,f,f,true,474531.00
60d41f1884db98332554af48,main-trial-16,e,e,true,474655.00
60d41f1884db98332554af48,main-trial-16, , ,true,474757.00
60d41f1884db98332554af48,main-trial-16,f,f,true,475261.00
60d41f1884db98332554af48,main-trial-16,e,e,true,475388.00
60d41f1884db98332554af48,main-trial-16, , ,true,475499.00
60d41f1884db98332554af48,main-trial-16,z,z,true,475865.00
60d41f1884db98332554af48,main-trial-16,l,l,true,476065.00
60d41f1884db98332554af48,main-trial-16,m,m,true,476325.00
60d41f1884db98332554af48,main-trial-16,s,s,true,476688.00
60d41f1884db98332554af48,main-trial-16,c,c,true,477198.00
60d41f1884db98332554af48,main-trial-16, , ,true,477402.00
60d41f1884db98332554af48,main-trial-16,e,e,true,477819.00
60d41f1884db98332554af48,main-trial-16,f,f,true,477965.00
60d41f1884db98332554af48,main-trial-16, , ,true,478176.00
60d41f1884db98332554af48,main-trial-16,f,f,true,478468.00
60d41f1884db98332554af48,main-trial-16,e,e,true,478591.00
60d41f1884db98332554af48,main-trial-16, , ,true,478715.00
60d41f1884db98332554af48,main-trial-16,e,e,true,479175.00
60d41f1884db98332554af48,main-trial-16,f,f,true,479358.00
60d41f1884db98332554af48,main-trial-16, , ,true,479562.00
60d41f1884db98332554af48,main-trial-16,f,f,true,479895.00
60d41f1884db98332554af48,main-trial-16,e,e,true,480041.00
60d41f1884db98332554af48,main-trial-16, , ,true,480186.00
60d41f1884db98332554af48,main-trial-16,e,e,true,480650.00
60d41f1884db98332554af48,main-trial-16,f,f,true,480814.00
60d41f1884db98332554af48,main-trial-16, , ,true,481051.00
60d41f1884db98332554af48,main-trial-16,f,f,true,481381.00
60d41f1884db98332554af48,main-trial-16,e,e,true,481497.00
60d41f1884db98332554af48,main-trial-17,v,v,true,487818.00
60d41f1884db98332554af48,main-trial-17,c,c,true,488284.00
60d41f1884db98332554af48,main-trial-17,o,o,true,488456.00
60d41f1884db98332554af48,main-trial-17,r,r,true,488660.00
60d41f1884db98332554af48,main-trial-17,s,s,true,488824.00
60d41f1884db98332554af48,main-trial-17, , ,true,488942.00
60d41f1884db98332554af48,main-trial-17,s,s,true,489263.00
60d41f1884db98332554af48,main-trial-17,e,e,true,489410.00
60d41f1884db98332554af48,main-trial-17, , ,true,489503.00
60d41f1884db98332554af48,main-trial-17,s,s,true,489776.00
60d41f1884db98332554af48,main-trial-17,e,e,true,489906.00
60d41f1884db98332554af48,main-trial-17, , ,true,489990.00
60d41f1884db98332554af48,main-trial-17,s,s,true,490369.00
60d41f1884db98332554af48,main-trial-17,e,e,true,490505.00
60d41f1884db98332554af48,main-trial-17, , ,true,490588.00
60d41f1884db98332554af48,main-trial-17,m,m,true,491287.00
60d41f1884db98332554af48,main-trial-17,b,b,true,491547.00
60d41f1884db98332554af48,main-trial-17,e,e,true,491944.00
60d41f1884db98332554af48,main-trial-17,t,t,true,492144.00
60d41f1884db98332554af48,main-trial-17,m,m,true,492422.00
60d41f1884db98332554af48,main-trial-17, , ,true,492635.00
60d41f1884db98332554af48,main-trial-17,w,w,true,492966.00
60d41f1884db98332554af48,main-trial-17,d,d,true,493190.00
60d41f1884db98332554af48,main-trial-17, , ,true,493336.00
60d41f1884db98332554af48,main-trial-17,w,w,true,493776.00
60d41f1884db98332554af48,main-trial-17,d,d,true,494021.00
60d41f1884db98332554af48,main-trial-17, , ,true,494204.00
60d41f1884db98332554af48,main-trial-17,w,w,true,494773.00
60d41f1884db98332554af48,main-trial-17,d,d,true,495064.00
60d41f1884db98332554af48,main-trial-17, , ,true,495233.00
60d41f1884db98332554af48,main-trial-17,f,f,true,495968.00
60d41f1884db98332554af48,main-trial-17,k,k,true,496997.00
60d41f1884db98332554af48,main-trial-17,v,v,true,497430.00
60d41f1884db98332554af48,main-trial-17,r,r,true,497779.00
60d41f1884db98332554af48,main-trial-17,z,z,true,498018.00
60d41f1884db98332554af48,main-trial-17, , ,true,498220.00
60d41f1884db98332554af48,main-trial-17,s,s,true,498515.00
60d41f1884db98332554af48,main-trial-17,e,e,true,498656.00
60d41f1884db98332554af48,main-trial-17, , ,true,498756.00
60d41f1884db98332554af48,main-trial-17,w,w,true,499261.00
60d41f1884db98332554af48,main-trial-17,d,s,false,499471.00
60d41f1884db98332554af48,main-trial-17,d,d,true,500039.00
60d41f1884db98332554af48,main-trial-17, , ,true,500178.00
60d41f1884db98332554af48,main-trial-17,s,s,true,500624.00
60d41f1884db98332554af48,main-trial-17,e,e,true,500779.00
60d41f1884db98332554af48,main-trial-17, , ,true,500908.00
60d41f1884db98332554af48,main-trial-17,w,w,true,501476.00
60d41f1884db98332554af48,main-trial-17,d,d,true,501760.00
60d41f1884db98332554af48,main-trial-17, , ,true,501879.00
60d41f1884db98332554af48,main-trial-17,s,s,true,502462.00
60d41f1884db98332554af48,main-trial-17,e,e,true,502659.00
60d41f1884db98332554af48,main-trial-17, , ,true,502792.00
60d41f1884db98332554af48,main-trial-17,w,w,true,503656.00
60d41f1884db98332554af48,main-trial-17,d,d,true,504032.00
60d41f1884db98332554af48,main-trial-18,e,e,true,507771.00
60d41f1884db98332554af48,main-trial-18,d,d,true,508081.00
60d41f1884db98332554af48,main-trial-18,i,i,true,508377.00
60d41f1884db98332554af48,main-trial-18,x,x,true,508605.00
60d41f1884db98332554af48,main-trial-18,d,d,true,509030.00
60d41f1884db98332554af48,main-trial-18, , ,true,509241.00
60d41f1884db98332554af48,main-trial-18,v,v,true,509522.00
60d41f1884db98332554af48,main-trial-18,r,r,true,509826.00
60d41f1884db98332554af48,main-trial-18, , ,true,509970.00
60d41f1884db98332554af48,main-trial-18,v,v,true,510333.00
60d41f1884db98332554af48,main-trial-18,r,r,true,510651.00
60d41f1884db98332554af48,main-trial-18, , ,true,510791.00
60d41f1884db98332554af48,main-trial-18,v,v,true,511355.00
60d41f1884db98332554af48,main-trial-18,r,r,true,511675.00
60d41f1884db98332554af48,main-trial-18, , ,true,511799.00
60d41f1884db98332554af48,main-trial-18,a,a,true,512234.00
60d41f1884db98332554af48,main-trial-18,r,r,true,512925.00
60d41f1884db98332554af48,main-trial-18,f,f,true,513241.00
60d41f1884db98332554af48,main-trial-18,f,f,true,513423.00
60d41f1884db98332554af48,main-trial-18,c,c,true,513713.00
60d41f1884db98332554af48,main-trial-18, , ,true,513877.00
60d41f1884db98332554af48,main-trial-18,c,c,true,514167.00
60d41f1884db98332554af48,main-trial-18,r,r,true,514644.00
60d41f1884db98332554af48,main-trial-18, , ,true,514866.00
60d41f1884db98332554af48,main-trial-18,c,c,true,515175.00
60d41f1884db98332554af48,main-trial-18,r,r,true,515452.00
60d41f1884db98332554af48,main-trial-18, , ,true,515613.00
60d41f1884db98332554af48,main-trial-18,c,c,true,515978.00
60d41f1884db98332554af48,main-trial-18,r,r,true,516377.00
60d41f1884db98332554af48,main-trial-18, , ,true,516505.00
60d41f1884db98332554af48,main-trial-18,j,j,true,516917.00
60d41f1884db98332554af48,main-trial-18,w,w,true,517538.00
60d41f1884db98332554af48,main-trial-18,e,e,true,517875.00
60d41f1884db98332554af48,main-trial-18,q,q,true,518210.00
60d41f1884db98332554af48,main-trial-18,m,m,true,518489.00
60d41f1884db98332554af48,main-trial-18, , ,true,518709.00
60d41f1884db98332554af48,main-trial-18,v,v,true,519290.00
60d41f1884db98332554af48,main-trial-18,r,r,true,519645.00
60d41f1884db98332554af48,main-trial-18, , ,true,519774.00
60d41f1884db98332554af48,main-trial-18,c,c,true,520415.00
60d41f1884db98332554af48,main-trial-18,r,r,true,520712.00
60d41f1884db98332554af48,main-trial-18, , ,true,520875.00
60d41f1884db98332554af48,main-trial-18,v,v,true,521240.00
60d41f1884db98332554af48,main-trial-18,r,r,true,521618.00
60d41f1884db98332554af48,main-trial-18, , ,true,521740.00
60d41f1884db98332554af48,main-trial-18,c,c,true,522405.00
60d41f1884db98332554af48,main-trial-18,r,r,true,522957.00
60d41f1884db98332554af48,main-trial-18, , ,true,523131.00
60d41f1884db98332554af48,main-trial-18,v,v,true,523878.00
60d41f1884db98332554af48,main-trial-18,r,r,true,524278.00
60d41f1884db98332554af48,main-trial-18, , ,true,524390.00
60d41f1884db98332554af48,main-trial-18,c,c,true,524934.00
60d41f1884db98332554af48,main-trial-18,r,r,true,525275.00
60d41f1884db98332554af48,main-trial-19,z,z,true,530418.00
60d41f1884db98332554af48,main-trial-19,f,f,true,530753.00
60d41f1884db98332554af48,main-trial-19,d,d,true,531006.00
60d41f1884db98332554af48,main-trial-19,n,n,true,531302.00
60d41f1884db98332554af48,main-trial-19,x,x,true,531675.00
60d41f1884db98332554af48,main-trial-19, , ,true,531888.00
60d41f1884db98332554af48,main-trial-19,w,w,true,532168.00
60d41f1884db98332554af48,main-trial-19,d,d,true,532782.00
60d41f1884db98332554af48,main-trial-19, , ,true,532903.00
60d41f1884db98332554af48,main-trial-19,w,w,true,533327.00
60d41f1884db98332554af48,main-trial-19,d,d,true,533637.00
60d41f1884db98332554af48,main-trial-19, , ,true,533793.00
60d41f1884db98332554af48,main-trial-19,w,w,true,534388.00
60d41f1884db98332554af48,main-trial-19,d,d,true,534688.00
60d41f1884db98332554af48,main-trial-19, , ,true,534853.00
60d41f1884db98332554af48,main-trial-19,x,x,true,535362.00
60d41f1884db98332554af48,main-trial-19,t,t,true,535650.00
60d41f1884db98332554af48,main-trial-19,g,g,true,536072.00
60d41f1884db98332554af48,main-trial-19,p,p,true,536459.00
60d41f1884db98332554af48,main-trial-19,y,y,true,536679.00
60d41f1884db98332554af48,main-trial-19, , ,true,536877.00
60d41f1884db98332554af48,main-trial-19,s,s,true,537116.00
60d41f1884db98332554af48,main-trial-19,e,e,true,537303.00
60d41f1884db98332554af48,main-trial-19, , ,true,537432.00
60d41f1884db98332554af48,main-trial-19,s,s,true,537790.00
60d41f1884db98332554af48,main-trial-19,e,e,true,537931.00
60d41f1884db98332554af48,main-trial-19, , ,true,538027.00
60d41f1884db98332554af48,main-trial-19,s,s,true,538435.00
60d41f1884db98332554af48,main-trial-19,e,e,true,538548.00
60d41f1884db98332554af48,main-trial-19, , ,true,538645.00
60d41f1884db98332554af48,main-trial-19,g,g,true,539102.00
60d41f1884db98332554af48,main-trial-19,u,u,true,539299.00
60d41f1884db98332554af48,main-trial-19,r,r,true,539431.00
60d41f1884db98332554af48,main-trial-19,q,g,false,539672.00
60d41f1884db98332554af48,main-trial-19,q,q,true,540538.00
60d41f1884db98332554af48,main-trial-19,l,l,true,540732.00
60d41f1884db98332554af48,main-trial-19, , ,true,540931.00
60d41f1884db98332554af48,main-trial-19,w,w,true,541228.00
60d41f1884db98332554af48,main-trial-19,d,d,true,541463.00
60d41f1884db98332554af48,main-trial-19, , ,true,541615.00
60d41f1884db98332554af48,main-trial-19,s,s,true,541913.00
60d41f1884db98332554af48,main-trial-19,e,e,true,542087.00
60d41f1884db98332554af48,main-trial-19, , ,true,542190.00
60d41f1884db98332554af48,main-trial-19,w,w,true,542539.00
60d41f1884db98332554af48,main-trial-19,d,d,true,542751.00
60d41f1884db98332554af48,main-trial-19, , ,true,542895.00
60d41f1884db98332554af48,main-trial-19,s,s,true,543226.00
60d41f1884db98332554af48,main-trial-19,e,e,true,543374.00
60d41f1884db98332554af48,main-trial-19, , ,true,543483.00
60d41f1884db98332554af48,main-trial-19,w,w,true,544034.00
60d41f1884db98332554af48,main-trial-19,d,d,true,544517.00
60d41f1884db98332554af48,main-trial-19, , ,true,544667.00
60d41f1884db98332554af48,main-trial-19,s,s,true,545002.00
60d41f1884db98332554af48,main-trial-19,e,e,true,545133.00
60d41f1884db98332554af48,main-trial-20,l,l,true,549062.00
60d41f1884db98332554af48,main-trial-20,e,e,true,549267.00
60d41f1884db98332554af48,main-trial-20,k,k,true,549800.00
60d41f1884db98332554af48,main-trial-20,n,n,true,550070.00
60d41f1884db98332554af48,main-trial-20,t,t,true,550256.00
60d41f1884db98332554af48,main-trial-20, , ,true,550383.00
60d41f1884db98332554af48,main-trial-20,f,f,true,550631.00
60d41f1884db98332554af48,main-trial-20,d,d,true,550821.00
60d41f1884db98332554af48,main-trial-20, , ,true,550933.00
60d41f1884db98332554af48,main-trial-20,f,f,true,551290.00
60d41f1884db98332554af48,main-trial-20,d,d,true,551439.00
60d41f1884db98332554af48,main-trial-20, , ,true,551578.00
60d41f1884db98332554af48,main-trial-20,f,f,true,552010.00
60d41f1884db98332554af48,main-trial-20,d,d,true,552157.00
60d41f1884db98332554af48,main-trial-20, , ,true,552290.00
60d41f1884db98332554af48,main-trial-20,l,l,true,552930.00
60d41f1884db98332554af48,main-trial-20,l,l,true,553157.00
60d41f1884db98332554af48,main-trial-20,x,x,true,553467.00
60d41f1884db98332554af48,main-trial-20,f,f,true,553705.00
60d41f1884db98332554af48,main-trial-20,y,y,true,553920.00
60d41f1884db98332554af48,main-trial-20, , ,true,554161.00
60d41f1884db98332554af48,main-trial-20,c,c,true,554403.00
60d41f1884db98332554af48,main-trial-20,e,e,true,554607.00
60d41f1884db98332554af48,main-trial-20, , ,true,554726.00
60d41f1884db98332554af48,main-trial-20,c,c,true,555065.00
60d41f1884db98332554af48,main-trial-20,e,e,true,555209.00
60d41f1884db98332554af48,main-trial-20, , ,true,555317.00
60d41f1884db98332554af48,main-trial-20,c,c,true,555684.00
60d41f1884db98332554af48,main-trial-20,e,e,true,555811.00
60d41f1884db98332554af48,main-trial-20, , ,true,555903.00
60d41f1884db98332554af48,main-trial-20,z,q,false,556505.00
60d41f1884db98332554af48,main-trial-20,z,w,false,557152.00
60d41f1884db98332554af48,main-trial-20,z,n,false,557528.00
60d41f1884db98332554af48,main-trial-20,z,i,false,557726.00
60d41f1884db98332554af48,main-trial-20,z,q,false,558053.00
60d41f1884db98332554af48,main-trial-20,z, ,false,559580.00
60d41f1884db98332554af48,main-trial-20,z,f,false,559863.00
60d41f1884db98332554af48,main-trial-20,z,d,false,560073.00
60d41f1884db98332554af48,main-trial-20,z, ,false,560180.00
60d41f1884db98332554af48,main-trial-20,z,c,false,560548.00
60d41f1884db98332554af48,main-trial-20,z,e,false,560711.00
60d41f1884db98332554af48,main-trial-20,z, ,false,560813.00
60d41f1884db98332554af48,main-trial-20,z,f,false,561254.00
60d41f1884db98332554af48,main-trial-20,z,d,false,561365.00
60d41f1884db98332554af48,main-trial-20,z, ,false,561548.00
60d41f1884db98332554af48,main-trial-20,z,c,false,562020.00
60d41f1884db98332554af48,main-trial-20,z,e,false,562157.00
60d41f1884db98332554af48,main-trial-20,z, ,false,562284.00
60d41f1884db98332554af48,main-trial-20,z,z,true,564066.00
60d41f1884db98332554af48,main-trial-20,w,w,true,564759.00
60d41f1884db98332554af48,main-trial-20,n,i,false,565188.00
60d41f1884db98332554af48,main-trial-20,n,n,true,565618.00
60d41f1884db98332554af48,main-trial-20,i,i,true,565855.00
60d41f1884db98332554af48,main-trial-20,q,q,true,566163.00
60d41f1884db98332554af48,main-trial-20, , ,true,566516.00
60d41f1884db98332554af48,main-trial-20,f,f,true,566780.00
60d41f1884db98332554af48,main-trial-20,d,d,true,567037.00
60d41f1884db98332554af48,main-trial-20, , ,true,567179.00
60d41f1884db98332554af48,main-trial-20,c,c,true,568085.00
60d41f1884db98332554af48,main-trial-20,e,e,true,568305.00
60d41f1884db98332554af48,main-trial-20, , ,true,568561.00
60d41f1884db98332554af48,main-trial-20,f,f,true,568962.00
60d41f1884db98332554af48,main-trial-20,d,d,true,569150.00
60d41f1884db98332554af48,main-trial-20, , ,true,569374.00
60d41f1884db98332554af48,main-trial-20,c,c,true,569767.00
60d41f1884db98332554af48,main-trial-20,e,e,true,569932.00
60d41f1884db98332554af48,main-trial-20, , ,true,570095.00
60d41f1884db98332554af48,main-trial-20,f,f,true,570432.00
60d41f1884db98332554af48,main-trial-20,d,d,true,570615.00
60d41f1884db98332554af48,main-trial-20, , ,true,570822.00
60d41f1884db98332554af48,main-trial-20,c,c,true,571233.00
60d41f1884db98332554af48,main-trial-20,e,e,true,571411.00
60d41f1884db98332554af48,main-trial-21,u,u,true,575636.00
60d41f1884db98332554af48,main-trial-21,y,y,true,576202.00
60d41f1884db98332554af48,main-trial-21,i,i,true,576754.00
60d41f1884db98332554af48,main-trial-21,z,z,true,577007.00
60d41f1884db98332554af48,main-trial-21,v,v,true,577411.00
60d41f1884db98332554af48,main-trial-21, , ,true,577657.00
60d41f1884db98332554af48,main-trial-21,d,d,true,577914.00
60d41f1884db98332554af48,main-trial-21,r,r,true,578242.00
60d41f1884db98332554af48,main-trial-21, , ,true,578379.00
60d41f1884db98332554af48,main-trial-21,d,d,true,578867.00
60d41f1884db98332554af48,main-trial-21,r,r,true,579054.00
60d41f1884db98332554af48,main-trial-21, , ,true,579162.00
60d41f1884db98332554af48,main-trial-21,d,d,true,579617.00
60d41f1884db98332554af48,main-trial-21,r,r,true,579812.00
60d41f1884db98332554af48,main-trial-21, , ,true,579912.00
60d41f1884db98332554af48,main-trial-21,z,z,true,580634.00
60d41f1884db98332554af48,main-trial-21,a,a,true,580941.00
60d41f1884db98332554af48,main-trial-21,r,r,true,581209.00
60d41f1884db98332554af48,main-trial-21,j,j,true,581483.00
60d41f1884db98332554af48,main-trial-21,g,g,true,582263.00
60d41f1884db98332554af48,main-trial-21, , ,true,582767.00
60d41f1884db98332554af48,main-trial-21,e,e,true,583040.00
60d41f1884db98332554af48,main-trial-21,f,f,true,583192.00
60d41f1884db98332554af48,main-trial-21, , ,true,583324.00
60d41f1884db98332554af48,main-trial-21,e,e,true,583636.00
60d41f1884db98332554af48,main-trial-21,f,f,true,583740.00
60d41f1884db98332554af48,main-trial-21, , ,true,583838.00
60d41f1884db98332554af48,main-trial-21,e,e,true,584272.00
60d41f1884db98332554af48,main-trial-21,f,f,true,584401.00
60d41f1884db98332554af48,main-trial-21, , ,true,584494.00
60d41f1884db98332554af48,main-trial-21,u,u,true,585240.00
60d41f1884db98332554af48,main-trial-21,g,g,true,585593.00
60d41f1884db98332554af48,main-trial-21,p,p,true,586018.00
60d41f1884db98332554af48,main-trial-21,k,k,true,586230.00
60d41f1884db98332554af48,main-trial-21,z,z,true,586597.00
60d41f1884db98332554af48,main-trial-21, , ,true,586901.00
60d41f1884db98332554af48,main-trial-21,d,d,true,587091.00
60d41f1884db98332554af48,main-trial-21,r,r,true,587274.00
60d41f1884db98332554af48,main-trial-21, , ,true,587355.00
60d41f1884db98332554af48,main-trial-21,e,e,true,587802.00
60d41f1884db98332554af48,main-trial-21,f,f,true,587957.00
60d41f1884db98332554af48,main-trial-21, , ,true,588119.00
60d41f1884db98332554af48,main-trial-21,d,d,true,588673.00
60d41f1884db98332554af48,main-trial-21,r,r,true,588944.00
60d41f1884db98332554af48,main-trial-21, , ,true,589077.00
60d41f1884db98332554af48,main-trial-21,e,e,true,589636.00
60d41f1884db98332554af48,main-trial-21,f,f,true,590171.00
60d41f1884db98332554af48,main-trial-21, , ,true,590358.00
60d41f1884db98332554af48,main-trial-21,d,d,true,591069.00
60d41f1884db98332554af48,main-trial-21,r,r,true,591265.00
60d41f1884db98332554af48,main-trial-21, , ,true,591353.00
60d41f1884db98332554af48,main-trial-21,e,e,true,591928.00
60d41f1884db98332554af48,main-trial-21,f,f,true,592203.00
60d41f1884db98332554af48,main-trial-22,d,d,true,598969.00
60d41f1884db98332554af48,main-trial-22,e,e,true,599180.00
60d41f1884db98332554af48,main-trial-22,j,j,true,599400.00
60d41f1884db98332554af48,main-trial-22,a,a,true,599533.00
60d41f1884db98332554af48,main-trial-22,n,n,true,599759.00
60d41f1884db98332554af48,main-trial-22, , ,true,600038.00
60d41f1884db98332554af48,main-trial-22,s,s,true,600290.00
60d41f1884db98332554af48,main-trial-22,f,f,true,600604.00
60d41f1884db98332554af48,main-trial-22, , ,true,600731.00
60d41f1884db98332554af48,main-trial-22,s,s,true,601061.00
60d41f1884db98332554af48,main-trial-22,f,f,true,601247.00
60d41f1884db98332554af48,main-trial-22, , ,true,601384.00
60d41f1884db98332554af48,main-trial-22,s,s,true,601763.00
60d41f1884db98332554af48,main-trial-22,f,f,true,601928.00
60d41f1884db98332554af48,main-trial-22, , ,true,602044.00
60d41f1884db98332554af48,main-trial-22,j,j,true,602711.00
60d41f1884db98332554af48,main-trial-22,o,o,true,602986.00
60d41f1884db98332554af48,main-trial-22,l,l,true,603226.00
60d41f1884db98332554af48,main-trial-22,d,d,true,603441.00
60d41f1884db98332554af48,main-trial-22,p,p,true,603691.00
60d41f1884db98332554af48,main-trial-22, , ,true,603901.00
60d41f1884db98332554af48,main-trial-22,b,b,true,604275.00
60d41f1884db98332554af48,main-trial-22,e,e,true,604531.00
60d41f1884db98332554af48,main-trial-22, , ,true,604645.00
60d41f1884db98332554af48,main-trial-22,b,b,true,605041.00
60d41f1884db98332554af48,main-trial-22,e,e,true,605232.00
60d41f1884db98332554af48,main-trial-22, , ,true,605353.00
60d41f1884db98332554af48,main-trial-22,b,b,true,605665.00
60d41f1884db98332554af48,main-trial-22,e,e,true,605873.00
60d41f1884db98332554af48,main-trial-22, , ,true,606006.00
60d41f1884db98332554af48,main-trial-22,y,y,true,606307.00
60d41f1884db98332554af48,main-trial-22,l,l,true,606428.00
60d41f1884db98332554af48,main-trial-22,b,b,true,606712.00
60d41f1884db98332554af48,main-trial-22,u,u,true,606876.00
60d41f1884db98332554af48,main-trial-22,a,a,true,607086.00
60d41f1884db98332554af48,main-trial-22, , ,true,607270.00
60d41f1884db98332554af48,main-trial-22,s,s,true,607595.00
60d41f1884db98332554af48,main-trial-22,f,f,true,607710.00
60d41f1884db98332554af48,main-trial-22, , ,true,607887.00
60d41f1884db98332554af48,main-trial-22,b,b,true,608501.00
60d41f1884db98332554af48,main-trial-22,e,e,true,608716.00
60d41f1884db98332554af48,main-trial-22, , ,true,608820.00
60d41f1884db98332554af48,main-trial-22,s,s,true,609108.00
60d41f1884db98332554af48,main-trial-22,f,f,true,609213.00
60d41f1884db98332554af48,main-trial-22, , ,true,609396.00
60d41f1884db98332554af48,main-trial-22,b,b,true,609780.00
60d41f1884db98332554af48,main-trial-22,e,e,true,609993.00
60d41f1884db98332554af48,main-trial-22, , ,true,610123.00
60d41f1884db98332554af48,main-trial-22,s,s,true,610402.00
60d41f1884db98332554af48,main-trial-22,f,f,true,610617.00
60d41f1884db98332554af48,main-trial-22, , ,true,610744.00
60d41f1884db98332554af48,main-trial-22,b,b,true,611049.00
60d41f1884db98332554af48,main-trial-22,e,e,true,611416.00
60d41f1884db98332554af48,main-trial-23,p,p,true,617674.00
60d41f1884db98332554af48,main-trial-23,a,a,true,617838.00
60d41f1884db98332554af48,main-trial-23,y,y,true,618089.00
60d41f1884db98332554af48,main-trial-23,g,g,true,618511.00
60d41f1884db98332554af48,main-trial-23,l,l,true,618657.00
60d41f1884db98332554af48,main-trial-23, , ,true,618808.00
60d41f1884db98332554af48,main-trial-23,d,d,true,619027.00
60d41f1884db98332554af48,main-trial-23,s,s,true,619311.00
60d41f1884db98332554af48,main-trial-23, , ,true,619447.00
60d41f1884db98332554af48,main-trial-23,d,d,true,619815.00
60d41f1884db98332554af48,main-trial-23,s,s,true,619951.00
60d41f1884db98332554af48,main-trial-23, , ,true,620111.00
60d41f1884db98332554af48,main-trial-23,d,d,true,620749.00
60d41f1884db98332554af48,main-trial-23,s,s,true,620869.00
60d41f1884db98332554af48,main-trial-23, , ,true,621169.00
60d41f1884db98332554af48,main-trial-23,c,c,true,621681.00
60d41f1884db98332554af48,main-trial-23,e,e,true,621834.00
60d41f1884db98332554af48,main-trial-23,i,i,true,622092.00
60d41f1884db98332554af48,main-trial-23,g,g,true,622258.00
60d41f1884db98332554af48,main-trial-23,d,d,true,622589.00
60d41f1884db98332554af48,main-trial-23, , ,true,622720.00
60d41f1884db98332554af48,main-trial-23,w,w,true,623027.00
60d41f1884db98332554af48,main-trial-23,d,d,true,623235.00
60d41f1884db98332554af48,main-trial-23, , ,true,623331.00
60d41f1884db98332554af48,main-trial-23,w,w,true,623859.00
60d41f1884db98332554af48,main-trial-23,d,d,true,624075.00
60d41f1884db98332554af48,main-trial-23, , ,true,624254.00
60d41f1884db98332554af48,main-trial-23,w,w,true,624814.00
60d41f1884db98332554af48,main-trial-23,d,d,true,624942.00
60d41f1884db98332554af48,main-trial-23, , ,true,625130.00
60d41f1884db98332554af48,main-trial-23,m,h,false,625701.00
60d41f1884db98332554af48,main-trial-23,m,m,true,627775.00
60d41f1884db98332554af48,main-trial-23,h,h,true,628366.00
60d41f1884db98332554af48,main-trial-23,m,m,true,628738.00
60d41f1884db98332554af48,main-trial-23,t,t,true,629047.00
60d41f1884db98332554af48,main-trial-23,o,o,true,629232.00
60d41f1884db98332554af48,main-trial-23, , ,true,629320.00
60d41f1884db98332554af48,main-trial-23,d,d,true,629616.00
60d41f1884db98332554af48,main-trial-23,s,s,true,629768.00
60d41f1884db98332554af48,main-trial-23, , ,true,629888.00
60d41f1884db98332554af48,main-trial-23,w,w,true,630238.00
60d41f1884db98332554af48,main-trial-23,d,d,true,630447.00
60d41f1884db98332554af48,main-trial-23, , ,true,630611.00
60d41f1884db98332554af48,main-trial-23,d,d,true,631068.00
60d41f1884db98332554af48,main-trial-23,s,s,true,631229.00
60d41f1884db98332554af48,main-trial-23, , ,true,631392.00
60d41f1884db98332554af48,main-trial-23,w,w,true,631798.00
60d41f1884db98332554af48,main-trial-23,d,d,true,631974.00
60d41f1884db98332554af48,main-trial-23, , ,true,632123.00
60d41f1884db98332554af48,main-trial-23,d,d,true,632534.00
60d41f1884db98332554af48,main-trial-23,s,s,true,632681.00
60d41f1884db98332554af48,main-trial-23, , ,true,632828.00
60d41f1884db98332554af48,main-trial-23,w,w,true,633561.00
60d41f1884db98332554af48,main-trial-23,d,d,true,633793.00
60d41f1884db98332554af48,main-trial-24,e,e,true,637250.00
60d41f1884db98332554af48,main-trial-24,r,r,true,637513.00
60d41f1884db98332554af48,main-trial-24,g,g,true,637816.00
60d41f1884db98332554af48,main-trial-24,g,g,true,637975.00
60d41f1884db98332554af48,main-trial-24,l,l,true,638083.00
60d41f1884db98332554af48,main-trial-24, , ,true,638309.00
60d41f1884db98332554af48,main-trial-24,f,f,true,638572.00
60d41f1884db98332554af48,main-trial-24,g,g,true,639091.00
60d41f1884db98332554af48,main-trial-24, , ,true,639265.00
60d41f1884db98332554af48,main-trial-24,f,f,true,639873.00
60d41f1884db98332554af48,main-trial-24,g,g,true,640158.00
60d41f1884db98332554af48,main-trial-24, , ,true,640342.00
60d41f1884db98332554af48,main-trial-24,f,f,true,640733.00
60d41f1884db98332554af48,main-trial-24,g,g,true,641031.00
60d41f1884db98332554af48,main-trial-24, , ,true,641166.00
60d41f1884db98332554af48,main-trial-24,d,d,true,641557.00
60d41f1884db98332554af48,main-trial-24,m,m,true,641993.00
60d41f1884db98332554af48,main-trial-24,j,j,true,642406.00
60d41f1884db98332554af48,main-trial-24,u,u,true,642637.00
60d41f1884db98332554af48,main-trial-24,n,n,true,642918.00
60d41f1884db98332554af48,main-trial-24, , ,true,643081.00
60d41f1884db98332554af48,main-trial-24,d,e,false,643421.00
60d41f1884db98332554af48,main-trial-24,d,d,true,644076.00
60d41f1884db98332554af48,main-trial-24,f,f,true,644413.00
60d41f1884db98332554af48,main-trial-24, , ,true,644635.00
60d41f1884db98332554af48,main-trial-24,d,d,true,644958.00
60d41f1884db98332554af48,main-trial-24,f,f,true,645312.00
60d41f1884db98332554af48,main-trial-24, , ,true,645487.00
60d41f1884db98332554af48,main-trial-24,d,d,true,646105.00
60d41f1884db98332554af48,main-trial-24,f,f,true,646325.00
60d41f1884db98332554af48,main-trial-24, , ,true,646531.00
60d41f1884db98332554af48,main-trial-24,h,h,true,647001.00
60d41f1884db98332554af48,main-trial-24,n,n,true,647300.00
60d41f1884db98332554af48,main-trial-24,y,u,false,648106.00
60d41f1884db98332554af48,main-trial-24,y,y,true,648865.00
60d41f1884db98332554af48,main-trial-24,x,x,true,649516.00
60d41f1884db98332554af48,main-trial-24,q,q,true,649956.00
60d41f1884db98332554af48,main-trial-24, , ,true,650309.00
60d41f1884db98332554af48,main-trial-24,f,f,true,650566.00
60d41f1884db98332554af48,main-trial-24,g,g,true,651043.00
60d41f1884db98332554af48,main-trial-24, , ,true,651232.00
60d41f1884db98332554af48,main-trial-24,d,d,true,651622.00
60d41f1884db98332554af48,main-trial-24,f,r,false,651858.00
60d41f1884db98332554af48,main-trial-24,f, ,false,651938.00
60d41f1884db98332554af48,main-trial-24,f,f,true,652585.00
60d41f1884db98332554af48,main-trial-24, ,g,false,652860.00
60d41f1884db98332554af48,main-trial-24, , ,true,653042.00
60d41f1884db98332554af48,main-trial-24,f,d,false,653594.00
60d41f1884db98332554af48,main-trial-24,f,f,true,654183.00
60d41f1884db98332554af48,main-trial-24,g, ,false,654773.00
60d41f1884db98332554af48,main-trial-24,g,f,false,655146.00
60d41f1884db98332554af48,main-trial-24,g,g,true,655534.00
60d41f1884db98332554af48,main-trial-24, , ,true,656252.00
60d41f1884db98332554af48,main-trial-24,d,d,true,656587.00
60d41f1884db98332554af48,main-trial-24,f,f,true,656923.00
60d41f1884db98332554af48,main-trial-24, , ,true,657432.00
60d41f1884db98332554af48,main-trial-24,f,f,true,658744.00
60d41f1884db98332554af48,main-trial-24,g,g,true,659994.00
60d41f1884db98332554af48,main-trial-24, , ,true,660829.00
60d41f1884db98332554af48,main-trial-24,d,d,true,661011.00
60d41f1884db98332554af48,main-trial-24,f,f,true,661820.00
60d41f1884db98332554af48,main-trial-25,o,o,true,667450.00
60d41f1884db98332554af48,main-trial-25,b,b,true,667757.00
60d41f1884db98332554af48,main-trial-25,s,s,true,668032.00
60d41f1884db98332554af48,main-trial-25,i,i,true,668319.00
60d41f1884db98332554af48,main-trial-25,u,u,true,668541.00
60d41f1884db98332554af48,main-trial-25, , ,true,668790.00
60d41f1884db98332554af48,main-trial-25,s,s,true,669184.00
60d41f1884db98332554af48,main-trial-25,r,r,true,669420.00
60d41f1884db98332554af48,main-trial-25, , ,true,669542.00
60d41f1884db98332554af48,main-trial-25,s,s,true,669789.00
60d41f1884db98332554af48,main-trial-25,r,r,true,669913.00
60d41f1884db98332554af48,main-trial-25, , ,true,670021.00
60d41f1884db98332554af48,main-trial-25,s,s,true,670385.00
60d41f1884db98332554af48,main-trial-25,r,r,true,670515.00
60d41f1884db98332554af48,main-trial-25, , ,true,670839.00
60d41f1884db98332554af48,main-trial-25,g,g,true,671736.00
60d41f1884db98332554af48,main-trial-25,p,p,true,672057.00
60d41f1884db98332554af48,main-trial-25,j,j,true,672317.00
60d41f1884db98332554af48,main-trial-25,o,o,true,672479.00
60d41f1884db98332554af48,main-trial-25,z,z,true,672807.00
60d41f1884db98332554af48,main-trial-25, , ,true,673031.00
60d41f1884db98332554af48,main-trial-25,w,w,true,673329.00
60d41f1884db98332554af48,main-trial-25,f,f,true,673600.00
60d41f1884db98332554af48,main-trial-25, , ,true,673756.00
60d41f1884db98332554af48,main-trial-25,w,w,true,674156.00
60d41f1884db98332554af48,main-trial-25,f,f,true,674433.00
60d41f1884db98332554af48,main-trial-25, , ,true,674772.00
60d41f1884db98332554af48,main-trial-25,w,w,true,675084.00
60d41f1884db98332554af48,main-trial-25,f,f,true,675412.00
60d41f1884db98332554af48,main-trial-25, , ,true,675750.00
60d41f1884db98332554af48,main-trial-25,a,a,true,676044.00
60d41f1884db98332554af48,main-trial-25,a,a,true,676367.00
60d41f1884db98332554af48,main-trial-25,r,r,true,676692.00
60d41f1884db98332554af48,main-trial-25,n,n,true,676921.00
60d41f1884db98332554af48,main-trial-25,t,t,true,677145.00
60d41f1884db98332554af48,main-trial-25, , ,true,677277.00
60d41f1884db98332554af48,main-trial-25,s,s,true,677491.00
60d41f1884db98332554af48,main-trial-25,r,r,true,677707.00
60d41f1884db98332554af48,main-trial-25, , ,true,677839.00
60d41f1884db98332554af48,main-trial-25,w,w,true,678474.00
60d41f1884db98332554af48,main-trial-25,f,f,true,678877.00
60d41f1884db98332554af48,main-trial-25, , ,true,679478.00
60d41f1884db98332554af48,main-trial-25,s,s,true,679840.00
60d41f1884db98332554af48,main-trial-25,r,r,true,680121.00
60d41f1884db98332554af48,main-trial-25, , ,true,680277.00
60d41f1884db98332554af48,main-trial-25,w,w,true,680952.00
60d41f1884db98332554af48,main-trial-25,f,f,true,681249.00
60d41f1884db98332554af48,main-trial-25, , ,true,681400.00
60d41f1884db98332554af48,main-trial-25,s,s,true,681835.00
60d41f1884db98332554af48,main-trial-25,r,r,true,682115.00
60d41f1884db98332554af48,main-trial-25, , ,true,682712.00
60d41f1884db98332554af48,main-trial-25,w,w,true,683241.00
60d41f1884db98332554af48,main-trial-25,f,f,true,683465.00
60d41f1884db98332554af48,main-trial-26,e,e,true,687155.00
60d41f1884db98332554af48,main-trial-26,m,m,true,687467.00
60d41f1884db98332554af48,main-trial-26,w,w,true,687806.00
60d41f1884db98332554af48,main-trial-26,k,k,true,688063.00
60d41f1884db98332554af48,main-trial-26,o,o,true,688299.00
60d41f1884db98332554af48,main-trial-26, , ,true,688511.00
60d41f1884db98332554af48,main-trial-26,c,c,true,688881.00
60d41f1884db98332554af48,main-trial-26,r,r,true,689609.00
60d41f1884db98332554af48,main-trial-26, , ,true,689789.00
60d41f1884db98332554af48,main-trial-26,c,c,true,690148.00
60d41f1884db98332554af48,main-trial-26,r,r,true,690440.00
60d41f1884db98332554af48,main-trial-26, , ,true,690922.00
60d41f1884db98332554af48,main-trial-26,c,c,true,691252.00
60d41f1884db98332554af48,main-trial-26,r,r,true,691563.00
60d41f1884db98332554af48,main-trial-26, , ,true,691940.00
60d41f1884db98332554af48,main-trial-26,m,m,true,692391.00
60d41f1884db98332554af48,main-trial-26,v,v,true,692912.00
60d41f1884db98332554af48,main-trial-26,x,x,true,693441.00
60d41f1884db98332554af48,main-trial-26,w,w,true,693937.00
60d41f1884db98332554af48,main-trial-26,o,o,true,694199.00
60d41f1884db98332554af48,main-trial-26, , ,true,694372.00
60d41f1884db98332554af48,main-trial-26,v,v,true,694848.00
60d41f1884db98332554af48,main-trial-26,r,r,true,695188.00
60d41f1884db98332554af48,main-trial-26, , ,true,695360.00
60d41f1884db98332554af48,main-trial-26,v,v,true,695697.00
60d41f1884db98332554af48,main-trial-26,r,r,true,696043.00
60d41f1884db98332554af48,main-trial-26, , ,true,696196.00
60d41f1884db98332554af48,main-trial-26,v,v,true,696628.00
60d41f1884db98332554af48,main-trial-26,r,r,true,696938.00
60d41f1884db98332554af48,main-trial-26, , ,true,697064.00
60d41f1884db98332554af48,main-trial-26,t,t,true,697350.00
60d41f1884db98332554af48,main-trial-26,i,i,true,697578.00
60d41f1884db98332554af48,main-trial-26,p,p,true,697818.00
60d41f1884db98332554af48,main-trial-26,w,w,true,698227.00
60d41f1884db98332554af48,main-trial-26,e,e,true,698308.00
60d41f1884db98332554af48,main-trial-26, , ,true,698512.00
60d41f1884db98332554af48,main-trial-26,c,c,true,698860.00
60d41f1884db98332554af48,main-trial-26,r,r,true,699171.00
60d41f1884db98332554af48,main-trial-26, , ,true,699360.00
60d41f1884db98332554af48,main-trial-26,v,v,true,699734.00
60d41f1884db98332554af48,main-trial-26,r,r,true,700198.00
60d41f1884db98332554af48,main-trial-26, , ,true,700348.00
60d41f1884db98332554af48,main-trial-26,c,c,true,700860.00
60d41f1884db98332554af48,main-trial-26,r,r,true,701413.00
60d41f1884db98332554af48,main-trial-26, , ,true,701521.00
60d41f1884db98332554af48,main-trial-26,v,v,true,701919.00
60d41f1884db98332554af48,main-trial-26,r,r,true,702546.00
60d41f1884db98332554af48,main-trial-26, , ,true,702706.00
60d41f1884db98332554af48,main-trial-26,c,c,true,703214.00
60d41f1884db98332554af48,main-trial-26,r,r,true,703527.00
60d41f1884db98332554af48,main-trial-26, , ,true,703683.00
60d41f1884db98332554af48,main-trial-26,v,v,true,704102.00
60d41f1884db98332554af48,main-trial-26,r,r,true,704442.00
60d41f1884db98332554af48,main-trial-27,c,c,true,708423.00
60d41f1884db98332554af48,main-trial-27,y,y,true,709015.00
60d41f1884db98332554af48,main-trial-27,x,x,true,709725.00
60d41f1884db98332554af48,main-trial-27,c,d,false,710280.00
60d41f1884db98332554af48,main-trial-27,c,c,true,710366.00
60d41f1884db98332554af48,main-trial-27,n,n,true,710919.00
60d41f1884db98332554af48,main-trial-27, , ,true,711281.00
60d41f1884db98332554af48,main-trial-27,c,c,true,711629.00
60d41f1884db98332554af48,main-trial-27,v,v,true,712018.00
60d41f1884db98332554af48,main-trial-27, , ,true,712242.00
60d41f1884db98332554af48,main-trial-27,c,c,true,712758.00
60d41f1884db98332554af48,main-trial-27,v,v,true,713099.00
60d41f1884db98332554af48,main-trial-27, , ,true,713292.00
60d41f1884db98332554af48,main-trial-27,c,c,true,713760.00
60d41f1884db98332554af48,main-trial-27,v,v,true,714096.00
60d41f1884db98332554af48,main-trial-27, , ,true,714281.00
60d41f1884db98332554af48,main-trial-27,f,f,true,714763.00
60d41f1884db98332554af48,main-trial-27,z,z,true,715174.00
60d41f1884db98332554af48,main-trial-27,t,t,true,715500.00
60d41f1884db98332554af48,main-trial-27,e,e,true,715613.00
60d41f1884db98332554af48,main-trial-27,v,v,true,715901.00
60d41f1884db98332554af48,main-trial-27, , ,true,716114.00
60d41f1884db98332554af48,main-trial-27,c,c,true,716379.00
60d41f1884db98332554af48,main-trial-27,r,r,true,716693.00
60d41f1884db98332554af48,main-trial-27, , ,true,716838.00
60d41f1884db98332554af48,main-trial-27,c,c,true,717479.00
60d41f1884db98332554af48,main-trial-27,r,r,true,717758.00
60d41f1884db98332554af48,main-trial-27, , ,true,717910.00
60d41f1884db98332554af48,main-trial-27,c,c,true,718321.00
60d41f1884db98332554af48,main-trial-27,r,r,true,718580.00
60d41f1884db98332554af48,main-trial-27, , ,true,718728.00
60d41f1884db98332554af48,main-trial-27,h,h,true,719351.00
60d41f1884db98332554af48,main-trial-27,f,t,false,719531.00
60d41f1884db98332554af48,main-trial-27,f,f,true,720017.00
60d41f1884db98332554af48,main-trial-27,o,t,false,720492.00
60d41f1884db98332554af48,main-trial-27,o,o,true,720947.00
60d41f1884db98332554af48,main-trial-27,t,t,true,721179.00
60d41f1884db98332554af48,main-trial-27,p,p,true,721465.00
60d41f1884db98332554af48,main-trial-27, , ,true,721739.00
60d41f1884db98332554af48,main-trial-27,c,c,true,722192.00
60d41f1884db98332554af48,main-trial-27,v,v,true,722630.00
60d41f1884db98332554af48,main-trial-27, , ,true,722962.00
60d41f1884db98332554af48,main-trial-27,c,c,true,723415.00
60d41f1884db98332554af48,main-trial-27,r,r,true,723780.00
60d41f1884db98332554af48,main-trial-27, , ,true,723928.00
60d41f1884db98332554af48,main-trial-27,c,c,true,724393.00
60d41f1884db98332554af48,main-trial-27,v,v,true,724721.00
60d41f1884db98332554af48,main-trial-27, , ,true,725011.00
60d41f1884db98332554af48,main-trial-27,c,c,true,725342.00
60d41f1884db98332554af48,main-trial-27,r,r,true,725935.00
60d41f1884db98332554af48,main-trial-27, , ,true,726357.00
60d41f1884db98332554af48,main-trial-27,c,c,true,726764.00
60d41f1884db98332554af48,main-trial-27,v,v,true,727067.00
60d41f1884db98332554af48,main-trial-27, , ,true,727349.00
60d41f1884db98332554af48,main-trial-27,c,c,true,727596.00
60d41f1884db98332554af48,main-trial-27,r,r,true,727922.00
