user_id,trialId,expectedKey,typedKey,isCorrect,keydownTime
663e1c7683991d278fb128a7,intro-trial-1,n,n,true,52676.20
663e1c7683991d278fb128a7,intro-trial-1,l,l,true,53659.20
663e1c7683991d278fb128a7,intro-trial-1,h,h,true,54014.80
663e1c7683991d278fb128a7,intro-trial-1,o,o,true,54112.10
663e1c7683991d278fb128a7,intro-trial-1,e,e,true,54364.20
663e1c7683991d278fb128a7,intro-trial-1, ,d,false,55216.30
663e1c7683991d278fb128a7,intro-trial-1, ,d,false,56438.40
663e1c7683991d278fb128a7,intro-trial-1, , ,true,57227.40
663e1c7683991d278fb128a7,intro-trial-1,d,d,true,58291.40
663e1c7683991d278fb128a7,intro-trial-1,f,f,true,59221.40
663e1c7683991d278fb128a7,intro-trial-1, , ,true,59666.30
663e1c7683991d278fb128a7,intro-trial-1,d,d,true,60419.70
663e1c7683991d278fb128a7,intro-trial-1,f,f,true,61373.30
663e1c7683991d278fb128a7,intro-trial-1, , ,true,61938.70
663e1c7683991d278fb128a7,intro-trial-1,d,d,true,62389.50
663e1c7683991d278fb128a7,intro-trial-1,f,f,true,63164.30
663e1c7683991d278fb128a7,intro-trial-1, , ,true,63609.40
663e1c7683991d278fb128a7,intro-trial-1,m,m,true,64178.50
663e1c7683991d278fb128a7,intro-trial-1,i,i,true,64570.30
663e1c7683991d278fb128a7,intro-trial-1,z,z,true,65315.80
663e1c7683991d278fb128a7,intro-trial-1,r,r,true,65875.10
663e1c7683991d278fb128a7,intro-trial-1,q,q,true,66241.70
663e1c7683991d278fb128a7,intro-trial-1, , ,true,66730.60
663e1c7683991d278fb128a7,intro-trial-1,e,e,true,67081.00
663e1c7683991d278fb128a7,intro-trial-1,f,f,true,67401.90
663e1c7683991d278fb128a7,intro-trial-1, , ,true,67797.30
663e1c7683991d278fb128a7,intro-trial-1,e,e,true,68092.50
663e1c7683991d278fb128a7,intro-trial-1,f,f,true,68346.80
663e1c7683991d278fb128a7,intro-trial-1, , ,true,68713.50
663e1c7683991d278fb128a7,intro-trial-1,e,e,true,69075.40
663e1c7683991d278fb128a7,intro-trial-1,f,f,true,69753.10
663e1c7683991d278fb128a7,intro-trial-1, , ,true,70338.60
663e1c7683991d278fb128a7,intro-trial-1,h,h,true,71089.10
663e1c7683991d278fb128a7,intro-trial-1,p,p,true,71796.40
663e1c7683991d278fb128a7,intro-trial-1,a,a,true,72297.30
663e1c7683991d278fb128a7,intro-trial-1,f,f,true,72603.00
663e1c7683991d278fb128a7,intro-trial-1,h,h,true,73179.20
663e1c7683991d278fb128a7,intro-trial-1, , ,true,73491.00
663e1c7683991d278fb128a7,intro-trial-1,d,d,true,73891.90
663e1c7683991d278fb128a7,intro-trial-1,f,j,false,74547.40
663e1c7683991d278fb128a7,intro-trial-1,f,f,true,75564.80
663e1c7683991d278fb128a7,intro-trial-1, , ,true,76259.10
663e1c7683991d278fb128a7,intro-trial-1,e,e,true,76634.90
663e1c7683991d278fb128a7,intro-trial-1,f,f,true,76827.10
663e1c7683991d278fb128a7,intro-trial-1, , ,true,77210.70
663e1c7683991d278fb128a7,intro-trial-1,d,d,true,77698.50
663e1c7683991d278fb128a7,intro-trial-1,f,f,true,78265.40
663e1c7683991d278fb128a7,intro-trial-1, , ,true,78548.50
663e1c7683991d278fb128a7,intro-trial-1,e,e,true,78956.00
663e1c7683991d278fb128a7,intro-trial-1,f,f,true,79187.80
663e1c7683991d278fb128a7,intro-trial-1, , ,true,79635.40
663e1c7683991d278fb128a7,intro-trial-1,d,d,true,80450.70
663e1c7683991d278fb128a7,intro-trial-1,f,f,true,81034.40
663e1c7683991d278fb128a7,intro-trial-1, , ,true,81314.20
663e1c7683991d278fb128a7,intro-trial-1,e,e,true,81897.80
663e1c7683991d278fb128a7,intro-trial-1,f,f,true,82283.70
663e1c7683991d278fb128a7,intro-trial-2,v,v,true,96212.40
663e1c7683991d278fb128a7,intro-trial-2,v,v,true,96827.50
663e1c7683991d278fb128a7,intro-trial-2,s,s,true,97250.20
663e1c7683991d278fb128a7,intro-trial-2,n,n,true,97571.60
663e1c7683991d278fb128a7,intro-trial-2,i,i,true,97923.90
663e1c7683991d278fb128a7,intro-trial-2, , ,true,98276.50
663e1c7683991d278fb128a7,intro-trial-2,q,q,true,98811.10
663e1c7683991d278fb128a7,intro-trial-2,s,s,true,99322.50
663e1c7683991d278fb128a7,intro-trial-2, , ,true,100314.70
663e1c7683991d278fb128a7,intro-trial-2,q,q,true,100915.00
663e1c7683991d278fb128a7,intro-trial-2,s,s,true,101979.50
663e1c7683991d278fb128a7,intro-trial-2, , ,true,102563.00
663e1c7683991d278fb128a7,intro-trial-2,q,q,true,103467.40
663e1c7683991d278fb128a7,intro-trial-2,s,s,true,103915.50
663e1c7683991d278fb128a7,intro-trial-2, , ,true,104354.90
663e1c7683991d278fb128a7,intro-trial-2,u,u,true,105458.30
663e1c7683991d278fb128a7,intro-trial-2,a,a,true,105867.00
663e1c7683991d278fb128a7,intro-trial-2,v,v,true,106153.30
663e1c7683991d278fb128a7,intro-trial-2,l,l,true,106420.00
663e1c7683991d278fb128a7,intro-trial-2,l,l,true,106699.20
663e1c7683991d278fb128a7,intro-trial-2, , ,true,107083.10
663e1c7683991d278fb128a7,intro-trial-2,s,s,true,107434.80
663e1c7683991d278fb128a7,intro-trial-2,a,a,true,107763.00
663e1c7683991d278fb128a7,intro-trial-2, , ,true,108546.50
663e1c7683991d278fb128a7,intro-trial-2,s,s,true,108843.00
663e1c7683991d278fb128a7,intro-trial-2,a,a,true,109171.90
663e1c7683991d278fb128a7,intro-trial-2, , ,true,109419.10
663e1c7683991d278fb128a7,intro-trial-2,s,s,true,109755.00
663e1c7683991d278fb128a7,intro-trial-2,a,a,true,110075.10
663e1c7683991d278fb128a7,intro-trial-2, , ,true,110426.40
663e1c7683991d278fb128a7,intro-trial-2,v,v,true,111314.10
663e1c7683991d278fb128a7,intro-trial-2,u,u,true,111699.40
663e1c7683991d278fb128a7,intro-trial-2,h,h,true,111994.10
663e1c7683991d278fb128a7,intro-trial-2,p,p,true,112314.50
663e1c7683991d278fb128a7,intro-trial-2,t,t,true,112603.00
663e1c7683991d278fb128a7,intro-trial-2, , ,true,112843.30
663e1c7683991d278fb128a7,intro-trial-2,q,q,true,113248.90
663e1c7683991d278fb128a7,intro-trial-2,s,s,true,113649.80
663e1c7683991d278fb128a7,intro-trial-2, , ,true,113962.70
663e1c7683991d278fb128a7,intro-trial-2,s,s,true,114411.10
663e1c7683991d278fb128a7,intro-trial-2,a,a,true,114729.10
663e1c7683991d278fb128a7,intro-trial-2, , ,true,114987.10
663e1c7683991d278fb128a7,intro-trial-2,q,q,true,116780.30
663e1c7683991d278fb128a7,intro-trial-2,s,s,true,117268.90
663e1c7683991d278fb128a7,intro-trial-2, , ,true,117603.10
663e1c7683991d278fb128a7,intro-trial-2,s,s,true,117908.50
663e1c7683991d278fb128a7,intro-trial-2,a,a,true,118197.20
663e1c7683991d278fb128a7,intro-trial-2, , ,true,118491.00
663e1c7683991d278fb128a7,intro-trial-2,q,q,true,119747.80
663e1c7683991d278fb128a7,intro-trial-2,s,s,true,120482.90
663e1c7683991d278fb128a7,intro-trial-2, , ,true,120780.30
663e1c7683991d278fb128a7,intro-trial-2,s,s,true,121156.30
663e1c7683991d278fb128a7,intro-trial-2,a,a,true,121483.10
663e1c7683991d278fb128a7,intro-trial-2,, ,false,121773.70
663e1c7683991d278fb128a7,intro-trial-3,x,x,true,127491.30
663e1c7683991d278fb128a7,intro-trial-3,c,c,true,127913.30
663e1c7683991d278fb128a7,intro-trial-3,i,i,true,128162.40
663e1c7683991d278fb128a7,intro-trial-3,n,n,true,128347.00
663e1c7683991d278fb128a7,intro-trial-3,x,x,true,128600.50
663e1c7683991d278fb128a7,intro-trial-3, , ,true,128851.40
663e1c7683991d278fb128a7,intro-trial-3,f,f,true,129033.00
663e1c7683991d278fb128a7,intro-trial-3,g,g,true,129625.40
663e1c7683991d278fb128a7,intro-trial-3, , ,true,130481.60
663e1c7683991d278fb128a7,intro-trial-3,f,f,true,131188.90
663e1c7683991d278fb128a7,intro-trial-3,g,g,true,131553.30
663e1c7683991d278fb128a7,intro-trial-3, , ,true,131882.00
663e1c7683991d278fb128a7,intro-trial-3,f,f,true,132442.90
663e1c7683991d278fb128a7,intro-trial-3,g,g,true,132832.50
663e1c7683991d278fb128a7,intro-trial-3, , ,true,133066.20
663e1c7683991d278fb128a7,intro-trial-3,y,y,true,133649.40
663e1c7683991d278fb128a7,intro-trial-3,d,d,true,133913.30
663e1c7683991d278fb128a7,intro-trial-3,j,j,true,134780.80
663e1c7683991d278fb128a7,intro-trial-3,r,r,true,135098.40
663e1c7683991d278fb128a7,intro-trial-3,q,q,true,135482.70
663e1c7683991d278fb128a7,intro-trial-3, , ,true,135844.40
663e1c7683991d278fb128a7,intro-trial-3,f,f,true,136160.70
663e1c7683991d278fb128a7,intro-trial-3,r,r,true,136427.00
663e1c7683991d278fb128a7,intro-trial-3, , ,true,136931.10
663e1c7683991d278fb128a7,intro-trial-3,f,f,true,137290.60
663e1c7683991d278fb128a7,intro-trial-3,r,r,true,137544.80
663e1c7683991d278fb128a7,intro-trial-3, , ,true,137891.80
663e1c7683991d278fb128a7,intro-trial-3,f,f,true,138258.80
663e1c7683991d278fb128a7,intro-trial-3,r,r,true,138555.80
663e1c7683991d278fb128a7,intro-trial-3, , ,true,138843.30
663e1c7683991d278fb128a7,intro-trial-3,j,j,true,139243.00
663e1c7683991d278fb128a7,intro-trial-3,a,a,true,139514.30
663e1c7683991d278fb128a7,intro-trial-3,q,q,true,139995.10
663e1c7683991d278fb128a7,intro-trial-3,u,u,true,140199.30
663e1c7683991d278fb128a7,intro-trial-3,b,b,true,140547.80
663e1c7683991d278fb128a7,intro-trial-3, , ,true,140803.10
663e1c7683991d278fb128a7,intro-trial-3,f,f,true,141296.30
663e1c7683991d278fb128a7,intro-trial-3,g,g,true,141604.00
663e1c7683991d278fb128a7,intro-trial-3, , ,true,141882.50
663e1c7683991d278fb128a7,intro-trial-3,f,f,true,142314.50
663e1c7683991d278fb128a7,intro-trial-3,r,g,false,142633.30
663e1c7683991d278fb128a7,intro-trial-3,r, ,false,142880.70
663e1c7683991d278fb128a7,intro-trial-3,r,f,false,143314.80
663e1c7683991d278fb128a7,intro-trial-3,r,r,true,143563.40
663e1c7683991d278fb128a7,intro-trial-3, , ,true,143915.60
663e1c7683991d278fb128a7,intro-trial-3,f,f,true,145087.30
663e1c7683991d278fb128a7,intro-trial-3,g,g,true,145483.80
663e1c7683991d278fb128a7,intro-trial-3, , ,true,145723.30
663e1c7683991d278fb128a7,intro-trial-3,f,f,true,146732.10
663e1c7683991d278fb128a7,intro-trial-3,r,r,true,147018.80
663e1c7683991d278fb128a7,intro-trial-3, , ,true,147290.40
663e1c7683991d278fb128a7,intro-trial-3,f,f,true,148072.80
663e1c7683991d278fb128a7,intro-trial-3,g,g,true,148331.20
663e1c7683991d278fb128a7,intro-trial-3, , ,true,148578.80
663e1c7683991d278fb128a7,intro-trial-3,f,f,true,148891.30
663e1c7683991d278fb128a7,intro-trial-3,r,r,true,149155.90
663e1c7683991d278fb128a7,main-trial-1,a,a,true,158115.40
663e1c7683991d278fb128a7,main-trial-1,u,u,true,158307.90
663e1c7683991d278fb128a7,main-trial-1,l,l,true,158593.20
663e1c7683991d278fb128a7,main-trial-1,y,y,true,158922.50
663e1c7683991d278fb128a7,main-trial-1,k,k,true,159219.00
663e1c7683991d278fb128a7,main-trial-1, , ,true,159450.50
663e1c7683991d278fb128a7,main-trial-1,z,z,true,159986.90
663e1c7683991d278fb128a7,main-trial-1,x,s,false,160547.40
663e1c7683991d278fb128a7,main-trial-1,x,x,true,162027.70
663e1c7683991d278fb128a7,main-trial-1, , ,true,163306.70
663e1c7683991d278fb128a7,main-trial-1,z,z,true,164546.50
663e1c7683991d278fb128a7,main-trial-1,x,x,true,164932.00
663e1c7683991d278fb128a7,main-trial-1, , ,true,165187.50
663e1c7683991d278fb128a7,main-trial-1,z,z,true,166307.10
663e1c7683991d278fb128a7,main-trial-1,x,x,true,166905.00
663e1c7683991d278fb128a7,main-trial-1, , ,true,167539.90
663e1c7683991d278fb128a7,main-trial-1,o,o,true,167955.60
663e1c7683991d278fb128a7,main-trial-1,r,r,true,168176.50
663e1c7683991d278fb128a7,main-trial-1,x,x,true,168843.30
663e1c7683991d278fb128a7,main-trial-1,j,j,true,169172.80
663e1c7683991d278fb128a7,main-trial-1,w,w,true,169504.70
663e1c7683991d278fb128a7,main-trial-1, , ,true,169729.40
663e1c7683991d278fb128a7,main-trial-1,z,z,true,170226.50
663e1c7683991d278fb128a7,main-trial-1,e,e,true,170577.80
663e1c7683991d278fb128a7,main-trial-1, , ,true,170908.90
663e1c7683991d278fb128a7,main-trial-1,z,z,true,171474.60
663e1c7683991d278fb128a7,main-trial-1,e,e,true,171795.80
663e1c7683991d278fb128a7,main-trial-1, , ,true,172025.60
663e1c7683991d278fb128a7,main-trial-1,z,z,true,172339.10
663e1c7683991d278fb128a7,main-trial-1,e,e,true,172715.90
663e1c7683991d278fb128a7,main-trial-1, , ,true,172971.20
663e1c7683991d278fb128a7,main-trial-1,u,u,true,173304.40
663e1c7683991d278fb128a7,main-trial-1,e,e,true,173571.70
663e1c7683991d278fb128a7,main-trial-1,h,h,true,173793.80
663e1c7683991d278fb128a7,main-trial-1,q,q,true,174327.40
663e1c7683991d278fb128a7,main-trial-1,t,u,false,174465.20
663e1c7683991d278fb128a7,main-trial-1,t,t,true,174739.70
663e1c7683991d278fb128a7,main-trial-1, , ,true,174916.30
663e1c7683991d278fb128a7,main-trial-1,z,x,false,175613.40
663e1c7683991d278fb128a7,main-trial-1,z,z,true,177466.60
663e1c7683991d278fb128a7,main-trial-1,x,x,true,177851.70
663e1c7683991d278fb128a7,main-trial-1, , ,true,178400.10
663e1c7683991d278fb128a7,main-trial-1,z,z,true,179378.30
663e1c7683991d278fb128a7,main-trial-1,e,e,true,179911.80
663e1c7683991d278fb128a7,main-trial-1, , ,true,180362.10
663e1c7683991d278fb128a7,main-trial-1,z,z,true,181761.70
663e1c7683991d278fb128a7,main-trial-1,x,x,true,182139.80
663e1c7683991d278fb128a7,main-trial-1, , ,true,182531.30
663e1c7683991d278fb128a7,main-trial-1,z,z,true,183832.60
663e1c7683991d278fb128a7,main-trial-1,e,e,true,184346.70
663e1c7683991d278fb128a7,main-trial-1, , ,true,185995.10
663e1c7683991d278fb128a7,main-trial-1,z,z,true,186955.10
663e1c7683991d278fb128a7,main-trial-1,x,x,true,187388.00
663e1c7683991d278fb128a7,main-trial-1, , ,true,187670.00
663e1c7683991d278fb128a7,main-trial-1,z,s,false,188195.50
663e1c7683991d278fb128a7,main-trial-1,z, ,false,189267.00
663e1c7683991d278fb128a7,main-trial-1,z,s,false,189658.50
663e1c7683991d278fb128a7,main-trial-1,z,e,false,190201.70
663e1c7683991d278fb128a7,main-trial-1,z, ,false,192583.90
663e1c7683991d278fb128a7,main-trial-1,z,x,false,194372.40
663e1c7683991d278fb128a7,main-trial-1,z,e,false,195011.70
663e1c7683991d278fb128a7,main-trial-1,z, ,false,195281.90
663e1c7683991d278fb128a7,main-trial-1,z,x,false,196571.30
663e1c7683991d278fb128a7,main-trial-1,z,.,false,197562.10
663e1c7683991d278fb128a7,main-trial-1,z,z,true,203819.20
663e1c7683991d278fb128a7,main-trial-1,e,e,true,204604.00
663e1c7683991d278fb128a7,main-trial-2,o,o,true,210259.20
663e1c7683991d278fb128a7,main-trial-2,y,y,true,210674.20
663e1c7683991d278fb128a7,main-trial-2,y,y,true,210922.10
663e1c7683991d278fb128a7,main-trial-2,s,s,true,211507.40
663e1c7683991d278fb128a7,main-trial-2,z,z,true,211865.90
663e1c7683991d278fb128a7,main-trial-2, , ,true,212098.00
663e1c7683991d278fb128a7,main-trial-2,d,d,true,212266.50
663e1c7683991d278fb128a7,main-trial-2,r,r,true,212549.30
663e1c7683991d278fb128a7,main-trial-2, , ,true,212803.00
663e1c7683991d278fb128a7,main-trial-2,d,d,true,213294.70
663e1c7683991d278fb128a7,main-trial-2,r,r,true,213595.50
663e1c7683991d278fb128a7,main-trial-2, , ,true,213819.20
663e1c7683991d278fb128a7,main-trial-2,d,d,true,214081.70
663e1c7683991d278fb128a7,main-trial-2,r,r,true,214338.90
663e1c7683991d278fb128a7,main-trial-2, , ,true,215107.70
663e1c7683991d278fb128a7,main-trial-2,h,h,true,215632.70
663e1c7683991d278fb128a7,main-trial-2,s,s,true,215907.00
663e1c7683991d278fb128a7,main-trial-2,r,r,true,216411.40
663e1c7683991d278fb128a7,main-trial-2,r,r,true,217131.00
663e1c7683991d278fb128a7,main-trial-2,a,a,true,217515.60
663e1c7683991d278fb128a7,main-trial-2, , ,true,217811.80
663e1c7683991d278fb128a7,main-trial-2,e,e,true,218091.80
663e1c7683991d278fb128a7,main-trial-2,f,f,true,218316.20
663e1c7683991d278fb128a7,main-trial-2, , ,true,218563.60
663e1c7683991d278fb128a7,main-trial-2,e,e,true,218803.50
663e1c7683991d278fb128a7,main-trial-2,f,f,true,219499.00
663e1c7683991d278fb128a7,main-trial-2, , ,true,219755.80
663e1c7683991d278fb128a7,main-trial-2,e,e,true,220027.40
663e1c7683991d278fb128a7,main-trial-2,f,f,true,220452.60
663e1c7683991d278fb128a7,main-trial-2, , ,true,220675.00
663e1c7683991d278fb128a7,main-trial-2,z,z,true,221107.50
663e1c7683991d278fb128a7,main-trial-2,i,i,true,221307.20
663e1c7683991d278fb128a7,main-trial-2,l,l,true,221549.60
663e1c7683991d278fb128a7,main-trial-2,f,f,true,221971.30
663e1c7683991d278fb128a7,main-trial-2,s,s,true,222235.50
663e1c7683991d278fb128a7,main-trial-2, , ,true,222442.20
663e1c7683991d278fb128a7,main-trial-2,d,d,true,222690.90
663e1c7683991d278fb128a7,main-trial-2,r,r,true,222968.70
663e1c7683991d278fb128a7,main-trial-2, , ,true,223211.10
663e1c7683991d278fb128a7,main-trial-2,e,e,true,223458.70
663e1c7683991d278fb128a7,main-trial-2,f,f,true,223698.50
663e1c7683991d278fb128a7,main-trial-2, , ,true,223885.10
663e1c7683991d278fb128a7,main-trial-2,d,d,true,224140.00
663e1c7683991d278fb128a7,main-trial-2,r,r,true,224395.00
663e1c7683991d278fb128a7,main-trial-2, , ,true,224611.60
663e1c7683991d278fb128a7,main-trial-2,e,e,true,224810.30
663e1c7683991d278fb128a7,main-trial-2,f,f,true,225062.00
663e1c7683991d278fb128a7,main-trial-2, , ,true,225250.90
663e1c7683991d278fb128a7,main-trial-2,d,d,true,226033.70
663e1c7683991d278fb128a7,main-trial-2,r,r,true,226371.20
663e1c7683991d278fb128a7,main-trial-2, , ,true,226593.60
663e1c7683991d278fb128a7,main-trial-2,e,e,true,226811.40
663e1c7683991d278fb128a7,main-trial-2,f,f,true,227491.50
663e1c7683991d278fb128a7,main-trial-3,a,a,true,231932.20
663e1c7683991d278fb128a7,main-trial-3,b,b,true,232258.70
663e1c7683991d278fb128a7,main-trial-3,z,z,true,232979.30
663e1c7683991d278fb128a7,main-trial-3,v,v,true,233587.30
663e1c7683991d278fb128a7,main-trial-3,j,j,true,233990.00
663e1c7683991d278fb128a7,main-trial-3, , ,true,234451.60
663e1c7683991d278fb128a7,main-trial-3,d,d,true,234659.30
663e1c7683991d278fb128a7,main-trial-3,f,f,true,235095.70
663e1c7683991d278fb128a7,main-trial-3, , ,true,235306.40
663e1c7683991d278fb128a7,main-trial-3,d,d,true,235505.60
663e1c7683991d278fb128a7,main-trial-3,f,f,true,235827.80
663e1c7683991d278fb128a7,main-trial-3, , ,true,236051.10
663e1c7683991d278fb128a7,main-trial-3,d,d,true,236329.40
663e1c7683991d278fb128a7,main-trial-3,f,f,true,236738.70
663e1c7683991d278fb128a7,main-trial-3, , ,true,236938.10
663e1c7683991d278fb128a7,main-trial-3,b,b,true,237347.50
663e1c7683991d278fb128a7,main-trial-3,y,y,true,237673.80
663e1c7683991d278fb128a7,main-trial-3,t,t,true,237979.10
663e1c7683991d278fb128a7,main-trial-3,x,a,false,238272.30
663e1c7683991d278fb128a7,main-trial-3,x,x,true,239131.20
663e1c7683991d278fb128a7,main-trial-3,a,a,true,239505.50
663e1c7683991d278fb128a7,main-trial-3, , ,true,239754.80
663e1c7683991d278fb128a7,main-trial-3,f,f,true,239963.20
663e1c7683991d278fb128a7,main-trial-3,g,g,true,240274.90
663e1c7683991d278fb128a7,main-trial-3, , ,true,240539.80
663e1c7683991d278fb128a7,main-trial-3,f,f,true,240812.30
663e1c7683991d278fb128a7,main-trial-3,g,g,true,241482.80
663e1c7683991d278fb128a7,main-trial-3, , ,true,241731.70
663e1c7683991d278fb128a7,main-trial-3,f,f,true,241938.40
663e1c7683991d278fb128a7,main-trial-3,g,g,true,242355.70
663e1c7683991d278fb128a7,main-trial-3, , ,true,242540.90
663e1c7683991d278fb128a7,main-trial-3,k,k,true,242874.70
663e1c7683991d278fb128a7,main-trial-3,y,y,true,243291.10
663e1c7683991d278fb128a7,main-trial-3,d,d,true,243539.60
663e1c7683991d278fb128a7,main-trial-3,e,e,true,243815.90
663e1c7683991d278fb128a7,main-trial-3,q,q,true,244153.40
663e1c7683991d278fb128a7,main-trial-3, , ,true,244603.20
663e1c7683991d278fb128a7,main-trial-3,d,d,true,244850.40
663e1c7683991d278fb128a7,main-trial-3,f,f,true,245138.90
663e1c7683991d278fb128a7,main-trial-3, , ,true,245347.40
663e1c7683991d278fb128a7,main-trial-3,f,f,true,245851.30
663e1c7683991d278fb128a7,main-trial-3,g,g,true,246218.10
663e1c7683991d278fb128a7,main-trial-3, , ,true,246427.80
663e1c7683991d278fb128a7,main-trial-3,d,d,true,246843.30
663e1c7683991d278fb128a7,main-trial-3,f,f,true,247312.70
663e1c7683991d278fb128a7,main-trial-3, , ,true,247529.10
663e1c7683991d278fb128a7,main-trial-3,f,f,true,247731.80
663e1c7683991d278fb128a7,main-trial-3,g,g,true,248179.70
663e1c7683991d278fb128a7,main-trial-3, , ,true,248346.40
663e1c7683991d278fb128a7,main-trial-3,d,d,true,248739.20
663e1c7683991d278fb128a7,main-trial-3,f,f,true,249114.20
663e1c7683991d278fb128a7,main-trial-3, , ,true,249411.80
663e1c7683991d278fb128a7,main-trial-3,f,f,true,249849.60
663e1c7683991d278fb128a7,main-trial-3,g,g,true,250194.80
663e1c7683991d278fb128a7,main-trial-4,m,m,true,254555.10
663e1c7683991d278fb128a7,main-trial-4,h,h,true,254898.50
663e1c7683991d278fb128a7,main-trial-4,d,d,true,255251.20
663e1c7683991d278fb128a7,main-trial-4,h,h,true,255659.90
663e1c7683991d278fb128a7,main-trial-4,h,h,true,255904.70
663e1c7683991d278fb128a7,main-trial-4, , ,true,256147.60
663e1c7683991d278fb128a7,main-trial-4,d,d,true,256410.90
663e1c7683991d278fb128a7,main-trial-4,r,r,true,256691.30
663e1c7683991d278fb128a7,main-trial-4, , ,true,256882.00
663e1c7683991d278fb128a7,main-trial-4,d,d,true,257097.30
663e1c7683991d278fb128a7,main-trial-4,r,r,true,257386.10
663e1c7683991d278fb128a7,main-trial-4, , ,true,257585.60
663e1c7683991d278fb128a7,main-trial-4,d,d,true,257843.70
663e1c7683991d278fb128a7,main-trial-4,r,r,true,258092.40
663e1c7683991d278fb128a7,main-trial-4, , ,true,258280.10
663e1c7683991d278fb128a7,main-trial-4,c,c,true,258802.60
663e1c7683991d278fb128a7,main-trial-4,x,x,true,259307.10
663e1c7683991d278fb128a7,main-trial-4,p,p,true,259817.50
663e1c7683991d278fb128a7,main-trial-4,s,s,true,260050.50
663e1c7683991d278fb128a7,main-trial-4,u,u,true,260250.40
663e1c7683991d278fb128a7,main-trial-4, , ,true,260539.10
663e1c7683991d278fb128a7,main-trial-4,f,f,true,260730.00
663e1c7683991d278fb128a7,main-trial-4,d,d,true,261002.10
663e1c7683991d278fb128a7,main-trial-4, , ,true,261244.00
663e1c7683991d278fb128a7,main-trial-4,f,f,true,261595.80
663e1c7683991d278fb128a7,main-trial-4,d,d,true,261888.80
663e1c7683991d278fb128a7,main-trial-4, , ,true,262066.50
663e1c7683991d278fb128a7,main-trial-4,f,f,true,262355.70
663e1c7683991d278fb128a7,main-trial-4,d,d,true,262794.70
663e1c7683991d278fb128a7,main-trial-4, , ,true,263005.10
663e1c7683991d278fb128a7,main-trial-4,e,e,true,263379.10
663e1c7683991d278fb128a7,main-trial-4,d,d,true,263660.40
663e1c7683991d278fb128a7,main-trial-4,y,y,true,264067.00
663e1c7683991d278fb128a7,main-trial-4,m,m,true,264364.80
663e1c7683991d278fb128a7,main-trial-4,k,k,true,264571.50
663e1c7683991d278fb128a7,main-trial-4, , ,true,264804.10
663e1c7683991d278fb128a7,main-trial-4,d,d,true,265011.50
663e1c7683991d278fb128a7,main-trial-4,r,r,true,265275.50
663e1c7683991d278fb128a7,main-trial-4, , ,true,265465.90
663e1c7683991d278fb128a7,main-trial-4,f,f,true,265851.50
663e1c7683991d278fb128a7,main-trial-4,d,d,true,266395.60
663e1c7683991d278fb128a7,main-trial-4, , ,true,267258.70
663e1c7683991d278fb128a7,main-trial-4,d,d,true,267579.00
663e1c7683991d278fb128a7,main-trial-4,r,r,true,267889.50
663e1c7683991d278fb128a7,main-trial-4, , ,true,268066.00
663e1c7683991d278fb128a7,main-trial-4,f,f,true,268315.00
663e1c7683991d278fb128a7,main-trial-4,d,d,true,268706.50
663e1c7683991d278fb128a7,main-trial-4, , ,true,268967.70
663e1c7683991d278fb128a7,main-trial-4,d,d,true,269395.50
663e1c7683991d278fb128a7,main-trial-4,r,r,true,269690.40
663e1c7683991d278fb128a7,main-trial-4, , ,true,269881.50
663e1c7683991d278fb128a7,main-trial-4,f,f,true,270523.50
663e1c7683991d278fb128a7,main-trial-4,d,d,true,270979.30
663e1c7683991d278fb128a7,main-trial-5,s,s,true,275330.00
663e1c7683991d278fb128a7,main-trial-5,l,l,true,275516.10
663e1c7683991d278fb128a7,main-trial-5,h,h,true,275779.30
663e1c7683991d278fb128a7,main-trial-5,j,j,true,276244.90
663e1c7683991d278fb128a7,main-trial-5,o,o,true,276577.70
663e1c7683991d278fb128a7,main-trial-5, , ,true,277395.50
663e1c7683991d278fb128a7,main-trial-5,f,f,true,277659.90
663e1c7683991d278fb128a7,main-trial-5,f,f,true,277883.20
663e1c7683991d278fb128a7,main-trial-5, , ,true,278306.60
663e1c7683991d278fb128a7,main-trial-5,f,f,true,278603.10
663e1c7683991d278fb128a7,main-trial-5,f,f,true,278828.50
663e1c7683991d278fb128a7,main-trial-5, , ,true,279098.40
663e1c7683991d278fb128a7,main-trial-5,f,f,true,279355.40
663e1c7683991d278fb128a7,main-trial-5,f,f,true,279587.30
663e1c7683991d278fb128a7,main-trial-5, , ,true,279840.90
663e1c7683991d278fb128a7,main-trial-5,f,f,true,280105.80
663e1c7683991d278fb128a7,main-trial-5,g,g,true,280491.30
663e1c7683991d278fb128a7,main-trial-5,q,q,true,281491.70
663e1c7683991d278fb128a7,main-trial-5,k,k,true,281826.70
663e1c7683991d278fb128a7,main-trial-5,y,y,true,282187.50
663e1c7683991d278fb128a7,main-trial-5, , ,true,282412.40
663e1c7683991d278fb128a7,main-trial-5,a,a,true,282682.90
663e1c7683991d278fb128a7,main-trial-5,a,a,true,283058.70
663e1c7683991d278fb128a7,main-trial-5, , ,true,283371.70
663e1c7683991d278fb128a7,main-trial-5,a,a,true,283685.20
663e1c7683991d278fb128a7,main-trial-5,a,a,true,284025.90
663e1c7683991d278fb128a7,main-trial-5, , ,true,284322.30
663e1c7683991d278fb128a7,main-trial-5,a,a,true,284872.70
663e1c7683991d278fb128a7,main-trial-5,a,a,true,285227.80
663e1c7683991d278fb128a7,main-trial-5, , ,true,285482.90
663e1c7683991d278fb128a7,main-trial-5,e,e,true,285930.30
663e1c7683991d278fb128a7,main-trial-5,j,j,true,286153.50
663e1c7683991d278fb128a7,main-trial-5,x,x,true,286626.90
663e1c7683991d278fb128a7,main-trial-5,z,z,true,287281.90
663e1c7683991d278fb128a7,main-trial-5,c,c,true,288228.20
663e1c7683991d278fb128a7,main-trial-5, , ,true,288651.10
663e1c7683991d278fb128a7,main-trial-5,f,f,true,288874.00
663e1c7683991d278fb128a7,main-trial-5,f,f,true,289091.60
663e1c7683991d278fb128a7,main-trial-5, , ,true,289323.10
663e1c7683991d278fb128a7,main-trial-5,a,a,true,289707.90
663e1c7683991d278fb128a7,main-trial-5,a,a,true,290003.40
663e1c7683991d278fb128a7,main-trial-5, , ,true,290259.80
663e1c7683991d278fb128a7,main-trial-5,f,f,true,290571.70
663e1c7683991d278fb128a7,main-trial-5,f,f,true,290786.70
663e1c7683991d278fb128a7,main-trial-5, , ,true,291028.60
663e1c7683991d278fb128a7,main-trial-5,a,a,true,291371.20
663e1c7683991d278fb128a7,main-trial-5,a,a,true,291698.40
663e1c7683991d278fb128a7,main-trial-5, , ,true,291938.30
663e1c7683991d278fb128a7,main-trial-5,f,f,true,292363.60
663e1c7683991d278fb128a7,main-trial-5,f,f,true,292579.50
663e1c7683991d278fb128a7,main-trial-5, , ,true,293171.00
663e1c7683991d278fb128a7,main-trial-5,a,a,true,293468.00
663e1c7683991d278fb128a7,main-trial-5,a,a,true,293746.50
663e1c7683991d278fb128a7,main-trial-6,i,i,true,297779.30
663e1c7683991d278fb128a7,main-trial-6,o,o,true,298265.10
663e1c7683991d278fb128a7,main-trial-6,g,g,true,298587.10
663e1c7683991d278fb128a7,main-trial-6,s,s,true,298947.90
663e1c7683991d278fb128a7,main-trial-6,a,a,true,299202.70
663e1c7683991d278fb128a7,main-trial-6, , ,true,299396.60
663e1c7683991d278fb128a7,main-trial-6,w,w,true,299760.70
663e1c7683991d278fb128a7,main-trial-6,f,f,true,300025.90
663e1c7683991d278fb128a7,main-trial-6, , ,true,300283.20
663e1c7683991d278fb128a7,main-trial-6,w,w,true,300794.20
663e1c7683991d278fb128a7,main-trial-6,f,f,true,301035.20
663e1c7683991d278fb128a7,main-trial-6, , ,true,301257.30
663e1c7683991d278fb128a7,main-trial-6,w,w,true,301602.30
663e1c7683991d278fb128a7,main-trial-6,f,f,true,301891.50
663e1c7683991d278fb128a7,main-trial-6, , ,true,302085.60
663e1c7683991d278fb128a7,main-trial-6,c,c,true,302555.40
663e1c7683991d278fb128a7,main-trial-6,c,c,true,303176.90
663e1c7683991d278fb128a7,main-trial-6,e,e,true,303587.80
663e1c7683991d278fb128a7,main-trial-6,f,f,true,303819.40
663e1c7683991d278fb128a7,main-trial-6,j,j,true,304082.90
663e1c7683991d278fb128a7,main-trial-6, , ,true,304342.60
663e1c7683991d278fb128a7,main-trial-6,s,s,true,304609.80
663e1c7683991d278fb128a7,main-trial-6,r,r,true,304979.30
663e1c7683991d278fb128a7,main-trial-6, , ,true,305154.90
663e1c7683991d278fb128a7,main-trial-6,s,s,true,305395.10
663e1c7683991d278fb128a7,main-trial-6,r,r,true,305674.70
663e1c7683991d278fb128a7,main-trial-6, , ,true,305867.00
663e1c7683991d278fb128a7,main-trial-6,s,s,true,306091.50
663e1c7683991d278fb128a7,main-trial-6,r,r,true,306585.90
663e1c7683991d278fb128a7,main-trial-6, , ,true,306801.10
663e1c7683991d278fb128a7,main-trial-6,s,s,true,307067.30
663e1c7683991d278fb128a7,main-trial-6,g,g,true,307442.60
663e1c7683991d278fb128a7,main-trial-6,c,c,true,307998.40
663e1c7683991d278fb128a7,main-trial-6,o,o,true,308155.70
663e1c7683991d278fb128a7,main-trial-6,s,s,true,308346.60
663e1c7683991d278fb128a7,main-trial-6, , ,true,308578.60
663e1c7683991d278fb128a7,main-trial-6,w,w,true,309217.70
663e1c7683991d278fb128a7,main-trial-6,f,f,true,309475.00
663e1c7683991d278fb128a7,main-trial-6, , ,true,309672.90
663e1c7683991d278fb128a7,main-trial-6,s,s,true,309873.60
663e1c7683991d278fb128a7,main-trial-6,r,r,true,310162.00
663e1c7683991d278fb128a7,main-trial-6, , ,true,310339.10
663e1c7683991d278fb128a7,main-trial-6,w,w,true,310883.40
663e1c7683991d278fb128a7,main-trial-6,f,f,true,311211.60
663e1c7683991d278fb128a7,main-trial-6, , ,true,311443.40
663e1c7683991d278fb128a7,main-trial-6,s,s,true,311649.10
663e1c7683991d278fb128a7,main-trial-6,r,r,true,311995.60
663e1c7683991d278fb128a7,main-trial-6, , ,true,312168.70
663e1c7683991d278fb128a7,main-trial-6,w,w,true,312769.30
663e1c7683991d278fb128a7,main-trial-6,f,f,true,313123.20
663e1c7683991d278fb128a7,main-trial-6, , ,true,313346.70
663e1c7683991d278fb128a7,main-trial-6,s,s,true,313579.00
663e1c7683991d278fb128a7,main-trial-6,r,r,true,313858.50
663e1c7683991d278fb128a7,main-trial-7,n,n,true,317759.70
663e1c7683991d278fb128a7,main-trial-7,w,w,true,318523.50
663e1c7683991d278fb128a7,main-trial-7,e,e,true,318763.50
663e1c7683991d278fb128a7,main-trial-7,j,j,true,318967.30
663e1c7683991d278fb128a7,main-trial-7,a,a,true,319180.30
663e1c7683991d278fb128a7,main-trial-7, , ,true,319315.00
663e1c7683991d278fb128a7,main-trial-7,f,f,true,319523.90
663e1c7683991d278fb128a7,main-trial-7,d,d,true,319812.20
663e1c7683991d278fb128a7,main-trial-7, , ,true,320030.10
663e1c7683991d278fb128a7,main-trial-7,f,f,true,320306.40
663e1c7683991d278fb128a7,main-trial-7,d,d,true,320650.70
663e1c7683991d278fb128a7,main-trial-7, , ,true,320858.70
663e1c7683991d278fb128a7,main-trial-7,f,f,true,321066.40
663e1c7683991d278fb128a7,main-trial-7,d,d,true,321537.50
663e1c7683991d278fb128a7,main-trial-7, , ,true,321748.80
663e1c7683991d278fb128a7,main-trial-7,q,q,true,322074.90
663e1c7683991d278fb128a7,main-trial-7,u,u,true,322257.20
663e1c7683991d278fb128a7,main-trial-7,o,o,true,322488.60
663e1c7683991d278fb128a7,main-trial-7,n,n,true,322787.00
663e1c7683991d278fb128a7,main-trial-7,w,w,true,323155.50
663e1c7683991d278fb128a7,main-trial-7, , ,true,323411.60
663e1c7683991d278fb128a7,main-trial-7,d,d,true,323677.10
663e1c7683991d278fb128a7,main-trial-7,r,r,true,323923.30
663e1c7683991d278fb128a7,main-trial-7, , ,true,324154.70
663e1c7683991d278fb128a7,main-trial-7,d,d,true,324619.30
663e1c7683991d278fb128a7,main-trial-7,r,r,true,324892.50
663e1c7683991d278fb128a7,main-trial-7, , ,true,325072.60
663e1c7683991d278fb128a7,main-trial-7,d,d,true,325362.80
663e1c7683991d278fb128a7,main-trial-7,r,r,true,325610.70
663e1c7683991d278fb128a7,main-trial-7, , ,true,325779.00
663e1c7683991d278fb128a7,main-trial-7,l,l,true,326279.30
663e1c7683991d278fb128a7,main-trial-7,k,k,true,326587.20
663e1c7683991d278fb128a7,main-trial-7,o,o,true,326907.00
663e1c7683991d278fb128a7,main-trial-7,d,d,true,327586.50
663e1c7683991d278fb128a7,main-trial-7,t,t,true,327859.00
663e1c7683991d278fb128a7,main-trial-7, , ,true,328043.70
663e1c7683991d278fb128a7,main-trial-7,f,f,true,328243.60
663e1c7683991d278fb128a7,main-trial-7,d,d,true,328521.10
663e1c7683991d278fb128a7,main-trial-7, , ,true,328713.90
663e1c7683991d278fb128a7,main-trial-7,d,d,true,329066.30
663e1c7683991d278fb128a7,main-trial-7,r,r,true,329372.40
663e1c7683991d278fb128a7,main-trial-7, , ,true,329514.60
663e1c7683991d278fb128a7,main-trial-7,f,f,true,329962.60
663e1c7683991d278fb128a7,main-trial-7,d,d,true,330282.60
663e1c7683991d278fb128a7,main-trial-7, , ,true,330500.40
663e1c7683991d278fb128a7,main-trial-7,d,d,true,330907.30
663e1c7683991d278fb128a7,main-trial-7,r,r,true,331507.20
663e1c7683991d278fb128a7,main-trial-7, , ,true,331716.40
663e1c7683991d278fb128a7,main-trial-7,f,f,true,332371.50
663e1c7683991d278fb128a7,main-trial-7,d,d,true,334130.70
663e1c7683991d278fb128a7,main-trial-7, , ,true,334419.40
663e1c7683991d278fb128a7,main-trial-7,d,d,true,335018.30
663e1c7683991d278fb128a7,main-trial-7,r,r,true,335658.30
663e1c7683991d278fb128a7,main-trial-8,c,c,true,343127.10
663e1c7683991d278fb128a7,main-trial-8,c,c,true,343443.30
663e1c7683991d278fb128a7,main-trial-8,s,s,true,343771.40
663e1c7683991d278fb128a7,main-trial-8,p,p,true,344091.80
663e1c7683991d278fb128a7,main-trial-8,l,l,true,344363.80
663e1c7683991d278fb128a7,main-trial-8, , ,true,344516.70
663e1c7683991d278fb128a7,main-trial-8,v,v,true,344765.80
663e1c7683991d278fb128a7,main-trial-8,r,r,true,345124.10
663e1c7683991d278fb128a7,main-trial-8, , ,true,345298.10
663e1c7683991d278fb128a7,main-trial-8,v,v,true,345593.50
663e1c7683991d278fb128a7,main-trial-8,r,r,true,345875.10
663e1c7683991d278fb128a7,main-trial-8, , ,true,346033.90
663e1c7683991d278fb128a7,main-trial-8,v,v,true,346362.60
663e1c7683991d278fb128a7,main-trial-8,r,r,true,346671.50
663e1c7683991d278fb128a7,main-trial-8, , ,true,346810.30
663e1c7683991d278fb128a7,main-trial-8,q,q,true,347162.80
663e1c7683991d278fb128a7,main-trial-8,m,m,true,347889.20
663e1c7683991d278fb128a7,main-trial-8,g,g,true,348397.30
663e1c7683991d278fb128a7,main-trial-8,d,d,true,348684.10
663e1c7683991d278fb128a7,main-trial-8,a,a,true,348900.00
663e1c7683991d278fb128a7,main-trial-8, , ,true,349080.10
663e1c7683991d278fb128a7,main-trial-8,f,f,true,349226.30
663e1c7683991d278fb128a7,main-trial-8,r,r,true,349482.60
663e1c7683991d278fb128a7,main-trial-8, , ,true,349682.70
663e1c7683991d278fb128a7,main-trial-8,f,f,true,350059.60
663e1c7683991d278fb128a7,main-trial-8,r,r,true,350306.10
663e1c7683991d278fb128a7,main-trial-8, , ,true,350464.40
663e1c7683991d278fb128a7,main-trial-8,f,f,true,350667.20
663e1c7683991d278fb128a7,main-trial-8,r,r,true,350907.30
663e1c7683991d278fb128a7,main-trial-8, , ,true,351074.50
663e1c7683991d278fb128a7,main-trial-8,v,v,true,351622.20
663e1c7683991d278fb128a7,main-trial-8,p,p,true,351979.70
663e1c7683991d278fb128a7,main-trial-8,j,j,true,352376.50
663e1c7683991d278fb128a7,main-trial-8,d,d,true,352871.20
663e1c7683991d278fb128a7,main-trial-8,d,d,true,353162.60
663e1c7683991d278fb128a7,main-trial-8, , ,true,353536.30
663e1c7683991d278fb128a7,main-trial-8,v,v,true,354047.80
663e1c7683991d278fb128a7,main-trial-8,r,r,true,354355.80
663e1c7683991d278fb128a7,main-trial-8, , ,true,354548.40
663e1c7683991d278fb128a7,main-trial-8,f,f,true,354891.20
663e1c7683991d278fb128a7,main-trial-8,r,r,true,355164.40
663e1c7683991d278fb128a7,main-trial-8, , ,true,355336.50
663e1c7683991d278fb128a7,main-trial-8,v,v,true,355898.20
663e1c7683991d278fb128a7,main-trial-8,r,r,true,356454.10
663e1c7683991d278fb128a7,main-trial-8, , ,true,356626.80
663e1c7683991d278fb128a7,main-trial-8,f,f,true,356818.60
663e1c7683991d278fb128a7,main-trial-8,r,r,true,357187.90
663e1c7683991d278fb128a7,main-trial-8, , ,true,357386.00
663e1c7683991d278fb128a7,main-trial-8,v,v,true,358123.50
663e1c7683991d278fb128a7,main-trial-8,r,r,true,358505.60
663e1c7683991d278fb128a7,main-trial-8, , ,true,358749.40
663e1c7683991d278fb128a7,main-trial-8,f,f,true,358929.10
663e1c7683991d278fb128a7,main-trial-8,r,r,true,359539.20
663e1c7683991d278fb128a7,main-trial-9,q,q,true,365754.40
663e1c7683991d278fb128a7,main-trial-9,j,j,true,366243.20
663e1c7683991d278fb128a7,main-trial-9,w,w,true,366587.00
663e1c7683991d278fb128a7,main-trial-9,u,u,true,366947.20
663e1c7683991d278fb128a7,main-trial-9,g,g,true,367225.90
663e1c7683991d278fb128a7,main-trial-9, , ,true,367401.40
663e1c7683991d278fb128a7,main-trial-9,x,x,true,367955.50
663e1c7683991d278fb128a7,main-trial-9,c,c,true,368420.50
663e1c7683991d278fb128a7,main-trial-9, , ,true,368785.70
663e1c7683991d278fb128a7,main-trial-9,x,x,true,369347.40
663e1c7683991d278fb128a7,main-trial-9,c,c,true,369728.70
663e1c7683991d278fb128a7,main-trial-9, , ,true,370017.70
663e1c7683991d278fb128a7,main-trial-9,x,x,true,370548.10
663e1c7683991d278fb128a7,main-trial-9,c,c,true,370889.20
663e1c7683991d278fb128a7,main-trial-9, , ,true,371234.50
663e1c7683991d278fb128a7,main-trial-9,o,o,true,371665.80
663e1c7683991d278fb128a7,main-trial-9,p,p,true,372009.50
663e1c7683991d278fb128a7,main-trial-9,v,v,true,372490.60
663e1c7683991d278fb128a7,main-trial-9,j,j,true,372826.90
663e1c7683991d278fb128a7,main-trial-9,x,x,true,373291.50
663e1c7683991d278fb128a7,main-trial-9, , ,true,373562.30
663e1c7683991d278fb128a7,main-trial-9,c,c,true,373971.80
663e1c7683991d278fb128a7,main-trial-9,e,e,true,374339.20
663e1c7683991d278fb128a7,main-trial-9, , ,true,374603.40
663e1c7683991d278fb128a7,main-trial-9,c,c,true,374888.80
663e1c7683991d278fb128a7,main-trial-9,e,e,true,375202.80
663e1c7683991d278fb128a7,main-trial-9, , ,true,375416.10
663e1c7683991d278fb128a7,main-trial-9,c,c,true,375760.90
663e1c7683991d278fb128a7,main-trial-9,e,e,true,376043.00
663e1c7683991d278fb128a7,main-trial-9, , ,true,376232.80
663e1c7683991d278fb128a7,main-trial-9,q,q,true,376889.00
663e1c7683991d278fb128a7,main-trial-9,j,u,false,377251.10
663e1c7683991d278fb128a7,main-trial-9,j,j,true,378500.50
663e1c7683991d278fb128a7,main-trial-9,g,g,true,379383.50
663e1c7683991d278fb128a7,main-trial-9,s,s,true,379634.90
663e1c7683991d278fb128a7,main-trial-9,h,h,true,380226.10
663e1c7683991d278fb128a7,main-trial-9, , ,true,380641.00
663e1c7683991d278fb128a7,main-trial-9,x,e,false,381099.50
663e1c7683991d278fb128a7,main-trial-9,x,x,true,382161.30
663e1c7683991d278fb128a7,main-trial-9,c,c,true,382643.10
663e1c7683991d278fb128a7,main-trial-9, , ,true,383555.30
663e1c7683991d278fb128a7,main-trial-9,c,c,true,383939.70
663e1c7683991d278fb128a7,main-trial-9,e,e,true,384275.00
663e1c7683991d278fb128a7,main-trial-9, , ,true,384491.30
663e1c7683991d278fb128a7,main-trial-9,x,x,true,385123.80
663e1c7683991d278fb128a7,main-trial-9,c,c,true,385666.70
663e1c7683991d278fb128a7,main-trial-9, , ,true,386059.00
663e1c7683991d278fb128a7,main-trial-9,c,c,true,386489.70
663e1c7683991d278fb128a7,main-trial-9,e,e,true,387051.90
663e1c7683991d278fb128a7,main-trial-9, , ,true,387362.70
663e1c7683991d278fb128a7,main-trial-9,x,x,true,387929.90
663e1c7683991d278fb128a7,main-trial-9,c,x,false,390225.10
663e1c7683991d278fb128a7,main-trial-9,c,c,true,390555.80
663e1c7683991d278fb128a7,main-trial-9, , ,true,391202.90
663e1c7683991d278fb128a7,main-trial-9,c, ,false,395189.40
663e1c7683991d278fb128a7,main-trial-9,c,c,true,395634.70
663e1c7683991d278fb128a7,main-trial-9,e,e,true,395970.90
663e1c7683991d278fb128a7,main-trial-10,i,i,true,402617.00
663e1c7683991d278fb128a7,main-trial-10,m,m,true,402866.40
663e1c7683991d278fb128a7,main-trial-10,g,g,true,403545.10
663e1c7683991d278fb128a7,main-trial-10,s,s,true,403858.60
663e1c7683991d278fb128a7,main-trial-10,b,b,true,404091.40
663e1c7683991d278fb128a7,main-trial-10, , ,true,404298.90
663e1c7683991d278fb128a7,main-trial-10,v,v,true,404553.20
663e1c7683991d278fb128a7,main-trial-10,r,r,true,404855.80
663e1c7683991d278fb128a7,main-trial-10, , ,true,404999.90
663e1c7683991d278fb128a7,main-trial-10,v,v,true,405194.40
663e1c7683991d278fb128a7,main-trial-10,r,r,true,405458.10
663e1c7683991d278fb128a7,main-trial-10, , ,true,405633.90
663e1c7683991d278fb128a7,main-trial-10,v,v,true,405919.50
663e1c7683991d278fb128a7,main-trial-10,r,r,true,406196.50
663e1c7683991d278fb128a7,main-trial-10, , ,true,406347.70
663e1c7683991d278fb128a7,main-trial-10,y,y,true,406737.90
663e1c7683991d278fb128a7,main-trial-10,n,n,true,406995.10
663e1c7683991d278fb128a7,main-trial-10,t,t,true,407177.80
663e1c7683991d278fb128a7,main-trial-10,c,c,true,407484.00
663e1c7683991d278fb128a7,main-trial-10,l,l,true,407681.50
663e1c7683991d278fb128a7,main-trial-10, , ,true,407873.60
663e1c7683991d278fb128a7,main-trial-10,c,c,true,408090.20
663e1c7683991d278fb128a7,main-trial-10,r,r,true,408347.70
663e1c7683991d278fb128a7,main-trial-10, , ,true,408514.10
663e1c7683991d278fb128a7,main-trial-10,c,c,true,408787.50
663e1c7683991d278fb128a7,main-trial-10,r,r,true,409059.00
663e1c7683991d278fb128a7,main-trial-10, , ,true,409226.80
663e1c7683991d278fb128a7,main-trial-10,c,c,true,409632.50
663e1c7683991d278fb128a7,main-trial-10,r,r,true,409898.60
663e1c7683991d278fb128a7,main-trial-10, , ,true,410065.40
663e1c7683991d278fb128a7,main-trial-10,x,x,true,410507.30
663e1c7683991d278fb128a7,main-trial-10,j,j,true,410873.20
663e1c7683991d278fb128a7,main-trial-10,f,f,true,411147.00
663e1c7683991d278fb128a7,main-trial-10,b,b,true,411747.90
663e1c7683991d278fb128a7,main-trial-10,z,z,true,412154.20
663e1c7683991d278fb128a7,main-trial-10, , ,true,412353.90
663e1c7683991d278fb128a7,main-trial-10,v,v,true,412666.60
663e1c7683991d278fb128a7,main-trial-10,r,r,true,412954.30
663e1c7683991d278fb128a7,main-trial-10, , ,true,413131.50
663e1c7683991d278fb128a7,main-trial-10,c,c,true,413682.80
663e1c7683991d278fb128a7,main-trial-10,r,r,true,413987.40
663e1c7683991d278fb128a7,main-trial-10, , ,true,414177.10
663e1c7683991d278fb128a7,main-trial-10,v,v,true,414531.40
663e1c7683991d278fb128a7,main-trial-10,r,r,true,414796.10
663e1c7683991d278fb128a7,main-trial-10, , ,true,414960.20
663e1c7683991d278fb128a7,main-trial-10,c,c,true,415210.40
663e1c7683991d278fb128a7,main-trial-10,r,r,true,415571.70
663e1c7683991d278fb128a7,main-trial-10, , ,true,415753.50
663e1c7683991d278fb128a7,main-trial-10,v,v,true,416098.10
663e1c7683991d278fb128a7,main-trial-10,r,r,true,416447.00
663e1c7683991d278fb128a7,main-trial-10, , ,true,416635.30
663e1c7683991d278fb128a7,main-trial-10,c,c,true,416910.30
663e1c7683991d278fb128a7,main-trial-10,r,r,true,417170.80
663e1c7683991d278fb128a7,main-trial-11,f,f,true,421290.70
663e1c7683991d278fb128a7,main-trial-11,k,k,true,422018.10
663e1c7683991d278fb128a7,main-trial-11,g,g,true,422371.10
663e1c7683991d278fb128a7,main-trial-11,i,i,true,422481.70
663e1c7683991d278fb128a7,main-trial-11,m,m,true,422723.10
663e1c7683991d278fb128a7,main-trial-11, , ,true,422982.70
663e1c7683991d278fb128a7,main-trial-11,f,f,true,423088.00
663e1c7683991d278fb128a7,main-trial-11,e,e,true,423347.60
663e1c7683991d278fb128a7,main-trial-11, , ,true,423531.10
663e1c7683991d278fb128a7,main-trial-11,f,f,true,423666.20
663e1c7683991d278fb128a7,main-trial-11,e,e,true,423875.20
663e1c7683991d278fb128a7,main-trial-11, , ,true,424057.20
663e1c7683991d278fb128a7,main-trial-11,f,f,true,424206.80
663e1c7683991d278fb128a7,main-trial-11,e,e,true,424411.00
663e1c7683991d278fb128a7,main-trial-11, , ,true,424618.80
663e1c7683991d278fb128a7,main-trial-11,o,o,true,425195.30
663e1c7683991d278fb128a7,main-trial-11,y,y,true,425555.10
663e1c7683991d278fb128a7,main-trial-11,s,s,true,425755.30
663e1c7683991d278fb128a7,main-trial-11,t,t,true,426003.70
663e1c7683991d278fb128a7,main-trial-11,h,h,true,426275.60
663e1c7683991d278fb128a7,main-trial-11, , ,true,426507.20
663e1c7683991d278fb128a7,main-trial-11,e,e,true,426681.00
663e1c7683991d278fb128a7,main-trial-11,f,f,true,426873.80
663e1c7683991d278fb128a7,main-trial-11, , ,true,427065.30
663e1c7683991d278fb128a7,main-trial-11,e,e,true,427298.50
663e1c7683991d278fb128a7,main-trial-11,f,f,true,427586.70
663e1c7683991d278fb128a7,main-trial-11, , ,true,428346.90
663e1c7683991d278fb128a7,main-trial-11,e,e,true,428706.70
663e1c7683991d278fb128a7,main-trial-11,f,f,true,429135.70
663e1c7683991d278fb128a7,main-trial-11, , ,true,429371.70
663e1c7683991d278fb128a7,main-trial-11,l,l,true,429643.30
663e1c7683991d278fb128a7,main-trial-11,p,p,true,429939.50
663e1c7683991d278fb128a7,main-trial-11,h,h,true,430146.40
663e1c7683991d278fb128a7,main-trial-11,n,n,true,430393.90
663e1c7683991d278fb128a7,main-trial-11,s,s,true,430706.00
663e1c7683991d278fb128a7,main-trial-11, , ,true,430902.50
663e1c7683991d278fb128a7,main-trial-11,f,f,true,431065.90
663e1c7683991d278fb128a7,main-trial-11,e,e,true,431315.50
663e1c7683991d278fb128a7,main-trial-11, , ,true,431507.00
663e1c7683991d278fb128a7,main-trial-11,e,e,true,431678.70
663e1c7683991d278fb128a7,main-trial-11,f,f,true,431899.50
663e1c7683991d278fb128a7,main-trial-11, , ,true,432065.90
663e1c7683991d278fb128a7,main-trial-11,f,f,true,432434.60
663e1c7683991d278fb128a7,main-trial-11,e,e,true,432682.30
663e1c7683991d278fb128a7,main-trial-11, , ,true,432873.50
663e1c7683991d278fb128a7,main-trial-11,e,e,true,433106.70
663e1c7683991d278fb128a7,main-trial-11,f,f,true,433386.90
663e1c7683991d278fb128a7,main-trial-11, , ,true,433585.50
663e1c7683991d278fb128a7,main-trial-11,f,f,true,433959.70
663e1c7683991d278fb128a7,main-trial-11,e,e,true,434517.40
663e1c7683991d278fb128a7,main-trial-11, , ,true,434723.10
663e1c7683991d278fb128a7,main-trial-11,e,e,true,435009.00
663e1c7683991d278fb128a7,main-trial-11,f,f,true,435475.00
663e1c7683991d278fb128a7,main-trial-12,a,a,true,439835.60
663e1c7683991d278fb128a7,main-trial-12,l,l,true,440009.60
663e1c7683991d278fb128a7,main-trial-12,m,m,true,440290.60
663e1c7683991d278fb128a7,main-trial-12,l,l,true,440796.10
663e1c7683991d278fb128a7,main-trial-12,t,t,true,440995.50
663e1c7683991d278fb128a7,main-trial-12, , ,true,441199.90
663e1c7683991d278fb128a7,main-trial-12,w,w,true,441357.90
663e1c7683991d278fb128a7,main-trial-12,d,d,true,441835.50
663e1c7683991d278fb128a7,main-trial-12, , ,true,442037.00
663e1c7683991d278fb128a7,main-trial-12,w,w,true,442360.10
663e1c7683991d278fb128a7,main-trial-12,d,d,true,442834.20
663e1c7683991d278fb128a7,main-trial-12, , ,true,443057.80
663e1c7683991d278fb128a7,main-trial-12,w,w,true,443291.00
663e1c7683991d278fb128a7,main-trial-12,d,d,true,443593.10
663e1c7683991d278fb128a7,main-trial-12, , ,true,443795.40
663e1c7683991d278fb128a7,main-trial-12,s,s,true,444155.40
663e1c7683991d278fb128a7,main-trial-12,g,g,true,444436.20
663e1c7683991d278fb128a7,main-trial-12,c,c,true,444833.60
663e1c7683991d278fb128a7,main-trial-12,f,f,true,445176.80
663e1c7683991d278fb128a7,main-trial-12,n,n,true,445471.40
663e1c7683991d278fb128a7,main-trial-12, , ,true,445706.70
663e1c7683991d278fb128a7,main-trial-12,d,d,true,445881.60
663e1c7683991d278fb128a7,main-trial-12,s,s,true,446103.90
663e1c7683991d278fb128a7,main-trial-12, , ,true,446304.10
663e1c7683991d278fb128a7,main-trial-12,d,d,true,446539.20
663e1c7683991d278fb128a7,main-trial-12,s,s,true,447066.40
663e1c7683991d278fb128a7,main-trial-12, , ,true,447271.20
663e1c7683991d278fb128a7,main-trial-12,d,d,true,447457.30
663e1c7683991d278fb128a7,main-trial-12,s,s,true,447722.40
663e1c7683991d278fb128a7,main-trial-12, , ,true,447931.50
663e1c7683991d278fb128a7,main-trial-12,r,r,true,448487.20
663e1c7683991d278fb128a7,main-trial-12,k,k,true,448898.10
663e1c7683991d278fb128a7,main-trial-12,u,u,true,449330.80
663e1c7683991d278fb128a7,main-trial-12,r,r,true,449552.70
663e1c7683991d278fb128a7,main-trial-12,i,i,true,449679.50
663e1c7683991d278fb128a7,main-trial-12, , ,true,449915.00
663e1c7683991d278fb128a7,main-trial-12,w,w,true,450122.00
663e1c7683991d278fb128a7,main-trial-12,d,d,true,450626.70
663e1c7683991d278fb128a7,main-trial-12, , ,true,450856.80
663e1c7683991d278fb128a7,main-trial-12,d,d,true,451082.80
663e1c7683991d278fb128a7,main-trial-12,s,s,true,451403.30
663e1c7683991d278fb128a7,main-trial-12, , ,true,451579.40
663e1c7683991d278fb128a7,main-trial-12,w,w,true,451856.40
663e1c7683991d278fb128a7,main-trial-12,d,d,true,452290.60
663e1c7683991d278fb128a7,main-trial-12, , ,true,452442.50
663e1c7683991d278fb128a7,main-trial-12,d,d,true,452698.90
663e1c7683991d278fb128a7,main-trial-12,s,s,true,452915.40
663e1c7683991d278fb128a7,main-trial-12, , ,true,453099.60
663e1c7683991d278fb128a7,main-trial-12,w,w,true,453603.60
663e1c7683991d278fb128a7,main-trial-12,d,d,true,454009.50
663e1c7683991d278fb128a7,main-trial-12, , ,true,454201.60
663e1c7683991d278fb128a7,main-trial-12,d,d,true,454459.90
663e1c7683991d278fb128a7,main-trial-12,s,s,true,454714.80
663e1c7683991d278fb128a7,main-trial-13,y,y,true,458980.00
663e1c7683991d278fb128a7,main-trial-13,q,q,true,459555.70
663e1c7683991d278fb128a7,main-trial-13,q,q,true,459947.50
663e1c7683991d278fb128a7,main-trial-13,o,o,true,460298.10
663e1c7683991d278fb128a7,main-trial-13,q,q,true,460643.00
663e1c7683991d278fb128a7,main-trial-13, , ,true,460875.00
663e1c7683991d278fb128a7,main-trial-13,f,f,true,461257.90
663e1c7683991d278fb128a7,main-trial-13,d,d,true,461539.90
663e1c7683991d278fb128a7,main-trial-13, , ,true,461807.60
663e1c7683991d278fb128a7,main-trial-13,f,f,true,462412.10
663e1c7683991d278fb128a7,main-trial-13,d,d,true,462675.00
663e1c7683991d278fb128a7,main-trial-13, , ,true,462831.90
663e1c7683991d278fb128a7,main-trial-13,f,f,true,463258.30
663e1c7683991d278fb128a7,main-trial-13,d,d,true,463642.70
663e1c7683991d278fb128a7,main-trial-13, , ,true,463810.00
663e1c7683991d278fb128a7,main-trial-13,p,p,true,464364.40
663e1c7683991d278fb128a7,main-trial-13,n,n,true,464660.00
663e1c7683991d278fb128a7,main-trial-13,r,r,true,464938.80
663e1c7683991d278fb128a7,main-trial-13,v,v,true,465226.90
663e1c7683991d278fb128a7,main-trial-13,d,d,true,465483.10
663e1c7683991d278fb128a7,main-trial-13, , ,true,465689.50
663e1c7683991d278fb128a7,main-trial-13,f,f,true,465819.40
663e1c7683991d278fb128a7,main-trial-13,r,r,true,466100.70
663e1c7683991d278fb128a7,main-trial-13, , ,true,466250.30
663e1c7683991d278fb128a7,main-trial-13,f,f,true,466637.60
663e1c7683991d278fb128a7,main-trial-13,r,r,true,466947.30
663e1c7683991d278fb128a7,main-trial-13, , ,true,467112.20
663e1c7683991d278fb128a7,main-trial-13,f,f,true,467307.20
663e1c7683991d278fb128a7,main-trial-13,r,r,true,467555.00
663e1c7683991d278fb128a7,main-trial-13, , ,true,467810.50
663e1c7683991d278fb128a7,main-trial-13,n,n,true,468266.80
663e1c7683991d278fb128a7,main-trial-13,o,o,true,468450.20
663e1c7683991d278fb128a7,main-trial-13,m,m,true,468691.10
663e1c7683991d278fb128a7,main-trial-13,u,u,true,468960.70
663e1c7683991d278fb128a7,main-trial-13,d,d,true,469155.10
663e1c7683991d278fb128a7,main-trial-13, , ,true,469314.90
663e1c7683991d278fb128a7,main-trial-13,f,f,true,469795.10
663e1c7683991d278fb128a7,main-trial-13,d,d,true,470091.70
663e1c7683991d278fb128a7,main-trial-13, , ,true,470319.20
663e1c7683991d278fb128a7,main-trial-13,f,f,true,470779.20
663e1c7683991d278fb128a7,main-trial-13,r,r,true,471061.00
663e1c7683991d278fb128a7,main-trial-13, , ,true,471217.30
663e1c7683991d278fb128a7,main-trial-13,f,f,true,472002.50
663e1c7683991d278fb128a7,main-trial-13,d,d,true,472403.70
663e1c7683991d278fb128a7,main-trial-13, , ,true,472655.40
663e1c7683991d278fb128a7,main-trial-13,f,f,true,472923.20
663e1c7683991d278fb128a7,main-trial-13,r,r,true,473171.10
663e1c7683991d278fb128a7,main-trial-13, , ,true,473345.30
663e1c7683991d278fb128a7,main-trial-13,f,f,true,474287.70
663e1c7683991d278fb128a7,main-trial-13,d,d,true,474682.50
663e1c7683991d278fb128a7,main-trial-13, , ,true,474912.40
663e1c7683991d278fb128a7,main-trial-13,f,f,true,475161.10
663e1c7683991d278fb128a7,main-trial-13,r,r,true,475459.00
663e1c7683991d278fb128a7,main-trial-14,u,j,false,481795.70
663e1c7683991d278fb128a7,main-trial-14,u,i,false,482876.00
663e1c7683991d278fb128a7,main-trial-14,u,u,true,484339.20
663e1c7683991d278fb128a7,main-trial-14,i,i,true,484730.80
663e1c7683991d278fb128a7,main-trial-14,f,f,true,484864.40
663e1c7683991d278fb128a7,main-trial-14,n,n,true,485076.30
663e1c7683991d278fb128a7,main-trial-14,s,s,true,485275.80
663e1c7683991d278fb128a7,main-trial-14, , ,true,485403.10
663e1c7683991d278fb128a7,main-trial-14,f,f,true,485538.90
663e1c7683991d278fb128a7,main-trial-14,r,r,true,485770.30
663e1c7683991d278fb128a7,main-trial-14, , ,true,485937.60
663e1c7683991d278fb128a7,main-trial-14,f,f,true,486066.20
663e1c7683991d278fb128a7,main-trial-14,r,r,true,486281.10
663e1c7683991d278fb128a7,main-trial-14, , ,true,486448.80
663e1c7683991d278fb128a7,main-trial-14,f,f,true,486587.20
663e1c7683991d278fb128a7,main-trial-14,r,r,true,486802.90
663e1c7683991d278fb128a7,main-trial-14, , ,true,486973.80
663e1c7683991d278fb128a7,main-trial-14,n,n,true,487532.50
663e1c7683991d278fb128a7,main-trial-14,e,e,true,487649.00
663e1c7683991d278fb128a7,main-trial-14,r,r,true,487834.80
663e1c7683991d278fb128a7,main-trial-14,o,o,true,487994.10
663e1c7683991d278fb128a7,main-trial-14,e,e,true,488162.20
663e1c7683991d278fb128a7,main-trial-14, , ,true,488333.40
663e1c7683991d278fb128a7,main-trial-14,f,f,true,488554.60
663e1c7683991d278fb128a7,main-trial-14,d,d,true,488866.40
663e1c7683991d278fb128a7,main-trial-14, , ,true,489075.00
663e1c7683991d278fb128a7,main-trial-14,f,f,true,489505.00
663e1c7683991d278fb128a7,main-trial-14,d,d,true,489987.00
663e1c7683991d278fb128a7,main-trial-14, , ,true,490218.90
663e1c7683991d278fb128a7,main-trial-14,f,f,true,490401.40
663e1c7683991d278fb128a7,main-trial-14,d,d,true,490879.90
663e1c7683991d278fb128a7,main-trial-14, , ,true,491126.90
663e1c7683991d278fb128a7,main-trial-14,j,j,true,491402.70
663e1c7683991d278fb128a7,main-trial-14,a,a,true,491746.90
663e1c7683991d278fb128a7,main-trial-14,e,e,true,492090.00
663e1c7683991d278fb128a7,main-trial-14,b,b,true,492627.60
663e1c7683991d278fb128a7,main-trial-14,j,j,true,492866.90
663e1c7683991d278fb128a7,main-trial-14, , ,true,493187.00
663e1c7683991d278fb128a7,main-trial-14,f,f,true,493257.40
663e1c7683991d278fb128a7,main-trial-14,r,r,true,493507.40
663e1c7683991d278fb128a7,main-trial-14, , ,true,493770.70
663e1c7683991d278fb128a7,main-trial-14,f,f,true,494188.30
663e1c7683991d278fb128a7,main-trial-14,d,d,true,494473.00
663e1c7683991d278fb128a7,main-trial-14, , ,true,494691.40
663e1c7683991d278fb128a7,main-trial-14,f,f,true,494939.20
663e1c7683991d278fb128a7,main-trial-14,r,r,true,495194.20
663e1c7683991d278fb128a7,main-trial-14, , ,true,495427.40
663e1c7683991d278fb128a7,main-trial-14,f,f,true,495858.70
663e1c7683991d278fb128a7,main-trial-14,d,d,true,496506.90
663e1c7683991d278fb128a7,main-trial-14, , ,true,496718.40
663e1c7683991d278fb128a7,main-trial-14,f,f,true,496876.70
663e1c7683991d278fb128a7,main-trial-14,r,r,true,497298.90
663e1c7683991d278fb128a7,main-trial-14, , ,true,497481.30
663e1c7683991d278fb128a7,main-trial-14,f,f,true,497915.20
663e1c7683991d278fb128a7,main-trial-14,d,d,true,498251.70
663e1c7683991d278fb128a7,main-trial-15,l,l,true,504626.70
663e1c7683991d278fb128a7,main-trial-15,f,f,true,505003.30
663e1c7683991d278fb128a7,main-trial-15,v,v,true,505384.80
663e1c7683991d278fb128a7,main-trial-15,v,v,true,505730.90
663e1c7683991d278fb128a7,main-trial-15,l,l,true,505995.30
663e1c7683991d278fb128a7,main-trial-15, , ,true,506214.90
663e1c7683991d278fb128a7,main-trial-15,d,d,true,506361.60
663e1c7683991d278fb128a7,main-trial-15,s,s,true,506632.50
663e1c7683991d278fb128a7,main-trial-15, , ,true,506832.50
663e1c7683991d278fb128a7,main-trial-15,d,d,true,507043.00
663e1c7683991d278fb128a7,main-trial-15,s,s,true,507282.70
663e1c7683991d278fb128a7,main-trial-15, , ,true,507470.70
663e1c7683991d278fb128a7,main-trial-15,d,d,true,507673.00
663e1c7683991d278fb128a7,main-trial-15,s,s,true,507979.50
663e1c7683991d278fb128a7,main-trial-15, , ,true,508274.50
663e1c7683991d278fb128a7,main-trial-15,c,c,true,508643.30
663e1c7683991d278fb128a7,main-trial-15,j,j,true,508881.10
663e1c7683991d278fb128a7,main-trial-15,z,z,true,509466.40
663e1c7683991d278fb128a7,main-trial-15,e,e,true,509779.30
663e1c7683991d278fb128a7,main-trial-15,x,x,true,510096.20
663e1c7683991d278fb128a7,main-trial-15, , ,true,510301.70
663e1c7683991d278fb128a7,main-trial-15,w,w,true,510547.10
663e1c7683991d278fb128a7,main-trial-15,d,d,true,511083.20
663e1c7683991d278fb128a7,main-trial-15, , ,true,511374.50
663e1c7683991d278fb128a7,main-trial-15,w,w,true,511603.50
663e1c7683991d278fb128a7,main-trial-15,d,d,true,512107.60
663e1c7683991d278fb128a7,main-trial-15, , ,true,512371.00
663e1c7683991d278fb128a7,main-trial-15,w,w,true,512763.80
663e1c7683991d278fb128a7,main-trial-15,d,d,true,513130.70
663e1c7683991d278fb128a7,main-trial-15, , ,true,513348.10
663e1c7683991d278fb128a7,main-trial-15,d,d,true,513813.20
663e1c7683991d278fb128a7,main-trial-15,a,a,true,514083.10
663e1c7683991d278fb128a7,main-trial-15,g,g,true,514377.50
663e1c7683991d278fb128a7,main-trial-15,y,y,true,515040.70
663e1c7683991d278fb128a7,main-trial-15,w,w,true,515306.70
663e1c7683991d278fb128a7,main-trial-15, , ,true,515538.10
663e1c7683991d278fb128a7,main-trial-15,d,d,true,515733.20
663e1c7683991d278fb128a7,main-trial-15,s,s,true,515963.20
663e1c7683991d278fb128a7,main-trial-15, , ,true,516139.40
663e1c7683991d278fb128a7,main-trial-15,w,w,true,516449.80
663e1c7683991d278fb128a7,main-trial-15,d,d,true,516787.30
663e1c7683991d278fb128a7,main-trial-15, , ,true,517009.30
663e1c7683991d278fb128a7,main-trial-15,d,d,true,517224.10
663e1c7683991d278fb128a7,main-trial-15,s,s,true,517463.70
663e1c7683991d278fb128a7,main-trial-15, , ,true,517670.20
663e1c7683991d278fb128a7,main-trial-15,w,w,true,517938.80
663e1c7683991d278fb128a7,main-trial-15,d,d,true,518259.20
663e1c7683991d278fb128a7,main-trial-15, , ,true,518482.60
663e1c7683991d278fb128a7,main-trial-15,d,d,true,518811.90
663e1c7683991d278fb128a7,main-trial-15,s,s,true,519075.20
663e1c7683991d278fb128a7,main-trial-15, , ,true,519282.90
663e1c7683991d278fb128a7,main-trial-15,w,w,true,519644.40
663e1c7683991d278fb128a7,main-trial-15,d,d,true,520010.80
663e1c7683991d278fb128a7,main-trial-16,j,j,true,524564.10
663e1c7683991d278fb128a7,main-trial-16,d,d,true,524979.30
663e1c7683991d278fb128a7,main-trial-16,k,k,true,525442.70
663e1c7683991d278fb128a7,main-trial-16,d,d,true,525704.80
663e1c7683991d278fb128a7,main-trial-16,o,o,true,525977.80
663e1c7683991d278fb128a7,main-trial-16, , ,true,526211.50
663e1c7683991d278fb128a7,main-trial-16,f,f,true,526373.40
663e1c7683991d278fb128a7,main-trial-16,d,d,true,526682.70
663e1c7683991d278fb128a7,main-trial-16, , ,true,526889.30
663e1c7683991d278fb128a7,main-trial-16,f,f,true,527233.80
663e1c7683991d278fb128a7,main-trial-16,d,d,true,527562.90
663e1c7683991d278fb128a7,main-trial-16, , ,true,527822.80
663e1c7683991d278fb128a7,main-trial-16,f,f,true,528034.80
663e1c7683991d278fb128a7,main-trial-16,d,d,true,528467.40
663e1c7683991d278fb128a7,main-trial-16, , ,true,528690.90
663e1c7683991d278fb128a7,main-trial-16,x,x,true,529406.00
663e1c7683991d278fb128a7,main-trial-16,t,t,true,529731.50
663e1c7683991d278fb128a7,main-trial-16,s,s,true,530059.00
663e1c7683991d278fb128a7,main-trial-16,e,e,true,530291.00
663e1c7683991d278fb128a7,main-trial-16,c,c,true,530505.10
663e1c7683991d278fb128a7,main-trial-16, , ,true,530695.10
663e1c7683991d278fb128a7,main-trial-16,c,c,true,531093.00
663e1c7683991d278fb128a7,main-trial-16,e,e,true,531363.50
663e1c7683991d278fb128a7,main-trial-16, , ,true,531570.50
663e1c7683991d278fb128a7,main-trial-16,c,c,true,531779.70
663e1c7683991d278fb128a7,main-trial-16,e,e,true,532018.90
663e1c7683991d278fb128a7,main-trial-16, , ,true,532202.90
663e1c7683991d278fb128a7,main-trial-16,c,c,true,532338.80
663e1c7683991d278fb128a7,main-trial-16,e,e,true,532579.30
663e1c7683991d278fb128a7,main-trial-16, , ,true,532770.70
663e1c7683991d278fb128a7,main-trial-16,l,l,true,533058.00
663e1c7683991d278fb128a7,main-trial-16,r,r,true,533330.30
663e1c7683991d278fb128a7,main-trial-16,s,s,true,533739.10
663e1c7683991d278fb128a7,main-trial-16,d,d,true,533931.70
663e1c7683991d278fb128a7,main-trial-16,y,y,true,534386.50
663e1c7683991d278fb128a7,main-trial-16, , ,true,534571.00
663e1c7683991d278fb128a7,main-trial-16,f,f,true,534705.80
663e1c7683991d278fb128a7,main-trial-16,d,d,true,535050.90
663e1c7683991d278fb128a7,main-trial-16, , ,true,535257.90
663e1c7683991d278fb128a7,main-trial-16,c,c,true,535650.90
663e1c7683991d278fb128a7,main-trial-16,e,e,true,535906.30
663e1c7683991d278fb128a7,main-trial-16, , ,true,536107.30
663e1c7683991d278fb128a7,main-trial-16,f,f,true,536354.90
663e1c7683991d278fb128a7,main-trial-16,d,d,true,536670.20
663e1c7683991d278fb128a7,main-trial-16, , ,true,536850.50
663e1c7683991d278fb128a7,main-trial-16,c,c,true,537074.70
663e1c7683991d278fb128a7,main-trial-16,e,e,true,537354.80
663e1c7683991d278fb128a7,main-trial-16, , ,true,537545.40
663e1c7683991d278fb128a7,main-trial-16,f,f,true,537889.90
663e1c7683991d278fb128a7,main-trial-16,d,d,true,538291.10
663e1c7683991d278fb128a7,main-trial-16, , ,true,538449.60
663e1c7683991d278fb128a7,main-trial-16,c,c,true,538716.30
663e1c7683991d278fb128a7,main-trial-16,e,e,true,538955.10
663e1c7683991d278fb128a7,main-trial-17,n,n,true,543323.00
663e1c7683991d278fb128a7,main-trial-17,l,l,true,543571.50
663e1c7683991d278fb128a7,main-trial-17,l,l,true,543738.60
663e1c7683991d278fb128a7,main-trial-17,b,b,true,544083.40
663e1c7683991d278fb128a7,main-trial-17,g,g,true,544434.80
663e1c7683991d278fb128a7,main-trial-17, , ,true,544610.10
663e1c7683991d278fb128a7,main-trial-17,c,v,false,544827.90
663e1c7683991d278fb128a7,main-trial-17,c,c,true,545272.60
663e1c7683991d278fb128a7,main-trial-17,v, ,false,545955.40
663e1c7683991d278fb128a7,main-trial-17,v,v,true,546408.10
663e1c7683991d278fb128a7,main-trial-17, ,v,false,547235.90
663e1c7683991d278fb128a7,main-trial-17, , ,true,547555.80
663e1c7683991d278fb128a7,main-trial-17,c,c,true,548907.70
663e1c7683991d278fb128a7,main-trial-17,v,v,true,549259.30
663e1c7683991d278fb128a7,main-trial-17, , ,true,549600.10
663e1c7683991d278fb128a7,main-trial-17,c,c,true,552019.80
663e1c7683991d278fb128a7,main-trial-17,v,b,false,552514.80
663e1c7683991d278fb128a7,main-trial-17,v,v,true,552520.30
663e1c7683991d278fb128a7,main-trial-17, , ,true,553175.70
663e1c7683991d278fb128a7,main-trial-17,b,v,false,562249.80
663e1c7683991d278fb128a7,main-trial-17,b, ,false,566707.50
663e1c7683991d278fb128a7,main-trial-17,b,v,false,567418.50
663e1c7683991d278fb128a7,main-trial-17,b,v,false,568091.40
663e1c7683991d278fb128a7,main-trial-17,b,s,false,574456.20
663e1c7683991d278fb128a7,main-trial-17,b, ,false,581434.60
663e1c7683991d278fb128a7,main-trial-17,b,v,false,582210.00
663e1c7683991d278fb128a7,main-trial-17,b,c,false,584184.20
663e1c7683991d278fb128a7,main-trial-17,b,c,false,584819.40
663e1c7683991d278fb128a7,main-trial-17,b,v,false,585478.90
663e1c7683991d278fb128a7,main-trial-17,b, ,false,586075.20
663e1c7683991d278fb128a7,main-trial-17,b,b,true,586514.80
663e1c7683991d278fb128a7,main-trial-17,e,e,true,587140.90
663e1c7683991d278fb128a7,main-trial-17,g,g,true,587491.60
663e1c7683991d278fb128a7,main-trial-17,v,v,true,587921.30
663e1c7683991d278fb128a7,main-trial-17,p,p,true,588378.90
663e1c7683991d278fb128a7,main-trial-17, , ,true,588650.70
663e1c7683991d278fb128a7,main-trial-17,c,c,true,588952.10
663e1c7683991d278fb128a7,main-trial-17,r,r,true,589384.40
663e1c7683991d278fb128a7,main-trial-17, , ,true,589570.50
663e1c7683991d278fb128a7,main-trial-17,c,c,true,590579.50
663e1c7683991d278fb128a7,main-trial-17,r,r,true,591010.30
663e1c7683991d278fb128a7,main-trial-17, , ,true,591452.40
663e1c7683991d278fb128a7,main-trial-17,c,c,true,591745.50
663e1c7683991d278fb128a7,main-trial-17,r,r,true,592090.60
663e1c7683991d278fb128a7,main-trial-17, , ,true,592283.50
663e1c7683991d278fb128a7,main-trial-17,w,w,true,592850.40
663e1c7683991d278fb128a7,main-trial-17,i,i,true,593170.60
663e1c7683991d278fb128a7,main-trial-17,d,d,true,593322.00
663e1c7683991d278fb128a7,main-trial-17,n,n,true,593529.90
663e1c7683991d278fb128a7,main-trial-17,t,t,true,593794.60
663e1c7683991d278fb128a7,main-trial-17, , ,true,593959.40
663e1c7683991d278fb128a7,main-trial-17,c,c,true,595161.50
663e1c7683991d278fb128a7,main-trial-17,v,v,true,595515.30
663e1c7683991d278fb128a7,main-trial-17, , ,true,596202.50
663e1c7683991d278fb128a7,main-trial-17,c,c,true,596457.80
663e1c7683991d278fb128a7,main-trial-17,r,r,true,596803.20
663e1c7683991d278fb128a7,main-trial-17, , ,true,596995.20
663e1c7683991d278fb128a7,main-trial-17,c,c,true,597592.60
663e1c7683991d278fb128a7,main-trial-17,v,v,true,597921.80
663e1c7683991d278fb128a7,main-trial-17, , ,true,598491.00
663e1c7683991d278fb128a7,main-trial-17,c,c,true,598832.30
663e1c7683991d278fb128a7,main-trial-17,r,r,true,599178.60
663e1c7683991d278fb128a7,main-trial-17, , ,true,600015.20
663e1c7683991d278fb128a7,main-trial-17,c,c,true,600515.80
663e1c7683991d278fb128a7,main-trial-17,v,v,true,600859.40
663e1c7683991d278fb128a7,main-trial-17, , ,true,601088.70
663e1c7683991d278fb128a7,main-trial-17,c,c,true,601513.30
663e1c7683991d278fb128a7,main-trial-17,r,r,true,601876.10
663e1c7683991d278fb128a7,main-trial-18,q,q,true,608804.00
663e1c7683991d278fb128a7,main-trial-18,t,t,true,609281.80
663e1c7683991d278fb128a7,main-trial-18,w,w,true,609657.40
663e1c7683991d278fb128a7,main-trial-18,u,u,true,610066.60
663e1c7683991d278fb128a7,main-trial-18,x,x,true,610387.20
663e1c7683991d278fb128a7,main-trial-18, , ,true,610586.30
663e1c7683991d278fb128a7,main-trial-18,c,c,true,610840.90
663e1c7683991d278fb128a7,main-trial-18,r,r,true,611138.80
663e1c7683991d278fb128a7,main-trial-18, , ,true,611330.40
663e1c7683991d278fb128a7,main-trial-18,c,c,true,611554.70
663e1c7683991d278fb128a7,main-trial-18,r,r,true,611840.40
663e1c7683991d278fb128a7,main-trial-18, , ,true,612051.60
663e1c7683991d278fb128a7,main-trial-18,c,c,true,612282.60
663e1c7683991d278fb128a7,main-trial-18,r,r,true,612555.30
663e1c7683991d278fb128a7,main-trial-18, , ,true,612745.50
663e1c7683991d278fb128a7,main-trial-18,h,h,true,612987.00
663e1c7683991d278fb128a7,main-trial-18,e,e,true,613153.30
663e1c7683991d278fb128a7,main-trial-18,g,g,true,613370.20
663e1c7683991d278fb128a7,main-trial-18,m,m,true,613642.80
663e1c7683991d278fb128a7,main-trial-18,k,k,true,614226.30
663e1c7683991d278fb128a7,main-trial-18, , ,true,614520.40
663e1c7683991d278fb128a7,main-trial-18,v,v,true,614738.20
663e1c7683991d278fb128a7,main-trial-18,r,r,true,615046.10
663e1c7683991d278fb128a7,main-trial-18, , ,true,615226.50
663e1c7683991d278fb128a7,main-trial-18,v,v,true,615435.10
663e1c7683991d278fb128a7,main-trial-18,r,r,true,615759.50
663e1c7683991d278fb128a7,main-trial-18, , ,true,615970.90
663e1c7683991d278fb128a7,main-trial-18,v,v,true,616290.90
663e1c7683991d278fb128a7,main-trial-18,r,r,true,616580.50
663e1c7683991d278fb128a7,main-trial-18, , ,true,616747.00
663e1c7683991d278fb128a7,main-trial-18,p,p,true,617065.20
663e1c7683991d278fb128a7,main-trial-18,y,y,true,617355.20
663e1c7683991d278fb128a7,main-trial-18,w,w,true,617890.80
663e1c7683991d278fb128a7,main-trial-18,q,q,true,618442.60
663e1c7683991d278fb128a7,main-trial-18,i,u,false,618626.50
663e1c7683991d278fb128a7,main-trial-18,i,i,true,618906.50
663e1c7683991d278fb128a7,main-trial-18, , ,true,619123.00
663e1c7683991d278fb128a7,main-trial-18,c,c,true,619305.90
663e1c7683991d278fb128a7,main-trial-18,r,r,true,619617.70
663e1c7683991d278fb128a7,main-trial-18, , ,true,619811.60
663e1c7683991d278fb128a7,main-trial-18,v,c,false,620290.70
663e1c7683991d278fb128a7,main-trial-18,v,v,true,621291.20
663e1c7683991d278fb128a7,main-trial-18,r,r,true,621656.80
663e1c7683991d278fb128a7,main-trial-18, , ,true,621922.90
663e1c7683991d278fb128a7,main-trial-18,c,c,true,622316.30
663e1c7683991d278fb128a7,main-trial-18,r,r,true,622594.60
663e1c7683991d278fb128a7,main-trial-18, , ,true,622795.90
663e1c7683991d278fb128a7,main-trial-18,v,v,true,623099.90
663e1c7683991d278fb128a7,main-trial-18,r,r,true,623387.50
663e1c7683991d278fb128a7,main-trial-18, , ,true,623586.80
663e1c7683991d278fb128a7,main-trial-18,c,c,true,624081.00
663e1c7683991d278fb128a7,main-trial-18,r,r,true,624410.90
663e1c7683991d278fb128a7,main-trial-18, , ,true,624618.90
663e1c7683991d278fb128a7,main-trial-18,v,v,true,624970.40
663e1c7683991d278fb128a7,main-trial-18,r,r,true,625280.60
663e1c7683991d278fb128a7,main-trial-18,, ,false,625547.20
663e1c7683991d278fb128a7,main-trial-19,g,g,true,630051.20
663e1c7683991d278fb128a7,main-trial-19,u,u,true,630256.60
663e1c7683991d278fb128a7,main-trial-19,p,p,true,630434.10
663e1c7683991d278fb128a7,main-trial-19,j,j,true,631039.90
663e1c7683991d278fb128a7,main-trial-19,d,d,true,631339.50
663e1c7683991d278fb128a7,main-trial-19, , ,true,631547.00
663e1c7683991d278fb128a7,main-trial-19,s,s,true,631796.60
663e1c7683991d278fb128a7,main-trial-19,e,e,true,632042.90
663e1c7683991d278fb128a7,main-trial-19, , ,true,632235.10
663e1c7683991d278fb128a7,main-trial-19,s,s,true,632386.90
663e1c7683991d278fb128a7,main-trial-19,e,e,true,632617.00
663e1c7683991d278fb128a7,main-trial-19, , ,true,632763.00
663e1c7683991d278fb128a7,main-trial-19,s,s,true,632931.20
663e1c7683991d278fb128a7,main-trial-19,e,e,true,633178.90
663e1c7683991d278fb128a7,main-trial-19, , ,true,633378.80
663e1c7683991d278fb128a7,main-trial-19,w,w,true,633890.90
663e1c7683991d278fb128a7,main-trial-19,b,b,true,634458.20
663e1c7683991d278fb128a7,main-trial-19,k,k,true,634754.70
663e1c7683991d278fb128a7,main-trial-19,z,z,true,635266.50
663e1c7683991d278fb128a7,main-trial-19,n,n,true,635577.20
663e1c7683991d278fb128a7,main-trial-19, , ,true,635834.70
663e1c7683991d278fb128a7,main-trial-19,w,w,true,636066.20
663e1c7683991d278fb128a7,main-trial-19,d,d,true,636411.20
663e1c7683991d278fb128a7,main-trial-19, , ,true,636614.00
663e1c7683991d278fb128a7,main-trial-19,w,w,true,636931.30
663e1c7683991d278fb128a7,main-trial-19,d,d,true,637259.00
663e1c7683991d278fb128a7,main-trial-19, , ,true,637463.80
663e1c7683991d278fb128a7,main-trial-19,w,w,true,637786.90
663e1c7683991d278fb128a7,main-trial-19,d,d,true,638195.90
663e1c7683991d278fb128a7,main-trial-19, , ,true,638441.20
663e1c7683991d278fb128a7,main-trial-19,d,d,true,638811.60
663e1c7683991d278fb128a7,main-trial-19,f,f,true,639091.50
663e1c7683991d278fb128a7,main-trial-19,j,j,true,639401.20
663e1c7683991d278fb128a7,main-trial-19,i,i,true,639953.40
663e1c7683991d278fb128a7,main-trial-19,f,f,true,640140.10
663e1c7683991d278fb128a7,main-trial-19, , ,true,640352.80
663e1c7683991d278fb128a7,main-trial-19,s,s,true,640587.60
663e1c7683991d278fb128a7,main-trial-19,e,e,true,640850.90
663e1c7683991d278fb128a7,main-trial-19, , ,true,641046.10
663e1c7683991d278fb128a7,main-trial-19,w,w,true,641172.90
663e1c7683991d278fb128a7,main-trial-19,d,d,true,641466.10
663e1c7683991d278fb128a7,main-trial-19, , ,true,641731.80
663e1c7683991d278fb128a7,main-trial-19,s,s,true,642130.80
663e1c7683991d278fb128a7,main-trial-19,e,e,true,642417.90
663e1c7683991d278fb128a7,main-trial-19, , ,true,642615.80
663e1c7683991d278fb128a7,main-trial-19,w,w,true,642732.00
663e1c7683991d278fb128a7,main-trial-19,d,d,true,643035.40
663e1c7683991d278fb128a7,main-trial-19, , ,true,643241.50
663e1c7683991d278fb128a7,main-trial-19,s,s,true,643464.60
663e1c7683991d278fb128a7,main-trial-19,e,e,true,643723.20
663e1c7683991d278fb128a7,main-trial-19, , ,true,643874.10
663e1c7683991d278fb128a7,main-trial-19,w,w,true,644075.40
663e1c7683991d278fb128a7,main-trial-19,d,s,false,644450.40
663e1c7683991d278fb128a7,main-trial-19,d,d,true,645091.20
663e1c7683991d278fb128a7,main-trial-20,i,i,true,649211.00
663e1c7683991d278fb128a7,main-trial-20,j,j,true,649491.40
663e1c7683991d278fb128a7,main-trial-20,z,z,true,649818.80
663e1c7683991d278fb128a7,main-trial-20,e,e,true,650059.10
663e1c7683991d278fb128a7,main-trial-20,j,j,true,650283.80
663e1c7683991d278fb128a7,main-trial-20, , ,true,650642.50
663e1c7683991d278fb128a7,main-trial-20,s,s,true,650891.30
663e1c7683991d278fb128a7,main-trial-20,f,f,true,651176.20
663e1c7683991d278fb128a7,main-trial-20, , ,true,651367.40
663e1c7683991d278fb128a7,main-trial-20,s,s,true,651658.70
663e1c7683991d278fb128a7,main-trial-20,f,f,true,652195.40
663e1c7683991d278fb128a7,main-trial-20, , ,true,652401.60
663e1c7683991d278fb128a7,main-trial-20,s,s,true,653077.60
663e1c7683991d278fb128a7,main-trial-20,f,f,true,653419.60
663e1c7683991d278fb128a7,main-trial-20, , ,true,653651.10
663e1c7683991d278fb128a7,main-trial-20,i,i,true,654521.20
663e1c7683991d278fb128a7,main-trial-20,i,i,true,654771.50
663e1c7683991d278fb128a7,main-trial-20,s,s,true,655154.50
663e1c7683991d278fb128a7,main-trial-20,b,b,true,655660.70
663e1c7683991d278fb128a7,main-trial-20,z,z,true,656146.70
663e1c7683991d278fb128a7,main-trial-20, , ,true,656394.60
663e1c7683991d278fb128a7,main-trial-20,b,b,true,656666.70
663e1c7683991d278fb128a7,main-trial-20,e,e,true,656911.90
663e1c7683991d278fb128a7,main-trial-20, , ,true,657105.60
663e1c7683991d278fb128a7,main-trial-20,b,b,true,657274.00
663e1c7683991d278fb128a7,main-trial-20,e,e,true,657482.10
663e1c7683991d278fb128a7,main-trial-20, , ,true,657626.10
663e1c7683991d278fb128a7,main-trial-20,b,b,true,657794.90
663e1c7683991d278fb128a7,main-trial-20,e,e,true,658055.60
663e1c7683991d278fb128a7,main-trial-20, , ,true,658199.60
663e1c7683991d278fb128a7,main-trial-20,u,u,true,658579.40
663e1c7683991d278fb128a7,main-trial-20,o,o,true,658866.60
663e1c7683991d278fb128a7,main-trial-20,b,b,true,659221.20
663e1c7683991d278fb128a7,main-trial-20,w,w,true,659515.90
663e1c7683991d278fb128a7,main-trial-20,h,h,true,659811.00
663e1c7683991d278fb128a7,main-trial-20, , ,true,660035.00
663e1c7683991d278fb128a7,main-trial-20,s,s,true,660393.00
663e1c7683991d278fb128a7,main-trial-20,f,f,true,660641.70
663e1c7683991d278fb128a7,main-trial-20, , ,true,660857.60
663e1c7683991d278fb128a7,main-trial-20,b,b,true,661310.50
663e1c7683991d278fb128a7,main-trial-20,e,e,true,661530.10
663e1c7683991d278fb128a7,main-trial-20, , ,true,661697.70
663e1c7683991d278fb128a7,main-trial-20,s,s,true,662136.80
663e1c7683991d278fb128a7,main-trial-20,f,f,true,662371.10
663e1c7683991d278fb128a7,main-trial-20, , ,true,662601.50
663e1c7683991d278fb128a7,main-trial-20,b,b,true,663074.20
663e1c7683991d278fb128a7,main-trial-20,e,e,true,663323.80
663e1c7683991d278fb128a7,main-trial-20, , ,true,663532.50
663e1c7683991d278fb128a7,main-trial-20,s,s,true,663983.90
663e1c7683991d278fb128a7,main-trial-20,f,f,true,664185.50
663e1c7683991d278fb128a7,main-trial-20, , ,true,664442.70
663e1c7683991d278fb128a7,main-trial-20,b,b,true,665171.40
663e1c7683991d278fb128a7,main-trial-20,e,e,true,665367.30
663e1c7683991d278fb128a7,main-trial-21,z,z,true,670635.90
663e1c7683991d278fb128a7,main-trial-21,h,h,true,670883.70
663e1c7683991d278fb128a7,main-trial-21,y,y,true,671332.00
663e1c7683991d278fb128a7,main-trial-21,c,c,true,671603.50
663e1c7683991d278fb128a7,main-trial-21,y,y,true,671819.60
663e1c7683991d278fb128a7,main-trial-21, , ,true,672002.50
663e1c7683991d278fb128a7,main-trial-21,s,s,true,672251.00
663e1c7683991d278fb128a7,main-trial-21,r,r,true,672583.30
663e1c7683991d278fb128a7,main-trial-21, , ,true,672723.30
663e1c7683991d278fb128a7,main-trial-21,s,s,true,673002.70
663e1c7683991d278fb128a7,main-trial-21,r,r,true,673235.30
663e1c7683991d278fb128a7,main-trial-21, , ,true,673403.30
663e1c7683991d278fb128a7,main-trial-21,s,s,true,673566.00
663e1c7683991d278fb128a7,main-trial-21,r,r,true,673793.10
663e1c7683991d278fb128a7,main-trial-21, , ,true,673957.90
663e1c7683991d278fb128a7,main-trial-21,k,k,true,674202.80
663e1c7683991d278fb128a7,main-trial-21,m,m,true,674458.60
663e1c7683991d278fb128a7,main-trial-21,y,y,true,674858.90
663e1c7683991d278fb128a7,main-trial-21,y,y,true,675113.30
663e1c7683991d278fb128a7,main-trial-21,y,y,true,675387.40
663e1c7683991d278fb128a7,main-trial-21, , ,true,675882.70
663e1c7683991d278fb128a7,main-trial-21,w,w,true,676138.50
663e1c7683991d278fb128a7,main-trial-21,f,f,true,676387.70
663e1c7683991d278fb128a7,main-trial-21, , ,true,676569.80
663e1c7683991d278fb128a7,main-trial-21,w,w,true,676939.40
663e1c7683991d278fb128a7,main-trial-21,f,f,true,677471.70
663e1c7683991d278fb128a7,main-trial-21, , ,true,677699.30
663e1c7683991d278fb128a7,main-trial-21,w,w,true,677954.70
663e1c7683991d278fb128a7,main-trial-21,f,f,true,678234.10
663e1c7683991d278fb128a7,main-trial-21, , ,true,678465.50
663e1c7683991d278fb128a7,main-trial-21,g,g,true,679010.40
663e1c7683991d278fb128a7,main-trial-21,z,z,true,679466.90
663e1c7683991d278fb128a7,main-trial-21,s,s,true,679795.30
663e1c7683991d278fb128a7,main-trial-21,k,k,true,679992.80
663e1c7683991d278fb128a7,main-trial-21,v,v,true,680306.50
663e1c7683991d278fb128a7,main-trial-21, , ,true,680505.30
663e1c7683991d278fb128a7,main-trial-21,s,s,true,680714.90
663e1c7683991d278fb128a7,main-trial-21,r,r,true,680999.50
663e1c7683991d278fb128a7,main-trial-21, , ,true,681174.70
663e1c7683991d278fb128a7,main-trial-21,w,w,true,681385.80
663e1c7683991d278fb128a7,main-trial-21,f,f,true,681635.10
663e1c7683991d278fb128a7,main-trial-21, , ,true,681840.70
663e1c7683991d278fb128a7,main-trial-21,s,s,true,682040.80
663e1c7683991d278fb128a7,main-trial-21,r,r,true,682304.90
663e1c7683991d278fb128a7,main-trial-21, , ,true,682491.30
663e1c7683991d278fb128a7,main-trial-21,w,w,true,682739.30
663e1c7683991d278fb128a7,main-trial-21,f,f,true,682979.40
663e1c7683991d278fb128a7,main-trial-21, , ,true,683155.10
663e1c7683991d278fb128a7,main-trial-21,s, ,false,684875.60
663e1c7683991d278fb128a7,main-trial-21,s,s,true,685146.80
663e1c7683991d278fb128a7,main-trial-21,r,r,true,685474.10
663e1c7683991d278fb128a7,main-trial-21, , ,true,685681.90
663e1c7683991d278fb128a7,main-trial-21,w,w,true,686329.60
663e1c7683991d278fb128a7,main-trial-21,f,f,true,686626.60
663e1c7683991d278fb128a7,main-trial-22,t,t,true,691905.80
663e1c7683991d278fb128a7,main-trial-22,s,s,true,692210.30
663e1c7683991d278fb128a7,main-trial-22,s,s,true,692426.00
663e1c7683991d278fb128a7,main-trial-22,o,o,true,693032.30
663e1c7683991d278fb128a7,main-trial-22,u,u,true,693234.50
663e1c7683991d278fb128a7,main-trial-22, , ,true,693442.80
663e1c7683991d278fb128a7,main-trial-22,f,f,true,693579.20
663e1c7683991d278fb128a7,main-trial-22,g,g,true,693930.40
663e1c7683991d278fb128a7,main-trial-22, , ,true,694074.60
663e1c7683991d278fb128a7,main-trial-22,f,f,true,694341.50
663e1c7683991d278fb128a7,main-trial-22,g,g,true,694891.40
663e1c7683991d278fb128a7,main-trial-22, , ,true,695058.80
663e1c7683991d278fb128a7,main-trial-22,f,f,true,695266.30
663e1c7683991d278fb128a7,main-trial-22,g,g,true,695625.00
663e1c7683991d278fb128a7,main-trial-22, , ,true,695825.40
663e1c7683991d278fb128a7,main-trial-22,z,z,true,696274.70
663e1c7683991d278fb128a7,main-trial-22,z,z,true,696681.10
663e1c7683991d278fb128a7,main-trial-22,b,b,true,697458.20
663e1c7683991d278fb128a7,main-trial-22,v,v,true,698154.90
663e1c7683991d278fb128a7,main-trial-22,g,g,true,698634.90
663e1c7683991d278fb128a7,main-trial-22, , ,true,698907.80
663e1c7683991d278fb128a7,main-trial-22,d,d,true,699145.00
663e1c7683991d278fb128a7,main-trial-22,f,r,false,699479.90
663e1c7683991d278fb128a7,main-trial-22,f, ,false,699642.30
663e1c7683991d278fb128a7,main-trial-22,f,d,false,699849.60
663e1c7683991d278fb128a7,main-trial-22,f,r,false,700123.10
663e1c7683991d278fb128a7,main-trial-22,f, ,false,700330.60
663e1c7683991d278fb128a7,main-trial-22,f,d,false,700642.20
663e1c7683991d278fb128a7,main-trial-22,f,r,false,700979.90
663e1c7683991d278fb128a7,main-trial-22,f, ,false,701163.80
663e1c7683991d278fb128a7,main-trial-22,f,x,false,701741.10
663e1c7683991d278fb128a7,main-trial-22,f,m,false,702012.20
663e1c7683991d278fb128a7,main-trial-22,f,l,false,702481.50
663e1c7683991d278fb128a7,main-trial-22,f,t,false,702890.30
663e1c7683991d278fb128a7,main-trial-22,f,i,false,703099.30
663e1c7683991d278fb128a7,main-trial-22,f, ,false,703346.00
663e1c7683991d278fb128a7,main-trial-22,f,f,true,703547.10
663e1c7683991d278fb128a7,main-trial-22, ,g,false,703983.80
663e1c7683991d278fb128a7,main-trial-22, ,m,false,705322.00
663e1c7683991d278fb128a7,main-trial-22, ,l,false,706066.50
663e1c7683991d278fb128a7,main-trial-22, , ,true,710033.00
663e1c7683991d278fb128a7,main-trial-22,d,d,true,710570.90
663e1c7683991d278fb128a7,main-trial-22,f,f,true,711241.10
663e1c7683991d278fb128a7,main-trial-22, , ,true,711682.80
663e1c7683991d278fb128a7,main-trial-22,d,d,true,712065.90
663e1c7683991d278fb128a7,main-trial-22,f,f,true,712552.50
663e1c7683991d278fb128a7,main-trial-22, , ,true,712785.20
663e1c7683991d278fb128a7,main-trial-22,x,x,true,713225.00
663e1c7683991d278fb128a7,main-trial-22,m,m,true,713680.10
663e1c7683991d278fb128a7,main-trial-22,l,l,true,714217.40
663e1c7683991d278fb128a7,main-trial-22,t,t,true,714716.10
663e1c7683991d278fb128a7,main-trial-22,i,i,true,714943.40
663e1c7683991d278fb128a7,main-trial-22, , ,true,715227.40
663e1c7683991d278fb128a7,main-trial-22,f,f,true,715745.30
663e1c7683991d278fb128a7,main-trial-22,g,g,true,716134.50
663e1c7683991d278fb128a7,main-trial-22, , ,true,716874.10
663e1c7683991d278fb128a7,main-trial-22,d,d,true,717139.30
663e1c7683991d278fb128a7,main-trial-22,f,f,true,717457.80
663e1c7683991d278fb128a7,main-trial-22, , ,true,717650.10
663e1c7683991d278fb128a7,main-trial-22,f,f,true,718027.20
663e1c7683991d278fb128a7,main-trial-22,g,g,true,718404.80
663e1c7683991d278fb128a7,main-trial-22, , ,true,718683.00
663e1c7683991d278fb128a7,main-trial-22,d,d,true,719203.10
663e1c7683991d278fb128a7,main-trial-22,f,f,true,719580.20
663e1c7683991d278fb128a7,main-trial-22, , ,true,719761.50
663e1c7683991d278fb128a7,main-trial-22,f,f,true,720594.60
663e1c7683991d278fb128a7,main-trial-22,g,g,true,720968.50
663e1c7683991d278fb128a7,main-trial-22, , ,true,721177.80
663e1c7683991d278fb128a7,main-trial-22,d,d,true,721570.40
663e1c7683991d278fb128a7,main-trial-22,f,r,false,722033.30
663e1c7683991d278fb128a7,main-trial-22,f, ,false,722859.10
663e1c7683991d278fb128a7,main-trial-22,f,f,true,724241.70
663e1c7683991d278fb128a7,main-trial-23,c,c,true,729075.10
663e1c7683991d278fb128a7,main-trial-23,p,p,true,729392.20
663e1c7683991d278fb128a7,main-trial-23,y,y,true,729747.70
663e1c7683991d278fb128a7,main-trial-23,q,q,true,730856.80
663e1c7683991d278fb128a7,main-trial-23,b,b,true,731563.70
663e1c7683991d278fb128a7,main-trial-23, , ,true,732075.80
663e1c7683991d278fb128a7,main-trial-23,w,w,true,732362.50
663e1c7683991d278fb128a7,main-trial-23,d,d,true,732827.40
663e1c7683991d278fb128a7,main-trial-23, , ,true,733099.90
663e1c7683991d278fb128a7,main-trial-23,w,w,true,733410.20
663e1c7683991d278fb128a7,main-trial-23,d,d,true,733738.60
663e1c7683991d278fb128a7,main-trial-23, , ,true,733985.10
663e1c7683991d278fb128a7,main-trial-23,w,w,true,734264.20
663e1c7683991d278fb128a7,main-trial-23,d,d,true,734586.00
663e1c7683991d278fb128a7,main-trial-23, , ,true,734786.60
663e1c7683991d278fb128a7,main-trial-23,a,a,true,735098.00
663e1c7683991d278fb128a7,main-trial-23,i,i,true,735317.50
663e1c7683991d278fb128a7,main-trial-23,r,r,true,735480.00
663e1c7683991d278fb128a7,main-trial-23,o,o,true,735594.70
663e1c7683991d278fb128a7,main-trial-23,y,y,true,735906.10
663e1c7683991d278fb128a7,main-trial-23, , ,true,736138.80
663e1c7683991d278fb128a7,main-trial-23,s,s,true,736371.00
663e1c7683991d278fb128a7,main-trial-23,e,e,true,736641.00
663e1c7683991d278fb128a7,main-trial-23, , ,true,736831.10
663e1c7683991d278fb128a7,main-trial-23,s,s,true,736979.10
663e1c7683991d278fb128a7,main-trial-23,e,e,true,737191.90
663e1c7683991d278fb128a7,main-trial-23, , ,true,737377.40
663e1c7683991d278fb128a7,main-trial-23,s,s,true,737811.70
663e1c7683991d278fb128a7,main-trial-23,e,e,true,738050.80
663e1c7683991d278fb128a7,main-trial-23, , ,true,738236.90
663e1c7683991d278fb128a7,main-trial-23,o,o,true,738499.00
663e1c7683991d278fb128a7,main-trial-23,x,x,true,739089.50
663e1c7683991d278fb128a7,main-trial-23,h,h,true,739594.00
663e1c7683991d278fb128a7,main-trial-23,z,z,true,740002.40
663e1c7683991d278fb128a7,main-trial-23,x,x,true,740531.20
663e1c7683991d278fb128a7,main-trial-23, , ,true,740907.30
663e1c7683991d278fb128a7,main-trial-23,w,w,true,741154.90
663e1c7683991d278fb128a7,main-trial-23,d,d,true,741512.00
663e1c7683991d278fb128a7,main-trial-23, , ,true,741751.30
663e1c7683991d278fb128a7,main-trial-23,s,s,true,741938.90
663e1c7683991d278fb128a7,main-trial-23,e,e,true,742203.70
663e1c7683991d278fb128a7,main-trial-23, , ,true,742370.80
663e1c7683991d278fb128a7,main-trial-23,w,w,true,742725.80
663e1c7683991d278fb128a7,main-trial-23,d,d,true,743059.20
663e1c7683991d278fb128a7,main-trial-23, , ,true,743266.70
663e1c7683991d278fb128a7,main-trial-23,s,s,true,743418.90
663e1c7683991d278fb128a7,main-trial-23,e,e,true,743732.30
663e1c7683991d278fb128a7,main-trial-23, , ,true,743924.00
663e1c7683991d278fb128a7,main-trial-23,w,w,true,744347.20
663e1c7683991d278fb128a7,main-trial-23,d,d,true,744673.90
663e1c7683991d278fb128a7,main-trial-23, , ,true,744889.90
663e1c7683991d278fb128a7,main-trial-23,s,s,true,745041.30
663e1c7683991d278fb128a7,main-trial-23,e,e,true,745316.50
663e1c7683991d278fb128a7,main-trial-24,q,q,true,751707.50
663e1c7683991d278fb128a7,main-trial-24,o,o,true,752298.90
663e1c7683991d278fb128a7,main-trial-24,r,r,true,752596.20
663e1c7683991d278fb128a7,main-trial-24,u,u,true,752803.10
663e1c7683991d278fb128a7,main-trial-24,p,p,true,753034.90
663e1c7683991d278fb128a7,main-trial-24, , ,true,753283.00
663e1c7683991d278fb128a7,main-trial-24,f,f,true,753457.70
663e1c7683991d278fb128a7,main-trial-24,r,r,true,753721.10
663e1c7683991d278fb128a7,main-trial-24, , ,true,753906.80
663e1c7683991d278fb128a7,main-trial-24,f,f,true,754052.80
663e1c7683991d278fb128a7,main-trial-24,r,r,true,754283.00
663e1c7683991d278fb128a7,main-trial-24, , ,true,754472.50
663e1c7683991d278fb128a7,main-trial-24,f,f,true,754620.00
663e1c7683991d278fb128a7,main-trial-24,r,r,true,754866.20
663e1c7683991d278fb128a7,main-trial-24, , ,true,755025.70
663e1c7683991d278fb128a7,main-trial-24,s,s,true,755483.20
663e1c7683991d278fb128a7,main-trial-24,c,c,true,755755.60
663e1c7683991d278fb128a7,main-trial-24,p,p,true,756000.60
663e1c7683991d278fb128a7,main-trial-24,j,j,true,756561.50
663e1c7683991d278fb128a7,main-trial-24,k,k,true,756921.60
663e1c7683991d278fb128a7,main-trial-24, , ,true,757148.00
663e1c7683991d278fb128a7,main-trial-24,v,v,true,757352.60
663e1c7683991d278fb128a7,main-trial-24,r,r,true,757658.50
663e1c7683991d278fb128a7,main-trial-24, , ,true,757842.00
663e1c7683991d278fb128a7,main-trial-24,v,v,true,758113.90
663e1c7683991d278fb128a7,main-trial-24,r,r,true,758528.30
663e1c7683991d278fb128a7,main-trial-24, , ,true,758697.70
663e1c7683991d278fb128a7,main-trial-24,v,v,true,758953.80
663e1c7683991d278fb128a7,main-trial-24,r,r,true,759242.40
663e1c7683991d278fb128a7,main-trial-24, , ,true,759416.70
663e1c7683991d278fb128a7,main-trial-24,a,a,true,759731.50
663e1c7683991d278fb128a7,main-trial-24,c,c,true,759927.30
663e1c7683991d278fb128a7,main-trial-24,t,t,true,760378.50
663e1c7683991d278fb128a7,main-trial-24,z,z,true,760848.80
663e1c7683991d278fb128a7,main-trial-24,p,p,true,761106.50
663e1c7683991d278fb128a7,main-trial-24, , ,true,761354.70
663e1c7683991d278fb128a7,main-trial-24,f,f,true,761506.80
663e1c7683991d278fb128a7,main-trial-24,r,r,true,761746.50
663e1c7683991d278fb128a7,main-trial-24, , ,true,761979.10
663e1c7683991d278fb128a7,main-trial-24,v,v,true,762578.70
663e1c7683991d278fb128a7,main-trial-24,r,r,true,762864.70
663e1c7683991d278fb128a7,main-trial-24, , ,true,763059.20
663e1c7683991d278fb128a7,main-trial-24,f,f,true,763280.00
663e1c7683991d278fb128a7,main-trial-24,r,r,true,763530.80
663e1c7683991d278fb128a7,main-trial-24, , ,true,763714.40
663e1c7683991d278fb128a7,main-trial-24,v,v,true,763995.40
663e1c7683991d278fb128a7,main-trial-24,r,r,true,764378.20
663e1c7683991d278fb128a7,main-trial-24, , ,true,764580.00
663e1c7683991d278fb128a7,main-trial-24,f,f,true,764842.90
663e1c7683991d278fb128a7,main-trial-24,r,r,true,765076.20
663e1c7683991d278fb128a7,main-trial-24, , ,true,765274.10
663e1c7683991d278fb128a7,main-trial-24,v,v,true,765593.80
663e1c7683991d278fb128a7,main-trial-24,r,r,true,765881.80
663e1c7683991d278fb128a7,main-trial-25,a,a,true,771242.40
663e1c7683991d278fb128a7,main-trial-25,h,h,true,771432.20
663e1c7683991d278fb128a7,main-trial-25,j,j,true,771707.10
663e1c7683991d278fb128a7,main-trial-25,k,k,true,772050.50
663e1c7683991d278fb128a7,main-trial-25,b,b,true,772458.90
663e1c7683991d278fb128a7,main-trial-25, , ,true,772626.70
663e1c7683991d278fb128a7,main-trial-25,e,e,true,772809.80
663e1c7683991d278fb128a7,main-trial-25,f,f,true,773027.50
663e1c7683991d278fb128a7,main-trial-25, , ,true,773191.10
663e1c7683991d278fb128a7,main-trial-25,e,e,true,773346.00
663e1c7683991d278fb128a7,main-trial-25,f,f,true,773603.60
663e1c7683991d278fb128a7,main-trial-25, , ,true,773850.40
663e1c7683991d278fb128a7,main-trial-25,e,e,true,774367.40
663e1c7683991d278fb128a7,main-trial-25,f,f,true,774577.40
663e1c7683991d278fb128a7,main-trial-25, , ,true,774771.00
663e1c7683991d278fb128a7,main-trial-25,v,v,true,775282.60
663e1c7683991d278fb128a7,main-trial-25,g,g,true,775769.80
663e1c7683991d278fb128a7,main-trial-25,s,s,true,776075.70
663e1c7683991d278fb128a7,main-trial-25,v,v,true,776436.00
663e1c7683991d278fb128a7,main-trial-25,u,u,true,776768.20
663e1c7683991d278fb128a7,main-trial-25, , ,true,777002.50
663e1c7683991d278fb128a7,main-trial-25,d,d,true,777402.10
663e1c7683991d278fb128a7,main-trial-25,r,r,true,777675.30
663e1c7683991d278fb128a7,main-trial-25, , ,true,777856.60
663e1c7683991d278fb128a7,main-trial-25,d,d,true,778114.60
663e1c7683991d278fb128a7,main-trial-25,r,r,true,778387.00
663e1c7683991d278fb128a7,main-trial-25, , ,true,778546.20
663e1c7683991d278fb128a7,main-trial-25,d,d,true,778713.20
663e1c7683991d278fb128a7,main-trial-25,r,r,true,778995.50
663e1c7683991d278fb128a7,main-trial-25, , ,true,779176.80
663e1c7683991d278fb128a7,main-trial-25,u,u,true,779627.70
663e1c7683991d278fb128a7,main-trial-25,v,v,true,780011.40
663e1c7683991d278fb128a7,main-trial-25,w,w,true,780752.40
663e1c7683991d278fb128a7,main-trial-25,s,s,true,781107.20
663e1c7683991d278fb128a7,main-trial-25,e,e,true,781346.80
663e1c7683991d278fb128a7,main-trial-25, , ,true,781577.10
663e1c7683991d278fb128a7,main-trial-25,e,e,true,781812.00
663e1c7683991d278fb128a7,main-trial-25,f,f,true,782043.00
663e1c7683991d278fb128a7,main-trial-25, , ,true,782259.10
663e1c7683991d278fb128a7,main-trial-25,d,d,true,783247.20
663e1c7683991d278fb128a7,main-trial-25,r,r,true,783546.70
663e1c7683991d278fb128a7,main-trial-25, , ,true,783729.30
663e1c7683991d278fb128a7,main-trial-25,e,e,true,783967.20
663e1c7683991d278fb128a7,main-trial-25,f,f,true,784209.70
663e1c7683991d278fb128a7,main-trial-25, , ,true,784449.60
663e1c7683991d278fb128a7,main-trial-25,d,d,true,785027.00
663e1c7683991d278fb128a7,main-trial-25,r,r,true,785315.90
663e1c7683991d278fb128a7,main-trial-25, , ,true,785506.90
663e1c7683991d278fb128a7,main-trial-25,e,e,true,785738.60
663e1c7683991d278fb128a7,main-trial-25,f,f,true,785996.50
663e1c7683991d278fb128a7,main-trial-25, , ,true,786190.80
663e1c7683991d278fb128a7,main-trial-25,d,d,true,787050.60
663e1c7683991d278fb128a7,main-trial-25,r,r,true,787339.10
663e1c7683991d278fb128a7,main-trial-25,, ,false,787560.70
663e1c7683991d278fb128a7,main-trial-26,b,b,true,793297.30
663e1c7683991d278fb128a7,main-trial-26,b,b,true,793681.80
663e1c7683991d278fb128a7,main-trial-26,h,h,true,794107.60
663e1c7683991d278fb128a7,main-trial-26,d,d,true,794362.00
663e1c7683991d278fb128a7,main-trial-26,e,e,true,794656.30
663e1c7683991d278fb128a7,main-trial-26, , ,true,794809.30
663e1c7683991d278fb128a7,main-trial-26,e,e,true,795066.00
663e1c7683991d278fb128a7,main-trial-26,f,f,true,795354.60
663e1c7683991d278fb128a7,main-trial-26, , ,true,796301.90
663e1c7683991d278fb128a7,main-trial-26,e,e,true,796545.10
663e1c7683991d278fb128a7,main-trial-26,f,f,true,797042.10
663e1c7683991d278fb128a7,main-trial-26, , ,true,797221.30
663e1c7683991d278fb128a7,main-trial-26,e,e,true,797603.10
663e1c7683991d278fb128a7,main-trial-26,f,f,true,797873.90
663e1c7683991d278fb128a7,main-trial-26, , ,true,798089.10
663e1c7683991d278fb128a7,main-trial-26,u,u,true,798473.30
663e1c7683991d278fb128a7,main-trial-26,o,o,true,798768.80
663e1c7683991d278fb128a7,main-trial-26,a,a,true,799210.60
663e1c7683991d278fb128a7,main-trial-26,u,u,true,800299.20
663e1c7683991d278fb128a7,main-trial-26,g,g,true,800538.60
663e1c7683991d278fb128a7,main-trial-26, , ,true,800827.50
663e1c7683991d278fb128a7,main-trial-26,f,f,true,801027.20
663e1c7683991d278fb128a7,main-trial-26,e,e,true,801290.10
663e1c7683991d278fb128a7,main-trial-26, , ,true,801489.30
663e1c7683991d278fb128a7,main-trial-26,f,f,true,801675.20
663e1c7683991d278fb128a7,main-trial-26,e,e,true,801890.60
663e1c7683991d278fb128a7,main-trial-26, , ,true,802162.40
663e1c7683991d278fb128a7,main-trial-26,f,f,true,802363.10
663e1c7683991d278fb128a7,main-trial-26,e,e,true,802594.30
663e1c7683991d278fb128a7,main-trial-26, , ,true,802795.20
663e1c7683991d278fb128a7,main-trial-26,p,p,true,803186.80
663e1c7683991d278fb128a7,main-trial-26,l,l,true,803459.00
663e1c7683991d278fb128a7,main-trial-26,s,s,true,803697.60
663e1c7683991d278fb128a7,main-trial-26,m,m,true,803898.00
663e1c7683991d278fb128a7,main-trial-26,s,s,true,804124.70
663e1c7683991d278fb128a7,main-trial-26, , ,true,804299.70
663e1c7683991d278fb128a7,main-trial-26,e,e,true,804690.00
663e1c7683991d278fb128a7,main-trial-26,f,f,true,804954.80
663e1c7683991d278fb128a7,main-trial-26, , ,true,805243.10
663e1c7683991d278fb128a7,main-trial-26,f,f,true,805626.30
663e1c7683991d278fb128a7,main-trial-26,e,e,true,805969.30
663e1c7683991d278fb128a7,main-trial-26, , ,true,806394.30
663e1c7683991d278fb128a7,main-trial-26,e,e,true,806729.70
663e1c7683991d278fb128a7,main-trial-26,f,f,true,806963.50
663e1c7683991d278fb128a7,main-trial-26, , ,true,807161.80
663e1c7683991d278fb128a7,main-trial-26,f,f,true,807563.60
663e1c7683991d278fb128a7,main-trial-26,e,e,true,807995.10
663e1c7683991d278fb128a7,main-trial-26, , ,true,808234.00
663e1c7683991d278fb128a7,main-trial-26,e,e,true,808508.50
663e1c7683991d278fb128a7,main-trial-26,f,f,true,808850.50
663e1c7683991d278fb128a7,main-trial-26, , ,true,809066.40
663e1c7683991d278fb128a7,main-trial-26,f,f,true,809274.60
663e1c7683991d278fb128a7,main-trial-26,e,e,true,809552.90
663e1c7683991d278fb128a7,main-trial-27,p,p,true,813938.60
663e1c7683991d278fb128a7,main-trial-27,k,k,true,814347.80
663e1c7683991d278fb128a7,main-trial-27,b,b,true,814842.70
663e1c7683991d278fb128a7,main-trial-27,c,c,true,815210.20
663e1c7683991d278fb128a7,main-trial-27,x,x,true,815810.40
663e1c7683991d278fb128a7,main-trial-27, , ,true,816016.40
663e1c7683991d278fb128a7,main-trial-27,a,a,true,816298.20
663e1c7683991d278fb128a7,main-trial-27,a,a,true,816625.70
663e1c7683991d278fb128a7,main-trial-27, , ,true,816937.90
663e1c7683991d278fb128a7,main-trial-27,a,a,true,817227.50
663e1c7683991d278fb128a7,main-trial-27,a,a,true,817603.20
663e1c7683991d278fb128a7,main-trial-27, , ,true,817899.20
663e1c7683991d278fb128a7,main-trial-27,a,a,true,818239.40
663e1c7683991d278fb128a7,main-trial-27,a,a,true,818576.10
663e1c7683991d278fb128a7,main-trial-27, , ,true,818899.30
663e1c7683991d278fb128a7,main-trial-27,p,p,true,819299.10
663e1c7683991d278fb128a7,main-trial-27,v,v,true,819546.80
663e1c7683991d278fb128a7,main-trial-27,c,c,true,819891.00
663e1c7683991d278fb128a7,main-trial-27,n,n,true,820202.20
663e1c7683991d278fb128a7,main-trial-27,c,c,true,820417.90
663e1c7683991d278fb128a7,main-trial-27, , ,true,820584.90
663e1c7683991d278fb128a7,main-trial-27,f,f,true,820850.90
663e1c7683991d278fb128a7,main-trial-27,f,f,true,821067.50
663e1c7683991d278fb128a7,main-trial-27, , ,true,821347.00
663e1c7683991d278fb128a7,main-trial-27,f,f,true,821691.00
663e1c7683991d278fb128a7,main-trial-27,f,f,true,821912.30
663e1c7683991d278fb128a7,main-trial-27, , ,true,822114.70
663e1c7683991d278fb128a7,main-trial-27,f,f,true,822442.60
663e1c7683991d278fb128a7,main-trial-27,f,f,true,822675.50
663e1c7683991d278fb128a7,main-trial-27, , ,true,823047.80
663e1c7683991d278fb128a7,main-trial-27,i,i,true,823522.30
663e1c7683991d278fb128a7,main-trial-27,h,h,true,823763.40
663e1c7683991d278fb128a7,main-trial-27,s,s,true,824099.80
663e1c7683991d278fb128a7,main-trial-27,i,i,true,824673.40
663e1c7683991d278fb128a7,main-trial-27,n,n,true,824899.30
663e1c7683991d278fb128a7,main-trial-27, , ,true,825148.00
663e1c7683991d278fb128a7,main-trial-27,a,a,true,825378.50
663e1c7683991d278fb128a7,main-trial-27,a,a,true,825649.90
663e1c7683991d278fb128a7,main-trial-27, , ,true,825921.40
663e1c7683991d278fb128a7,main-trial-27,f,f,true,826121.70
663e1c7683991d278fb128a7,main-trial-27,f,f,true,826331.50
663e1c7683991d278fb128a7,main-trial-27, , ,true,826610.00
663e1c7683991d278fb128a7,main-trial-27,a,a,true,826816.30
663e1c7683991d278fb128a7,main-trial-27,a,a,true,827146.90
663e1c7683991d278fb128a7,main-trial-27, , ,true,827387.10
663e1c7683991d278fb128a7,main-trial-27,f,f,true,827615.50
663e1c7683991d278fb128a7,main-trial-27,f,f,true,827839.10
663e1c7683991d278fb128a7,main-trial-27, , ,true,828200.70
663e1c7683991d278fb128a7,main-trial-27,a,a,true,828523.00
663e1c7683991d278fb128a7,main-trial-27,a,a,true,828786.70
663e1c7683991d278fb128a7,main-trial-27, , ,true,829033.80
663e1c7683991d278fb128a7,main-trial-27,f,f,true,829426.30
663e1c7683991d278fb128a7,main-trial-27,f,f,true,829643.30
663e1c7683991d278fb128a7,main-trial-27,, ,false,830026.80
