user_id,trialId,expectedKey,typedKey,isCorrect,keydownTime
5fcd71c07283d321e75d28ce,intro-trial-1,a,a,true,27527.90
5fcd71c07283d321e75d28ce,intro-trial-1,d,d,true,28066.70
5fcd71c07283d321e75d28ce,intro-trial-1,b,b,true,29365.40
5fcd71c07283d321e75d28ce,intro-trial-1,m,m,true,30625.30
5fcd71c07283d321e75d28ce,intro-trial-1,p,p,true,30853.30
5fcd71c07283d321e75d28ce,intro-trial-1, , ,true,31646.30
5fcd71c07283d321e75d28ce,intro-trial-1,d,d,true,32386.00
5fcd71c07283d321e75d28ce,intro-trial-1,f,f,true,32518.10
5fcd71c07283d321e75d28ce,intro-trial-1, , ,true,33158.60
5fcd71c07283d321e75d28ce,intro-trial-1,d,d,true,33417.00
5fcd71c07283d321e75d28ce,intro-trial-1,f,f,true,33533.40
5fcd71c07283d321e75d28ce,intro-trial-1, , ,true,33834.40
5fcd71c07283d321e75d28ce,intro-trial-1,d,d,true,34056.90
5fcd71c07283d321e75d28ce,intro-trial-1,f,f,true,34164.90
5fcd71c07283d321e75d28ce,intro-trial-1, , ,true,34483.70
5fcd71c07283d321e75d28ce,intro-trial-1,v,v,true,35801.60
5fcd71c07283d321e75d28ce,intro-trial-1,g,g,true,36065.50
5fcd71c07283d321e75d28ce,intro-trial-1,a,a,true,36477.30
5fcd71c07283d321e75d28ce,intro-trial-1,q,q,true,37491.40
5fcd71c07283d321e75d28ce,intro-trial-1,n,n,true,37754.80
5fcd71c07283d321e75d28ce,intro-trial-1, , ,true,38108.90
5fcd71c07283d321e75d28ce,intro-trial-1,e,e,true,38570.90
5fcd71c07283d321e75d28ce,intro-trial-1,f,f,true,38776.70
5fcd71c07283d321e75d28ce,intro-trial-1, , ,true,39095.70
5fcd71c07283d321e75d28ce,intro-trial-1,e,e,true,39330.20
5fcd71c07283d321e75d28ce,intro-trial-1,f,f,true,39497.50
5fcd71c07283d321e75d28ce,intro-trial-1, , ,true,39729.20
5fcd71c07283d321e75d28ce,intro-trial-1,e,e,true,39888.50
5fcd71c07283d321e75d28ce,intro-trial-1,f,f,true,40027.80
5fcd71c07283d321e75d28ce,intro-trial-1, , ,true,40237.40
5fcd71c07283d321e75d28ce,intro-trial-1,x,x,true,40545.70
5fcd71c07283d321e75d28ce,intro-trial-1,b,b,true,41195.00
5fcd71c07283d321e75d28ce,intro-trial-1,u,u,true,41296.50
5fcd71c07283d321e75d28ce,intro-trial-1,h,h,true,42106.90
5fcd71c07283d321e75d28ce,intro-trial-1,q,q,true,42191.10
5fcd71c07283d321e75d28ce,intro-trial-1, , ,true,42509.10
5fcd71c07283d321e75d28ce,intro-trial-1,d,d,true,42989.40
5fcd71c07283d321e75d28ce,intro-trial-1,f,f,true,43178.10
5fcd71c07283d321e75d28ce,intro-trial-1, , ,true,43461.60
5fcd71c07283d321e75d28ce,intro-trial-1,e,e,true,44224.30
5fcd71c07283d321e75d28ce,intro-trial-1,f,f,true,44335.60
5fcd71c07283d321e75d28ce,intro-trial-1, , ,true,44735.50
5fcd71c07283d321e75d28ce,intro-trial-1,d,d,true,45185.30
5fcd71c07283d321e75d28ce,intro-trial-1,f,f,true,45380.70
5fcd71c07283d321e75d28ce,intro-trial-1, , ,true,45620.20
5fcd71c07283d321e75d28ce,intro-trial-1,e,e,true,45774.00
5fcd71c07283d321e75d28ce,intro-trial-1,f,f,true,45934.10
5fcd71c07283d321e75d28ce,intro-trial-1, , ,true,46179.30
5fcd71c07283d321e75d28ce,intro-trial-1,d,d,true,46549.10
5fcd71c07283d321e75d28ce,intro-trial-1,f,f,true,46692.30
5fcd71c07283d321e75d28ce,intro-trial-1, , ,true,47007.30
5fcd71c07283d321e75d28ce,intro-trial-1,e,e,true,47629.90
5fcd71c07283d321e75d28ce,intro-trial-1,f,f,true,47834.40
5fcd71c07283d321e75d28ce,intro-trial-2,u,u,true,56900.00
5fcd71c07283d321e75d28ce,intro-trial-2,l,l,true,57058.10
5fcd71c07283d321e75d28ce,intro-trial-2,a,a,true,57429.20
5fcd71c07283d321e75d28ce,intro-trial-2,f,f,true,58023.50
5fcd71c07283d321e75d28ce,intro-trial-2,y,y,true,58359.10
5fcd71c07283d321e75d28ce,intro-trial-2, , ,true,58648.70
5fcd71c07283d321e75d28ce,intro-trial-2,q,q,true,59462.20
5fcd71c07283d321e75d28ce,intro-trial-2,s,s,true,59663.50
5fcd71c07283d321e75d28ce,intro-trial-2, , ,true,59862.50
5fcd71c07283d321e75d28ce,intro-trial-2,q,q,true,60081.60
5fcd71c07283d321e75d28ce,intro-trial-2,s,s,true,60255.80
5fcd71c07283d321e75d28ce,intro-trial-2, , ,true,60464.80
5fcd71c07283d321e75d28ce,intro-trial-2,q,q,true,60626.50
5fcd71c07283d321e75d28ce,intro-trial-2,s,s,true,60781.40
5fcd71c07283d321e75d28ce,intro-trial-2, , ,true,60962.60
5fcd71c07283d321e75d28ce,intro-trial-2,h,h,true,61666.30
5fcd71c07283d321e75d28ce,intro-trial-2,i,i,true,61786.70
5fcd71c07283d321e75d28ce,intro-trial-2,z,z,true,61934.40
5fcd71c07283d321e75d28ce,intro-trial-2,m,m,true,62888.50
5fcd71c07283d321e75d28ce,intro-trial-2,v,v,true,63066.80
5fcd71c07283d321e75d28ce,intro-trial-2, , ,true,63296.00
5fcd71c07283d321e75d28ce,intro-trial-2,s,s,true,63509.40
5fcd71c07283d321e75d28ce,intro-trial-2,a,a,true,63654.50
5fcd71c07283d321e75d28ce,intro-trial-2, , ,true,63906.20
5fcd71c07283d321e75d28ce,intro-trial-2,s,s,true,64048.10
5fcd71c07283d321e75d28ce,intro-trial-2,a,a,true,64177.00
5fcd71c07283d321e75d28ce,intro-trial-2, , ,true,64386.80
5fcd71c07283d321e75d28ce,intro-trial-2,s,s,true,64493.30
5fcd71c07283d321e75d28ce,intro-trial-2,a,a,true,64611.70
5fcd71c07283d321e75d28ce,intro-trial-2, , ,true,64759.90
5fcd71c07283d321e75d28ce,intro-trial-2,f,f,true,65785.20
5fcd71c07283d321e75d28ce,intro-trial-2,i,i,true,65910.10
5fcd71c07283d321e75d28ce,intro-trial-2,f,f,true,66093.10
5fcd71c07283d321e75d28ce,intro-trial-2,d,d,true,66354.50
5fcd71c07283d321e75d28ce,intro-trial-2,a,a,true,66529.20
5fcd71c07283d321e75d28ce,intro-trial-2, , ,true,66748.10
5fcd71c07283d321e75d28ce,intro-trial-2,q,q,true,67460.90
5fcd71c07283d321e75d28ce,intro-trial-2,s,s,true,67659.50
5fcd71c07283d321e75d28ce,intro-trial-2, , ,true,67846.20
5fcd71c07283d321e75d28ce,intro-trial-2,s,s,true,68374.30
5fcd71c07283d321e75d28ce,intro-trial-2,a,a,true,68588.70
5fcd71c07283d321e75d28ce,intro-trial-2, , ,true,68835.60
5fcd71c07283d321e75d28ce,intro-trial-2,q,q,true,69067.00
5fcd71c07283d321e75d28ce,intro-trial-2,s,s,true,69226.10
5fcd71c07283d321e75d28ce,intro-trial-2, , ,true,69451.70
5fcd71c07283d321e75d28ce,intro-trial-2,s,s,true,69657.50
5fcd71c07283d321e75d28ce,intro-trial-2,a,a,true,70361.50
5fcd71c07283d321e75d28ce,intro-trial-2, , ,true,70861.90
5fcd71c07283d321e75d28ce,intro-trial-2,q,q,true,71587.30
5fcd71c07283d321e75d28ce,intro-trial-2,s,s,true,71761.90
5fcd71c07283d321e75d28ce,intro-trial-2, , ,true,72023.00
5fcd71c07283d321e75d28ce,intro-trial-2,s,s,true,72350.40
5fcd71c07283d321e75d28ce,intro-trial-2,a,a,true,72533.50
5fcd71c07283d321e75d28ce,intro-trial-3,p,p,true,84405.50
5fcd71c07283d321e75d28ce,intro-trial-3,l,l,true,84708.80
5fcd71c07283d321e75d28ce,intro-trial-3,u,u,true,84987.10
5fcd71c07283d321e75d28ce,intro-trial-3,c,c,true,85682.00
5fcd71c07283d321e75d28ce,intro-trial-3,v,v,true,86038.20
5fcd71c07283d321e75d28ce,intro-trial-3, , ,true,86348.00
5fcd71c07283d321e75d28ce,intro-trial-3,f,f,true,86766.10
5fcd71c07283d321e75d28ce,intro-trial-3,g,g,true,86991.70
5fcd71c07283d321e75d28ce,intro-trial-3, , ,true,87222.70
5fcd71c07283d321e75d28ce,intro-trial-3,f,f,true,87414.60
5fcd71c07283d321e75d28ce,intro-trial-3,g,g,true,87606.80
5fcd71c07283d321e75d28ce,intro-trial-3, , ,true,87796.60
5fcd71c07283d321e75d28ce,intro-trial-3,f,f,true,87945.00
5fcd71c07283d321e75d28ce,intro-trial-3,g,g,true,88167.50
5fcd71c07283d321e75d28ce,intro-trial-3, , ,true,88395.90
5fcd71c07283d321e75d28ce,intro-trial-3,i,i,true,88945.10
5fcd71c07283d321e75d28ce,intro-trial-3,j,j,true,90007.20
5fcd71c07283d321e75d28ce,intro-trial-3,a,a,true,90278.20
5fcd71c07283d321e75d28ce,intro-trial-3,y,y,true,91538.60
5fcd71c07283d321e75d28ce,intro-trial-3,r,r,true,91724.00
5fcd71c07283d321e75d28ce,intro-trial-3, , ,true,92042.10
5fcd71c07283d321e75d28ce,intro-trial-3,f,f,true,92844.30
5fcd71c07283d321e75d28ce,intro-trial-3,r,r,true,93038.90
5fcd71c07283d321e75d28ce,intro-trial-3, , ,true,93260.40
5fcd71c07283d321e75d28ce,intro-trial-3,f,f,true,93433.40
5fcd71c07283d321e75d28ce,intro-trial-3,r,r,true,93645.20
5fcd71c07283d321e75d28ce,intro-trial-3, , ,true,93825.40
5fcd71c07283d321e75d28ce,intro-trial-3,f,f,true,93963.90
5fcd71c07283d321e75d28ce,intro-trial-3,r,r,true,94156.40
5fcd71c07283d321e75d28ce,intro-trial-3, , ,true,94336.70
5fcd71c07283d321e75d28ce,intro-trial-3,h,h,true,94987.80
5fcd71c07283d321e75d28ce,intro-trial-3,n,u,false,95138.60
5fcd71c07283d321e75d28ce,intro-trial-3,n,n,true,95227.00
5fcd71c07283d321e75d28ce,intro-trial-3,c,c,true,95394.10
5fcd71c07283d321e75d28ce,intro-trial-3,y,y,true,96239.40
5fcd71c07283d321e75d28ce,intro-trial-3,t,t,true,96382.10
5fcd71c07283d321e75d28ce,intro-trial-3, , ,true,96549.40
5fcd71c07283d321e75d28ce,intro-trial-3,f,f,true,97136.30
5fcd71c07283d321e75d28ce,intro-trial-3,g,g,true,97310.10
5fcd71c07283d321e75d28ce,intro-trial-3, , ,true,97633.20
5fcd71c07283d321e75d28ce,intro-trial-3,f,f,true,98258.50
5fcd71c07283d321e75d28ce,intro-trial-3,r,r,true,98449.80
5fcd71c07283d321e75d28ce,intro-trial-3, , ,true,98695.90
5fcd71c07283d321e75d28ce,intro-trial-3,f,f,true,98925.30
5fcd71c07283d321e75d28ce,intro-trial-3,g,g,true,99111.10
5fcd71c07283d321e75d28ce,intro-trial-3, , ,true,99273.00
5fcd71c07283d321e75d28ce,intro-trial-3,f,f,true,99536.60
5fcd71c07283d321e75d28ce,intro-trial-3,r,r,true,99769.20
5fcd71c07283d321e75d28ce,intro-trial-3, , ,true,100032.60
5fcd71c07283d321e75d28ce,intro-trial-3,f,f,true,100357.70
5fcd71c07283d321e75d28ce,intro-trial-3,g,g,true,100544.50
5fcd71c07283d321e75d28ce,intro-trial-3, , ,true,100929.40
5fcd71c07283d321e75d28ce,intro-trial-3,f,f,true,101279.20
5fcd71c07283d321e75d28ce,intro-trial-3,r,r,true,101509.60
5fcd71c07283d321e75d28ce,main-trial-1,c,c,true,107052.50
5fcd71c07283d321e75d28ce,main-trial-1,m,m,true,107485.90
5fcd71c07283d321e75d28ce,main-trial-1,w,w,true,107958.30
5fcd71c07283d321e75d28ce,main-trial-1,v,v,true,108602.90
5fcd71c07283d321e75d28ce,main-trial-1,g,g,true,108879.80
5fcd71c07283d321e75d28ce,main-trial-1, , ,true,109121.50
5fcd71c07283d321e75d28ce,main-trial-1,e,e,true,109468.70
5fcd71c07283d321e75d28ce,main-trial-1,f,f,true,109658.70
5fcd71c07283d321e75d28ce,main-trial-1, , ,true,109943.20
5fcd71c07283d321e75d28ce,main-trial-1,e,e,true,110137.80
5fcd71c07283d321e75d28ce,main-trial-1,f,f,true,110330.10
5fcd71c07283d321e75d28ce,main-trial-1, , ,true,110552.00
5fcd71c07283d321e75d28ce,main-trial-1,e,e,true,110735.20
5fcd71c07283d321e75d28ce,main-trial-1,f,f,true,110866.90
5fcd71c07283d321e75d28ce,main-trial-1, , ,true,111087.00
5fcd71c07283d321e75d28ce,main-trial-1,c,c,true,111481.30
5fcd71c07283d321e75d28ce,main-trial-1,h,h,true,111723.90
5fcd71c07283d321e75d28ce,main-trial-1,y,y,true,111931.90
5fcd71c07283d321e75d28ce,main-trial-1,i,i,true,112690.40
5fcd71c07283d321e75d28ce,main-trial-1,j,j,true,114266.70
5fcd71c07283d321e75d28ce,main-trial-1, , ,true,114587.90
5fcd71c07283d321e75d28ce,main-trial-1,d,d,true,115273.30
5fcd71c07283d321e75d28ce,main-trial-1,r,r,true,115613.70
5fcd71c07283d321e75d28ce,main-trial-1, , ,true,115811.40
5fcd71c07283d321e75d28ce,main-trial-1,d,d,true,115998.80
5fcd71c07283d321e75d28ce,main-trial-1,r,r,true,116169.40
5fcd71c07283d321e75d28ce,main-trial-1, , ,true,116333.20
5fcd71c07283d321e75d28ce,main-trial-1,d,d,true,116487.20
5fcd71c07283d321e75d28ce,main-trial-1,r,r,true,116617.10
5fcd71c07283d321e75d28ce,main-trial-1, , ,true,116778.00
5fcd71c07283d321e75d28ce,main-trial-1,j,j,true,118228.10
5fcd71c07283d321e75d28ce,main-trial-1,y,y,true,118621.30
5fcd71c07283d321e75d28ce,main-trial-1,f,f,true,119369.90
5fcd71c07283d321e75d28ce,main-trial-1,n,n,true,119704.60
5fcd71c07283d321e75d28ce,main-trial-1,j,j,true,120373.80
5fcd71c07283d321e75d28ce,main-trial-1, , ,true,120710.40
5fcd71c07283d321e75d28ce,main-trial-1,e,e,true,121162.60
5fcd71c07283d321e75d28ce,main-trial-1,f,f,true,121288.30
5fcd71c07283d321e75d28ce,main-trial-1, , ,true,121564.50
5fcd71c07283d321e75d28ce,main-trial-1,d,d,true,122605.10
5fcd71c07283d321e75d28ce,main-trial-1,r,r,true,122818.50
5fcd71c07283d321e75d28ce,main-trial-1, , ,true,123056.90
5fcd71c07283d321e75d28ce,main-trial-1,e,e,true,123249.80
5fcd71c07283d321e75d28ce,main-trial-1,f,f,true,123381.20
5fcd71c07283d321e75d28ce,main-trial-1, , ,true,123618.40
5fcd71c07283d321e75d28ce,main-trial-1,d,d,true,123818.70
5fcd71c07283d321e75d28ce,main-trial-1,r,r,true,123987.80
5fcd71c07283d321e75d28ce,main-trial-1, , ,true,124380.00
5fcd71c07283d321e75d28ce,main-trial-1,e,e,true,124651.30
5fcd71c07283d321e75d28ce,main-trial-1,f,f,true,124750.90
5fcd71c07283d321e75d28ce,main-trial-1, , ,true,124977.80
5fcd71c07283d321e75d28ce,main-trial-1,d,d,true,125339.80
5fcd71c07283d321e75d28ce,main-trial-1,r,r,true,125524.40
5fcd71c07283d321e75d28ce,main-trial-2,o,o,true,130125.90
5fcd71c07283d321e75d28ce,main-trial-2,k,k,true,130267.70
5fcd71c07283d321e75d28ce,main-trial-2,q,q,true,130645.70
5fcd71c07283d321e75d28ce,main-trial-2,q,q,true,130807.60
5fcd71c07283d321e75d28ce,main-trial-2,e,e,true,131369.90
5fcd71c07283d321e75d28ce,main-trial-2, , ,true,131693.00
5fcd71c07283d321e75d28ce,main-trial-2,d,d,true,132378.20
5fcd71c07283d321e75d28ce,main-trial-2,s,s,true,132527.10
5fcd71c07283d321e75d28ce,main-trial-2, , ,true,132725.70
5fcd71c07283d321e75d28ce,main-trial-2,d,d,true,132885.40
5fcd71c07283d321e75d28ce,main-trial-2,s,s,true,133019.00
5fcd71c07283d321e75d28ce,main-trial-2, , ,true,133137.50
5fcd71c07283d321e75d28ce,main-trial-2,d,d,true,133289.60
5fcd71c07283d321e75d28ce,main-trial-2,s,s,true,133416.60
5fcd71c07283d321e75d28ce,main-trial-2, , ,true,133540.40
5fcd71c07283d321e75d28ce,main-trial-2,e,e,true,134088.90
5fcd71c07283d321e75d28ce,main-trial-2,e,e,true,134228.10
5fcd71c07283d321e75d28ce,main-trial-2,m,m,true,134503.10
5fcd71c07283d321e75d28ce,main-trial-2,p,p,true,134955.60
5fcd71c07283d321e75d28ce,main-trial-2,h,h,true,135454.90
5fcd71c07283d321e75d28ce,main-trial-2, , ,true,135612.60
5fcd71c07283d321e75d28ce,main-trial-2,w,w,true,136520.80
5fcd71c07283d321e75d28ce,main-trial-2,d,d,true,136712.20
5fcd71c07283d321e75d28ce,main-trial-2, , ,true,137245.40
5fcd71c07283d321e75d28ce,main-trial-2,w,w,true,138360.60
5fcd71c07283d321e75d28ce,main-trial-2,d,d,true,138833.50
5fcd71c07283d321e75d28ce,main-trial-2, , ,true,139226.50
5fcd71c07283d321e75d28ce,main-trial-2,w,w,true,139480.70
5fcd71c07283d321e75d28ce,main-trial-2,d,d,true,139702.80
5fcd71c07283d321e75d28ce,main-trial-2, , ,true,140005.60
5fcd71c07283d321e75d28ce,main-trial-2,v,v,true,140674.70
5fcd71c07283d321e75d28ce,main-trial-2,w,w,true,141063.80
5fcd71c07283d321e75d28ce,main-trial-2,u,u,true,141622.40
5fcd71c07283d321e75d28ce,main-trial-2,q,q,true,142438.20
5fcd71c07283d321e75d28ce,main-trial-2,d,d,true,143146.90
5fcd71c07283d321e75d28ce,main-trial-2, , ,true,143496.50
5fcd71c07283d321e75d28ce,main-trial-2,d,d,true,143720.10
5fcd71c07283d321e75d28ce,main-trial-2,s,s,true,143915.10
5fcd71c07283d321e75d28ce,main-trial-2, , ,true,144208.30
5fcd71c07283d321e75d28ce,main-trial-2,w,w,true,144549.00
5fcd71c07283d321e75d28ce,main-trial-2,d,d,true,144759.90
5fcd71c07283d321e75d28ce,main-trial-2, , ,true,144981.90
5fcd71c07283d321e75d28ce,main-trial-2,d,d,true,145178.80
5fcd71c07283d321e75d28ce,main-trial-2,s,s,true,145359.10
5fcd71c07283d321e75d28ce,main-trial-2, , ,true,145534.30
5fcd71c07283d321e75d28ce,main-trial-2,w,d,false,145833.20
5fcd71c07283d321e75d28ce,main-trial-2,w,w,true,146329.80
5fcd71c07283d321e75d28ce,main-trial-2,d,d,true,146608.60
5fcd71c07283d321e75d28ce,main-trial-2, , ,true,146995.50
5fcd71c07283d321e75d28ce,main-trial-2,d,d,true,147722.50
5fcd71c07283d321e75d28ce,main-trial-2,s,s,true,147899.10
5fcd71c07283d321e75d28ce,main-trial-2, , ,true,148547.70
5fcd71c07283d321e75d28ce,main-trial-2,w,w,true,148741.60
5fcd71c07283d321e75d28ce,main-trial-2,d,d,true,148902.00
5fcd71c07283d321e75d28ce,main-trial-3,k,k,true,159251.30
5fcd71c07283d321e75d28ce,main-trial-3,f,f,true,159488.90
5fcd71c07283d321e75d28ce,main-trial-3,h,h,true,160182.60
5fcd71c07283d321e75d28ce,main-trial-3,f,f,true,160610.30
5fcd71c07283d321e75d28ce,main-trial-3,l,l,true,160975.20
5fcd71c07283d321e75d28ce,main-trial-3, , ,true,161397.90
5fcd71c07283d321e75d28ce,main-trial-3,x,x,true,161963.30
5fcd71c07283d321e75d28ce,main-trial-3,c,c,true,162364.90
5fcd71c07283d321e75d28ce,main-trial-3, , ,true,162747.60
5fcd71c07283d321e75d28ce,main-trial-3,x,x,true,162962.50
5fcd71c07283d321e75d28ce,main-trial-3,c,c,true,163200.70
5fcd71c07283d321e75d28ce,main-trial-3, , ,true,163512.60
5fcd71c07283d321e75d28ce,main-trial-3,x,x,true,163740.60
5fcd71c07283d321e75d28ce,main-trial-3,c,c,true,163952.10
5fcd71c07283d321e75d28ce,main-trial-3, , ,true,164262.40
5fcd71c07283d321e75d28ce,main-trial-3,q,q,true,164876.50
5fcd71c07283d321e75d28ce,main-trial-3,i,i,true,165216.10
5fcd71c07283d321e75d28ce,main-trial-3,j,j,true,166654.30
5fcd71c07283d321e75d28ce,main-trial-3,h,h,true,166863.80
5fcd71c07283d321e75d28ce,main-trial-3,e,e,true,167155.40
5fcd71c07283d321e75d28ce,main-trial-3, , ,true,167464.10
5fcd71c07283d321e75d28ce,main-trial-3,c,c,true,167953.00
5fcd71c07283d321e75d28ce,main-trial-3,e,e,true,168198.20
5fcd71c07283d321e75d28ce,main-trial-3, , ,true,168491.30
5fcd71c07283d321e75d28ce,main-trial-3,c,c,true,168732.20
5fcd71c07283d321e75d28ce,main-trial-3,e,e,true,168912.30
5fcd71c07283d321e75d28ce,main-trial-3, , ,true,169184.80
5fcd71c07283d321e75d28ce,main-trial-3,c,c,true,169405.70
5fcd71c07283d321e75d28ce,main-trial-3,e,e,true,169552.30
5fcd71c07283d321e75d28ce,main-trial-3, , ,true,169833.10
5fcd71c07283d321e75d28ce,main-trial-3,q,q,true,171041.80
5fcd71c07283d321e75d28ce,main-trial-3,m,m,true,171400.30
5fcd71c07283d321e75d28ce,main-trial-3,r,r,true,172178.30
5fcd71c07283d321e75d28ce,main-trial-3,a,a,true,172326.00
5fcd71c07283d321e75d28ce,main-trial-3,e,e,true,172642.60
5fcd71c07283d321e75d28ce,main-trial-3, , ,true,172901.30
5fcd71c07283d321e75d28ce,main-trial-3,x,x,true,173580.70
5fcd71c07283d321e75d28ce,main-trial-3,c,c,true,173834.20
5fcd71c07283d321e75d28ce,main-trial-3, , ,true,174091.40
5fcd71c07283d321e75d28ce,main-trial-3,c,c,true,174480.80
5fcd71c07283d321e75d28ce,main-trial-3,e,e,true,174901.40
5fcd71c07283d321e75d28ce,main-trial-3, , ,true,175537.30
5fcd71c07283d321e75d28ce,main-trial-3,x,x,true,175856.10
5fcd71c07283d321e75d28ce,main-trial-3,c,c,true,176084.90
5fcd71c07283d321e75d28ce,main-trial-3, , ,true,176340.20
5fcd71c07283d321e75d28ce,main-trial-3,c,c,true,176623.70
5fcd71c07283d321e75d28ce,main-trial-3,e,e,true,176855.70
5fcd71c07283d321e75d28ce,main-trial-3, , ,true,177129.70
5fcd71c07283d321e75d28ce,main-trial-3,x,x,true,177384.10
5fcd71c07283d321e75d28ce,main-trial-3,c,c,true,177559.30
5fcd71c07283d321e75d28ce,main-trial-3, , ,true,177761.40
5fcd71c07283d321e75d28ce,main-trial-3,c,c,true,178155.20
5fcd71c07283d321e75d28ce,main-trial-3,e,e,true,178487.50
5fcd71c07283d321e75d28ce,main-trial-4,h,h,true,184084.70
5fcd71c07283d321e75d28ce,main-trial-4,k,k,true,184237.00
5fcd71c07283d321e75d28ce,main-trial-4,f,f,true,184954.10
5fcd71c07283d321e75d28ce,main-trial-4,e,e,true,185099.20
5fcd71c07283d321e75d28ce,main-trial-4,o,o,true,185332.60
5fcd71c07283d321e75d28ce,main-trial-4, , ,true,185518.60
5fcd71c07283d321e75d28ce,main-trial-4,w,w,true,186042.10
5fcd71c07283d321e75d28ce,main-trial-4,d,d,true,186226.30
5fcd71c07283d321e75d28ce,main-trial-4, , ,true,186543.30
5fcd71c07283d321e75d28ce,main-trial-4,w,w,true,186714.00
5fcd71c07283d321e75d28ce,main-trial-4,d,d,true,186902.60
5fcd71c07283d321e75d28ce,main-trial-4, , ,true,187123.90
5fcd71c07283d321e75d28ce,main-trial-4,w,w,true,187305.40
5fcd71c07283d321e75d28ce,main-trial-4,d,d,true,187430.30
5fcd71c07283d321e75d28ce,main-trial-4, , ,true,187639.50
5fcd71c07283d321e75d28ce,main-trial-4,e,e,true,188404.40
5fcd71c07283d321e75d28ce,main-trial-4,q,q,true,188655.80
5fcd71c07283d321e75d28ce,main-trial-4,p,p,true,189337.20
5fcd71c07283d321e75d28ce,main-trial-4,i,i,true,189469.20
5fcd71c07283d321e75d28ce,main-trial-4,p,p,true,189601.80
5fcd71c07283d321e75d28ce,main-trial-4, , ,true,189805.00
5fcd71c07283d321e75d28ce,main-trial-4,d,d,true,190233.00
5fcd71c07283d321e75d28ce,main-trial-4,s,s,true,190360.10
5fcd71c07283d321e75d28ce,main-trial-4, , ,true,190615.20
5fcd71c07283d321e75d28ce,main-trial-4,d,d,true,190792.70
5fcd71c07283d321e75d28ce,main-trial-4,s,s,true,190918.20
5fcd71c07283d321e75d28ce,main-trial-4, , ,true,191061.60
5fcd71c07283d321e75d28ce,main-trial-4,d,d,true,191306.30
5fcd71c07283d321e75d28ce,main-trial-4,s,s,true,191425.50
5fcd71c07283d321e75d28ce,main-trial-4, , ,true,191664.00
5fcd71c07283d321e75d28ce,main-trial-4,l,l,true,192255.90
5fcd71c07283d321e75d28ce,main-trial-4,g,g,true,192485.40
5fcd71c07283d321e75d28ce,main-trial-4,b,b,true,192708.30
5fcd71c07283d321e75d28ce,main-trial-4,d,d,true,193311.40
5fcd71c07283d321e75d28ce,main-trial-4,w,w,true,193435.00
5fcd71c07283d321e75d28ce,main-trial-4, , ,true,193693.00
5fcd71c07283d321e75d28ce,main-trial-4,w,w,true,194108.90
5fcd71c07283d321e75d28ce,main-trial-4,d,d,true,194269.90
5fcd71c07283d321e75d28ce,main-trial-4, , ,true,194592.10
5fcd71c07283d321e75d28ce,main-trial-4,d,d,true,194836.30
5fcd71c07283d321e75d28ce,main-trial-4,s,s,true,195048.80
5fcd71c07283d321e75d28ce,main-trial-4, , ,true,195387.20
5fcd71c07283d321e75d28ce,main-trial-4,w,w,true,195575.70
5fcd71c07283d321e75d28ce,main-trial-4,d,d,true,195715.30
5fcd71c07283d321e75d28ce,main-trial-4, , ,true,196025.00
5fcd71c07283d321e75d28ce,main-trial-4,d,d,true,196527.90
5fcd71c07283d321e75d28ce,main-trial-4,s,s,true,196696.90
5fcd71c07283d321e75d28ce,main-trial-4, , ,true,197064.20
5fcd71c07283d321e75d28ce,main-trial-4,w,w,true,197965.60
5fcd71c07283d321e75d28ce,main-trial-4,d,d,true,198366.40
5fcd71c07283d321e75d28ce,main-trial-4, , ,true,198857.10
5fcd71c07283d321e75d28ce,main-trial-4,d,d,true,199620.10
5fcd71c07283d321e75d28ce,main-trial-4,s,s,true,199970.60
5fcd71c07283d321e75d28ce,main-trial-5,s,s,true,207214.30
5fcd71c07283d321e75d28ce,main-trial-5,x,x,true,207469.60
5fcd71c07283d321e75d28ce,main-trial-5,c,c,true,208293.20
5fcd71c07283d321e75d28ce,main-trial-5,m,m,true,208549.90
5fcd71c07283d321e75d28ce,main-trial-5,e,e,true,208750.00
5fcd71c07283d321e75d28ce,main-trial-5, , ,true,208987.70
5fcd71c07283d321e75d28ce,main-trial-5,a,a,true,209225.40
5fcd71c07283d321e75d28ce,main-trial-5,a,a,true,209412.60
5fcd71c07283d321e75d28ce,main-trial-5, , ,true,209637.90
5fcd71c07283d321e75d28ce,main-trial-5,a,a,true,209854.30
5fcd71c07283d321e75d28ce,main-trial-5,a,a,true,210064.70
5fcd71c07283d321e75d28ce,main-trial-5, , ,true,210299.60
5fcd71c07283d321e75d28ce,main-trial-5,a,a,true,210551.40
5fcd71c07283d321e75d28ce,main-trial-5,a,a,true,210762.50
5fcd71c07283d321e75d28ce,main-trial-5, , ,true,211042.80
5fcd71c07283d321e75d28ce,main-trial-5,n,n,true,211321.20
5fcd71c07283d321e75d28ce,main-trial-5,i,i,true,211542.00
5fcd71c07283d321e75d28ce,main-trial-5,v,v,true,212016.30
5fcd71c07283d321e75d28ce,main-trial-5,q,q,true,213007.70
5fcd71c07283d321e75d28ce,main-trial-5,s,a,false,213450.20
5fcd71c07283d321e75d28ce,main-trial-5,s,s,true,214534.90
5fcd71c07283d321e75d28ce,main-trial-5, , ,true,215310.40
5fcd71c07283d321e75d28ce,main-trial-5,f,f,true,215517.40
5fcd71c07283d321e75d28ce,main-trial-5,f,f,true,215649.60
5fcd71c07283d321e75d28ce,main-trial-5, , ,true,215867.10
5fcd71c07283d321e75d28ce,main-trial-5,f,f,true,216024.50
5fcd71c07283d321e75d28ce,main-trial-5,f,f,true,216154.10
5fcd71c07283d321e75d28ce,main-trial-5, , ,true,216397.80
5fcd71c07283d321e75d28ce,main-trial-5,f,f,true,216545.70
5fcd71c07283d321e75d28ce,main-trial-5,f,f,true,216670.20
5fcd71c07283d321e75d28ce,main-trial-5, , ,true,216930.60
5fcd71c07283d321e75d28ce,main-trial-5,q,q,true,217785.40
5fcd71c07283d321e75d28ce,main-trial-5,r,x,false,218286.70
5fcd71c07283d321e75d28ce,main-trial-5,r,r,true,219828.80
5fcd71c07283d321e75d28ce,main-trial-5,x,x,true,220139.10
5fcd71c07283d321e75d28ce,main-trial-5,s,s,true,220813.30
5fcd71c07283d321e75d28ce,main-trial-5,o,o,true,221122.40
5fcd71c07283d321e75d28ce,main-trial-5, , ,true,221458.30
5fcd71c07283d321e75d28ce,main-trial-5,a,a,true,221748.40
5fcd71c07283d321e75d28ce,main-trial-5,a,a,true,221902.50
5fcd71c07283d321e75d28ce,main-trial-5, , ,true,222270.50
5fcd71c07283d321e75d28ce,main-trial-5,f,f,true,222565.70
5fcd71c07283d321e75d28ce,main-trial-5,f,f,true,222697.30
5fcd71c07283d321e75d28ce,main-trial-5, , ,true,223823.20
5fcd71c07283d321e75d28ce,main-trial-5,a,a,true,224076.30
5fcd71c07283d321e75d28ce,main-trial-5,a,a,true,224266.70
5fcd71c07283d321e75d28ce,main-trial-5, , ,true,224627.80
5fcd71c07283d321e75d28ce,main-trial-5,f,f,true,224818.10
5fcd71c07283d321e75d28ce,main-trial-5,f,f,true,225003.50
5fcd71c07283d321e75d28ce,main-trial-5, , ,true,225378.80
5fcd71c07283d321e75d28ce,main-trial-5,a,a,true,225572.80
5fcd71c07283d321e75d28ce,main-trial-5,a,a,true,225772.60
5fcd71c07283d321e75d28ce,main-trial-5, , ,true,226105.20
5fcd71c07283d321e75d28ce,main-trial-5,f,f,true,226317.30
5fcd71c07283d321e75d28ce,main-trial-5,f,f,true,226504.80
5fcd71c07283d321e75d28ce,main-trial-6,x,x,true,230017.40
5fcd71c07283d321e75d28ce,main-trial-6,x,x,true,230199.90
5fcd71c07283d321e75d28ce,main-trial-6,p,p,true,231419.40
5fcd71c07283d321e75d28ce,main-trial-6,l,l,true,231600.00
5fcd71c07283d321e75d28ce,main-trial-6,w,w,true,231868.60
5fcd71c07283d321e75d28ce,main-trial-6, , ,true,232775.60
5fcd71c07283d321e75d28ce,main-trial-6,d,d,true,232879.10
5fcd71c07283d321e75d28ce,main-trial-6,f,f,true,233052.50
5fcd71c07283d321e75d28ce,main-trial-6, , ,true,233210.20
5fcd71c07283d321e75d28ce,main-trial-6,d,d,true,233466.00
5fcd71c07283d321e75d28ce,main-trial-6,f,f,true,233569.10
5fcd71c07283d321e75d28ce,main-trial-6, , ,true,233706.50
5fcd71c07283d321e75d28ce,main-trial-6,d,d,true,233962.20
5fcd71c07283d321e75d28ce,main-trial-6,f,f,true,234061.90
5fcd71c07283d321e75d28ce,main-trial-6, , ,true,234188.20
5fcd71c07283d321e75d28ce,main-trial-6,e,e,true,234701.80
5fcd71c07283d321e75d28ce,main-trial-6,t,t,true,235007.90
5fcd71c07283d321e75d28ce,main-trial-6,l,l,true,235630.00
5fcd71c07283d321e75d28ce,main-trial-6,q,q,true,235724.70
5fcd71c07283d321e75d28ce,main-trial-6,n,n,true,235837.40
5fcd71c07283d321e75d28ce,main-trial-6, , ,true,235972.30
5fcd71c07283d321e75d28ce,main-trial-6,f,f,true,236721.10
5fcd71c07283d321e75d28ce,main-trial-6,g,g,true,236893.20
5fcd71c07283d321e75d28ce,main-trial-6, , ,true,237425.90
5fcd71c07283d321e75d28ce,main-trial-6,f,f,true,237535.30
5fcd71c07283d321e75d28ce,main-trial-6,g,g,true,237623.20
5fcd71c07283d321e75d28ce,main-trial-6, , ,true,237800.40
5fcd71c07283d321e75d28ce,main-trial-6,f,f,true,237905.40
5fcd71c07283d321e75d28ce,main-trial-6,g,g,true,237980.20
5fcd71c07283d321e75d28ce,main-trial-6, , ,true,238655.10
5fcd71c07283d321e75d28ce,main-trial-6,a,a,true,239242.20
5fcd71c07283d321e75d28ce,main-trial-6,h,h,true,239685.40
5fcd71c07283d321e75d28ce,main-trial-6,n,n,true,240129.10
5fcd71c07283d321e75d28ce,main-trial-6,a,a,true,240219.30
5fcd71c07283d321e75d28ce,main-trial-6,k,k,true,240291.90
5fcd71c07283d321e75d28ce,main-trial-6, , ,true,240404.70
5fcd71c07283d321e75d28ce,main-trial-6,d,d,true,241033.80
5fcd71c07283d321e75d28ce,main-trial-6,f,f,true,241148.70
5fcd71c07283d321e75d28ce,main-trial-6, , ,true,241509.00
5fcd71c07283d321e75d28ce,main-trial-6,f,f,true,242062.40
5fcd71c07283d321e75d28ce,main-trial-6,g,g,true,242218.90
5fcd71c07283d321e75d28ce,main-trial-6, , ,true,242690.20
5fcd71c07283d321e75d28ce,main-trial-6,d,d,true,243026.50
5fcd71c07283d321e75d28ce,main-trial-6,f,f,true,243121.70
5fcd71c07283d321e75d28ce,main-trial-6, , ,true,243538.60
5fcd71c07283d321e75d28ce,main-trial-6,f,f,true,243935.30
5fcd71c07283d321e75d28ce,main-trial-6,g,g,true,244040.30
5fcd71c07283d321e75d28ce,main-trial-6, , ,true,244447.80
5fcd71c07283d321e75d28ce,main-trial-6,d,d,true,244724.40
5fcd71c07283d321e75d28ce,main-trial-6,f,f,true,244820.80
5fcd71c07283d321e75d28ce,main-trial-6, , ,true,245231.20
5fcd71c07283d321e75d28ce,main-trial-6,f,f,true,245479.70
5fcd71c07283d321e75d28ce,main-trial-6,g,g,true,245574.70
5fcd71c07283d321e75d28ce,main-trial-7,d,d,true,248947.70
5fcd71c07283d321e75d28ce,main-trial-7,e,e,true,249239.70
5fcd71c07283d321e75d28ce,main-trial-7,j,j,true,250427.20
5fcd71c07283d321e75d28ce,main-trial-7,r,r,true,250518.90
5fcd71c07283d321e75d28ce,main-trial-7,s,s,true,250887.70
5fcd71c07283d321e75d28ce,main-trial-7, , ,true,251324.70
5fcd71c07283d321e75d28ce,main-trial-7,f,f,true,251802.50
5fcd71c07283d321e75d28ce,main-trial-7,r,r,true,252007.60
5fcd71c07283d321e75d28ce,main-trial-7, , ,true,252215.30
5fcd71c07283d321e75d28ce,main-trial-7,f,f,true,252391.00
5fcd71c07283d321e75d28ce,main-trial-7,r,r,true,252555.80
5fcd71c07283d321e75d28ce,main-trial-7, , ,true,252819.40
5fcd71c07283d321e75d28ce,main-trial-7,f,f,true,253044.50
5fcd71c07283d321e75d28ce,main-trial-7,r,r,true,253187.90
5fcd71c07283d321e75d28ce,main-trial-7, , ,true,253458.10
5fcd71c07283d321e75d28ce,main-trial-7,v,v,true,254920.70
5fcd71c07283d321e75d28ce,main-trial-7,c,c,true,255421.60
5fcd71c07283d321e75d28ce,main-trial-7,a,a,true,255664.60
5fcd71c07283d321e75d28ce,main-trial-7,q,q,true,256065.00
5fcd71c07283d321e75d28ce,main-trial-7,t,t,true,256648.90
5fcd71c07283d321e75d28ce,main-trial-7, , ,true,257058.50
5fcd71c07283d321e75d28ce,main-trial-7,f,f,true,257426.40
5fcd71c07283d321e75d28ce,main-trial-7,d,d,true,257557.80
5fcd71c07283d321e75d28ce,main-trial-7, , ,true,257740.70
5fcd71c07283d321e75d28ce,main-trial-7,f,f,true,257933.40
5fcd71c07283d321e75d28ce,main-trial-7,d,d,true,258079.30
5fcd71c07283d321e75d28ce,main-trial-7, , ,true,258284.40
5fcd71c07283d321e75d28ce,main-trial-7,f,f,true,258450.90
5fcd71c07283d321e75d28ce,main-trial-7,d,d,true,258578.20
5fcd71c07283d321e75d28ce,main-trial-7, , ,true,258775.90
5fcd71c07283d321e75d28ce,main-trial-7,s,s,true,259801.30
5fcd71c07283d321e75d28ce,main-trial-7,l,l,true,260541.80
5fcd71c07283d321e75d28ce,main-trial-7,x,z,false,260843.90
5fcd71c07283d321e75d28ce,main-trial-7,x,x,true,261924.30
5fcd71c07283d321e75d28ce,main-trial-7,z,z,true,262708.80
5fcd71c07283d321e75d28ce,main-trial-7,f,f,true,263523.20
5fcd71c07283d321e75d28ce,main-trial-7, , ,true,263870.40
5fcd71c07283d321e75d28ce,main-trial-7,f,f,true,264234.30
5fcd71c07283d321e75d28ce,main-trial-7,r,r,true,264409.50
5fcd71c07283d321e75d28ce,main-trial-7, , ,true,264806.00
5fcd71c07283d321e75d28ce,main-trial-7,f,f,true,265093.40
5fcd71c07283d321e75d28ce,main-trial-7,d,d,true,265233.90
5fcd71c07283d321e75d28ce,main-trial-7, , ,true,265589.60
5fcd71c07283d321e75d28ce,main-trial-7,f,f,true,265774.80
5fcd71c07283d321e75d28ce,main-trial-7,r,r,true,265931.40
5fcd71c07283d321e75d28ce,main-trial-7, , ,true,266283.80
5fcd71c07283d321e75d28ce,main-trial-7,f,f,true,266541.60
5fcd71c07283d321e75d28ce,main-trial-7,d,d,true,266683.10
5fcd71c07283d321e75d28ce,main-trial-7, , ,true,267056.70
5fcd71c07283d321e75d28ce,main-trial-7,f,f,true,267495.50
5fcd71c07283d321e75d28ce,main-trial-7,r,r,true,268164.30
5fcd71c07283d321e75d28ce,main-trial-7, , ,true,268971.10
5fcd71c07283d321e75d28ce,main-trial-7,f,f,true,269453.20
5fcd71c07283d321e75d28ce,main-trial-7,d,d,true,269602.30
5fcd71c07283d321e75d28ce,main-trial-8,g,g,true,279312.10
5fcd71c07283d321e75d28ce,main-trial-8,w,w,true,279637.70
5fcd71c07283d321e75d28ce,main-trial-8,d,d,true,280412.80
5fcd71c07283d321e75d28ce,main-trial-8,u,u,true,280673.20
5fcd71c07283d321e75d28ce,main-trial-8,f,f,true,280887.80
5fcd71c07283d321e75d28ce,main-trial-8, , ,true,281167.30
5fcd71c07283d321e75d28ce,main-trial-8,f,f,true,281495.30
5fcd71c07283d321e75d28ce,main-trial-8,d,d,true,281705.70
5fcd71c07283d321e75d28ce,main-trial-8, , ,true,281957.20
5fcd71c07283d321e75d28ce,main-trial-8,f,f,true,282174.60
5fcd71c07283d321e75d28ce,main-trial-8,d,d,true,282485.50
5fcd71c07283d321e75d28ce,main-trial-8, , ,true,282761.50
5fcd71c07283d321e75d28ce,main-trial-8,f,f,true,282942.00
5fcd71c07283d321e75d28ce,main-trial-8,d,d,true,283121.80
5fcd71c07283d321e75d28ce,main-trial-8, , ,true,283383.80
5fcd71c07283d321e75d28ce,main-trial-8,n,n,true,283900.80
5fcd71c07283d321e75d28ce,main-trial-8,a,a,true,284051.60
5fcd71c07283d321e75d28ce,main-trial-8,i,i,true,284415.30
5fcd71c07283d321e75d28ce,main-trial-8,e,e,true,284605.40
5fcd71c07283d321e75d28ce,main-trial-8,t,t,true,285121.00
5fcd71c07283d321e75d28ce,main-trial-8, , ,true,285334.90
5fcd71c07283d321e75d28ce,main-trial-8,c,c,true,285609.10
5fcd71c07283d321e75d28ce,main-trial-8,e,e,true,285746.80
5fcd71c07283d321e75d28ce,main-trial-8, , ,true,286021.20
5fcd71c07283d321e75d28ce,main-trial-8,c,c,true,286196.70
5fcd71c07283d321e75d28ce,main-trial-8,e,e,true,286319.70
5fcd71c07283d321e75d28ce,main-trial-8, , ,true,286596.70
5fcd71c07283d321e75d28ce,main-trial-8,c,c,true,286750.70
5fcd71c07283d321e75d28ce,main-trial-8,e,e,true,286887.90
5fcd71c07283d321e75d28ce,main-trial-8, , ,true,287124.20
5fcd71c07283d321e75d28ce,main-trial-8,s,s,true,287601.60
5fcd71c07283d321e75d28ce,main-trial-8,e,e,true,287824.70
5fcd71c07283d321e75d28ce,main-trial-8,p,p,true,288201.40
5fcd71c07283d321e75d28ce,main-trial-8,v,v,true,288859.60
5fcd71c07283d321e75d28ce,main-trial-8,s,s,true,289037.00
5fcd71c07283d321e75d28ce,main-trial-8, , ,true,289373.00
5fcd71c07283d321e75d28ce,main-trial-8,f,f,true,289951.60
5fcd71c07283d321e75d28ce,main-trial-8,d,d,true,290116.50
5fcd71c07283d321e75d28ce,main-trial-8, , ,true,290440.10
5fcd71c07283d321e75d28ce,main-trial-8,c,c,true,290692.10
5fcd71c07283d321e75d28ce,main-trial-8,e,e,true,290852.50
5fcd71c07283d321e75d28ce,main-trial-8, , ,true,291585.20
5fcd71c07283d321e75d28ce,main-trial-8,f,f,true,291737.10
5fcd71c07283d321e75d28ce,main-trial-8,d,d,true,291871.50
5fcd71c07283d321e75d28ce,main-trial-8, , ,true,292142.80
5fcd71c07283d321e75d28ce,main-trial-8,c,c,true,292322.80
5fcd71c07283d321e75d28ce,main-trial-8,e,e,true,292465.90
5fcd71c07283d321e75d28ce,main-trial-8, , ,true,292743.80
5fcd71c07283d321e75d28ce,main-trial-8,f,f,true,293015.00
5fcd71c07283d321e75d28ce,main-trial-8,d,d,true,293124.60
5fcd71c07283d321e75d28ce,main-trial-8, , ,true,293697.00
5fcd71c07283d321e75d28ce,main-trial-8,c,c,true,293826.10
5fcd71c07283d321e75d28ce,main-trial-8,e,e,true,293943.00
5fcd71c07283d321e75d28ce,main-trial-9,j,j,true,299291.50
5fcd71c07283d321e75d28ce,main-trial-9,y,y,true,299547.30
5fcd71c07283d321e75d28ce,main-trial-9,c,c,true,299814.50
5fcd71c07283d321e75d28ce,main-trial-9,a,a,true,300001.40
5fcd71c07283d321e75d28ce,main-trial-9,y,y,true,300552.10
5fcd71c07283d321e75d28ce,main-trial-9, , ,true,300747.00
5fcd71c07283d321e75d28ce,main-trial-9,z,z,true,302523.20
5fcd71c07283d321e75d28ce,main-trial-9,x,x,true,303055.40
5fcd71c07283d321e75d28ce,main-trial-9, , ,true,303456.30
5fcd71c07283d321e75d28ce,main-trial-9,z,z,true,303635.10
5fcd71c07283d321e75d28ce,main-trial-9,x,x,true,303878.20
5fcd71c07283d321e75d28ce,main-trial-9, , ,true,304112.50
5fcd71c07283d321e75d28ce,main-trial-9,z,z,true,304335.80
5fcd71c07283d321e75d28ce,main-trial-9,x,x,true,304622.00
5fcd71c07283d321e75d28ce,main-trial-9, , ,true,304910.80
5fcd71c07283d321e75d28ce,main-trial-9,b,b,true,306352.10
5fcd71c07283d321e75d28ce,main-trial-9,d,d,true,306535.20
5fcd71c07283d321e75d28ce,main-trial-9,z,z,true,307086.70
5fcd71c07283d321e75d28ce,main-trial-9,l,l,true,307496.00
5fcd71c07283d321e75d28ce,main-trial-9,v,v,true,308156.20
5fcd71c07283d321e75d28ce,main-trial-9, , ,true,308574.10
5fcd71c07283d321e75d28ce,main-trial-9,z,z,true,309134.00
5fcd71c07283d321e75d28ce,main-trial-9,e,e,true,309405.60
5fcd71c07283d321e75d28ce,main-trial-9, , ,true,309730.00
5fcd71c07283d321e75d28ce,main-trial-9,z,z,true,309964.40
5fcd71c07283d321e75d28ce,main-trial-9,e,e,true,310160.30
5fcd71c07283d321e75d28ce,main-trial-9, , ,true,310385.80
5fcd71c07283d321e75d28ce,main-trial-9,z,z,true,310629.30
5fcd71c07283d321e75d28ce,main-trial-9,e,e,true,310846.60
5fcd71c07283d321e75d28ce,main-trial-9, , ,true,311135.30
5fcd71c07283d321e75d28ce,main-trial-9,r,r,true,311798.30
5fcd71c07283d321e75d28ce,main-trial-9,t,t,true,312242.00
5fcd71c07283d321e75d28ce,main-trial-9,m,m,true,312603.70
5fcd71c07283d321e75d28ce,main-trial-9,f,f,true,313307.70
5fcd71c07283d321e75d28ce,main-trial-9,b,b,true,313513.20
5fcd71c07283d321e75d28ce,main-trial-9, , ,true,313695.20
5fcd71c07283d321e75d28ce,main-trial-9,z,z,true,314512.50
5fcd71c07283d321e75d28ce,main-trial-9,x,x,true,314719.90
5fcd71c07283d321e75d28ce,main-trial-9, , ,true,314996.30
5fcd71c07283d321e75d28ce,main-trial-9,z,z,true,315419.30
5fcd71c07283d321e75d28ce,main-trial-9,e,e,true,315693.60
5fcd71c07283d321e75d28ce,main-trial-9, , ,true,315959.90
5fcd71c07283d321e75d28ce,main-trial-9,z,x,false,316181.00
5fcd71c07283d321e75d28ce,main-trial-9,z,z,true,316698.10
5fcd71c07283d321e75d28ce,main-trial-9,x,x,true,316930.10
5fcd71c07283d321e75d28ce,main-trial-9, , ,true,317244.60
5fcd71c07283d321e75d28ce,main-trial-9,z,z,true,317548.90
5fcd71c07283d321e75d28ce,main-trial-9,e,e,true,317893.10
5fcd71c07283d321e75d28ce,main-trial-9, , ,true,318280.20
5fcd71c07283d321e75d28ce,main-trial-9,z,z,true,318570.30
5fcd71c07283d321e75d28ce,main-trial-9,x,x,true,318843.50
5fcd71c07283d321e75d28ce,main-trial-9, , ,true,319148.80
5fcd71c07283d321e75d28ce,main-trial-9,z,z,true,319590.30
5fcd71c07283d321e75d28ce,main-trial-9,e,e,true,320028.50
5fcd71c07283d321e75d28ce,main-trial-10,z,z,true,325138.30
5fcd71c07283d321e75d28ce,main-trial-10,s,s,true,325372.80
5fcd71c07283d321e75d28ce,main-trial-10,i,i,true,325657.70
5fcd71c07283d321e75d28ce,main-trial-10,v,v,true,326134.30
5fcd71c07283d321e75d28ce,main-trial-10,e,e,true,326317.10
5fcd71c07283d321e75d28ce,main-trial-10, , ,true,326586.40
5fcd71c07283d321e75d28ce,main-trial-10,f,f,true,326996.30
5fcd71c07283d321e75d28ce,main-trial-10,e,e,true,327159.60
5fcd71c07283d321e75d28ce,main-trial-10, , ,true,327462.50
5fcd71c07283d321e75d28ce,main-trial-10,f,f,true,327630.70
5fcd71c07283d321e75d28ce,main-trial-10,e,e,true,327737.20
5fcd71c07283d321e75d28ce,main-trial-10, , ,true,327957.50
5fcd71c07283d321e75d28ce,main-trial-10,f,f,true,328063.10
5fcd71c07283d321e75d28ce,main-trial-10,e,e,true,328175.00
5fcd71c07283d321e75d28ce,main-trial-10, , ,true,328694.00
5fcd71c07283d321e75d28ce,main-trial-10,z,z,true,329155.10
5fcd71c07283d321e75d28ce,main-trial-10,r,r,true,329671.70
5fcd71c07283d321e75d28ce,main-trial-10,i,i,true,329912.70
5fcd71c07283d321e75d28ce,main-trial-10,r,r,true,330060.00
5fcd71c07283d321e75d28ce,main-trial-10,c,c,true,330522.70
5fcd71c07283d321e75d28ce,main-trial-10, , ,true,330791.10
5fcd71c07283d321e75d28ce,main-trial-10,e,e,true,331018.40
5fcd71c07283d321e75d28ce,main-trial-10,f,f,true,331131.10
5fcd71c07283d321e75d28ce,main-trial-10, , ,true,331369.90
5fcd71c07283d321e75d28ce,main-trial-10,e,e,true,331499.50
5fcd71c07283d321e75d28ce,main-trial-10,f,f,true,331618.60
5fcd71c07283d321e75d28ce,main-trial-10, , ,true,331864.10
5fcd71c07283d321e75d28ce,main-trial-10,e,e,true,331956.30
5fcd71c07283d321e75d28ce,main-trial-10,f,f,true,332069.70
5fcd71c07283d321e75d28ce,main-trial-10, , ,true,332465.50
5fcd71c07283d321e75d28ce,main-trial-10,b,b,true,333093.00
5fcd71c07283d321e75d28ce,main-trial-10,u,u,true,333457.90
5fcd71c07283d321e75d28ce,main-trial-10,j,j,true,334152.90
5fcd71c07283d321e75d28ce,main-trial-10,g,g,true,334267.30
5fcd71c07283d321e75d28ce,main-trial-10,z,z,true,334520.80
5fcd71c07283d321e75d28ce,main-trial-10, , ,true,334767.10
5fcd71c07283d321e75d28ce,main-trial-10,f,f,true,335130.90
5fcd71c07283d321e75d28ce,main-trial-10,e,e,true,335264.30
5fcd71c07283d321e75d28ce,main-trial-10, , ,true,335545.80
5fcd71c07283d321e75d28ce,main-trial-10,e,e,true,335793.00
5fcd71c07283d321e75d28ce,main-trial-10,f,f,true,335903.60
5fcd71c07283d321e75d28ce,main-trial-10, , ,true,336189.10
5fcd71c07283d321e75d28ce,main-trial-10,f,f,true,336398.00
5fcd71c07283d321e75d28ce,main-trial-10,e,e,true,336500.80
5fcd71c07283d321e75d28ce,main-trial-10, , ,true,336830.60
5fcd71c07283d321e75d28ce,main-trial-10,e,e,true,337061.60
5fcd71c07283d321e75d28ce,main-trial-10,f,f,true,337156.40
5fcd71c07283d321e75d28ce,main-trial-10, ,f,false,338658.50
5fcd71c07283d321e75d28ce,main-trial-10, ,e,false,338785.10
5fcd71c07283d321e75d28ce,main-trial-10, , ,true,339410.00
5fcd71c07283d321e75d28ce,main-trial-10,f,f,true,339628.10
5fcd71c07283d321e75d28ce,main-trial-10,e,e,true,339737.10
5fcd71c07283d321e75d28ce,main-trial-10, , ,true,340241.50
5fcd71c07283d321e75d28ce,main-trial-10,e,e,true,340540.00
5fcd71c07283d321e75d28ce,main-trial-10,f,f,true,340651.70
5fcd71c07283d321e75d28ce,main-trial-11,j,j,true,347623.50
5fcd71c07283d321e75d28ce,main-trial-11,e,e,true,347706.50
5fcd71c07283d321e75d28ce,main-trial-11,m,m,true,347825.80
5fcd71c07283d321e75d28ce,main-trial-11,d,d,true,348406.80
5fcd71c07283d321e75d28ce,main-trial-11,c,c,true,348655.90
5fcd71c07283d321e75d28ce,main-trial-11, , ,true,348886.00
5fcd71c07283d321e75d28ce,main-trial-11,s,s,true,349027.60
5fcd71c07283d321e75d28ce,main-trial-11,e,e,true,349193.30
5fcd71c07283d321e75d28ce,main-trial-11, , ,true,349399.70
5fcd71c07283d321e75d28ce,main-trial-11,s,s,true,349547.10
5fcd71c07283d321e75d28ce,main-trial-11,e,e,true,349632.90
5fcd71c07283d321e75d28ce,main-trial-11, , ,true,350095.10
5fcd71c07283d321e75d28ce,main-trial-11,s,s,true,350233.40
5fcd71c07283d321e75d28ce,main-trial-11,e,e,true,350353.00
5fcd71c07283d321e75d28ce,main-trial-11, , ,true,350629.20
5fcd71c07283d321e75d28ce,main-trial-11,f,f,true,351100.90
5fcd71c07283d321e75d28ce,main-trial-11,f,f,true,351264.90
5fcd71c07283d321e75d28ce,main-trial-11,w,w,true,351723.30
5fcd71c07283d321e75d28ce,main-trial-11,w,w,true,351912.70
5fcd71c07283d321e75d28ce,main-trial-11,b,b,true,352511.50
5fcd71c07283d321e75d28ce,main-trial-11, , ,true,352751.90
5fcd71c07283d321e75d28ce,main-trial-11,w,w,true,353230.20
5fcd71c07283d321e75d28ce,main-trial-11,d,d,true,353565.70
5fcd71c07283d321e75d28ce,main-trial-11, , ,true,353904.40
5fcd71c07283d321e75d28ce,main-trial-11,w,w,true,354141.80
5fcd71c07283d321e75d28ce,main-trial-11,d,d,true,354329.80
5fcd71c07283d321e75d28ce,main-trial-11, , ,true,354566.20
5fcd71c07283d321e75d28ce,main-trial-11,w,w,true,354787.60
5fcd71c07283d321e75d28ce,main-trial-11,d,d,true,354929.90
5fcd71c07283d321e75d28ce,main-trial-11, , ,true,355183.90
5fcd71c07283d321e75d28ce,main-trial-11,p,p,true,356383.60
5fcd71c07283d321e75d28ce,main-trial-11,q,q,true,356919.80
5fcd71c07283d321e75d28ce,main-trial-11,k,k,true,357522.50
5fcd71c07283d321e75d28ce,main-trial-11,n,n,true,358269.50
5fcd71c07283d321e75d28ce,main-trial-11,n,n,true,358449.10
5fcd71c07283d321e75d28ce,main-trial-11, , ,true,358841.80
5fcd71c07283d321e75d28ce,main-trial-11,s,s,true,359039.20
5fcd71c07283d321e75d28ce,main-trial-11,e,e,true,359226.60
5fcd71c07283d321e75d28ce,main-trial-11, , ,true,359459.20
5fcd71c07283d321e75d28ce,main-trial-11,w,w,true,359815.00
5fcd71c07283d321e75d28ce,main-trial-11,d,d,true,360372.60
5fcd71c07283d321e75d28ce,main-trial-11, ,s,false,361001.30
5fcd71c07283d321e75d28ce,main-trial-11, , ,true,361453.60
5fcd71c07283d321e75d28ce,main-trial-11,s,s,true,361617.40
5fcd71c07283d321e75d28ce,main-trial-11,e,e,true,361796.00
5fcd71c07283d321e75d28ce,main-trial-11, , ,true,362152.80
5fcd71c07283d321e75d28ce,main-trial-11,w,w,true,363761.30
5fcd71c07283d321e75d28ce,main-trial-11,d,d,true,363983.10
5fcd71c07283d321e75d28ce,main-trial-11, , ,true,364263.40
5fcd71c07283d321e75d28ce,main-trial-11,s,s,true,364618.20
5fcd71c07283d321e75d28ce,main-trial-11,e,e,true,364870.80
5fcd71c07283d321e75d28ce,main-trial-11, , ,true,365113.60
5fcd71c07283d321e75d28ce,main-trial-11,w,w,true,365328.60
5fcd71c07283d321e75d28ce,main-trial-11,d,d,true,365584.60
5fcd71c07283d321e75d28ce,main-trial-12,y,y,true,369754.40
5fcd71c07283d321e75d28ce,main-trial-12,h,h,true,370060.60
5fcd71c07283d321e75d28ce,main-trial-12,h,h,true,370205.50
5fcd71c07283d321e75d28ce,main-trial-12,v,v,true,370785.70
5fcd71c07283d321e75d28ce,main-trial-12,j,j,true,371535.20
5fcd71c07283d321e75d28ce,main-trial-12, , ,true,371793.20
5fcd71c07283d321e75d28ce,main-trial-12,f,f,true,372223.80
5fcd71c07283d321e75d28ce,main-trial-12,f,f,true,372379.00
5fcd71c07283d321e75d28ce,main-trial-12, , ,true,372601.20
5fcd71c07283d321e75d28ce,main-trial-12,f,f,true,372782.00
5fcd71c07283d321e75d28ce,main-trial-12,f,f,true,372938.70
5fcd71c07283d321e75d28ce,main-trial-12, , ,true,373168.40
5fcd71c07283d321e75d28ce,main-trial-12,f,f,true,373389.90
5fcd71c07283d321e75d28ce,main-trial-12,f,f,true,373561.80
5fcd71c07283d321e75d28ce,main-trial-12, , ,true,373816.20
5fcd71c07283d321e75d28ce,main-trial-12,e,e,true,374260.80
5fcd71c07283d321e75d28ce,main-trial-12,r,r,true,374529.80
5fcd71c07283d321e75d28ce,main-trial-12,z,z,true,375325.10
5fcd71c07283d321e75d28ce,main-trial-12,k,k,true,375668.80
5fcd71c07283d321e75d28ce,main-trial-12,c,c,true,376204.50
5fcd71c07283d321e75d28ce,main-trial-12, , ,true,376534.90
5fcd71c07283d321e75d28ce,main-trial-12,a,a,true,376780.40
5fcd71c07283d321e75d28ce,main-trial-12,a,a,true,376969.10
5fcd71c07283d321e75d28ce,main-trial-12, , ,true,377184.00
5fcd71c07283d321e75d28ce,main-trial-12,a,a,true,377363.70
5fcd71c07283d321e75d28ce,main-trial-12,a,a,true,377559.10
5fcd71c07283d321e75d28ce,main-trial-12, , ,true,377768.30
5fcd71c07283d321e75d28ce,main-trial-12,a,a,true,377958.00
5fcd71c07283d321e75d28ce,main-trial-12,a,a,true,378167.90
5fcd71c07283d321e75d28ce,main-trial-12, , ,true,378485.80
5fcd71c07283d321e75d28ce,main-trial-12,q,q,true,379127.60
5fcd71c07283d321e75d28ce,main-trial-12,t,t,true,379421.40
5fcd71c07283d321e75d28ce,main-trial-12,k,k,true,380223.20
5fcd71c07283d321e75d28ce,main-trial-12,j,j,true,380995.20
5fcd71c07283d321e75d28ce,main-trial-12,s,s,true,381128.80
5fcd71c07283d321e75d28ce,main-trial-12, , ,true,381365.20
5fcd71c07283d321e75d28ce,main-trial-12,f,f,true,381749.50
5fcd71c07283d321e75d28ce,main-trial-12,f,f,true,381897.10
5fcd71c07283d321e75d28ce,main-trial-12, , ,true,382095.30
5fcd71c07283d321e75d28ce,main-trial-12,a,a,true,382291.70
5fcd71c07283d321e75d28ce,main-trial-12,a,a,true,382478.60
5fcd71c07283d321e75d28ce,main-trial-12, , ,true,382707.60
5fcd71c07283d321e75d28ce,main-trial-12,f,f,true,382859.40
5fcd71c07283d321e75d28ce,main-trial-12,f,f,true,383045.80
5fcd71c07283d321e75d28ce,main-trial-12, , ,true,383242.30
5fcd71c07283d321e75d28ce,main-trial-12,a,a,true,383387.80
5fcd71c07283d321e75d28ce,main-trial-12,a,a,true,383570.50
5fcd71c07283d321e75d28ce,main-trial-12, , ,true,383788.90
5fcd71c07283d321e75d28ce,main-trial-12,f,f,true,383924.70
5fcd71c07283d321e75d28ce,main-trial-12,f,f,true,384086.30
5fcd71c07283d321e75d28ce,main-trial-12, , ,true,384319.60
5fcd71c07283d321e75d28ce,main-trial-12,a,a,true,384456.30
5fcd71c07283d321e75d28ce,main-trial-12,a,a,true,384622.70
5fcd71c07283d321e75d28ce,main-trial-13,q,q,true,389593.20
5fcd71c07283d321e75d28ce,main-trial-13,y,y,true,389853.60
5fcd71c07283d321e75d28ce,main-trial-13,n,n,true,390063.50
5fcd71c07283d321e75d28ce,main-trial-13,e,e,true,390307.40
5fcd71c07283d321e75d28ce,main-trial-13,x,z,false,390621.20
5fcd71c07283d321e75d28ce,main-trial-13,x,x,true,391284.00
5fcd71c07283d321e75d28ce,main-trial-13, , ,true,391580.50
5fcd71c07283d321e75d28ce,main-trial-13,f,f,true,392401.10
5fcd71c07283d321e75d28ce,main-trial-13,d,d,true,392810.30
5fcd71c07283d321e75d28ce,main-trial-13, , ,true,393039.30
5fcd71c07283d321e75d28ce,main-trial-13,f,f,true,393235.30
5fcd71c07283d321e75d28ce,main-trial-13,d,d,true,393393.20
5fcd71c07283d321e75d28ce,main-trial-13, , ,true,393598.70
5fcd71c07283d321e75d28ce,main-trial-13,f,f,true,393773.00
5fcd71c07283d321e75d28ce,main-trial-13,d,d,true,393895.70
5fcd71c07283d321e75d28ce,main-trial-13, , ,true,394263.30
5fcd71c07283d321e75d28ce,main-trial-13,d,d,true,395055.30
5fcd71c07283d321e75d28ce,main-trial-13,c,c,true,395428.60
5fcd71c07283d321e75d28ce,main-trial-13,z,z,true,395800.20
5fcd71c07283d321e75d28ce,main-trial-13,v,v,true,396309.20
5fcd71c07283d321e75d28ce,main-trial-13,z,z,true,396677.80
5fcd71c07283d321e75d28ce,main-trial-13, , ,true,397066.50
5fcd71c07283d321e75d28ce,main-trial-13,d,d,true,397298.90
5fcd71c07283d321e75d28ce,main-trial-13,r,r,true,397500.90
5fcd71c07283d321e75d28ce,main-trial-13, , ,true,397678.80
5fcd71c07283d321e75d28ce,main-trial-13,d,d,true,397919.70
5fcd71c07283d321e75d28ce,main-trial-13,r,r,true,398070.40
5fcd71c07283d321e75d28ce,main-trial-13, , ,true,398258.40
5fcd71c07283d321e75d28ce,main-trial-13,d,d,true,398486.30
5fcd71c07283d321e75d28ce,main-trial-13,r,r,true,398618.40
5fcd71c07283d321e75d28ce,main-trial-13, , ,true,398850.60
5fcd71c07283d321e75d28ce,main-trial-13,h,h,true,399566.30
5fcd71c07283d321e75d28ce,main-trial-13,r,r,true,399805.70
5fcd71c07283d321e75d28ce,main-trial-13,p,p,true,400213.70
5fcd71c07283d321e75d28ce,main-trial-13,f,f,true,401242.80
5fcd71c07283d321e75d28ce,main-trial-13,j,j,true,401516.80
5fcd71c07283d321e75d28ce,main-trial-13, , ,true,401712.50
5fcd71c07283d321e75d28ce,main-trial-13,f,f,true,402242.60
5fcd71c07283d321e75d28ce,main-trial-13,d,d,true,402430.50
5fcd71c07283d321e75d28ce,main-trial-13, , ,true,402788.20
5fcd71c07283d321e75d28ce,main-trial-13,d,f,false,403535.90
5fcd71c07283d321e75d28ce,main-trial-13,d,d,true,404075.30
5fcd71c07283d321e75d28ce,main-trial-13,r,r,true,404297.80
5fcd71c07283d321e75d28ce,main-trial-13, , ,true,404535.70
5fcd71c07283d321e75d28ce,main-trial-13,f,f,true,404741.30
5fcd71c07283d321e75d28ce,main-trial-13,d,d,true,404902.70
5fcd71c07283d321e75d28ce,main-trial-13, , ,true,405077.20
5fcd71c07283d321e75d28ce,main-trial-13,d,d,true,405273.90
5fcd71c07283d321e75d28ce,main-trial-13,r,r,true,405438.70
5fcd71c07283d321e75d28ce,main-trial-13, , ,true,405644.30
5fcd71c07283d321e75d28ce,main-trial-13,f,f,true,405866.80
5fcd71c07283d321e75d28ce,main-trial-13,d,d,true,406007.00
5fcd71c07283d321e75d28ce,main-trial-13, , ,true,406158.30
5fcd71c07283d321e75d28ce,main-trial-13,d,d,true,406302.70
5fcd71c07283d321e75d28ce,main-trial-13,r,r,true,406491.10
5fcd71c07283d321e75d28ce,main-trial-14,k,k,true,410545.30
5fcd71c07283d321e75d28ce,main-trial-14,f,f,true,410733.70
5fcd71c07283d321e75d28ce,main-trial-14,m,m,true,411081.30
5fcd71c07283d321e75d28ce,main-trial-14,n,n,true,411263.30
5fcd71c07283d321e75d28ce,main-trial-14,s,s,true,411473.10
5fcd71c07283d321e75d28ce,main-trial-14, , ,true,411740.40
5fcd71c07283d321e75d28ce,main-trial-14,v,v,true,412178.90
5fcd71c07283d321e75d28ce,main-trial-14,r,r,true,412355.90
5fcd71c07283d321e75d28ce,main-trial-14, , ,true,412612.70
5fcd71c07283d321e75d28ce,main-trial-14,v,v,true,412775.30
5fcd71c07283d321e75d28ce,main-trial-14,r,r,true,412905.80
5fcd71c07283d321e75d28ce,main-trial-14, , ,true,413474.50
5fcd71c07283d321e75d28ce,main-trial-14,v,v,true,413648.10
5fcd71c07283d321e75d28ce,main-trial-14,r,r,true,413767.70
5fcd71c07283d321e75d28ce,main-trial-14, , ,true,414068.30
5fcd71c07283d321e75d28ce,main-trial-14,u,u,true,415063.70
5fcd71c07283d321e75d28ce,main-trial-14,d,d,true,415293.60
5fcd71c07283d321e75d28ce,main-trial-14,m,m,true,415515.00
5fcd71c07283d321e75d28ce,main-trial-14,x,x,true,416185.10
5fcd71c07283d321e75d28ce,main-trial-14,d,d,true,416554.90
5fcd71c07283d321e75d28ce,main-trial-14, , ,true,416817.60
5fcd71c07283d321e75d28ce,main-trial-14,c,c,true,417197.40
5fcd71c07283d321e75d28ce,main-trial-14,r,r,true,417393.10
5fcd71c07283d321e75d28ce,main-trial-14, , ,true,417638.90
5fcd71c07283d321e75d28ce,main-trial-14,c,c,true,417810.60
5fcd71c07283d321e75d28ce,main-trial-14,r,r,true,417969.30
5fcd71c07283d321e75d28ce,main-trial-14, , ,true,418209.60
5fcd71c07283d321e75d28ce,main-trial-14,c,c,true,418492.80
5fcd71c07283d321e75d28ce,main-trial-14,r,r,true,418727.10
5fcd71c07283d321e75d28ce,main-trial-14, , ,true,419042.70
5fcd71c07283d321e75d28ce,main-trial-14,r,r,true,419581.70
5fcd71c07283d321e75d28ce,main-trial-14,h,h,true,419970.00
5fcd71c07283d321e75d28ce,main-trial-14,q,q,true,420486.50
5fcd71c07283d321e75d28ce,main-trial-14,d,d,true,421131.40
5fcd71c07283d321e75d28ce,main-trial-14,t,t,true,421417.40
5fcd71c07283d321e75d28ce,main-trial-14, , ,true,421722.00
5fcd71c07283d321e75d28ce,main-trial-14,v,v,true,422262.00
5fcd71c07283d321e75d28ce,main-trial-14,r,r,true,422447.10
5fcd71c07283d321e75d28ce,main-trial-14, , ,true,422824.40
5fcd71c07283d321e75d28ce,main-trial-14,c,c,true,423203.50
5fcd71c07283d321e75d28ce,main-trial-14,r,r,true,423476.40
5fcd71c07283d321e75d28ce,main-trial-14, , ,true,423812.60
5fcd71c07283d321e75d28ce,main-trial-14,v,v,true,424151.20
5fcd71c07283d321e75d28ce,main-trial-14,r,r,true,424300.40
5fcd71c07283d321e75d28ce,main-trial-14, , ,true,424583.40
5fcd71c07283d321e75d28ce,main-trial-14,c,c,true,424990.60
5fcd71c07283d321e75d28ce,main-trial-14,r,r,true,425294.10
5fcd71c07283d321e75d28ce,main-trial-14, , ,true,425589.80
5fcd71c07283d321e75d28ce,main-trial-14,v,v,true,425935.50
5fcd71c07283d321e75d28ce,main-trial-14,r,r,true,426079.30
5fcd71c07283d321e75d28ce,main-trial-14, , ,true,426398.40
5fcd71c07283d321e75d28ce,main-trial-14,c,c,true,426799.70
5fcd71c07283d321e75d28ce,main-trial-14,r,r,true,427074.00
5fcd71c07283d321e75d28ce,main-trial-15,g,g,true,433478.90
5fcd71c07283d321e75d28ce,main-trial-15,t,t,true,433693.00
5fcd71c07283d321e75d28ce,main-trial-15,o,o,true,433839.50
5fcd71c07283d321e75d28ce,main-trial-15,d,d,true,434879.20
5fcd71c07283d321e75d28ce,main-trial-15,v,v,true,435137.50
5fcd71c07283d321e75d28ce,main-trial-15, , ,true,435423.90
5fcd71c07283d321e75d28ce,main-trial-15,s,s,true,435684.90
5fcd71c07283d321e75d28ce,main-trial-15,f,f,true,436029.20
5fcd71c07283d321e75d28ce,main-trial-15, , ,true,436299.30
5fcd71c07283d321e75d28ce,main-trial-15,s,s,true,436544.20
5fcd71c07283d321e75d28ce,main-trial-15,f,f,true,436741.20
5fcd71c07283d321e75d28ce,main-trial-15, , ,true,436966.60
5fcd71c07283d321e75d28ce,main-trial-15,s,s,true,437186.50
5fcd71c07283d321e75d28ce,main-trial-15,f,f,true,437411.40
5fcd71c07283d321e75d28ce,main-trial-15, , ,true,437664.00
5fcd71c07283d321e75d28ce,main-trial-15,z,z,true,438104.10
5fcd71c07283d321e75d28ce,main-trial-15,u,u,true,438785.40
5fcd71c07283d321e75d28ce,main-trial-15,u,u,true,438927.10
5fcd71c07283d321e75d28ce,main-trial-15,h,h,true,439653.40
5fcd71c07283d321e75d28ce,main-trial-15,d,d,true,439818.60
5fcd71c07283d321e75d28ce,main-trial-15, , ,true,440073.10
5fcd71c07283d321e75d28ce,main-trial-15,b,b,true,440374.20
5fcd71c07283d321e75d28ce,main-trial-15,e,e,true,440510.60
5fcd71c07283d321e75d28ce,main-trial-15, , ,true,440675.40
5fcd71c07283d321e75d28ce,main-trial-15,b,b,true,440889.20
5fcd71c07283d321e75d28ce,main-trial-15,e,e,true,441015.70
5fcd71c07283d321e75d28ce,main-trial-15, , ,true,441427.80
5fcd71c07283d321e75d28ce,main-trial-15,b,b,true,441673.50
5fcd71c07283d321e75d28ce,main-trial-15,e,e,true,441857.90
5fcd71c07283d321e75d28ce,main-trial-15, , ,true,442175.80
5fcd71c07283d321e75d28ce,main-trial-15,v,v,true,442818.70
5fcd71c07283d321e75d28ce,main-trial-15,i,i,true,443043.80
5fcd71c07283d321e75d28ce,main-trial-15,r,r,true,443190.70
5fcd71c07283d321e75d28ce,main-trial-15,o,o,true,443343.80
5fcd71c07283d321e75d28ce,main-trial-15,u,u,true,443462.40
5fcd71c07283d321e75d28ce,main-trial-15, , ,true,443666.60
5fcd71c07283d321e75d28ce,main-trial-15,s,s,true,444198.30
5fcd71c07283d321e75d28ce,main-trial-15,f,f,true,444429.80
5fcd71c07283d321e75d28ce,main-trial-15, , ,true,444660.60
5fcd71c07283d321e75d28ce,main-trial-15,b,v,false,445156.10
5fcd71c07283d321e75d28ce,main-trial-15,b,b,true,445682.90
5fcd71c07283d321e75d28ce,main-trial-15,e,e,true,445877.60
5fcd71c07283d321e75d28ce,main-trial-15, , ,true,446131.70
5fcd71c07283d321e75d28ce,main-trial-15,s,s,true,446464.80
5fcd71c07283d321e75d28ce,main-trial-15,f,f,true,446772.10
5fcd71c07283d321e75d28ce,main-trial-15, , ,true,447147.70
5fcd71c07283d321e75d28ce,main-trial-15,b,b,true,447384.00
5fcd71c07283d321e75d28ce,main-trial-15,e,e,true,447518.10
5fcd71c07283d321e75d28ce,main-trial-15, , ,true,447716.60
5fcd71c07283d321e75d28ce,main-trial-15,s,s,true,448112.90
5fcd71c07283d321e75d28ce,main-trial-15,f,f,true,448645.30
5fcd71c07283d321e75d28ce,main-trial-15, , ,true,449300.10
5fcd71c07283d321e75d28ce,main-trial-15,b,b,true,449558.70
5fcd71c07283d321e75d28ce,main-trial-15,e,e,true,449821.80
5fcd71c07283d321e75d28ce,main-trial-16,c,c,true,455632.80
5fcd71c07283d321e75d28ce,main-trial-16,u,u,true,456016.10
5fcd71c07283d321e75d28ce,main-trial-16,h,h,true,457079.60
5fcd71c07283d321e75d28ce,main-trial-16,y,y,true,457221.80
5fcd71c07283d321e75d28ce,main-trial-16,i,i,true,457416.80
5fcd71c07283d321e75d28ce,main-trial-16, , ,true,457554.60
5fcd71c07283d321e75d28ce,main-trial-16,c,c,true,457813.30
5fcd71c07283d321e75d28ce,main-trial-16,v,v,true,458018.00
5fcd71c07283d321e75d28ce,main-trial-16, , ,true,458242.20
5fcd71c07283d321e75d28ce,main-trial-16,c,c,true,458369.30
5fcd71c07283d321e75d28ce,main-trial-16,v,v,true,458576.70
5fcd71c07283d321e75d28ce,main-trial-16, , ,true,458758.40
5fcd71c07283d321e75d28ce,main-trial-16,c,c,true,458926.40
5fcd71c07283d321e75d28ce,main-trial-16,v,v,true,459141.10
5fcd71c07283d321e75d28ce,main-trial-16, , ,true,459309.10
5fcd71c07283d321e75d28ce,main-trial-16,l,l,true,459542.60
5fcd71c07283d321e75d28ce,main-trial-16,q,q,true,459933.80
5fcd71c07283d321e75d28ce,main-trial-16,g,g,true,460832.20
5fcd71c07283d321e75d28ce,main-trial-16,k,k,true,460991.60
5fcd71c07283d321e75d28ce,main-trial-16,g,g,true,461142.20
5fcd71c07283d321e75d28ce,main-trial-16, , ,true,461309.30
5fcd71c07283d321e75d28ce,main-trial-16,c,c,true,461725.60
5fcd71c07283d321e75d28ce,main-trial-16,r,r,true,461963.40
5fcd71c07283d321e75d28ce,main-trial-16, , ,true,462159.50
5fcd71c07283d321e75d28ce,main-trial-16,c,c,true,462317.50
5fcd71c07283d321e75d28ce,main-trial-16,r,r,true,462583.80
5fcd71c07283d321e75d28ce,main-trial-16, , ,true,462791.50
5fcd71c07283d321e75d28ce,main-trial-16,c,c,true,462976.60
5fcd71c07283d321e75d28ce,main-trial-16,r,r,true,463317.90
5fcd71c07283d321e75d28ce,main-trial-16, , ,true,463521.30
5fcd71c07283d321e75d28ce,main-trial-16,y,y,true,464568.40
5fcd71c07283d321e75d28ce,main-trial-16,j,m,false,465266.00
5fcd71c07283d321e75d28ce,main-trial-16,j,j,true,466641.50
5fcd71c07283d321e75d28ce,main-trial-16,m,m,true,466791.30
5fcd71c07283d321e75d28ce,main-trial-16,q,q,true,467675.20
5fcd71c07283d321e75d28ce,main-trial-16,s,s,true,467936.30
5fcd71c07283d321e75d28ce,main-trial-16, , ,true,468291.00
5fcd71c07283d321e75d28ce,main-trial-16,c,c,true,469391.20
5fcd71c07283d321e75d28ce,main-trial-16,v,v,true,469593.00
5fcd71c07283d321e75d28ce,main-trial-16, , ,true,469915.10
5fcd71c07283d321e75d28ce,main-trial-16,c,c,true,470171.90
5fcd71c07283d321e75d28ce,main-trial-16,r,r,true,470477.10
5fcd71c07283d321e75d28ce,main-trial-16, , ,true,470672.30
5fcd71c07283d321e75d28ce,main-trial-16,c,c,true,470884.30
5fcd71c07283d321e75d28ce,main-trial-16,v,v,true,471070.60
5fcd71c07283d321e75d28ce,main-trial-16, , ,true,471317.80
5fcd71c07283d321e75d28ce,main-trial-16,c,c,true,471529.20
5fcd71c07283d321e75d28ce,main-trial-16,r,r,true,471853.00
5fcd71c07283d321e75d28ce,main-trial-16, , ,true,472119.00
5fcd71c07283d321e75d28ce,main-trial-16,c,c,true,472334.40
5fcd71c07283d321e75d28ce,main-trial-16,v,v,true,472647.90
5fcd71c07283d321e75d28ce,main-trial-16, , ,true,472866.00
5fcd71c07283d321e75d28ce,main-trial-16,c,c,true,473223.10
5fcd71c07283d321e75d28ce,main-trial-16,r,r,true,473848.80
5fcd71c07283d321e75d28ce,main-trial-17,t,t,true,478419.40
5fcd71c07283d321e75d28ce,main-trial-17,a,a,true,478612.80
5fcd71c07283d321e75d28ce,main-trial-17,o,o,true,478852.60
5fcd71c07283d321e75d28ce,main-trial-17,x,x,true,479613.60
5fcd71c07283d321e75d28ce,main-trial-17,h,h,true,479946.20
5fcd71c07283d321e75d28ce,main-trial-17, , ,true,480161.80
5fcd71c07283d321e75d28ce,main-trial-17,e,e,true,480485.90
5fcd71c07283d321e75d28ce,main-trial-17,f,f,true,480701.40
5fcd71c07283d321e75d28ce,main-trial-17, , ,true,480817.60
5fcd71c07283d321e75d28ce,main-trial-17,e,e,true,480988.80
5fcd71c07283d321e75d28ce,main-trial-17,f,f,true,481097.90
5fcd71c07283d321e75d28ce,main-trial-17, , ,true,481288.90
5fcd71c07283d321e75d28ce,main-trial-17,e,e,true,481432.90
5fcd71c07283d321e75d28ce,main-trial-17,f,f,true,481518.50
5fcd71c07283d321e75d28ce,main-trial-17, , ,true,481671.40
5fcd71c07283d321e75d28ce,main-trial-17,y,y,true,482525.80
5fcd71c07283d321e75d28ce,main-trial-17,e,e,true,482644.90
5fcd71c07283d321e75d28ce,main-trial-17,x,n,false,482767.60
5fcd71c07283d321e75d28ce,main-trial-17,x,x,true,483793.10
5fcd71c07283d321e75d28ce,main-trial-17,n,n,true,484643.80
5fcd71c07283d321e75d28ce,main-trial-17,d,d,true,484754.70
5fcd71c07283d321e75d28ce,main-trial-17, , ,true,484886.70
5fcd71c07283d321e75d28ce,main-trial-17,f,f,true,485404.10
5fcd71c07283d321e75d28ce,main-trial-17,e,e,true,485520.30
5fcd71c07283d321e75d28ce,main-trial-17, , ,true,485806.90
5fcd71c07283d321e75d28ce,main-trial-17,f,f,true,485917.90
5fcd71c07283d321e75d28ce,main-trial-17,e,e,true,486023.70
5fcd71c07283d321e75d28ce,main-trial-17, , ,true,486275.60
5fcd71c07283d321e75d28ce,main-trial-17,f,f,true,486376.50
5fcd71c07283d321e75d28ce,main-trial-17,e,e,true,486467.00
5fcd71c07283d321e75d28ce,main-trial-17, , ,true,486968.90
5fcd71c07283d321e75d28ce,main-trial-17,y,y,true,487904.70
5fcd71c07283d321e75d28ce,main-trial-17,u,u,true,488197.90
5fcd71c07283d321e75d28ce,main-trial-17,e,e,true,488446.10
5fcd71c07283d321e75d28ce,main-trial-17,r,r,true,488683.10
5fcd71c07283d321e75d28ce,main-trial-17,w,w,true,489684.30
5fcd71c07283d321e75d28ce,main-trial-17, , ,true,490074.10
5fcd71c07283d321e75d28ce,main-trial-17,e,e,true,490517.40
5fcd71c07283d321e75d28ce,main-trial-17,f,f,true,490620.00
5fcd71c07283d321e75d28ce,main-trial-17, , ,true,490942.20
5fcd71c07283d321e75d28ce,main-trial-17,f,f,true,491079.60
5fcd71c07283d321e75d28ce,main-trial-17,e,e,true,491197.80
5fcd71c07283d321e75d28ce,main-trial-17, , ,true,491557.50
5fcd71c07283d321e75d28ce,main-trial-17,e,e,true,491669.70
5fcd71c07283d321e75d28ce,main-trial-17,f,f,true,491757.60
5fcd71c07283d321e75d28ce,main-trial-17, , ,true,492065.10
5fcd71c07283d321e75d28ce,main-trial-17,f,f,true,492213.10
5fcd71c07283d321e75d28ce,main-trial-17,e,e,true,492317.60
5fcd71c07283d321e75d28ce,main-trial-17, , ,true,492619.70
5fcd71c07283d321e75d28ce,main-trial-17,e,e,true,493053.50
5fcd71c07283d321e75d28ce,main-trial-17,f,f,true,493136.40
5fcd71c07283d321e75d28ce,main-trial-17, , ,true,493473.00
5fcd71c07283d321e75d28ce,main-trial-17,f,f,true,493670.40
5fcd71c07283d321e75d28ce,main-trial-17,e,e,true,493780.00
5fcd71c07283d321e75d28ce,main-trial-18,e,e,true,498336.60
5fcd71c07283d321e75d28ce,main-trial-18,v,v,true,498524.60
5fcd71c07283d321e75d28ce,main-trial-18,y,y,true,498729.70
5fcd71c07283d321e75d28ce,main-trial-18,x,x,true,499601.50
5fcd71c07283d321e75d28ce,main-trial-18,u,u,true,499882.80
5fcd71c07283d321e75d28ce,main-trial-18, , ,true,500116.30
5fcd71c07283d321e75d28ce,main-trial-18,f,f,true,500477.60
5fcd71c07283d321e75d28ce,main-trial-18,r,r,true,500653.80
5fcd71c07283d321e75d28ce,main-trial-18, , ,true,500901.40
5fcd71c07283d321e75d28ce,main-trial-18,f,f,true,501179.70
5fcd71c07283d321e75d28ce,main-trial-18,r,r,true,501330.90
5fcd71c07283d321e75d28ce,main-trial-18, , ,true,501625.20
5fcd71c07283d321e75d28ce,main-trial-18,f,f,true,501804.90
5fcd71c07283d321e75d28ce,main-trial-18,r,r,true,501957.00
5fcd71c07283d321e75d28ce,main-trial-18, , ,true,502204.10
5fcd71c07283d321e75d28ce,main-trial-18,l,l,true,502670.90
5fcd71c07283d321e75d28ce,main-trial-18,g,g,true,503060.80
5fcd71c07283d321e75d28ce,main-trial-18,q,q,true,503601.50
5fcd71c07283d321e75d28ce,main-trial-18,k,k,true,504699.80
5fcd71c07283d321e75d28ce,main-trial-18,h,h,true,504823.50
5fcd71c07283d321e75d28ce,main-trial-18, , ,true,505051.10
5fcd71c07283d321e75d28ce,main-trial-18,v,v,true,506046.90
5fcd71c07283d321e75d28ce,main-trial-18,r,r,true,506162.40
5fcd71c07283d321e75d28ce,main-trial-18, , ,true,506428.60
5fcd71c07283d321e75d28ce,main-trial-18,v,v,true,506617.70
5fcd71c07283d321e75d28ce,main-trial-18,r,r,true,506737.40
5fcd71c07283d321e75d28ce,main-trial-18, , ,true,507003.30
5fcd71c07283d321e75d28ce,main-trial-18,v,v,true,507134.00
5fcd71c07283d321e75d28ce,main-trial-18,r,r,true,507252.00
5fcd71c07283d321e75d28ce,main-trial-18, , ,true,507531.60
5fcd71c07283d321e75d28ce,main-trial-18,u,u,true,508414.10
5fcd71c07283d321e75d28ce,main-trial-18,h,h,true,508688.30
5fcd71c07283d321e75d28ce,main-trial-18,o,o,true,508868.50
5fcd71c07283d321e75d28ce,main-trial-18,f,f,true,509503.70
5fcd71c07283d321e75d28ce,main-trial-18,e,e,true,509624.30
5fcd71c07283d321e75d28ce,main-trial-18, , ,true,509938.20
5fcd71c07283d321e75d28ce,main-trial-18,f,f,true,510865.40
5fcd71c07283d321e75d28ce,main-trial-18,r,r,true,511064.70
5fcd71c07283d321e75d28ce,main-trial-18, , ,true,511321.90
5fcd71c07283d321e75d28ce,main-trial-18,v,v,true,511613.30
5fcd71c07283d321e75d28ce,main-trial-18,r,r,true,511917.60
5fcd71c07283d321e75d28ce,main-trial-18, , ,true,512160.50
5fcd71c07283d321e75d28ce,main-trial-18,f,f,true,512394.30
5fcd71c07283d321e75d28ce,main-trial-18,r,r,true,512652.50
5fcd71c07283d321e75d28ce,main-trial-18, , ,true,512840.60
5fcd71c07283d321e75d28ce,main-trial-18,v,v,true,513023.10
5fcd71c07283d321e75d28ce,main-trial-18,r,r,true,513302.10
5fcd71c07283d321e75d28ce,main-trial-18, , ,true,513555.60
5fcd71c07283d321e75d28ce,main-trial-18,f,f,true,513763.80
5fcd71c07283d321e75d28ce,main-trial-18,r,r,true,513965.30
5fcd71c07283d321e75d28ce,main-trial-18, , ,true,515392.10
5fcd71c07283d321e75d28ce,main-trial-18,v,v,true,515504.60
5fcd71c07283d321e75d28ce,main-trial-18,r,r,true,516154.40
5fcd71c07283d321e75d28ce,main-trial-19,g,g,true,522479.70
5fcd71c07283d321e75d28ce,main-trial-19,y,y,true,522738.60
5fcd71c07283d321e75d28ce,main-trial-19,n,n,true,523172.30
5fcd71c07283d321e75d28ce,main-trial-19,z,z,true,523710.20
5fcd71c07283d321e75d28ce,main-trial-19,d,d,true,523995.10
5fcd71c07283d321e75d28ce,main-trial-19, , ,true,524299.60
5fcd71c07283d321e75d28ce,main-trial-19,w,w,true,525042.20
5fcd71c07283d321e75d28ce,main-trial-19,f,f,true,525264.20
5fcd71c07283d321e75d28ce,main-trial-19, , ,true,525484.00
5fcd71c07283d321e75d28ce,main-trial-19,w,w,true,525669.40
5fcd71c07283d321e75d28ce,main-trial-19,f,f,true,525815.80
5fcd71c07283d321e75d28ce,main-trial-19, , ,true,526048.60
5fcd71c07283d321e75d28ce,main-trial-19,w,w,true,526202.30
5fcd71c07283d321e75d28ce,main-trial-19,f,f,true,526337.10
5fcd71c07283d321e75d28ce,main-trial-19, , ,true,526583.50
5fcd71c07283d321e75d28ce,main-trial-19,w,w,true,527090.10
5fcd71c07283d321e75d28ce,main-trial-19,z,z,true,527614.00
5fcd71c07283d321e75d28ce,main-trial-19,x,x,true,528452.70
5fcd71c07283d321e75d28ce,main-trial-19,p,p,true,528691.40
5fcd71c07283d321e75d28ce,main-trial-19,h,h,true,528828.00
5fcd71c07283d321e75d28ce,main-trial-19, , ,true,528983.90
5fcd71c07283d321e75d28ce,main-trial-19,s,s,true,529384.40
5fcd71c07283d321e75d28ce,main-trial-19,r,r,true,529615.80
5fcd71c07283d321e75d28ce,main-trial-19, , ,true,529907.30
5fcd71c07283d321e75d28ce,main-trial-19,s,s,true,530148.20
5fcd71c07283d321e75d28ce,main-trial-19,r,r,true,530316.40
5fcd71c07283d321e75d28ce,main-trial-19, , ,true,530564.70
5fcd71c07283d321e75d28ce,main-trial-19,s,s,true,530752.40
5fcd71c07283d321e75d28ce,main-trial-19,r,r,true,530909.10
5fcd71c07283d321e75d28ce,main-trial-19, , ,true,531258.70
5fcd71c07283d321e75d28ce,main-trial-19,f,f,true,531913.50
5fcd71c07283d321e75d28ce,main-trial-19,h,h,true,532439.70
5fcd71c07283d321e75d28ce,main-trial-19,z,z,true,532641.20
5fcd71c07283d321e75d28ce,main-trial-19,q,q,true,533427.40
5fcd71c07283d321e75d28ce,main-trial-19,u,u,true,533715.50
5fcd71c07283d321e75d28ce,main-trial-19, , ,true,533967.60
5fcd71c07283d321e75d28ce,main-trial-19,w,w,true,534822.50
5fcd71c07283d321e75d28ce,main-trial-19,f,f,true,535141.60
5fcd71c07283d321e75d28ce,main-trial-19, , ,true,535402.40
5fcd71c07283d321e75d28ce,main-trial-19,s,s,true,536129.50
5fcd71c07283d321e75d28ce,main-trial-19,r,r,true,536390.90
5fcd71c07283d321e75d28ce,main-trial-19, , ,true,536665.60
5fcd71c07283d321e75d28ce,main-trial-19,w,w,true,537040.80
5fcd71c07283d321e75d28ce,main-trial-19,f,f,true,537254.90
5fcd71c07283d321e75d28ce,main-trial-19, , ,true,537488.60
5fcd71c07283d321e75d28ce,main-trial-19,s,s,true,537750.40
5fcd71c07283d321e75d28ce,main-trial-19,r,r,true,537978.60
5fcd71c07283d321e75d28ce,main-trial-19, , ,true,538185.00
5fcd71c07283d321e75d28ce,main-trial-19,w,w,true,538447.40
5fcd71c07283d321e75d28ce,main-trial-19,f,f,true,538630.30
5fcd71c07283d321e75d28ce,main-trial-19, , ,true,539041.70
5fcd71c07283d321e75d28ce,main-trial-19,s,s,true,539167.80
5fcd71c07283d321e75d28ce,main-trial-19,r,r,true,539404.00
5fcd71c07283d321e75d28ce,main-trial-20,o,o,true,549796.70
5fcd71c07283d321e75d28ce,main-trial-20,f,f,true,550011.90
5fcd71c07283d321e75d28ce,main-trial-20,h,h,true,550732.10
5fcd71c07283d321e75d28ce,main-trial-20,x,x,true,551028.40
5fcd71c07283d321e75d28ce,main-trial-20,u,u,true,551251.10
5fcd71c07283d321e75d28ce,main-trial-20, , ,true,551445.60
5fcd71c07283d321e75d28ce,main-trial-20,d,d,true,551739.40
5fcd71c07283d321e75d28ce,main-trial-20,r,r,true,551892.20
5fcd71c07283d321e75d28ce,main-trial-20, , ,true,552065.90
5fcd71c07283d321e75d28ce,main-trial-20,d,d,true,552211.80
5fcd71c07283d321e75d28ce,main-trial-20,r,r,true,552345.90
5fcd71c07283d321e75d28ce,main-trial-20, , ,true,552552.70
5fcd71c07283d321e75d28ce,main-trial-20,d,d,true,552697.80
5fcd71c07283d321e75d28ce,main-trial-20,r,r,true,552838.10
5fcd71c07283d321e75d28ce,main-trial-20, , ,true,552968.40
5fcd71c07283d321e75d28ce,main-trial-20,o,o,true,553197.10
5fcd71c07283d321e75d28ce,main-trial-20,e,e,true,553484.80
5fcd71c07283d321e75d28ce,main-trial-20,k,k,true,553748.50
5fcd71c07283d321e75d28ce,main-trial-20,o,o,true,554027.30
5fcd71c07283d321e75d28ce,main-trial-20,u,u,true,554672.50
5fcd71c07283d321e75d28ce,main-trial-20, , ,true,554873.80
5fcd71c07283d321e75d28ce,main-trial-20,e,e,true,555194.80
5fcd71c07283d321e75d28ce,main-trial-20,f,f,true,555328.70
5fcd71c07283d321e75d28ce,main-trial-20, , ,true,555477.80
5fcd71c07283d321e75d28ce,main-trial-20,e,e,true,555626.40
5fcd71c07283d321e75d28ce,main-trial-20,f,f,true,555720.80
5fcd71c07283d321e75d28ce,main-trial-20, , ,true,555914.20
5fcd71c07283d321e75d28ce,main-trial-20,e,e,true,556087.00
5fcd71c07283d321e75d28ce,main-trial-20,f,f,true,556217.20
5fcd71c07283d321e75d28ce,main-trial-20, , ,true,556382.40
5fcd71c07283d321e75d28ce,main-trial-20,b,b,true,557073.50
5fcd71c07283d321e75d28ce,main-trial-20,f,f,true,557340.50
5fcd71c07283d321e75d28ce,main-trial-20,i,i,true,557818.80
5fcd71c07283d321e75d28ce,main-trial-20,t,t,true,557952.60
5fcd71c07283d321e75d28ce,main-trial-20,v,v,true,558926.80
5fcd71c07283d321e75d28ce,main-trial-20, , ,true,559228.10
5fcd71c07283d321e75d28ce,main-trial-20,d,d,true,559635.60
5fcd71c07283d321e75d28ce,main-trial-20,r,r,true,559810.60
5fcd71c07283d321e75d28ce,main-trial-20, , ,true,560056.40
5fcd71c07283d321e75d28ce,main-trial-20,e,e,true,560269.00
5fcd71c07283d321e75d28ce,main-trial-20,f,f,true,560771.80
5fcd71c07283d321e75d28ce,main-trial-20, , ,true,560984.10
5fcd71c07283d321e75d28ce,main-trial-20,d,d,true,561453.70
5fcd71c07283d321e75d28ce,main-trial-20,r,r,true,561665.50
5fcd71c07283d321e75d28ce,main-trial-20, , ,true,562025.90
5fcd71c07283d321e75d28ce,main-trial-20,e,e,true,562605.60
5fcd71c07283d321e75d28ce,main-trial-20,f,f,true,562711.10
5fcd71c07283d321e75d28ce,main-trial-20, , ,true,563022.20
5fcd71c07283d321e75d28ce,main-trial-20,d,d,true,563243.20
5fcd71c07283d321e75d28ce,main-trial-20,r,r,true,563353.40
5fcd71c07283d321e75d28ce,main-trial-20, , ,true,564234.00
5fcd71c07283d321e75d28ce,main-trial-20,e,e,true,564324.30
5fcd71c07283d321e75d28ce,main-trial-20,f,f,true,564397.40
5fcd71c07283d321e75d28ce,main-trial-21,o,o,true,568196.80
5fcd71c07283d321e75d28ce,main-trial-21,e,e,true,568494.20
5fcd71c07283d321e75d28ce,main-trial-21,i,i,true,568771.00
5fcd71c07283d321e75d28ce,main-trial-21,u,u,true,569256.20
5fcd71c07283d321e75d28ce,main-trial-21,b,b,true,569405.50
5fcd71c07283d321e75d28ce,main-trial-21, , ,true,569578.70
5fcd71c07283d321e75d28ce,main-trial-21,c,c,true,570323.50
5fcd71c07283d321e75d28ce,main-trial-21,r,r,true,570556.00
5fcd71c07283d321e75d28ce,main-trial-21, , ,true,570758.50
5fcd71c07283d321e75d28ce,main-trial-21,c,c,true,570929.10
5fcd71c07283d321e75d28ce,main-trial-21,r,r,true,571237.90
5fcd71c07283d321e75d28ce,main-trial-21, , ,true,571459.30
5fcd71c07283d321e75d28ce,main-trial-21,c,c,true,571659.10
5fcd71c07283d321e75d28ce,main-trial-21,r,r,true,571956.00
5fcd71c07283d321e75d28ce,main-trial-21, , ,true,572185.70
5fcd71c07283d321e75d28ce,main-trial-21,f,f,true,572577.80
5fcd71c07283d321e75d28ce,main-trial-21,c,c,true,572855.10
5fcd71c07283d321e75d28ce,main-trial-21,k,k,true,573154.10
5fcd71c07283d321e75d28ce,main-trial-21,r,r,true,573829.90
5fcd71c07283d321e75d28ce,main-trial-21,g,g,true,574046.40
5fcd71c07283d321e75d28ce,main-trial-21, , ,true,574286.30
5fcd71c07283d321e75d28ce,main-trial-21,v,v,true,574727.10
5fcd71c07283d321e75d28ce,main-trial-21,r,r,true,574944.50
5fcd71c07283d321e75d28ce,main-trial-21, , ,true,575191.40
5fcd71c07283d321e75d28ce,main-trial-21,v,v,true,575382.40
5fcd71c07283d321e75d28ce,main-trial-21,r,r,true,575522.10
5fcd71c07283d321e75d28ce,main-trial-21, , ,true,575755.10
5fcd71c07283d321e75d28ce,main-trial-21,v,v,true,575933.10
5fcd71c07283d321e75d28ce,main-trial-21,r,r,true,576088.80
5fcd71c07283d321e75d28ce,main-trial-21, , ,true,576392.20
5fcd71c07283d321e75d28ce,main-trial-21,x,x,true,577103.60
5fcd71c07283d321e75d28ce,main-trial-21,e,e,true,577465.30
5fcd71c07283d321e75d28ce,main-trial-21,f,f,true,578292.20
5fcd71c07283d321e75d28ce,main-trial-21,l,l,true,578466.40
5fcd71c07283d321e75d28ce,main-trial-21,i,i,true,578604.00
5fcd71c07283d321e75d28ce,main-trial-21, , ,true,578773.60
5fcd71c07283d321e75d28ce,main-trial-21,c,c,true,579255.40
5fcd71c07283d321e75d28ce,main-trial-21,r,r,true,579478.80
5fcd71c07283d321e75d28ce,main-trial-21, , ,true,579779.60
5fcd71c07283d321e75d28ce,main-trial-21,v,v,true,581591.30
5fcd71c07283d321e75d28ce,main-trial-21,r,r,true,581783.90
5fcd71c07283d321e75d28ce,main-trial-21, , ,true,581997.30
5fcd71c07283d321e75d28ce,main-trial-21,c,c,true,582185.80
5fcd71c07283d321e75d28ce,main-trial-21,r,r,true,582358.60
5fcd71c07283d321e75d28ce,main-trial-21, , ,true,582573.90
5fcd71c07283d321e75d28ce,main-trial-21,v,v,true,582749.80
5fcd71c07283d321e75d28ce,main-trial-21,r,r,true,582912.30
5fcd71c07283d321e75d28ce,main-trial-21, , ,true,583143.00
5fcd71c07283d321e75d28ce,main-trial-21,c,c,true,583662.80
5fcd71c07283d321e75d28ce,main-trial-21,r,r,true,583826.00
5fcd71c07283d321e75d28ce,main-trial-21, , ,true,584012.40
5fcd71c07283d321e75d28ce,main-trial-21,v,v,true,584163.40
5fcd71c07283d321e75d28ce,main-trial-21,r,r,true,584316.70
5fcd71c07283d321e75d28ce,main-trial-22,z,z,true,588540.30
5fcd71c07283d321e75d28ce,main-trial-22,n,n,true,588944.70
5fcd71c07283d321e75d28ce,main-trial-22,l,l,true,589823.50
5fcd71c07283d321e75d28ce,main-trial-22,y,y,true,590099.20
5fcd71c07283d321e75d28ce,main-trial-22,d,d,true,590976.10
5fcd71c07283d321e75d28ce,main-trial-22, , ,true,591219.00
5fcd71c07283d321e75d28ce,main-trial-22,f,f,true,591430.60
5fcd71c07283d321e75d28ce,main-trial-22,g,g,true,591602.10
5fcd71c07283d321e75d28ce,main-trial-22, , ,true,591744.00
5fcd71c07283d321e75d28ce,main-trial-22,f,f,true,591900.20
5fcd71c07283d321e75d28ce,main-trial-22,g,g,true,592027.40
5fcd71c07283d321e75d28ce,main-trial-22, , ,true,592190.00
5fcd71c07283d321e75d28ce,main-trial-22,f,f,true,592399.40
5fcd71c07283d321e75d28ce,main-trial-22,g,g,true,592538.20
5fcd71c07283d321e75d28ce,main-trial-22, , ,true,592934.40
5fcd71c07283d321e75d28ce,main-trial-22,v,v,true,593639.50
5fcd71c07283d321e75d28ce,main-trial-22,b,b,true,593876.60
5fcd71c07283d321e75d28ce,main-trial-22,i,i,true,594274.30
5fcd71c07283d321e75d28ce,main-trial-22,p,p,true,594570.10
5fcd71c07283d321e75d28ce,main-trial-22,j,j,true,595368.00
5fcd71c07283d321e75d28ce,main-trial-22, , ,true,595689.40
5fcd71c07283d321e75d28ce,main-trial-22,d,d,true,595971.30
5fcd71c07283d321e75d28ce,main-trial-22,f,f,true,596069.40
5fcd71c07283d321e75d28ce,main-trial-22, , ,true,596282.50
5fcd71c07283d321e75d28ce,main-trial-22,d,d,true,596406.50
5fcd71c07283d321e75d28ce,main-trial-22,f,f,true,596484.60
5fcd71c07283d321e75d28ce,main-trial-22, , ,true,596717.10
5fcd71c07283d321e75d28ce,main-trial-22,d,d,true,596846.00
5fcd71c07283d321e75d28ce,main-trial-22,f,f,true,596951.40
5fcd71c07283d321e75d28ce,main-trial-22, , ,true,597383.60
5fcd71c07283d321e75d28ce,main-trial-22,b,b,true,598338.50
5fcd71c07283d321e75d28ce,main-trial-22,p,p,true,599022.20
5fcd71c07283d321e75d28ce,main-trial-22,e,e,true,599319.80
5fcd71c07283d321e75d28ce,main-trial-22,q,a,false,599850.50
5fcd71c07283d321e75d28ce,main-trial-22,q,q,true,599853.70
5fcd71c07283d321e75d28ce,main-trial-22,w,w,true,600483.80
5fcd71c07283d321e75d28ce,main-trial-22, , ,true,600931.40
5fcd71c07283d321e75d28ce,main-trial-22,f,f,true,601575.40
5fcd71c07283d321e75d28ce,main-trial-22,g,g,true,601755.60
5fcd71c07283d321e75d28ce,main-trial-22, , ,true,602030.40
5fcd71c07283d321e75d28ce,main-trial-22,d,d,true,602634.10
5fcd71c07283d321e75d28ce,main-trial-22,f,f,true,602787.10
5fcd71c07283d321e75d28ce,main-trial-22, , ,true,603082.60
5fcd71c07283d321e75d28ce,main-trial-22,f,f,true,603335.60
5fcd71c07283d321e75d28ce,main-trial-22,g,g,true,603481.30
5fcd71c07283d321e75d28ce,main-trial-22, , ,true,603840.80
5fcd71c07283d321e75d28ce,main-trial-22,d,d,true,604053.20
5fcd71c07283d321e75d28ce,main-trial-22,f,f,true,604235.00
5fcd71c07283d321e75d28ce,main-trial-22, , ,true,604596.40
5fcd71c07283d321e75d28ce,main-trial-22,f,f,true,605261.40
5fcd71c07283d321e75d28ce,main-trial-22,g,g,true,605423.70
5fcd71c07283d321e75d28ce,main-trial-22, , ,true,605742.30
5fcd71c07283d321e75d28ce,main-trial-22,d,d,true,606086.30
5fcd71c07283d321e75d28ce,main-trial-22,f,f,true,606221.50
5fcd71c07283d321e75d28ce,main-trial-23,q,q,true,611796.10
5fcd71c07283d321e75d28ce,main-trial-23,u,u,true,612082.70
5fcd71c07283d321e75d28ce,main-trial-23,h,h,true,612948.00
5fcd71c07283d321e75d28ce,main-trial-23,q,q,true,614108.00
5fcd71c07283d321e75d28ce,main-trial-23,f,f,true,614321.50
5fcd71c07283d321e75d28ce,main-trial-23, , ,true,614714.20
5fcd71c07283d321e75d28ce,main-trial-23,d,d,true,614974.10
5fcd71c07283d321e75d28ce,main-trial-23,r,r,true,615130.70
5fcd71c07283d321e75d28ce,main-trial-23, , ,true,615293.50
5fcd71c07283d321e75d28ce,main-trial-23,d,d,true,615435.40
5fcd71c07283d321e75d28ce,main-trial-23,r,r,true,615556.80
5fcd71c07283d321e75d28ce,main-trial-23, , ,true,615733.50
5fcd71c07283d321e75d28ce,main-trial-23,d,d,true,615891.90
5fcd71c07283d321e75d28ce,main-trial-23,r,r,true,616008.50
5fcd71c07283d321e75d28ce,main-trial-23, , ,true,616207.00
5fcd71c07283d321e75d28ce,main-trial-23,r,r,true,616832.30
5fcd71c07283d321e75d28ce,main-trial-23,n,n,true,617037.50
5fcd71c07283d321e75d28ce,main-trial-23,t,t,true,617834.00
5fcd71c07283d321e75d28ce,main-trial-23,o,o,true,617980.80
5fcd71c07283d321e75d28ce,main-trial-23,w,w,true,618132.80
5fcd71c07283d321e75d28ce,main-trial-23, , ,true,618356.60
5fcd71c07283d321e75d28ce,main-trial-23,f,f,true,619035.10
5fcd71c07283d321e75d28ce,main-trial-23,d,d,true,619169.30
5fcd71c07283d321e75d28ce,main-trial-23, , ,true,619373.90
5fcd71c07283d321e75d28ce,main-trial-23,f,f,true,619521.70
5fcd71c07283d321e75d28ce,main-trial-23,d,d,true,619651.70
5fcd71c07283d321e75d28ce,main-trial-23, , ,true,619870.00
5fcd71c07283d321e75d28ce,main-trial-23,f,f,true,620011.60
5fcd71c07283d321e75d28ce,main-trial-23,d,d,true,620151.30
5fcd71c07283d321e75d28ce,main-trial-23, , ,true,620358.40
5fcd71c07283d321e75d28ce,main-trial-23,p,p,true,620887.50
5fcd71c07283d321e75d28ce,main-trial-23,d,d,true,621980.60
5fcd71c07283d321e75d28ce,main-trial-23,f,f,true,622144.80
5fcd71c07283d321e75d28ce,main-trial-23,o,o,true,622358.20
5fcd71c07283d321e75d28ce,main-trial-23,l,l,true,622532.10
5fcd71c07283d321e75d28ce,main-trial-23, , ,true,622709.70
5fcd71c07283d321e75d28ce,main-trial-23,d,d,true,623043.50
5fcd71c07283d321e75d28ce,main-trial-23,r,r,true,623201.00
5fcd71c07283d321e75d28ce,main-trial-23, , ,true,623366.60
5fcd71c07283d321e75d28ce,main-trial-23,f,f,true,624083.60
5fcd71c07283d321e75d28ce,main-trial-23,d,d,true,624223.70
5fcd71c07283d321e75d28ce,main-trial-23, , ,true,624460.10
5fcd71c07283d321e75d28ce,main-trial-23,d,d,true,624614.10
5fcd71c07283d321e75d28ce,main-trial-23,r,r,true,624753.70
5fcd71c07283d321e75d28ce,main-trial-23, , ,true,624945.80
5fcd71c07283d321e75d28ce,main-trial-23,f,f,true,625070.60
5fcd71c07283d321e75d28ce,main-trial-23,d,d,true,625201.40
5fcd71c07283d321e75d28ce,main-trial-23, , ,true,625422.40
5fcd71c07283d321e75d28ce,main-trial-23,d,d,true,625757.20
5fcd71c07283d321e75d28ce,main-trial-23,r,r,true,625910.50
5fcd71c07283d321e75d28ce,main-trial-23, , ,true,626196.60
5fcd71c07283d321e75d28ce,main-trial-23,f,f,true,626352.20
5fcd71c07283d321e75d28ce,main-trial-23,d,d,true,626487.00
5fcd71c07283d321e75d28ce,main-trial-24,r,r,true,633771.30
5fcd71c07283d321e75d28ce,main-trial-24,m,m,true,633973.40
5fcd71c07283d321e75d28ce,main-trial-24,j,j,true,634524.10
5fcd71c07283d321e75d28ce,main-trial-24,o,o,true,634687.20
5fcd71c07283d321e75d28ce,main-trial-24,l,l,true,634860.80
5fcd71c07283d321e75d28ce,main-trial-24, , ,true,635053.10
5fcd71c07283d321e75d28ce,main-trial-24,v,v,true,635518.70
5fcd71c07283d321e75d28ce,main-trial-24,r,r,true,635701.90
5fcd71c07283d321e75d28ce,main-trial-24, , ,true,635909.70
5fcd71c07283d321e75d28ce,main-trial-24,v,v,true,636066.70
5fcd71c07283d321e75d28ce,main-trial-24,r,r,true,636201.80
5fcd71c07283d321e75d28ce,main-trial-24, , ,true,636381.60
5fcd71c07283d321e75d28ce,main-trial-24,v,v,true,636555.70
5fcd71c07283d321e75d28ce,main-trial-24,r,r,true,636676.40
5fcd71c07283d321e75d28ce,main-trial-24, , ,true,636843.00
5fcd71c07283d321e75d28ce,main-trial-24,u,u,true,637983.10
5fcd71c07283d321e75d28ce,main-trial-24,z,z,true,638237.40
5fcd71c07283d321e75d28ce,main-trial-24,o,o,true,638512.60
5fcd71c07283d321e75d28ce,main-trial-24,m,m,true,638692.30
5fcd71c07283d321e75d28ce,main-trial-24,d,d,true,638977.90
5fcd71c07283d321e75d28ce,main-trial-24, , ,true,639287.60
5fcd71c07283d321e75d28ce,main-trial-24,f,f,true,639654.90
5fcd71c07283d321e75d28ce,main-trial-24,r,r,true,639795.70
5fcd71c07283d321e75d28ce,main-trial-24, ,f,false,640072.10
5fcd71c07283d321e75d28ce,main-trial-24, ,r,false,640228.20
5fcd71c07283d321e75d28ce,main-trial-24, , ,true,640712.20
5fcd71c07283d321e75d28ce,main-trial-24,f,f,true,640843.20
5fcd71c07283d321e75d28ce,main-trial-24,r,r,true,640980.00
5fcd71c07283d321e75d28ce,main-trial-24, , ,true,641261.70
5fcd71c07283d321e75d28ce,main-trial-24,f,f,true,641356.70
5fcd71c07283d321e75d28ce,main-trial-24,r,r,true,641505.10
5fcd71c07283d321e75d28ce,main-trial-24, , ,true,641826.00
5fcd71c07283d321e75d28ce,main-trial-24,n,n,true,642087.30
5fcd71c07283d321e75d28ce,main-trial-24,w,w,true,642418.00
5fcd71c07283d321e75d28ce,main-trial-24,r,a,false,642678.30
5fcd71c07283d321e75d28ce,main-trial-24,r,r,true,643459.00
5fcd71c07283d321e75d28ce,main-trial-24,a,a,true,644081.50
5fcd71c07283d321e75d28ce,main-trial-24,w,w,true,644508.30
5fcd71c07283d321e75d28ce,main-trial-24, , ,true,644801.50
5fcd71c07283d321e75d28ce,main-trial-24,v,v,true,645356.40
5fcd71c07283d321e75d28ce,main-trial-24,r,r,true,645487.40
5fcd71c07283d321e75d28ce,main-trial-24, , ,true,645770.50
5fcd71c07283d321e75d28ce,main-trial-24,f,v,false,645924.50
5fcd71c07283d321e75d28ce,main-trial-24,f,f,true,646527.80
5fcd71c07283d321e75d28ce,main-trial-24,r,r,true,646676.10
5fcd71c07283d321e75d28ce,main-trial-24, , ,true,647010.20
5fcd71c07283d321e75d28ce,main-trial-24,v,v,true,647211.60
5fcd71c07283d321e75d28ce,main-trial-24,r,r,true,647343.20
5fcd71c07283d321e75d28ce,main-trial-24, , ,true,647678.80
5fcd71c07283d321e75d28ce,main-trial-24,f,f,true,647825.70
5fcd71c07283d321e75d28ce,main-trial-24,r,r,true,647972.90
5fcd71c07283d321e75d28ce,main-trial-24, , ,true,648336.00
5fcd71c07283d321e75d28ce,main-trial-24,v,v,true,648711.00
5fcd71c07283d321e75d28ce,main-trial-24,r,r,true,648851.40
5fcd71c07283d321e75d28ce,main-trial-24, , ,true,649236.50
5fcd71c07283d321e75d28ce,main-trial-24,f,f,true,649441.20
5fcd71c07283d321e75d28ce,main-trial-24,r,r,true,649588.90
5fcd71c07283d321e75d28ce,main-trial-25,e,e,true,660482.30
5fcd71c07283d321e75d28ce,main-trial-25,l,l,true,660835.70
5fcd71c07283d321e75d28ce,main-trial-25,u,u,true,663639.30
5fcd71c07283d321e75d28ce,main-trial-25,t,t,true,664321.40
5fcd71c07283d321e75d28ce,main-trial-25,i,i,true,664802.10
5fcd71c07283d321e75d28ce,main-trial-25, , ,true,665110.40
5fcd71c07283d321e75d28ce,main-trial-25,s,s,true,665538.10
5fcd71c07283d321e75d28ce,main-trial-25,r,r,true,667467.00
5fcd71c07283d321e75d28ce,main-trial-25, , ,true,667941.10
5fcd71c07283d321e75d28ce,main-trial-25,s,s,true,668146.50
5fcd71c07283d321e75d28ce,main-trial-25,r,r,true,668471.80
5fcd71c07283d321e75d28ce,main-trial-25, , ,true,668763.90
5fcd71c07283d321e75d28ce,main-trial-25,s,s,true,668964.20
5fcd71c07283d321e75d28ce,main-trial-25,r,r,true,669254.70
5fcd71c07283d321e75d28ce,main-trial-25, , ,true,669511.80
5fcd71c07283d321e75d28ce,main-trial-25,f,f,true,670179.50
5fcd71c07283d321e75d28ce,main-trial-25,z,f,false,670589.60
5fcd71c07283d321e75d28ce,main-trial-25,z,z,true,671077.90
5fcd71c07283d321e75d28ce,main-trial-25,f,f,true,672411.90
5fcd71c07283d321e75d28ce,main-trial-25,b,b,true,672693.10
5fcd71c07283d321e75d28ce,main-trial-25,b,b,true,672917.50
5fcd71c07283d321e75d28ce,main-trial-25, , ,true,673217.00
5fcd71c07283d321e75d28ce,main-trial-25,w,w,true,674743.50
5fcd71c07283d321e75d28ce,main-trial-25,f,f,true,675067.70
5fcd71c07283d321e75d28ce,main-trial-25, , ,true,675304.10
5fcd71c07283d321e75d28ce,main-trial-25,w,w,true,675501.30
5fcd71c07283d321e75d28ce,main-trial-25,f,f,true,675658.60
5fcd71c07283d321e75d28ce,main-trial-25, , ,true,675871.40
5fcd71c07283d321e75d28ce,main-trial-25,w,w,true,676079.90
5fcd71c07283d321e75d28ce,main-trial-25,f,f,true,676318.80
5fcd71c07283d321e75d28ce,main-trial-25, , ,true,676590.50
5fcd71c07283d321e75d28ce,main-trial-25,v,v,true,677002.50
5fcd71c07283d321e75d28ce,main-trial-25,d,d,true,677434.40
5fcd71c07283d321e75d28ce,main-trial-25,a,a,true,678196.90
5fcd71c07283d321e75d28ce,main-trial-25,q,q,true,678729.50
5fcd71c07283d321e75d28ce,main-trial-25,f,f,true,679118.10
5fcd71c07283d321e75d28ce,main-trial-25, , ,true,679546.80
5fcd71c07283d321e75d28ce,main-trial-25,s,s,true,679974.60
5fcd71c07283d321e75d28ce,main-trial-25,r,r,true,680205.70
5fcd71c07283d321e75d28ce,main-trial-25, , ,true,680584.00
5fcd71c07283d321e75d28ce,main-trial-25,w,w,true,680894.80
5fcd71c07283d321e75d28ce,main-trial-25,f,f,true,681094.60
5fcd71c07283d321e75d28ce,main-trial-25, , ,true,681315.90
5fcd71c07283d321e75d28ce,main-trial-25,s,s,true,681524.60
5fcd71c07283d321e75d28ce,main-trial-25,r,r,true,681899.70
5fcd71c07283d321e75d28ce,main-trial-25, , ,true,682138.60
5fcd71c07283d321e75d28ce,main-trial-25,w,w,true,682355.20
5fcd71c07283d321e75d28ce,main-trial-25,f,f,true,682516.80
5fcd71c07283d321e75d28ce,main-trial-25, , ,true,682757.30
5fcd71c07283d321e75d28ce,main-trial-25,s,s,true,682965.60
5fcd71c07283d321e75d28ce,main-trial-25,r,r,true,683120.50
5fcd71c07283d321e75d28ce,main-trial-25, , ,true,683350.30
5fcd71c07283d321e75d28ce,main-trial-25,w,w,true,683683.00
5fcd71c07283d321e75d28ce,main-trial-25,f,f,true,683909.20
5fcd71c07283d321e75d28ce,main-trial-26,k,k,true,687551.70
5fcd71c07283d321e75d28ce,main-trial-26,i,i,true,687713.20
5fcd71c07283d321e75d28ce,main-trial-26,k,k,true,687870.10
5fcd71c07283d321e75d28ce,main-trial-26,y,y,true,688908.60
5fcd71c07283d321e75d28ce,main-trial-26,e,e,true,689103.50
5fcd71c07283d321e75d28ce,main-trial-26, , ,true,689274.10
5fcd71c07283d321e75d28ce,main-trial-26,f,f,true,689652.30
5fcd71c07283d321e75d28ce,main-trial-26,d,d,true,689814.70
5fcd71c07283d321e75d28ce,main-trial-26, , ,true,689998.10
5fcd71c07283d321e75d28ce,main-trial-26,f,f,true,690148.00
5fcd71c07283d321e75d28ce,main-trial-26,d,d,true,690290.10
5fcd71c07283d321e75d28ce,main-trial-26, , ,true,690471.40
5fcd71c07283d321e75d28ce,main-trial-26,f,f,true,690606.60
5fcd71c07283d321e75d28ce,main-trial-26,d,d,true,690754.30
5fcd71c07283d321e75d28ce,main-trial-26, , ,true,690946.70
5fcd71c07283d321e75d28ce,main-trial-26,v,v,true,691601.80
5fcd71c07283d321e75d28ce,main-trial-26,p,p,true,691833.50
5fcd71c07283d321e75d28ce,main-trial-26,y,u,false,692129.10
5fcd71c07283d321e75d28ce,main-trial-26,y,y,true,693028.70
5fcd71c07283d321e75d28ce,main-trial-26,c,c,true,693371.60
5fcd71c07283d321e75d28ce,main-trial-26,u,u,true,693560.70
5fcd71c07283d321e75d28ce,main-trial-26, , ,true,693731.10
5fcd71c07283d321e75d28ce,main-trial-26,f,f,true,694157.70
5fcd71c07283d321e75d28ce,main-trial-26,r,r,true,694295.40
5fcd71c07283d321e75d28ce,main-trial-26, , ,true,694544.90
5fcd71c07283d321e75d28ce,main-trial-26,f,f,true,694673.00
5fcd71c07283d321e75d28ce,main-trial-26,r,r,true,694805.70
5fcd71c07283d321e75d28ce,main-trial-26, , ,true,695013.80
5fcd71c07283d321e75d28ce,main-trial-26,f,f,true,695111.20
5fcd71c07283d321e75d28ce,main-trial-26,r,r,true,695268.20
5fcd71c07283d321e75d28ce,main-trial-26, , ,true,695600.10
5fcd71c07283d321e75d28ce,main-trial-26,z,z,true,695998.00
5fcd71c07283d321e75d28ce,main-trial-26,e,e,true,696279.70
5fcd71c07283d321e75d28ce,main-trial-26,t,t,true,696531.00
5fcd71c07283d321e75d28ce,main-trial-26,s,s,true,696858.50
5fcd71c07283d321e75d28ce,main-trial-26,r,r,true,697265.10
5fcd71c07283d321e75d28ce,main-trial-26, , ,true,697689.70
5fcd71c07283d321e75d28ce,main-trial-26,f,f,true,697965.20
5fcd71c07283d321e75d28ce,main-trial-26,d,d,true,698119.30
5fcd71c07283d321e75d28ce,main-trial-26, , ,true,698374.00
5fcd71c07283d321e75d28ce,main-trial-26,f,d,false,698808.00
5fcd71c07283d321e75d28ce,main-trial-26,f,f,true,699269.30
5fcd71c07283d321e75d28ce,main-trial-26,r,r,true,699422.20
5fcd71c07283d321e75d28ce,main-trial-26, , ,true,699723.40
5fcd71c07283d321e75d28ce,main-trial-26,f,f,true,700027.20
5fcd71c07283d321e75d28ce,main-trial-26,d,d,true,700177.60
5fcd71c07283d321e75d28ce,main-trial-26, , ,true,700658.10
5fcd71c07283d321e75d28ce,main-trial-26,f,f,true,701005.60
5fcd71c07283d321e75d28ce,main-trial-26,r,r,true,701199.20
5fcd71c07283d321e75d28ce,main-trial-26, , ,true,701557.50
5fcd71c07283d321e75d28ce,main-trial-26,f,f,true,701901.00
5fcd71c07283d321e75d28ce,main-trial-26,d,d,true,702046.60
5fcd71c07283d321e75d28ce,main-trial-26, , ,true,702458.10
5fcd71c07283d321e75d28ce,main-trial-26,f,f,true,702768.10
5fcd71c07283d321e75d28ce,main-trial-26,r,r,true,703000.70
5fcd71c07283d321e75d28ce,main-trial-26,,f,false,706002.40
5fcd71c07283d321e75d28ce,main-trial-27,n,j,false,709243.80
5fcd71c07283d321e75d28ce,main-trial-27,n,q,false,709522.80
5fcd71c07283d321e75d28ce,main-trial-27,n,n,true,710466.40
5fcd71c07283d321e75d28ce,main-trial-27,q,q,true,711134.20
5fcd71c07283d321e75d28ce,main-trial-27,h,h,true,711634.90
5fcd71c07283d321e75d28ce,main-trial-27,v,v,true,712369.70
5fcd71c07283d321e75d28ce,main-trial-27,s,s,true,712524.40
5fcd71c07283d321e75d28ce,main-trial-27, , ,true,712808.90
5fcd71c07283d321e75d28ce,main-trial-27,w,w,true,713223.50
5fcd71c07283d321e75d28ce,main-trial-27,d,d,true,713443.10
5fcd71c07283d321e75d28ce,main-trial-27, , ,true,713682.00
5fcd71c07283d321e75d28ce,main-trial-27,w,w,true,713926.80
5fcd71c07283d321e75d28ce,main-trial-27,d,d,true,714137.30
5fcd71c07283d321e75d28ce,main-trial-27, , ,true,714426.60
5fcd71c07283d321e75d28ce,main-trial-27,w,w,true,714657.20
5fcd71c07283d321e75d28ce,main-trial-27,d,d,true,714911.60
5fcd71c07283d321e75d28ce,main-trial-27, , ,true,715230.30
5fcd71c07283d321e75d28ce,main-trial-27,o,o,true,715984.30
5fcd71c07283d321e75d28ce,main-trial-27,c,c,true,716189.60
5fcd71c07283d321e75d28ce,main-trial-27,z,z,true,716665.80
5fcd71c07283d321e75d28ce,main-trial-27,g,g,true,717390.10
5fcd71c07283d321e75d28ce,main-trial-27,n,n,true,717555.70
5fcd71c07283d321e75d28ce,main-trial-27, , ,true,717716.50
5fcd71c07283d321e75d28ce,main-trial-27,s,s,true,718297.30
5fcd71c07283d321e75d28ce,main-trial-27,e,e,true,718558.60
5fcd71c07283d321e75d28ce,main-trial-27, , ,true,718806.90
5fcd71c07283d321e75d28ce,main-trial-27,s,s,true,718988.80
5fcd71c07283d321e75d28ce,main-trial-27,e,e,true,719120.90
5fcd71c07283d321e75d28ce,main-trial-27, , ,true,719361.10
5fcd71c07283d321e75d28ce,main-trial-27,s,s,true,719513.10
5fcd71c07283d321e75d28ce,main-trial-27,e,e,true,719620.70
5fcd71c07283d321e75d28ce,main-trial-27, , ,true,719783.90
5fcd71c07283d321e75d28ce,main-trial-27,j,j,true,720570.10
5fcd71c07283d321e75d28ce,main-trial-27,c,c,true,720718.30
5fcd71c07283d321e75d28ce,main-trial-27,h,h,true,720924.80
5fcd71c07283d321e75d28ce,main-trial-27,z,z,true,721749.90
5fcd71c07283d321e75d28ce,main-trial-27,f,f,true,721998.30
5fcd71c07283d321e75d28ce,main-trial-27, , ,true,722456.70
5fcd71c07283d321e75d28ce,main-trial-27,w,w,true,722707.50
5fcd71c07283d321e75d28ce,main-trial-27,d,d,true,723041.00
5fcd71c07283d321e75d28ce,main-trial-27, , ,true,723247.70
5fcd71c07283d321e75d28ce,main-trial-27,s,s,true,723553.90
5fcd71c07283d321e75d28ce,main-trial-27,e,e,true,723703.50
5fcd71c07283d321e75d28ce,main-trial-27, , ,true,723936.70
5fcd71c07283d321e75d28ce,main-trial-27,w,w,true,724317.40
5fcd71c07283d321e75d28ce,main-trial-27,d,d,true,724512.40
5fcd71c07283d321e75d28ce,main-trial-27, , ,true,724715.40
5fcd71c07283d321e75d28ce,main-trial-27,s,s,true,724860.30
5fcd71c07283d321e75d28ce,main-trial-27,e,e,true,725014.50
5fcd71c07283d321e75d28ce,main-trial-27, , ,true,725290.20
5fcd71c07283d321e75d28ce,main-trial-27,w,w,true,725479.60
5fcd71c07283d321e75d28ce,main-trial-27,d,d,true,725796.90
5fcd71c07283d321e75d28ce,main-trial-27, , ,true,726026.30
5fcd71c07283d321e75d28ce,main-trial-27,s,s,true,726191.70
5fcd71c07283d321e75d28ce,main-trial-27,e,e,true,726350.40
