user_id,trialId,expectedKey,typedKey,isCorrect,keydownTime
66d63bf354de4c20d9369e20,intro-trial-1,i,i,true,39771.80
66d63bf354de4c20d9369e20,intro-trial-1,a,a,true,40051.70
66d63bf354de4c20d9369e20,intro-trial-1,g,g,true,40955.90
66d63bf354de4c20d9369e20,intro-trial-1,l,l,true,41211.80
66d63bf354de4c20d9369e20,intro-trial-1,a,a,true,41803.80
66d63bf354de4c20d9369e20,intro-trial-1, ,d,false,43195.90
66d63bf354de4c20d9369e20,intro-trial-1, ,f,false,44595.60
66d63bf354de4c20d9369e20,intro-trial-1, ,d,false,45779.60
66d63bf354de4c20d9369e20,intro-trial-1, ,f,false,46179.80
66d63bf354de4c20d9369e20,intro-trial-1, ,d,false,46795.70
66d63bf354de4c20d9369e20,intro-trial-1, ,f,false,47323.60
66d63bf354de4c20d9369e20,intro-trial-1, ,t,false,49683.70
66d63bf354de4c20d9369e20,intro-trial-1, ,m,false,51035.60
66d63bf354de4c20d9369e20,intro-trial-1, ,p,false,51619.50
66d63bf354de4c20d9369e20,intro-trial-1, ,g,false,51971.60
66d63bf354de4c20d9369e20,intro-trial-1, ,t,false,52483.40
66d63bf354de4c20d9369e20,intro-trial-1, , ,true,53251.60
66d63bf354de4c20d9369e20,intro-trial-1,d,d,true,54755.40
66d63bf354de4c20d9369e20,intro-trial-1,f,f,true,56067.40
66d63bf354de4c20d9369e20,intro-trial-1, , ,true,56499.30
66d63bf354de4c20d9369e20,intro-trial-1,d,d,true,56859.30
66d63bf354de4c20d9369e20,intro-trial-1,f,f,true,57251.50
66d63bf354de4c20d9369e20,intro-trial-1, , ,true,57571.30
66d63bf354de4c20d9369e20,intro-trial-1,d,d,true,57835.40
66d63bf354de4c20d9369e20,intro-trial-1,f,f,true,58323.40
66d63bf354de4c20d9369e20,intro-trial-1, , ,true,58603.20
66d63bf354de4c20d9369e20,intro-trial-1,t,t,true,58931.30
66d63bf354de4c20d9369e20,intro-trial-1,m,m,true,60155.30
66d63bf354de4c20d9369e20,intro-trial-1,p,p,true,60947.40
66d63bf354de4c20d9369e20,intro-trial-1,g,t,false,61491.40
66d63bf354de4c20d9369e20,intro-trial-1,g,g,true,62571.30
66d63bf354de4c20d9369e20,intro-trial-1,t,t,true,62787.20
66d63bf354de4c20d9369e20,intro-trial-1, , ,true,63379.50
66d63bf354de4c20d9369e20,intro-trial-1,e,e,true,63827.20
66d63bf354de4c20d9369e20,intro-trial-1,f,f,true,64187.10
66d63bf354de4c20d9369e20,intro-trial-1, , ,true,64531.30
66d63bf354de4c20d9369e20,intro-trial-1,e,e,true,64739.40
66d63bf354de4c20d9369e20,intro-trial-1,f,f,true,65203.40
66d63bf354de4c20d9369e20,intro-trial-1, , ,true,65507.10
66d63bf354de4c20d9369e20,intro-trial-1,e,e,true,65795.30
66d63bf354de4c20d9369e20,intro-trial-1,f,f,true,66179.40
66d63bf354de4c20d9369e20,intro-trial-1, , ,true,66491.30
66d63bf354de4c20d9369e20,intro-trial-1,o,o,true,67443.70
66d63bf354de4c20d9369e20,intro-trial-1,o,o,true,67667.30
66d63bf354de4c20d9369e20,intro-trial-1,r,r,true,67963.70
66d63bf354de4c20d9369e20,intro-trial-1,w,w,true,69131.30
66d63bf354de4c20d9369e20,intro-trial-1,m,m,true,69675.10
66d63bf354de4c20d9369e20,intro-trial-1, , ,true,70011.30
66d63bf354de4c20d9369e20,intro-trial-1,d,d,true,70259.20
66d63bf354de4c20d9369e20,intro-trial-1,f,f,true,70691.20
66d63bf354de4c20d9369e20,intro-trial-1, , ,true,71019.30
66d63bf354de4c20d9369e20,intro-trial-1,e,e,true,71187.10
66d63bf354de4c20d9369e20,intro-trial-1,f,f,true,71515.20
66d63bf354de4c20d9369e20,intro-trial-1, , ,true,71947.50
66d63bf354de4c20d9369e20,intro-trial-1,d,d,true,72147.30
66d63bf354de4c20d9369e20,intro-trial-1,f,f,true,72491.10
66d63bf354de4c20d9369e20,intro-trial-1, , ,true,72859.10
66d63bf354de4c20d9369e20,intro-trial-1,e,e,true,73067.40
66d63bf354de4c20d9369e20,intro-trial-1,f,f,true,73523.00
66d63bf354de4c20d9369e20,intro-trial-1, , ,true,74059.40
66d63bf354de4c20d9369e20,intro-trial-1,d,d,true,75011.10
66d63bf354de4c20d9369e20,intro-trial-1,f,f,true,75475.20
66d63bf354de4c20d9369e20,intro-trial-1, , ,true,75851.40
66d63bf354de4c20d9369e20,intro-trial-1,e,e,true,76098.90
66d63bf354de4c20d9369e20,intro-trial-1,f,f,true,76563.40
66d63bf354de4c20d9369e20,intro-trial-2,f,f,true,93626.60
66d63bf354de4c20d9369e20,intro-trial-2,t,t,true,94106.80
66d63bf354de4c20d9369e20,intro-trial-2,j,j,true,94562.90
66d63bf354de4c20d9369e20,intro-trial-2,d,d,true,94986.60
66d63bf354de4c20d9369e20,intro-trial-2,d,d,true,95234.80
66d63bf354de4c20d9369e20,intro-trial-2, , ,true,95618.60
66d63bf354de4c20d9369e20,intro-trial-2,q,q,true,96794.90
66d63bf354de4c20d9369e20,intro-trial-2,s,s,true,98554.70
66d63bf354de4c20d9369e20,intro-trial-2, ,q,false,99034.50
66d63bf354de4c20d9369e20,intro-trial-2, ,s,false,99498.50
66d63bf354de4c20d9369e20,intro-trial-2, , ,true,100098.70
66d63bf354de4c20d9369e20,intro-trial-2,q,q,true,100858.50
66d63bf354de4c20d9369e20,intro-trial-2,s,s,true,102202.60
66d63bf354de4c20d9369e20,intro-trial-2, , ,true,102482.50
66d63bf354de4c20d9369e20,intro-trial-2,q,q,true,102818.50
66d63bf354de4c20d9369e20,intro-trial-2,s,s,true,103338.50
66d63bf354de4c20d9369e20,intro-trial-2, , ,true,103562.50
66d63bf354de4c20d9369e20,intro-trial-2,n,n,true,104578.50
66d63bf354de4c20d9369e20,intro-trial-2,m,m,true,105226.60
66d63bf354de4c20d9369e20,intro-trial-2,g,g,true,105682.60
66d63bf354de4c20d9369e20,intro-trial-2,v,v,true,106634.40
66d63bf354de4c20d9369e20,intro-trial-2,b,b,true,106898.60
66d63bf354de4c20d9369e20,intro-trial-2, , ,true,107250.60
66d63bf354de4c20d9369e20,intro-trial-2,s,s,true,107802.60
66d63bf354de4c20d9369e20,intro-trial-2,a,a,true,108106.40
66d63bf354de4c20d9369e20,intro-trial-2, , ,true,108618.40
66d63bf354de4c20d9369e20,intro-trial-2,s,s,true,108922.40
66d63bf354de4c20d9369e20,intro-trial-2,a,a,true,109218.40
66d63bf354de4c20d9369e20,intro-trial-2, , ,true,109674.90
66d63bf354de4c20d9369e20,intro-trial-2,s,s,true,109922.30
66d63bf354de4c20d9369e20,intro-trial-2,a,a,true,110442.60
66d63bf354de4c20d9369e20,intro-trial-2, , ,true,110698.30
66d63bf354de4c20d9369e20,intro-trial-2,z,z,true,111890.60
66d63bf354de4c20d9369e20,intro-trial-2,l,l,true,112290.40
66d63bf354de4c20d9369e20,intro-trial-2,c,c,true,113618.40
66d63bf354de4c20d9369e20,intro-trial-2,v,a,false,113826.30
66d63bf354de4c20d9369e20,intro-trial-2,v,v,true,115242.60
66d63bf354de4c20d9369e20,intro-trial-2,x,x,true,116306.30
66d63bf354de4c20d9369e20,intro-trial-2, , ,true,116578.20
66d63bf354de4c20d9369e20,intro-trial-2,q,q,true,117554.40
66d63bf354de4c20d9369e20,intro-trial-2,s,s,true,118346.50
66d63bf354de4c20d9369e20,intro-trial-2, , ,true,120090.30
66d63bf354de4c20d9369e20,intro-trial-2,s,s,true,120938.40
66d63bf354de4c20d9369e20,intro-trial-2,a,a,true,121474.30
66d63bf354de4c20d9369e20,intro-trial-2, , ,true,121754.30
66d63bf354de4c20d9369e20,intro-trial-2,q,q,true,122754.30
66d63bf354de4c20d9369e20,intro-trial-2,s,s,true,123058.20
66d63bf354de4c20d9369e20,intro-trial-2, , ,true,123314.20
66d63bf354de4c20d9369e20,intro-trial-2,s,s,true,124282.30
66d63bf354de4c20d9369e20,intro-trial-2,a,a,true,124650.10
66d63bf354de4c20d9369e20,intro-trial-2, , ,true,124890.00
66d63bf354de4c20d9369e20,intro-trial-2,q,q,true,125698.10
66d63bf354de4c20d9369e20,intro-trial-2,s,s,true,126458.00
66d63bf354de4c20d9369e20,intro-trial-2, , ,true,126762.20
66d63bf354de4c20d9369e20,intro-trial-2,s,s,true,127418.10
66d63bf354de4c20d9369e20,intro-trial-2,a,a,true,127922.20
66d63bf354de4c20d9369e20,intro-trial-3,r,r,true,137898.10
66d63bf354de4c20d9369e20,intro-trial-3,q,q,true,138906.30
66d63bf354de4c20d9369e20,intro-trial-3,b,b,true,139250.00
66d63bf354de4c20d9369e20,intro-trial-3,y,y,true,140202.10
66d63bf354de4c20d9369e20,intro-trial-3,s,s,true,140394.20
66d63bf354de4c20d9369e20,intro-trial-3, , ,true,140569.90
66d63bf354de4c20d9369e20,intro-trial-3,f,f,true,140833.80
66d63bf354de4c20d9369e20,intro-trial-3,g,g,true,141897.90
66d63bf354de4c20d9369e20,intro-trial-3, , ,true,142129.90
66d63bf354de4c20d9369e20,intro-trial-3,f,f,true,143346.20
66d63bf354de4c20d9369e20,intro-trial-3,g,g,true,143625.90
66d63bf354de4c20d9369e20,intro-trial-3, , ,true,143801.90
66d63bf354de4c20d9369e20,intro-trial-3,f,f,true,144297.80
66d63bf354de4c20d9369e20,intro-trial-3,g,g,true,144594.30
66d63bf354de4c20d9369e20,intro-trial-3, , ,true,144833.80
66d63bf354de4c20d9369e20,intro-trial-3,w,w,true,146033.90
66d63bf354de4c20d9369e20,intro-trial-3,d,d,true,147441.70
66d63bf354de4c20d9369e20,intro-trial-3,m,m,true,148346.20
66d63bf354de4c20d9369e20,intro-trial-3,w,w,true,149274.30
66d63bf354de4c20d9369e20,intro-trial-3,x,x,true,149737.80
66d63bf354de4c20d9369e20,intro-trial-3, , ,true,150025.60
66d63bf354de4c20d9369e20,intro-trial-3,f,f,true,150394.10
66d63bf354de4c20d9369e20,intro-trial-3,r,r,true,150866.10
66d63bf354de4c20d9369e20,intro-trial-3, , ,true,151194.00
66d63bf354de4c20d9369e20,intro-trial-3,f,f,true,151473.60
66d63bf354de4c20d9369e20,intro-trial-3,r,r,true,151713.50
66d63bf354de4c20d9369e20,intro-trial-3, , ,true,152033.80
66d63bf354de4c20d9369e20,intro-trial-3,f,f,true,152305.70
66d63bf354de4c20d9369e20,intro-trial-3,r,r,true,152569.60
66d63bf354de4c20d9369e20,intro-trial-3, , ,true,152857.70
66d63bf354de4c20d9369e20,intro-trial-3,v,v,true,153425.70
66d63bf354de4c20d9369e20,intro-trial-3,j,m,false,154177.70
66d63bf354de4c20d9369e20,intro-trial-3,j,j,true,155505.80
66d63bf354de4c20d9369e20,intro-trial-3,w,w,true,156193.70
66d63bf354de4c20d9369e20,intro-trial-3,o,p,false,156657.80
66d63bf354de4c20d9369e20,intro-trial-3,o,s,false,156969.80
66d63bf354de4c20d9369e20,intro-trial-3,o,o,true,157897.70
66d63bf354de4c20d9369e20,intro-trial-3,s,s,true,158033.40
66d63bf354de4c20d9369e20,intro-trial-3, , ,true,158481.70
66d63bf354de4c20d9369e20,intro-trial-3,f,f,true,158873.80
66d63bf354de4c20d9369e20,intro-trial-3,g,g,true,159266.30
66d63bf354de4c20d9369e20,intro-trial-3, , ,true,159561.60
66d63bf354de4c20d9369e20,intro-trial-3,f,f,true,160097.70
66d63bf354de4c20d9369e20,intro-trial-3,r,r,true,160409.70
66d63bf354de4c20d9369e20,intro-trial-3, , ,true,160609.50
66d63bf354de4c20d9369e20,intro-trial-3,f,f,true,161049.80
66d63bf354de4c20d9369e20,intro-trial-3,g,g,true,161833.80
66d63bf354de4c20d9369e20,intro-trial-3, , ,true,162121.70
66d63bf354de4c20d9369e20,intro-trial-3,f,f,true,162465.60
66d63bf354de4c20d9369e20,intro-trial-3,r,r,true,162721.60
66d63bf354de4c20d9369e20,intro-trial-3, , ,true,163129.70
66d63bf354de4c20d9369e20,intro-trial-3,f,f,true,164505.60
66d63bf354de4c20d9369e20,intro-trial-3,g,g,true,164761.50
66d63bf354de4c20d9369e20,intro-trial-3, , ,true,164985.50
66d63bf354de4c20d9369e20,intro-trial-3,f,f,true,165193.40
66d63bf354de4c20d9369e20,intro-trial-3,r,r,true,165417.40
66d63bf354de4c20d9369e20,intro-trial-3,,g,false,168145.50
66d63bf354de4c20d9369e20,main-trial-1,a,a,true,179057.30
66d63bf354de4c20d9369e20,main-trial-1,c,c,true,180353.60
66d63bf354de4c20d9369e20,main-trial-1,q,q,true,180913.30
66d63bf354de4c20d9369e20,main-trial-1,d,d,true,182849.10
66d63bf354de4c20d9369e20,main-trial-1,g,g,true,183465.00
66d63bf354de4c20d9369e20,main-trial-1, , ,true,183745.10
66d63bf354de4c20d9369e20,main-trial-1,e,e,true,183897.10
66d63bf354de4c20d9369e20,main-trial-1,f,f,true,184161.20
66d63bf354de4c20d9369e20,main-trial-1, , ,true,184433.30
66d63bf354de4c20d9369e20,main-trial-1,e,e,true,184609.20
66d63bf354de4c20d9369e20,main-trial-1,f,f,true,184953.20
66d63bf354de4c20d9369e20,main-trial-1, , ,true,185233.20
66d63bf354de4c20d9369e20,main-trial-1,e,e,true,185433.10
66d63bf354de4c20d9369e20,main-trial-1,f,f,true,185785.20
66d63bf354de4c20d9369e20,main-trial-1, , ,true,186009.20
66d63bf354de4c20d9369e20,main-trial-1,e,e,true,186257.20
66d63bf354de4c20d9369e20,main-trial-1,w,w,true,186545.10
66d63bf354de4c20d9369e20,main-trial-1,a,a,true,186913.10
66d63bf354de4c20d9369e20,main-trial-1,k,l,false,187305.10
66d63bf354de4c20d9369e20,main-trial-1,k,r,false,187721.10
66d63bf354de4c20d9369e20,main-trial-1,k,k,true,188642.00
66d63bf354de4c20d9369e20,main-trial-1,r,r,true,188777.10
66d63bf354de4c20d9369e20,main-trial-1, , ,true,189009.00
66d63bf354de4c20d9369e20,main-trial-1,f,f,true,189601.20
66d63bf354de4c20d9369e20,main-trial-1,e,e,true,189897.00
66d63bf354de4c20d9369e20,main-trial-1, , ,true,190161.10
66d63bf354de4c20d9369e20,main-trial-1,f,f,true,190393.10
66d63bf354de4c20d9369e20,main-trial-1,e,e,true,190600.90
66d63bf354de4c20d9369e20,main-trial-1, , ,true,190881.00
66d63bf354de4c20d9369e20,main-trial-1,f,f,true,191104.90
66d63bf354de4c20d9369e20,main-trial-1,e,e,true,191329.20
66d63bf354de4c20d9369e20,main-trial-1, , ,true,191568.90
66d63bf354de4c20d9369e20,main-trial-1,w,w,true,192057.10
66d63bf354de4c20d9369e20,main-trial-1,n,n,true,193361.10
66d63bf354de4c20d9369e20,main-trial-1,w,w,true,193617.30
66d63bf354de4c20d9369e20,main-trial-1,i,i,true,193809.00
66d63bf354de4c20d9369e20,main-trial-1,t,t,true,194121.20
66d63bf354de4c20d9369e20,main-trial-1, , ,true,194632.90
66d63bf354de4c20d9369e20,main-trial-1,e,e,true,195129.00
66d63bf354de4c20d9369e20,main-trial-1,f,f,true,195409.00
66d63bf354de4c20d9369e20,main-trial-1, , ,true,195769.00
66d63bf354de4c20d9369e20,main-trial-1,f,f,true,196233.10
66d63bf354de4c20d9369e20,main-trial-1,e,r,false,196488.80
66d63bf354de4c20d9369e20,main-trial-1,e,e,true,197320.90
66d63bf354de4c20d9369e20,main-trial-1, , ,true,197649.60
66d63bf354de4c20d9369e20,main-trial-1,e,e,true,197953.10
66d63bf354de4c20d9369e20,main-trial-1,f,f,true,198216.90
66d63bf354de4c20d9369e20,main-trial-1, , ,true,198864.90
66d63bf354de4c20d9369e20,main-trial-1,f,f,true,199273.20
66d63bf354de4c20d9369e20,main-trial-1,e,e,true,199681.20
66d63bf354de4c20d9369e20,main-trial-1, , ,true,200464.90
66d63bf354de4c20d9369e20,main-trial-1,e,e,true,200713.20
66d63bf354de4c20d9369e20,main-trial-1,f,f,true,201161.10
66d63bf354de4c20d9369e20,main-trial-1, , ,true,201673.10
66d63bf354de4c20d9369e20,main-trial-1,f,f,true,201889.00
66d63bf354de4c20d9369e20,main-trial-1,e,e,true,202112.90
66d63bf354de4c20d9369e20,main-trial-2,s,s,true,210881.00
66d63bf354de4c20d9369e20,main-trial-2,k,k,true,211120.70
66d63bf354de4c20d9369e20,main-trial-2,d,d,true,211936.90
66d63bf354de4c20d9369e20,main-trial-2,z,z,true,212336.60
66d63bf354de4c20d9369e20,main-trial-2,k,l,false,212672.70
66d63bf354de4c20d9369e20,main-trial-2,k,k,true,213648.70
66d63bf354de4c20d9369e20,main-trial-2, , ,true,214744.60
66d63bf354de4c20d9369e20,main-trial-2,c,c,true,215968.60
66d63bf354de4c20d9369e20,main-trial-2,r,r,true,216240.60
66d63bf354de4c20d9369e20,main-trial-2, , ,true,216464.70
66d63bf354de4c20d9369e20,main-trial-2,c,c,true,216832.90
66d63bf354de4c20d9369e20,main-trial-2,r,r,true,217104.80
66d63bf354de4c20d9369e20,main-trial-2, , ,true,217296.50
66d63bf354de4c20d9369e20,main-trial-2,c,c,true,217625.40
66d63bf354de4c20d9369e20,main-trial-2,r,r,true,217936.60
66d63bf354de4c20d9369e20,main-trial-2, , ,true,218225.40
66d63bf354de4c20d9369e20,main-trial-2,s,s,true,218568.70
66d63bf354de4c20d9369e20,main-trial-2,d,d,true,218992.70
66d63bf354de4c20d9369e20,main-trial-2,m,m,true,219464.70
66d63bf354de4c20d9369e20,main-trial-2,j,j,true,220400.70
66d63bf354de4c20d9369e20,main-trial-2,l,l,true,220856.50
66d63bf354de4c20d9369e20,main-trial-2, , ,true,221088.70
66d63bf354de4c20d9369e20,main-trial-2,v,v,true,221464.70
66d63bf354de4c20d9369e20,main-trial-2,r,r,true,221976.60
66d63bf354de4c20d9369e20,main-trial-2, , ,true,222696.50
66d63bf354de4c20d9369e20,main-trial-2,v,v,true,222936.60
66d63bf354de4c20d9369e20,main-trial-2,r,r,true,223472.40
66d63bf354de4c20d9369e20,main-trial-2, , ,true,223704.40
66d63bf354de4c20d9369e20,main-trial-2,v,v,true,224184.70
66d63bf354de4c20d9369e20,main-trial-2,r,r,true,224376.50
66d63bf354de4c20d9369e20,main-trial-2, , ,true,224800.60
66d63bf354de4c20d9369e20,main-trial-2,v,v,true,225704.40
66d63bf354de4c20d9369e20,main-trial-2,z,z,true,226344.70
66d63bf354de4c20d9369e20,main-trial-2,c,c,true,227240.60
66d63bf354de4c20d9369e20,main-trial-2,o,p,false,227456.90
66d63bf354de4c20d9369e20,main-trial-2,o,b,false,227752.60
66d63bf354de4c20d9369e20,main-trial-2,o, ,false,228096.50
66d63bf354de4c20d9369e20,main-trial-2,o,c,false,229968.40
66d63bf354de4c20d9369e20,main-trial-2,o,o,true,230984.60
66d63bf354de4c20d9369e20,main-trial-2,b,b,true,232120.50
66d63bf354de4c20d9369e20,main-trial-2, , ,true,232360.40
66d63bf354de4c20d9369e20,main-trial-2,c,c,true,233168.30
66d63bf354de4c20d9369e20,main-trial-2,r,r,true,233536.30
66d63bf354de4c20d9369e20,main-trial-2, , ,true,233712.40
66d63bf354de4c20d9369e20,main-trial-2,v,c,false,233992.30
66d63bf354de4c20d9369e20,main-trial-2,v,v,true,234952.50
66d63bf354de4c20d9369e20,main-trial-2,r,r,true,235184.30
66d63bf354de4c20d9369e20,main-trial-2, , ,true,235472.40
66d63bf354de4c20d9369e20,main-trial-2,c,c,true,235704.20
66d63bf354de4c20d9369e20,main-trial-2,r,r,true,236136.40
66d63bf354de4c20d9369e20,main-trial-2, , ,true,236464.30
66d63bf354de4c20d9369e20,main-trial-2,v,v,true,236777.00
66d63bf354de4c20d9369e20,main-trial-2,r,r,true,237577.00
66d63bf354de4c20d9369e20,main-trial-2, , ,true,238056.50
66d63bf354de4c20d9369e20,main-trial-2,c,c,true,238816.30
66d63bf354de4c20d9369e20,main-trial-2,r,r,true,239224.30
66d63bf354de4c20d9369e20,main-trial-2, , ,true,239384.30
66d63bf354de4c20d9369e20,main-trial-2,v,v,true,239640.40
66d63bf354de4c20d9369e20,main-trial-2,r,r,true,240064.30
66d63bf354de4c20d9369e20,main-trial-3,s,s,true,248048.30
66d63bf354de4c20d9369e20,main-trial-3,k,k,true,248376.10
66d63bf354de4c20d9369e20,main-trial-3,m,m,true,249424.20
66d63bf354de4c20d9369e20,main-trial-3,y,y,true,249720.10
66d63bf354de4c20d9369e20,main-trial-3,y,y,true,249880.00
66d63bf354de4c20d9369e20,main-trial-3, , ,true,250144.20
66d63bf354de4c20d9369e20,main-trial-3,w,w,true,250440.10
66d63bf354de4c20d9369e20,main-trial-3,d,d,true,250768.10
66d63bf354de4c20d9369e20,main-trial-3, , ,true,251008.00
66d63bf354de4c20d9369e20,main-trial-3,w,w,true,251264.00
66d63bf354de4c20d9369e20,main-trial-3,d,d,true,251575.90
66d63bf354de4c20d9369e20,main-trial-3, , ,true,251832.00
66d63bf354de4c20d9369e20,main-trial-3,w,w,true,252016.10
66d63bf354de4c20d9369e20,main-trial-3,d,d,true,252344.10
66d63bf354de4c20d9369e20,main-trial-3, , ,true,252664.10
66d63bf354de4c20d9369e20,main-trial-3,f,f,true,252856.20
66d63bf354de4c20d9369e20,main-trial-3,r,r,true,253120.10
66d63bf354de4c20d9369e20,main-trial-3,v,c,false,253816.00
66d63bf354de4c20d9369e20,main-trial-3,v,v,true,254848.20
66d63bf354de4c20d9369e20,main-trial-3,d,d,true,255192.10
66d63bf354de4c20d9369e20,main-trial-3,c,c,true,256024.00
66d63bf354de4c20d9369e20,main-trial-3, , ,true,256336.20
66d63bf354de4c20d9369e20,main-trial-3,d,d,true,256984.30
66d63bf354de4c20d9369e20,main-trial-3,s,s,true,257232.40
66d63bf354de4c20d9369e20,main-trial-3, , ,true,257448.10
66d63bf354de4c20d9369e20,main-trial-3,d,d,true,257720.10
66d63bf354de4c20d9369e20,main-trial-3,s,s,true,257944.00
66d63bf354de4c20d9369e20,main-trial-3, , ,true,258207.90
66d63bf354de4c20d9369e20,main-trial-3,d,d,true,258416.10
66d63bf354de4c20d9369e20,main-trial-3,s,s,true,258679.80
66d63bf354de4c20d9369e20,main-trial-3, , ,true,259032.10
66d63bf354de4c20d9369e20,main-trial-3,d,d,true,259344.00
66d63bf354de4c20d9369e20,main-trial-3,s,s,true,259632.00
66d63bf354de4c20d9369e20,main-trial-3,m,m,true,260583.90
66d63bf354de4c20d9369e20,main-trial-3,t,t,true,260863.80
66d63bf354de4c20d9369e20,main-trial-3,o,o,true,261119.80
66d63bf354de4c20d9369e20,main-trial-3, , ,true,261752.10
66d63bf354de4c20d9369e20,main-trial-3,w,w,true,262047.90
66d63bf354de4c20d9369e20,main-trial-3,d,d,true,262671.90
66d63bf354de4c20d9369e20,main-trial-3, , ,true,262935.90
66d63bf354de4c20d9369e20,main-trial-3,d,d,true,263239.80
66d63bf354de4c20d9369e20,main-trial-3,s,s,true,263591.90
66d63bf354de4c20d9369e20,main-trial-3, , ,true,263799.80
66d63bf354de4c20d9369e20,main-trial-3,w,w,true,264071.80
66d63bf354de4c20d9369e20,main-trial-3,d,d,true,264439.80
66d63bf354de4c20d9369e20,main-trial-3, , ,true,264704.00
66d63bf354de4c20d9369e20,main-trial-3,d,d,true,264951.90
66d63bf354de4c20d9369e20,main-trial-3,s,s,true,265399.90
66d63bf354de4c20d9369e20,main-trial-3, , ,true,265863.80
66d63bf354de4c20d9369e20,main-trial-3,w,w,true,266279.80
66d63bf354de4c20d9369e20,main-trial-3,d,d,true,266704.00
66d63bf354de4c20d9369e20,main-trial-3, , ,true,267175.90
66d63bf354de4c20d9369e20,main-trial-3,d,d,true,267375.80
66d63bf354de4c20d9369e20,main-trial-3,s,s,true,267743.80
66d63bf354de4c20d9369e20,main-trial-4,i,i,true,274248.40
66d63bf354de4c20d9369e20,main-trial-4,y,y,true,275232.10
66d63bf354de4c20d9369e20,main-trial-4,n,n,true,276167.80
66d63bf354de4c20d9369e20,main-trial-4,l,l,true,276511.60
66d63bf354de4c20d9369e20,main-trial-4,a,a,true,276671.60
66d63bf354de4c20d9369e20,main-trial-4, , ,true,277015.80
66d63bf354de4c20d9369e20,main-trial-4,w,w,true,277295.80
66d63bf354de4c20d9369e20,main-trial-4,f,f,true,277759.80
66d63bf354de4c20d9369e20,main-trial-4, , ,true,277991.60
66d63bf354de4c20d9369e20,main-trial-4,w,w,true,278215.50
66d63bf354de4c20d9369e20,main-trial-4,f,f,true,278591.60
66d63bf354de4c20d9369e20,main-trial-4, , ,true,278847.70
66d63bf354de4c20d9369e20,main-trial-4,w,w,true,279063.70
66d63bf354de4c20d9369e20,main-trial-4,f,f,true,279431.60
66d63bf354de4c20d9369e20,main-trial-4, , ,true,279687.60
66d63bf354de4c20d9369e20,main-trial-4,a,a,true,279951.70
66d63bf354de4c20d9369e20,main-trial-4,i,i,true,281071.70
66d63bf354de4c20d9369e20,main-trial-4,z,z,true,282143.70
66d63bf354de4c20d9369e20,main-trial-4,c,c,true,282735.60
66d63bf354de4c20d9369e20,main-trial-4,m,m,true,283015.70
66d63bf354de4c20d9369e20,main-trial-4, , ,true,283535.90
66d63bf354de4c20d9369e20,main-trial-4,s,s,true,283735.70
66d63bf354de4c20d9369e20,main-trial-4,r,r,true,284479.40
66d63bf354de4c20d9369e20,main-trial-4, , ,true,284863.80
66d63bf354de4c20d9369e20,main-trial-4,s,s,true,285079.50
66d63bf354de4c20d9369e20,main-trial-4,r,r,true,285391.80
66d63bf354de4c20d9369e20,main-trial-4, , ,true,285631.50
66d63bf354de4c20d9369e20,main-trial-4,s,s,true,285911.50
66d63bf354de4c20d9369e20,main-trial-4,r,r,true,286119.50
66d63bf354de4c20d9369e20,main-trial-4, , ,true,286439.50
66d63bf354de4c20d9369e20,main-trial-4,p,p,true,288135.60
66d63bf354de4c20d9369e20,main-trial-4,f,f,true,288359.50
66d63bf354de4c20d9369e20,main-trial-4,c,c,true,289183.40
66d63bf354de4c20d9369e20,main-trial-4,a,a,true,290007.60
66d63bf354de4c20d9369e20,main-trial-4,t,t,true,290479.60
66d63bf354de4c20d9369e20,main-trial-4, , ,true,290743.40
66d63bf354de4c20d9369e20,main-trial-4,w,w,true,291103.70
66d63bf354de4c20d9369e20,main-trial-4,f,f,true,291607.50
66d63bf354de4c20d9369e20,main-trial-4, , ,true,291935.30
66d63bf354de4c20d9369e20,main-trial-4,s,s,true,292376.00
66d63bf354de4c20d9369e20,main-trial-4,r,r,true,292743.50
66d63bf354de4c20d9369e20,main-trial-4, , ,true,292959.50
66d63bf354de4c20d9369e20,main-trial-4,w,w,true,293279.40
66d63bf354de4c20d9369e20,main-trial-4,f,f,true,293679.50
66d63bf354de4c20d9369e20,main-trial-4, , ,true,293903.30
66d63bf354de4c20d9369e20,main-trial-4,s,s,true,294319.60
66d63bf354de4c20d9369e20,main-trial-4,r,r,true,294655.50
66d63bf354de4c20d9369e20,main-trial-4, , ,true,294975.30
66d63bf354de4c20d9369e20,main-trial-4,w,w,true,296327.60
66d63bf354de4c20d9369e20,main-trial-4,f,f,true,296815.40
66d63bf354de4c20d9369e20,main-trial-4, , ,true,297175.40
66d63bf354de4c20d9369e20,main-trial-4,s,s,true,297495.30
66d63bf354de4c20d9369e20,main-trial-4,r,r,true,297871.40
66d63bf354de4c20d9369e20,main-trial-5,u,u,true,303919.30
66d63bf354de4c20d9369e20,main-trial-5,p,p,true,304319.50
66d63bf354de4c20d9369e20,main-trial-5,k,k,true,305135.20
66d63bf354de4c20d9369e20,main-trial-5,o,o,true,305343.20
66d63bf354de4c20d9369e20,main-trial-5,f,f,true,305623.20
66d63bf354de4c20d9369e20,main-trial-5, , ,true,305879.10
66d63bf354de4c20d9369e20,main-trial-5,f,f,true,306111.10
66d63bf354de4c20d9369e20,main-trial-5,g,g,true,306423.50
66d63bf354de4c20d9369e20,main-trial-5, , ,true,306799.10
66d63bf354de4c20d9369e20,main-trial-5,f,f,true,306991.10
66d63bf354de4c20d9369e20,main-trial-5,g,g,true,307239.20
66d63bf354de4c20d9369e20,main-trial-5, , ,true,307543.10
66d63bf354de4c20d9369e20,main-trial-5,f,f,true,307735.10
66d63bf354de4c20d9369e20,main-trial-5,g,g,true,308031.20
66d63bf354de4c20d9369e20,main-trial-5, , ,true,308447.10
66d63bf354de4c20d9369e20,main-trial-5,t,t,true,308623.20
66d63bf354de4c20d9369e20,main-trial-5,a,a,true,309135.20
66d63bf354de4c20d9369e20,main-trial-5,p,p,true,310407.30
66d63bf354de4c20d9369e20,main-trial-5,k,k,true,311359.20
66d63bf354de4c20d9369e20,main-trial-5,q,q,true,311871.20
66d63bf354de4c20d9369e20,main-trial-5, , ,true,312167.10
66d63bf354de4c20d9369e20,main-trial-5,d,d,true,312919.20
66d63bf354de4c20d9369e20,main-trial-5,f,f,true,313087.20
66d63bf354de4c20d9369e20,main-trial-5, , ,true,313431.20
66d63bf354de4c20d9369e20,main-trial-5,d,d,true,313647.10
66d63bf354de4c20d9369e20,main-trial-5,f,f,true,314119.40
66d63bf354de4c20d9369e20,main-trial-5, , ,true,314375.10
66d63bf354de4c20d9369e20,main-trial-5,d,d,true,314550.90
66d63bf354de4c20d9369e20,main-trial-5,f,f,true,314943.60
66d63bf354de4c20d9369e20,main-trial-5, , ,true,315175.10
66d63bf354de4c20d9369e20,main-trial-5,y,y,true,316279.10
66d63bf354de4c20d9369e20,main-trial-5,n,n,true,316799.20
66d63bf354de4c20d9369e20,main-trial-5,c,c,true,317135.10
66d63bf354de4c20d9369e20,main-trial-5,n,n,true,317511.00
66d63bf354de4c20d9369e20,main-trial-5,n,n,true,317695.10
66d63bf354de4c20d9369e20,main-trial-5, , ,true,318039.00
66d63bf354de4c20d9369e20,main-trial-5,f,f,true,318191.30
66d63bf354de4c20d9369e20,main-trial-5,g,g,true,318679.00
66d63bf354de4c20d9369e20,main-trial-5, , ,true,318943.10
66d63bf354de4c20d9369e20,main-trial-5,d,d,true,319262.90
66d63bf354de4c20d9369e20,main-trial-5,f,f,true,319679.00
66d63bf354de4c20d9369e20,main-trial-5, , ,true,319943.00
66d63bf354de4c20d9369e20,main-trial-5,f,g,false,320311.50
66d63bf354de4c20d9369e20,main-trial-5,f,f,true,320895.20
66d63bf354de4c20d9369e20,main-trial-5,g,g,true,321278.80
66d63bf354de4c20d9369e20,main-trial-5, , ,true,321558.90
66d63bf354de4c20d9369e20,main-trial-5,d,d,true,321934.80
66d63bf354de4c20d9369e20,main-trial-5,f,f,true,322182.90
66d63bf354de4c20d9369e20,main-trial-5, , ,true,322510.90
66d63bf354de4c20d9369e20,main-trial-5,f,f,true,323143.10
66d63bf354de4c20d9369e20,main-trial-5,g,r,false,324015.00
66d63bf354de4c20d9369e20,main-trial-5,g,g,true,324583.10
66d63bf354de4c20d9369e20,main-trial-5, ,f,false,324584.00
66d63bf354de4c20d9369e20,main-trial-5, , ,true,325222.90
66d63bf354de4c20d9369e20,main-trial-5,d,d,true,325599.00
66d63bf354de4c20d9369e20,main-trial-5,f,f,true,325934.90
66d63bf354de4c20d9369e20,main-trial-6,y,y,true,337086.60
66d63bf354de4c20d9369e20,main-trial-6,g,g,true,337414.60
66d63bf354de4c20d9369e20,main-trial-6,s,z,false,337926.90
66d63bf354de4c20d9369e20,main-trial-6,s,s,true,339310.90
66d63bf354de4c20d9369e20,main-trial-6,z,z,true,339598.60
66d63bf354de4c20d9369e20,main-trial-6,x,x,true,340718.70
66d63bf354de4c20d9369e20,main-trial-6, , ,true,340974.60
66d63bf354de4c20d9369e20,main-trial-6,x,x,true,341430.60
66d63bf354de4c20d9369e20,main-trial-6,c,c,true,341862.70
66d63bf354de4c20d9369e20,main-trial-6, , ,true,342134.60
66d63bf354de4c20d9369e20,main-trial-6,x,x,true,342366.50
66d63bf354de4c20d9369e20,main-trial-6,c,c,true,342790.80
66d63bf354de4c20d9369e20,main-trial-6, , ,true,343078.40
66d63bf354de4c20d9369e20,main-trial-6,x,x,true,343286.50
66d63bf354de4c20d9369e20,main-trial-6,c,c,true,343518.70
66d63bf354de4c20d9369e20,main-trial-6, , ,true,343790.50
66d63bf354de4c20d9369e20,main-trial-6,r,r,true,344502.60
66d63bf354de4c20d9369e20,main-trial-6,h,h,true,344886.80
66d63bf354de4c20d9369e20,main-trial-6,u,u,true,345230.50
66d63bf354de4c20d9369e20,main-trial-6,j,j,true,345670.50
66d63bf354de4c20d9369e20,main-trial-6,c,c,true,346062.70
66d63bf354de4c20d9369e20,main-trial-6, , ,true,346390.50
66d63bf354de4c20d9369e20,main-trial-6,c,c,true,346622.70
66d63bf354de4c20d9369e20,main-trial-6,e,e,true,346870.60
66d63bf354de4c20d9369e20,main-trial-6, , ,true,347334.60
66d63bf354de4c20d9369e20,main-trial-6,c,c,true,347486.50
66d63bf354de4c20d9369e20,main-trial-6,e,e,true,347750.40
66d63bf354de4c20d9369e20,main-trial-6, , ,true,347982.50
66d63bf354de4c20d9369e20,main-trial-6,c,c,true,348174.60
66d63bf354de4c20d9369e20,main-trial-6,e,e,true,348446.70
66d63bf354de4c20d9369e20,main-trial-6, , ,true,348734.80
66d63bf354de4c20d9369e20,main-trial-6,j,j,true,349478.70
66d63bf354de4c20d9369e20,main-trial-6,n,n,true,349958.60
66d63bf354de4c20d9369e20,main-trial-6,o,o,true,350870.60
66d63bf354de4c20d9369e20,main-trial-6,e,e,true,351054.60
66d63bf354de4c20d9369e20,main-trial-6,g,g,true,351486.50
66d63bf354de4c20d9369e20,main-trial-6, , ,true,351662.30
66d63bf354de4c20d9369e20,main-trial-6,x,x,true,352030.90
66d63bf354de4c20d9369e20,main-trial-6,c,c,true,352270.50
66d63bf354de4c20d9369e20,main-trial-6, , ,true,352574.50
66d63bf354de4c20d9369e20,main-trial-6,c,c,true,352878.50
66d63bf354de4c20d9369e20,main-trial-6,e,e,true,353134.40
66d63bf354de4c20d9369e20,main-trial-6, , ,true,353406.50
66d63bf354de4c20d9369e20,main-trial-6,x,x,true,353878.70
66d63bf354de4c20d9369e20,main-trial-6,c,c,true,354238.70
66d63bf354de4c20d9369e20,main-trial-6, , ,true,354510.40
66d63bf354de4c20d9369e20,main-trial-6,c,c,true,354678.30
66d63bf354de4c20d9369e20,main-trial-6,e,e,true,354958.30
66d63bf354de4c20d9369e20,main-trial-6, , ,true,355382.40
66d63bf354de4c20d9369e20,main-trial-6,x,x,true,355926.40
66d63bf354de4c20d9369e20,main-trial-6,c,c,true,356462.40
66d63bf354de4c20d9369e20,main-trial-6, , ,true,356862.40
66d63bf354de4c20d9369e20,main-trial-6,c,c,true,357070.30
66d63bf354de4c20d9369e20,main-trial-6,e,e,true,357342.30
66d63bf354de4c20d9369e20,main-trial-7,b,b,true,363126.40
66d63bf354de4c20d9369e20,main-trial-7,z,z,true,363742.40
66d63bf354de4c20d9369e20,main-trial-7,u,u,true,363942.20
66d63bf354de4c20d9369e20,main-trial-7,g,g,true,364334.50
66d63bf354de4c20d9369e20,main-trial-7,e,e,true,364558.30
66d63bf354de4c20d9369e20,main-trial-7, , ,true,364782.20
66d63bf354de4c20d9369e20,main-trial-7,v,v,true,365198.50
66d63bf354de4c20d9369e20,main-trial-7,r,e,false,365446.20
66d63bf354de4c20d9369e20,main-trial-7,r,r,true,365942.10
66d63bf354de4c20d9369e20,main-trial-7, , ,true,366206.20
66d63bf354de4c20d9369e20,main-trial-7,v,v,true,366478.20
66d63bf354de4c20d9369e20,main-trial-7,r,r,true,366790.40
66d63bf354de4c20d9369e20,main-trial-7, , ,true,367014.20
66d63bf354de4c20d9369e20,main-trial-7,v,v,true,367326.20
66d63bf354de4c20d9369e20,main-trial-7,r,e,false,367574.20
66d63bf354de4c20d9369e20,main-trial-7,r,r,true,367910.30
66d63bf354de4c20d9369e20,main-trial-7, , ,true,368246.40
66d63bf354de4c20d9369e20,main-trial-7,l,l,true,369238.20
66d63bf354de4c20d9369e20,main-trial-7,e,e,true,369438.10
66d63bf354de4c20d9369e20,main-trial-7,x,x,true,369718.10
66d63bf354de4c20d9369e20,main-trial-7,t,t,true,370054.30
66d63bf354de4c20d9369e20,main-trial-7,v,v,true,370382.30
66d63bf354de4c20d9369e20,main-trial-7, , ,true,370718.20
66d63bf354de4c20d9369e20,main-trial-7,f,f,true,370926.10
66d63bf354de4c20d9369e20,main-trial-7,r,r,true,371398.30
66d63bf354de4c20d9369e20,main-trial-7, , ,true,371654.10
66d63bf354de4c20d9369e20,main-trial-7,f,f,true,371830.10
66d63bf354de4c20d9369e20,main-trial-7,r,r,true,372046.10
66d63bf354de4c20d9369e20,main-trial-7, , ,true,372270.10
66d63bf354de4c20d9369e20,main-trial-7,f,f,true,372366.10
66d63bf354de4c20d9369e20,main-trial-7,r,r,true,372566.10
66d63bf354de4c20d9369e20,main-trial-7, , ,true,372894.20
66d63bf354de4c20d9369e20,main-trial-7,f,f,true,373158.20
66d63bf354de4c20d9369e20,main-trial-7,f,f,true,373382.30
66d63bf354de4c20d9369e20,main-trial-7,i,o,false,373878.20
66d63bf354de4c20d9369e20,main-trial-7,i,i,true,374886.30
66d63bf354de4c20d9369e20,main-trial-7,i,i,true,375038.20
66d63bf354de4c20d9369e20,main-trial-7,g,g,true,375158.00
66d63bf354de4c20d9369e20,main-trial-7, , ,true,375542.10
66d63bf354de4c20d9369e20,main-trial-7,v,v,true,376078.10
66d63bf354de4c20d9369e20,main-trial-7,r,r,true,376374.00
66d63bf354de4c20d9369e20,main-trial-7, , ,true,376798.10
66d63bf354de4c20d9369e20,main-trial-7,f,f,true,377102.00
66d63bf354de4c20d9369e20,main-trial-7,r,r,true,377397.90
66d63bf354de4c20d9369e20,main-trial-7, , ,true,377654.10
66d63bf354de4c20d9369e20,main-trial-7,v,v,true,377902.00
66d63bf354de4c20d9369e20,main-trial-7,r,r,true,378198.00
66d63bf354de4c20d9369e20,main-trial-7, , ,true,378501.90
66d63bf354de4c20d9369e20,main-trial-7,f,f,true,378782.00
66d63bf354de4c20d9369e20,main-trial-7,r,r,true,379013.90
66d63bf354de4c20d9369e20,main-trial-7, , ,true,379565.90
66d63bf354de4c20d9369e20,main-trial-7,v,v,true,380045.90
66d63bf354de4c20d9369e20,main-trial-7,r,r,true,380345.50
66d63bf354de4c20d9369e20,main-trial-7, , ,true,380645.90
66d63bf354de4c20d9369e20,main-trial-7,f,f,true,380869.80
66d63bf354de4c20d9369e20,main-trial-7,r,r,true,381134.00
66d63bf354de4c20d9369e20,main-trial-8,j,j,true,387030.00
66d63bf354de4c20d9369e20,main-trial-8,h,h,true,387357.90
66d63bf354de4c20d9369e20,main-trial-8,p,p,true,388453.90
66d63bf354de4c20d9369e20,main-trial-8,g,g,true,388717.80
66d63bf354de4c20d9369e20,main-trial-8,n,n,true,388893.70
66d63bf354de4c20d9369e20,main-trial-8, , ,true,389109.90
66d63bf354de4c20d9369e20,main-trial-8,s,s,true,389509.90
66d63bf354de4c20d9369e20,main-trial-8,f,f,true,390117.90
66d63bf354de4c20d9369e20,main-trial-8, , ,true,390646.10
66d63bf354de4c20d9369e20,main-trial-8,s,s,true,390877.80
66d63bf354de4c20d9369e20,main-trial-8,f,f,true,391325.80
66d63bf354de4c20d9369e20,main-trial-8, , ,true,391565.80
66d63bf354de4c20d9369e20,main-trial-8,s,s,true,391789.90
66d63bf354de4c20d9369e20,main-trial-8,f,f,true,392053.80
66d63bf354de4c20d9369e20,main-trial-8, , ,true,392261.70
66d63bf354de4c20d9369e20,main-trial-8,e,e,true,392453.70
66d63bf354de4c20d9369e20,main-trial-8,s,s,true,392741.70
66d63bf354de4c20d9369e20,main-trial-8,g,g,true,393581.60
66d63bf354de4c20d9369e20,main-trial-8,b,b,true,393797.60
66d63bf354de4c20d9369e20,main-trial-8,k,k,true,394613.60
66d63bf354de4c20d9369e20,main-trial-8, , ,true,394869.70
66d63bf354de4c20d9369e20,main-trial-8,b,b,true,395149.60
66d63bf354de4c20d9369e20,main-trial-8,e,v,false,395237.80
66d63bf354de4c20d9369e20,main-trial-8,e,r,false,395541.70
66d63bf354de4c20d9369e20,main-trial-8,e, ,false,395813.70
66d63bf354de4c20d9369e20,main-trial-8,e,e,true,396133.70
66d63bf354de4c20d9369e20,main-trial-8, , ,true,396621.60
66d63bf354de4c20d9369e20,main-trial-8,b,v,false,396917.60
66d63bf354de4c20d9369e20,main-trial-8,b,e,false,397197.50
66d63bf354de4c20d9369e20,main-trial-8,b,b,true,397901.80
66d63bf354de4c20d9369e20,main-trial-8,e,e,true,398021.80
66d63bf354de4c20d9369e20,main-trial-8, , ,true,398413.80
66d63bf354de4c20d9369e20,main-trial-8,b,b,true,398789.80
66d63bf354de4c20d9369e20,main-trial-8,e,e,true,399149.60
66d63bf354de4c20d9369e20,main-trial-8, , ,true,399469.60
66d63bf354de4c20d9369e20,main-trial-8,s,s,true,399797.80
66d63bf354de4c20d9369e20,main-trial-8,c,c,true,400101.80
66d63bf354de4c20d9369e20,main-trial-8,l,l,true,401085.90
66d63bf354de4c20d9369e20,main-trial-8,n,n,true,401485.70
66d63bf354de4c20d9369e20,main-trial-8,k,k,true,402261.60
66d63bf354de4c20d9369e20,main-trial-8, , ,true,402541.60
66d63bf354de4c20d9369e20,main-trial-8,s,s,true,402781.60
66d63bf354de4c20d9369e20,main-trial-8,f,g,false,403078.10
66d63bf354de4c20d9369e20,main-trial-8,f,f,true,403079.20
66d63bf354de4c20d9369e20,main-trial-8, , ,true,403669.60
66d63bf354de4c20d9369e20,main-trial-8,b,b,true,404357.70
66d63bf354de4c20d9369e20,main-trial-8,e,e,true,404917.80
66d63bf354de4c20d9369e20,main-trial-8, , ,true,405117.60
66d63bf354de4c20d9369e20,main-trial-8,s,s,true,406429.50
66d63bf354de4c20d9369e20,main-trial-8,f,f,true,406933.60
66d63bf354de4c20d9369e20,main-trial-8, , ,true,407165.50
66d63bf354de4c20d9369e20,main-trial-8,b,b,true,407437.60
66d63bf354de4c20d9369e20,main-trial-8,e,r,false,407749.60
66d63bf354de4c20d9369e20,main-trial-8,e,e,true,407750.50
66d63bf354de4c20d9369e20,main-trial-8, , ,true,408229.50
66d63bf354de4c20d9369e20,main-trial-8,s,s,true,408685.50
66d63bf354de4c20d9369e20,main-trial-8,f,g,false,409005.40
66d63bf354de4c20d9369e20,main-trial-8,f,f,true,409006.30
66d63bf354de4c20d9369e20,main-trial-8, , ,true,409213.20
66d63bf354de4c20d9369e20,main-trial-8,b,v,false,409605.40
66d63bf354de4c20d9369e20,main-trial-8,b,b,true,410677.80
66d63bf354de4c20d9369e20,main-trial-8,e,e,true,410885.30
66d63bf354de4c20d9369e20,main-trial-9,i,i,true,417493.40
66d63bf354de4c20d9369e20,main-trial-9,z,z,true,417725.40
66d63bf354de4c20d9369e20,main-trial-9,z,z,true,417893.20
66d63bf354de4c20d9369e20,main-trial-9,r,r,true,418813.50
66d63bf354de4c20d9369e20,main-trial-9,m,m,true,419085.40
66d63bf354de4c20d9369e20,main-trial-9, , ,true,419333.20
66d63bf354de4c20d9369e20,main-trial-9,e,e,true,419533.30
66d63bf354de4c20d9369e20,main-trial-9,f,f,true,419829.40
66d63bf354de4c20d9369e20,main-trial-9, ,e,false,420053.40
66d63bf354de4c20d9369e20,main-trial-9, , ,true,420573.50
66d63bf354de4c20d9369e20,main-trial-9,e,e,true,420805.20
66d63bf354de4c20d9369e20,main-trial-9,f,f,true,421093.40
66d63bf354de4c20d9369e20,main-trial-9, , ,true,421389.40
66d63bf354de4c20d9369e20,main-trial-9,e,e,true,421525.60
66d63bf354de4c20d9369e20,main-trial-9,f,f,true,421861.50
66d63bf354de4c20d9369e20,main-trial-9, , ,true,422213.30
66d63bf354de4c20d9369e20,main-trial-9,b,g,false,422773.30
66d63bf354de4c20d9369e20,main-trial-9,b,b,true,424277.30
66d63bf354de4c20d9369e20,main-trial-9,h,h,true,425045.20
66d63bf354de4c20d9369e20,main-trial-9,x,x,true,425853.20
66d63bf354de4c20d9369e20,main-trial-9,g,g,true,426133.20
66d63bf354de4c20d9369e20,main-trial-9,m,m,true,426341.30
66d63bf354de4c20d9369e20,main-trial-9, , ,true,426749.90
66d63bf354de4c20d9369e20,main-trial-9,d,d,true,427061.20
66d63bf354de4c20d9369e20,main-trial-9,r,r,true,427357.30
66d63bf354de4c20d9369e20,main-trial-9, , ,true,427765.30
66d63bf354de4c20d9369e20,main-trial-9,d,d,true,427909.10
66d63bf354de4c20d9369e20,main-trial-9,r,r,true,428141.20
66d63bf354de4c20d9369e20,main-trial-9, , ,true,428469.20
66d63bf354de4c20d9369e20,main-trial-9,d,d,true,429069.20
66d63bf354de4c20d9369e20,main-trial-9,r,r,true,429373.40
66d63bf354de4c20d9369e20,main-trial-9, , ,true,429661.20
66d63bf354de4c20d9369e20,main-trial-9,n,n,true,430509.30
66d63bf354de4c20d9369e20,main-trial-9,q,q,true,431389.30
66d63bf354de4c20d9369e20,main-trial-9,h,h,true,432237.10
66d63bf354de4c20d9369e20,main-trial-9,z,z,true,432757.20
66d63bf354de4c20d9369e20,main-trial-9,w,w,true,433301.30
66d63bf354de4c20d9369e20,main-trial-9, , ,true,433821.30
66d63bf354de4c20d9369e20,main-trial-9,e,e,true,434093.30
66d63bf354de4c20d9369e20,main-trial-9,f,f,true,434597.40
66d63bf354de4c20d9369e20,main-trial-9, , ,true,434837.20
66d63bf354de4c20d9369e20,main-trial-9,d,d,true,435245.10
66d63bf354de4c20d9369e20,main-trial-9,r,r,true,435516.90
66d63bf354de4c20d9369e20,main-trial-9, , ,true,435781.30
66d63bf354de4c20d9369e20,main-trial-9,e,e,true,435941.00
66d63bf354de4c20d9369e20,main-trial-9,f,f,true,436221.20
66d63bf354de4c20d9369e20,main-trial-9, , ,true,436525.00
66d63bf354de4c20d9369e20,main-trial-9,d,d,true,436757.20
66d63bf354de4c20d9369e20,main-trial-9,r,r,true,436996.90
66d63bf354de4c20d9369e20,main-trial-9, , ,true,437605.10
66d63bf354de4c20d9369e20,main-trial-9,e,e,true,438637.30
66d63bf354de4c20d9369e20,main-trial-9,f,f,true,438957.20
66d63bf354de4c20d9369e20,main-trial-9, , ,true,439220.90
66d63bf354de4c20d9369e20,main-trial-9,d,d,true,439381.20
66d63bf354de4c20d9369e20,main-trial-9,r,r,true,439797.10
66d63bf354de4c20d9369e20,main-trial-10,h,h,true,446037.00
66d63bf354de4c20d9369e20,main-trial-10,y,y,true,447060.90
66d63bf354de4c20d9369e20,main-trial-10,x,x,true,447596.70
66d63bf354de4c20d9369e20,main-trial-10,g,g,true,448020.70
66d63bf354de4c20d9369e20,main-trial-10,v,v,true,448300.90
66d63bf354de4c20d9369e20,main-trial-10, , ,true,448580.70
66d63bf354de4c20d9369e20,main-trial-10,f,f,true,448756.80
66d63bf354de4c20d9369e20,main-trial-10,r,r,true,448980.80
66d63bf354de4c20d9369e20,main-trial-10, , ,true,449244.80
66d63bf354de4c20d9369e20,main-trial-10,f,f,true,449372.80
66d63bf354de4c20d9369e20,main-trial-10,r,r,true,449572.70
66d63bf354de4c20d9369e20,main-trial-10, , ,true,449980.90
66d63bf354de4c20d9369e20,main-trial-10,f,f,true,450164.60
66d63bf354de4c20d9369e20,main-trial-10,r,r,true,450388.60
66d63bf354de4c20d9369e20,main-trial-10, , ,true,450596.70
66d63bf354de4c20d9369e20,main-trial-10,d,d,true,450980.80
66d63bf354de4c20d9369e20,main-trial-10,f,g,false,451364.70
66d63bf354de4c20d9369e20,main-trial-10,f,f,true,451365.70
66d63bf354de4c20d9369e20,main-trial-10,n,n,true,452500.70
66d63bf354de4c20d9369e20,main-trial-10,o,o,true,452708.70
66d63bf354de4c20d9369e20,main-trial-10,a,a,true,453020.80
66d63bf354de4c20d9369e20,main-trial-10, , ,true,453276.70
66d63bf354de4c20d9369e20,main-trial-10,f,f,true,453708.70
66d63bf354de4c20d9369e20,main-trial-10,d,d,true,453932.60
66d63bf354de4c20d9369e20,main-trial-10, , ,true,454132.50
66d63bf354de4c20d9369e20,main-trial-10,f,f,true,454525.40
66d63bf354de4c20d9369e20,main-trial-10,d,d,true,455196.50
66d63bf354de4c20d9369e20,main-trial-10, , ,true,455637.00
66d63bf354de4c20d9369e20,main-trial-10,f,f,true,455788.60
66d63bf354de4c20d9369e20,main-trial-10,d,d,true,456044.40
66d63bf354de4c20d9369e20,main-trial-10, , ,true,456405.00
66d63bf354de4c20d9369e20,main-trial-10,g,g,true,456916.60
66d63bf354de4c20d9369e20,main-trial-10,h,h,true,458036.70
66d63bf354de4c20d9369e20,main-trial-10,s,s,true,458172.60
66d63bf354de4c20d9369e20,main-trial-10,c,c,true,458532.60
66d63bf354de4c20d9369e20,main-trial-10,c,c,true,458700.60
66d63bf354de4c20d9369e20,main-trial-10, , ,true,459156.60
66d63bf354de4c20d9369e20,main-trial-10,f,f,true,459908.80
66d63bf354de4c20d9369e20,main-trial-10,r,r,true,460116.50
66d63bf354de4c20d9369e20,main-trial-10, , ,true,460356.70
66d63bf354de4c20d9369e20,main-trial-10,f,f,true,460884.70
66d63bf354de4c20d9369e20,main-trial-10,d,d,true,461156.60
66d63bf354de4c20d9369e20,main-trial-10, , ,true,461396.50
66d63bf354de4c20d9369e20,main-trial-10,f,f,true,461596.50
66d63bf354de4c20d9369e20,main-trial-10,r,r,true,461844.50
66d63bf354de4c20d9369e20,main-trial-10, , ,true,462076.60
66d63bf354de4c20d9369e20,main-trial-10,f,f,true,462596.60
66d63bf354de4c20d9369e20,main-trial-10,d,d,true,462948.70
66d63bf354de4c20d9369e20,main-trial-10, , ,true,463260.70
66d63bf354de4c20d9369e20,main-trial-10,f,f,true,463652.60
66d63bf354de4c20d9369e20,main-trial-10,r,r,true,463892.50
66d63bf354de4c20d9369e20,main-trial-10, , ,true,464148.40
66d63bf354de4c20d9369e20,main-trial-10,f,f,true,464452.50
66d63bf354de4c20d9369e20,main-trial-10,d,d,true,464908.70
66d63bf354de4c20d9369e20,main-trial-11,p,p,true,479012.30
66d63bf354de4c20d9369e20,main-trial-11,m,m,true,479316.50
66d63bf354de4c20d9369e20,main-trial-11,m,m,true,479460.30
66d63bf354de4c20d9369e20,main-trial-11,l,l,true,480300.20
66d63bf354de4c20d9369e20,main-trial-11,s,s,true,480428.10
66d63bf354de4c20d9369e20,main-trial-11, , ,true,480636.20
66d63bf354de4c20d9369e20,main-trial-11,a,s,false,480780.10
66d63bf354de4c20d9369e20,main-trial-11,a,a,true,481380.40
66d63bf354de4c20d9369e20,main-trial-11,a,a,true,481820.20
66d63bf354de4c20d9369e20,main-trial-11, , ,true,482220.20
66d63bf354de4c20d9369e20,main-trial-11,a,a,true,482396.50
66d63bf354de4c20d9369e20,main-trial-11,a,a,true,482580.00
66d63bf354de4c20d9369e20,main-trial-11, , ,true,482868.20
66d63bf354de4c20d9369e20,main-trial-11,a,a,true,483180.10
66d63bf354de4c20d9369e20,main-trial-11,a,a,true,483387.90
66d63bf354de4c20d9369e20,main-trial-11, , ,true,483804.20
66d63bf354de4c20d9369e20,main-trial-11,n,n,true,484852.20
66d63bf354de4c20d9369e20,main-trial-11,y,y,true,485196.60
66d63bf354de4c20d9369e20,main-trial-11,f,f,true,485396.10
66d63bf354de4c20d9369e20,main-trial-11,e,e,true,485660.40
66d63bf354de4c20d9369e20,main-trial-11,k,k,true,485876.20
66d63bf354de4c20d9369e20,main-trial-11, , ,true,486284.40
66d63bf354de4c20d9369e20,main-trial-11,f,f,true,486604.10
66d63bf354de4c20d9369e20,main-trial-11,f,f,true,486780.30
66d63bf354de4c20d9369e20,main-trial-11, , ,true,487092.10
66d63bf354de4c20d9369e20,main-trial-11,f,f,true,487340.10
66d63bf354de4c20d9369e20,main-trial-11,f,f,true,487532.10
66d63bf354de4c20d9369e20,main-trial-11, , ,true,487956.10
66d63bf354de4c20d9369e20,main-trial-11,f,f,true,488204.00
66d63bf354de4c20d9369e20,main-trial-11,f,f,true,488356.00
66d63bf354de4c20d9369e20,main-trial-11, , ,true,488940.10
66d63bf354de4c20d9369e20,main-trial-11,t,t,true,489172.10
66d63bf354de4c20d9369e20,main-trial-11,n,n,true,489788.10
66d63bf354de4c20d9369e20,main-trial-11,h,h,true,490108.10
66d63bf354de4c20d9369e20,main-trial-11,e,e,true,490332.20
66d63bf354de4c20d9369e20,main-trial-11,k,k,true,490524.10
66d63bf354de4c20d9369e20,main-trial-11, , ,true,490876.20
66d63bf354de4c20d9369e20,main-trial-11,a,a,true,491132.10
66d63bf354de4c20d9369e20,main-trial-11,a,a,true,491364.00
66d63bf354de4c20d9369e20,main-trial-11, , ,true,491636.00
66d63bf354de4c20d9369e20,main-trial-11,f,f,true,491819.90
66d63bf354de4c20d9369e20,main-trial-11,f,f,true,492012.10
66d63bf354de4c20d9369e20,main-trial-11, , ,true,492260.50
66d63bf354de4c20d9369e20,main-trial-11,a,a,true,492483.90
66d63bf354de4c20d9369e20,main-trial-11,a,a,true,492700.10
66d63bf354de4c20d9369e20,main-trial-11, , ,true,493116.30
66d63bf354de4c20d9369e20,main-trial-11,f,f,true,493363.70
66d63bf354de4c20d9369e20,main-trial-11,f,f,true,493564.90
66d63bf354de4c20d9369e20,main-trial-11, ,a,false,494148.20
66d63bf354de4c20d9369e20,main-trial-11, , ,true,494524.20
66d63bf354de4c20d9369e20,main-trial-11,a,a,true,494788.10
66d63bf354de4c20d9369e20,main-trial-11,a,a,true,494995.90
66d63bf354de4c20d9369e20,main-trial-11, , ,true,495420.30
66d63bf354de4c20d9369e20,main-trial-11,f,f,true,495844.10
66d63bf354de4c20d9369e20,main-trial-11,f,f,true,496027.80
66d63bf354de4c20d9369e20,main-trial-12,g,g,true,502324.00
66d63bf354de4c20d9369e20,main-trial-12,p,p,true,502916.00
66d63bf354de4c20d9369e20,main-trial-12,s,s,true,504347.80
66d63bf354de4c20d9369e20,main-trial-12,b,b,true,504668.40
66d63bf354de4c20d9369e20,main-trial-12,f,f,true,505036.00
66d63bf354de4c20d9369e20,main-trial-12, , ,true,505515.90
66d63bf354de4c20d9369e20,main-trial-12,z,z,true,506916.00
66d63bf354de4c20d9369e20,main-trial-12,x,x,true,507387.90
66d63bf354de4c20d9369e20,main-trial-12, , ,true,507884.00
66d63bf354de4c20d9369e20,main-trial-12,z,z,true,507947.90
66d63bf354de4c20d9369e20,main-trial-12,x,x,true,508467.90
66d63bf354de4c20d9369e20,main-trial-12, ,z,false,508987.90
66d63bf354de4c20d9369e20,main-trial-12, ,x,false,509227.60
66d63bf354de4c20d9369e20,main-trial-12, , ,true,509515.60
66d63bf354de4c20d9369e20,main-trial-12,z,z,true,511299.70
66d63bf354de4c20d9369e20,main-trial-12,x,x,true,511748.40
66d63bf354de4c20d9369e20,main-trial-12, , ,true,512083.80
66d63bf354de4c20d9369e20,main-trial-12,y,y,true,513371.90
66d63bf354de4c20d9369e20,main-trial-12,u,u,true,513611.50
66d63bf354de4c20d9369e20,main-trial-12,x,c,false,513947.70
66d63bf354de4c20d9369e20,main-trial-12,x,x,true,514867.90
66d63bf354de4c20d9369e20,main-trial-12,e,e,true,515132.00
66d63bf354de4c20d9369e20,main-trial-12,p,p,true,515780.00
66d63bf354de4c20d9369e20,main-trial-12, , ,true,516043.50
66d63bf354de4c20d9369e20,main-trial-12,z,z,true,517219.90
66d63bf354de4c20d9369e20,main-trial-12,e,e,true,517620.10
66d63bf354de4c20d9369e20,main-trial-12, , ,true,517827.70
66d63bf354de4c20d9369e20,main-trial-12,z,z,true,518235.70
66d63bf354de4c20d9369e20,main-trial-12,e,e,true,518523.80
66d63bf354de4c20d9369e20,main-trial-12, , ,true,518779.50
66d63bf354de4c20d9369e20,main-trial-12,z,z,true,519043.60
66d63bf354de4c20d9369e20,main-trial-12,e,e,true,519339.70
66d63bf354de4c20d9369e20,main-trial-12, , ,true,519595.50
66d63bf354de4c20d9369e20,main-trial-12,g,g,true,519971.70
66d63bf354de4c20d9369e20,main-trial-12,r,r,true,520483.70
66d63bf354de4c20d9369e20,main-trial-12,a,a,true,520827.50
66d63bf354de4c20d9369e20,main-trial-12,k,k,true,521859.70
66d63bf354de4c20d9369e20,main-trial-12,g,g,true,522123.70
66d63bf354de4c20d9369e20,main-trial-12, , ,true,522347.80
66d63bf354de4c20d9369e20,main-trial-12,z,z,true,522859.70
66d63bf354de4c20d9369e20,main-trial-12,x,c,false,523259.80
66d63bf354de4c20d9369e20,main-trial-12,x,x,true,524555.50
66d63bf354de4c20d9369e20,main-trial-12, , ,true,524939.90
66d63bf354de4c20d9369e20,main-trial-12,z,x,false,525851.80
66d63bf354de4c20d9369e20,main-trial-12,z,z,true,526299.80
66d63bf354de4c20d9369e20,main-trial-12,e,e,true,527259.60
66d63bf354de4c20d9369e20,main-trial-12, , ,true,527467.40
66d63bf354de4c20d9369e20,main-trial-12,z,x,false,527899.60
66d63bf354de4c20d9369e20,main-trial-12,z,z,true,528371.40
66d63bf354de4c20d9369e20,main-trial-12,x,x,true,529819.50
66d63bf354de4c20d9369e20,main-trial-12, , ,true,530163.40
66d63bf354de4c20d9369e20,main-trial-12,z,z,true,531411.40
66d63bf354de4c20d9369e20,main-trial-12,e,e,true,531851.60
66d63bf354de4c20d9369e20,main-trial-12, , ,true,532059.40
66d63bf354de4c20d9369e20,main-trial-12,z,z,true,533091.50
66d63bf354de4c20d9369e20,main-trial-12,x,x,true,533523.50
66d63bf354de4c20d9369e20,main-trial-12, , ,true,533819.40
66d63bf354de4c20d9369e20,main-trial-12,z,z,true,534211.50
66d63bf354de4c20d9369e20,main-trial-12,e,e,true,534923.90
66d63bf354de4c20d9369e20,main-trial-13,m,m,true,540395.30
66d63bf354de4c20d9369e20,main-trial-13,r,r,true,540763.40
66d63bf354de4c20d9369e20,main-trial-13,r,r,true,540923.20
66d63bf354de4c20d9369e20,main-trial-13,a,h,false,541235.40
66d63bf354de4c20d9369e20,main-trial-13,a,a,true,541371.30
66d63bf354de4c20d9369e20,main-trial-13,h,s,false,541372.50
66d63bf354de4c20d9369e20,main-trial-13,h,h,true,541852.00
66d63bf354de4c20d9369e20,main-trial-13, , ,true,542171.30
66d63bf354de4c20d9369e20,main-trial-13,c,c,true,542491.20
66d63bf354de4c20d9369e20,main-trial-13,v,v,true,542971.20
66d63bf354de4c20d9369e20,main-trial-13, , ,true,543315.30
66d63bf354de4c20d9369e20,main-trial-13,c,c,true,543483.20
66d63bf354de4c20d9369e20,main-trial-13,v,v,true,543771.30
66d63bf354de4c20d9369e20,main-trial-13, , ,true,544091.20
66d63bf354de4c20d9369e20,main-trial-13,c,c,true,544299.30
66d63bf354de4c20d9369e20,main-trial-13,v,v,true,544547.30
66d63bf354de4c20d9369e20,main-trial-13, , ,true,544795.20
66d63bf354de4c20d9369e20,main-trial-13,c,c,true,545555.30
66d63bf354de4c20d9369e20,main-trial-13,c,c,true,545803.20
66d63bf354de4c20d9369e20,main-trial-13,j,j,true,546579.30
66d63bf354de4c20d9369e20,main-trial-13,g,g,true,546803.10
66d63bf354de4c20d9369e20,main-trial-13,g,g,true,546979.00
66d63bf354de4c20d9369e20,main-trial-13, , ,true,547347.40
66d63bf354de4c20d9369e20,main-trial-13,c,c,true,547563.20
66d63bf354de4c20d9369e20,main-trial-13,r,r,true,547835.20
66d63bf354de4c20d9369e20,main-trial-13, , ,true,548123.10
66d63bf354de4c20d9369e20,main-trial-13,c,c,true,548299.20
66d63bf354de4c20d9369e20,main-trial-13,r,r,true,548635.20
66d63bf354de4c20d9369e20,main-trial-13, , ,true,549339.20
66d63bf354de4c20d9369e20,main-trial-13,c,c,true,549971.30
66d63bf354de4c20d9369e20,main-trial-13,r,r,true,550251.20
66d63bf354de4c20d9369e20,main-trial-13, , ,true,550547.00
66d63bf354de4c20d9369e20,main-trial-13,n,n,true,551427.20
66d63bf354de4c20d9369e20,main-trial-13,s,s,true,551611.00
66d63bf354de4c20d9369e20,main-trial-13,o,o,true,551835.20
66d63bf354de4c20d9369e20,main-trial-13,g,g,true,552018.90
66d63bf354de4c20d9369e20,main-trial-13,a,a,true,552307.10
66d63bf354de4c20d9369e20,main-trial-13, ,s,false,552308.30
66d63bf354de4c20d9369e20,main-trial-13, , ,true,552643.10
66d63bf354de4c20d9369e20,main-trial-13,c,c,true,553323.20
66d63bf354de4c20d9369e20,main-trial-13,v,v,true,554043.20
66d63bf354de4c20d9369e20,main-trial-13, , ,true,554363.10
66d63bf354de4c20d9369e20,main-trial-13,c,c,true,554811.20
66d63bf354de4c20d9369e20,main-trial-13,r,r,true,555283.20
66d63bf354de4c20d9369e20,main-trial-13, , ,true,555539.00
66d63bf354de4c20d9369e20,main-trial-13,c,c,true,555867.10
66d63bf354de4c20d9369e20,main-trial-13,v,v,true,556219.00
66d63bf354de4c20d9369e20,main-trial-13, , ,true,556451.00
66d63bf354de4c20d9369e20,main-trial-13,c,c,true,556635.00
66d63bf354de4c20d9369e20,main-trial-13,r,r,true,556915.20
66d63bf354de4c20d9369e20,main-trial-13, , ,true,557323.00
66d63bf354de4c20d9369e20,main-trial-13,c,c,true,557707.90
66d63bf354de4c20d9369e20,main-trial-13,v,v,true,557987.10
66d63bf354de4c20d9369e20,main-trial-13, , ,true,558251.00
66d63bf354de4c20d9369e20,main-trial-13,c,c,true,558411.00
66d63bf354de4c20d9369e20,main-trial-13,r,r,true,558682.90
66d63bf354de4c20d9369e20,main-trial-14,c,c,true,563771.10
66d63bf354de4c20d9369e20,main-trial-14,w,w,true,564298.90
66d63bf354de4c20d9369e20,main-trial-14,c,c,true,565338.90
66d63bf354de4c20d9369e20,main-trial-14,x,x,true,565794.90
66d63bf354de4c20d9369e20,main-trial-14,b,b,true,566163.10
66d63bf354de4c20d9369e20,main-trial-14, , ,true,566531.00
66d63bf354de4c20d9369e20,main-trial-14,s,s,true,567755.10
66d63bf354de4c20d9369e20,main-trial-14,e,e,true,568170.90
66d63bf354de4c20d9369e20,main-trial-14, , ,true,568362.80
66d63bf354de4c20d9369e20,main-trial-14,s,x,false,568610.70
66d63bf354de4c20d9369e20,main-trial-14,s,z,false,568611.60
66d63bf354de4c20d9369e20,main-trial-14,s,s,true,568612.50
66d63bf354de4c20d9369e20,main-trial-14,e,s,false,569026.90
66d63bf354de4c20d9369e20,main-trial-14,e,e,true,569250.70
66d63bf354de4c20d9369e20,main-trial-14, , ,true,569506.90
66d63bf354de4c20d9369e20,main-trial-14,s,s,true,569834.90
66d63bf354de4c20d9369e20,main-trial-14,e,e,true,570042.90
66d63bf354de4c20d9369e20,main-trial-14, , ,true,570282.80
66d63bf354de4c20d9369e20,main-trial-14,a,a,true,570602.90
66d63bf354de4c20d9369e20,main-trial-14,s,s,true,570890.90
66d63bf354de4c20d9369e20,main-trial-14,l,l,true,571738.90
66d63bf354de4c20d9369e20,main-trial-14,e,e,true,571858.70
66d63bf354de4c20d9369e20,main-trial-14,s,s,true,572154.80
66d63bf354de4c20d9369e20,main-trial-14, , ,true,572458.90
66d63bf354de4c20d9369e20,main-trial-14,w,w,true,572746.70
66d63bf354de4c20d9369e20,main-trial-14,d,d,true,573178.90
66d63bf354de4c20d9369e20,main-trial-14, , ,true,573434.70
66d63bf354de4c20d9369e20,main-trial-14,w,w,true,573818.60
66d63bf354de4c20d9369e20,main-trial-14,d,d,true,574090.90
66d63bf354de4c20d9369e20,main-trial-14, , ,true,574298.60
66d63bf354de4c20d9369e20,main-trial-14,w,w,true,574435.30
66d63bf354de4c20d9369e20,main-trial-14,d,d,true,574730.70
66d63bf354de4c20d9369e20,main-trial-14, , ,true,575050.90
66d63bf354de4c20d9369e20,main-trial-14,t,t,true,575490.90
66d63bf354de4c20d9369e20,main-trial-14,s,s,true,575730.60
66d63bf354de4c20d9369e20,main-trial-14,h,n,false,576554.70
66d63bf354de4c20d9369e20,main-trial-14,h,h,true,577970.90
66d63bf354de4c20d9369e20,main-trial-14,b,b,true,578250.80
66d63bf354de4c20d9369e20,main-trial-14,j,j,true,578450.60
66d63bf354de4c20d9369e20,main-trial-14, , ,true,578874.80
66d63bf354de4c20d9369e20,main-trial-14,s,s,true,579074.60
66d63bf354de4c20d9369e20,main-trial-14,e,e,true,579274.50
66d63bf354de4c20d9369e20,main-trial-14, , ,true,579570.70
66d63bf354de4c20d9369e20,main-trial-14,w,w,true,579891.40
66d63bf354de4c20d9369e20,main-trial-14,d,d,true,580322.60
66d63bf354de4c20d9369e20,main-trial-14, , ,true,580634.60
66d63bf354de4c20d9369e20,main-trial-14,s,s,true,581018.50
66d63bf354de4c20d9369e20,main-trial-14,e,e,true,581242.70
66d63bf354de4c20d9369e20,main-trial-14, , ,true,581458.50
66d63bf354de4c20d9369e20,main-trial-14,w,w,true,581666.50
66d63bf354de4c20d9369e20,main-trial-14,d,d,true,582058.70
66d63bf354de4c20d9369e20,main-trial-14, , ,true,582594.90
66d63bf354de4c20d9369e20,main-trial-14,s,s,true,582866.60
66d63bf354de4c20d9369e20,main-trial-14,e,e,true,583074.90
66d63bf354de4c20d9369e20,main-trial-14, , ,true,583322.60
66d63bf354de4c20d9369e20,main-trial-14,w,w,true,583530.60
66d63bf354de4c20d9369e20,main-trial-14,d,d,true,583858.70
66d63bf354de4c20d9369e20,main-trial-15,l,i,false,590426.70
66d63bf354de4c20d9369e20,main-trial-15,l,l,true,591754.40
66d63bf354de4c20d9369e20,main-trial-15,r,r,true,592258.70
66d63bf354de4c20d9369e20,main-trial-15,k,k,true,593506.50
66d63bf354de4c20d9369e20,main-trial-15,g,g,true,593690.50
66d63bf354de4c20d9369e20,main-trial-15,c,c,true,594114.70
66d63bf354de4c20d9369e20,main-trial-15, , ,true,594434.50
66d63bf354de4c20d9369e20,main-trial-15,f,g,false,594730.50
66d63bf354de4c20d9369e20,main-trial-15,f,f,true,594731.30
66d63bf354de4c20d9369e20,main-trial-15,e,r,false,595330.60
66d63bf354de4c20d9369e20,main-trial-15,e,e,true,595331.70
66d63bf354de4c20d9369e20,main-trial-15, , ,true,595618.40
66d63bf354de4c20d9369e20,main-trial-15,f,f,true,595834.40
66d63bf354de4c20d9369e20,main-trial-15,e,e,true,596002.10
66d63bf354de4c20d9369e20,main-trial-15, , ,true,596282.50
66d63bf354de4c20d9369e20,main-trial-15,f,f,true,596426.60
66d63bf354de4c20d9369e20,main-trial-15,e,e,true,596586.50
66d63bf354de4c20d9369e20,main-trial-15, , ,true,596962.60
66d63bf354de4c20d9369e20,main-trial-15,h,h,true,598410.50
66d63bf354de4c20d9369e20,main-trial-15,d,d,true,598954.40
66d63bf354de4c20d9369e20,main-trial-15,z,z,true,599410.30
66d63bf354de4c20d9369e20,main-trial-15,m,m,true,599834.40
66d63bf354de4c20d9369e20,main-trial-15,y,y,true,600282.40
66d63bf354de4c20d9369e20,main-trial-15, , ,true,600474.30
66d63bf354de4c20d9369e20,main-trial-15,e,e,true,601571.10
66d63bf354de4c20d9369e20,main-trial-15,f,f,true,601866.40
66d63bf354de4c20d9369e20,main-trial-15, , ,true,602050.10
66d63bf354de4c20d9369e20,main-trial-15,e,e,true,602162.40
66d63bf354de4c20d9369e20,main-trial-15,f,f,true,602482.40
66d63bf354de4c20d9369e20,main-trial-15, ,e,false,602706.20
66d63bf354de4c20d9369e20,main-trial-15, ,r,false,603002.10
66d63bf354de4c20d9369e20,main-trial-15, ,f,false,603026.10
66d63bf354de4c20d9369e20,main-trial-15, ,f,false,603322.40
66d63bf354de4c20d9369e20,main-trial-15, , ,true,604226.20
66d63bf354de4c20d9369e20,main-trial-15,e,e,true,604450.30
66d63bf354de4c20d9369e20,main-trial-15,f,f,true,604970.10
66d63bf354de4c20d9369e20,main-trial-15, , ,true,605318.80
66d63bf354de4c20d9369e20,main-trial-15,s,s,true,605658.10
66d63bf354de4c20d9369e20,main-trial-15,t,t,true,606090.10
66d63bf354de4c20d9369e20,main-trial-15,o,o,true,606986.40
66d63bf354de4c20d9369e20,main-trial-15,s,s,true,607113.90
66d63bf354de4c20d9369e20,main-trial-15,w,w,true,607546.40
66d63bf354de4c20d9369e20,main-trial-15, , ,true,607738.40
66d63bf354de4c20d9369e20,main-trial-15,f,f,true,607978.30
66d63bf354de4c20d9369e20,main-trial-15,e,e,true,608162.20
66d63bf354de4c20d9369e20,main-trial-15, , ,true,608402.40
66d63bf354de4c20d9369e20,main-trial-15,e,e,true,608666.20
66d63bf354de4c20d9369e20,main-trial-15,f,f,true,608954.30
66d63bf354de4c20d9369e20,main-trial-15, , ,true,609234.30
66d63bf354de4c20d9369e20,main-trial-15,f,f,true,609402.10
66d63bf354de4c20d9369e20,main-trial-15,e,e,true,609658.30
66d63bf354de4c20d9369e20,main-trial-15, , ,true,609946.10
66d63bf354de4c20d9369e20,main-trial-15,e,e,true,610121.90
66d63bf354de4c20d9369e20,main-trial-15,f,f,true,610458.10
66d63bf354de4c20d9369e20,main-trial-15, , ,true,611114.40
66d63bf354de4c20d9369e20,main-trial-15,f,g,false,611378.10
66d63bf354de4c20d9369e20,main-trial-15,f,f,true,611379.30
66d63bf354de4c20d9369e20,main-trial-15,e,e,true,611898.10
66d63bf354de4c20d9369e20,main-trial-15, , ,true,612210.10
66d63bf354de4c20d9369e20,main-trial-15,e,e,true,612378.10
66d63bf354de4c20d9369e20,main-trial-15,f,f,true,612666.00
66d63bf354de4c20d9369e20,main-trial-16,l,l,true,618202.00
66d63bf354de4c20d9369e20,main-trial-16,u,u,true,618506.00
66d63bf354de4c20d9369e20,main-trial-16,q,q,true,620321.90
66d63bf354de4c20d9369e20,main-trial-16,i,i,true,620538.10
66d63bf354de4c20d9369e20,main-trial-16,w,w,true,620866.10
66d63bf354de4c20d9369e20,main-trial-16, , ,true,621074.00
66d63bf354de4c20d9369e20,main-trial-16,d,d,true,621762.90
66d63bf354de4c20d9369e20,main-trial-16,f,f,true,622746.60
66d63bf354de4c20d9369e20,main-trial-16, , ,true,623074.00
66d63bf354de4c20d9369e20,main-trial-16,d,d,true,623234.00
66d63bf354de4c20d9369e20,main-trial-16,f,f,true,623442.10
66d63bf354de4c20d9369e20,main-trial-16, , ,true,623810.00
66d63bf354de4c20d9369e20,main-trial-16,d,d,true,623953.90
66d63bf354de4c20d9369e20,main-trial-16,f,f,true,624314.00
66d63bf354de4c20d9369e20,main-trial-16, , ,true,624602.00
66d63bf354de4c20d9369e20,main-trial-16,m,m,true,624834.20
66d63bf354de4c20d9369e20,main-trial-16,y,y,true,625273.90
66d63bf354de4c20d9369e20,main-trial-16,x,x,true,626201.80
66d63bf354de4c20d9369e20,main-trial-16,s,s,true,626554.00
66d63bf354de4c20d9369e20,main-trial-16,l,l,true,627410.00
66d63bf354de4c20d9369e20,main-trial-16, , ,true,627633.80
66d63bf354de4c20d9369e20,main-trial-16,f,g,false,627898.00
66d63bf354de4c20d9369e20,main-trial-16,f,f,true,627899.10
66d63bf354de4c20d9369e20,main-trial-16,g,g,true,628770.10
66d63bf354de4c20d9369e20,main-trial-16, , ,true,628969.70
66d63bf354de4c20d9369e20,main-trial-16,f,f,true,629153.80
66d63bf354de4c20d9369e20,main-trial-16,g,g,true,629393.90
66d63bf354de4c20d9369e20,main-trial-16, , ,true,629633.90
66d63bf354de4c20d9369e20,main-trial-16,f,g,false,629809.60
66d63bf354de4c20d9369e20,main-trial-16,f,f,true,630977.90
66d63bf354de4c20d9369e20,main-trial-16,g,g,true,631209.70
66d63bf354de4c20d9369e20,main-trial-16, , ,true,631425.90
66d63bf354de4c20d9369e20,main-trial-16,j,j,true,632402.10
66d63bf354de4c20d9369e20,main-trial-16,c,c,true,632761.90
66d63bf354de4c20d9369e20,main-trial-16,q,q,true,634049.70
66d63bf354de4c20d9369e20,main-trial-16,m,m,true,634377.70
66d63bf354de4c20d9369e20,main-trial-16,h,h,true,634834.30
66d63bf354de4c20d9369e20,main-trial-16, , ,true,635105.70
66d63bf354de4c20d9369e20,main-trial-16,d,d,true,635505.80
66d63bf354de4c20d9369e20,main-trial-16,f,g,false,635801.80
66d63bf354de4c20d9369e20,main-trial-16,f,f,true,635803.00
66d63bf354de4c20d9369e20,main-trial-16, , ,true,636017.50
66d63bf354de4c20d9369e20,main-trial-16,f,f,true,637273.90
66d63bf354de4c20d9369e20,main-trial-16,g,g,true,637842.00
66d63bf354de4c20d9369e20,main-trial-16, , ,true,638049.50
66d63bf354de4c20d9369e20,main-trial-16,d,d,true,638626.10
66d63bf354de4c20d9369e20,main-trial-16,f,f,true,638889.60
66d63bf354de4c20d9369e20,main-trial-16, , ,true,639121.60
66d63bf354de4c20d9369e20,main-trial-16,f,f,true,639393.50
66d63bf354de4c20d9369e20,main-trial-16,g,g,true,639641.80
66d63bf354de4c20d9369e20,main-trial-16, , ,true,640681.80
66d63bf354de4c20d9369e20,main-trial-16,d,d,true,640969.70
66d63bf354de4c20d9369e20,main-trial-16,f,f,true,641713.70
66d63bf354de4c20d9369e20,main-trial-16, , ,true,641929.60
66d63bf354de4c20d9369e20,main-trial-16,f,f,true,642145.60
66d63bf354de4c20d9369e20,main-trial-16,g,g,true,642593.70
66d63bf354de4c20d9369e20,main-trial-17,h,h,true,648657.60
66d63bf354de4c20d9369e20,main-trial-17,p,p,true,649521.40
66d63bf354de4c20d9369e20,main-trial-17,r,r,true,649673.40
66d63bf354de4c20d9369e20,main-trial-17,a,n,false,650001.60
66d63bf354de4c20d9369e20,main-trial-17,a, ,false,650233.50
66d63bf354de4c20d9369e20,main-trial-17,a,a,true,651369.40
66d63bf354de4c20d9369e20,main-trial-17,n,n,true,651561.70
66d63bf354de4c20d9369e20,main-trial-17, , ,true,651929.60
66d63bf354de4c20d9369e20,main-trial-17,v,v,true,652521.40
66d63bf354de4c20d9369e20,main-trial-17,r,r,true,653233.70
66d63bf354de4c20d9369e20,main-trial-17, , ,true,653465.60
66d63bf354de4c20d9369e20,main-trial-17,v,v,true,653817.70
66d63bf354de4c20d9369e20,main-trial-17,r,r,true,654113.40
66d63bf354de4c20d9369e20,main-trial-17, , ,true,654313.20
66d63bf354de4c20d9369e20,main-trial-17,v,v,true,654673.50
66d63bf354de4c20d9369e20,main-trial-17,r,r,true,654913.60
66d63bf354de4c20d9369e20,main-trial-17, ,e,false,654914.70
66d63bf354de4c20d9369e20,main-trial-17, , ,true,655393.50
66d63bf354de4c20d9369e20,main-trial-17,n,n,true,656449.50
66d63bf354de4c20d9369e20,main-trial-17,p,p,true,656761.40
66d63bf354de4c20d9369e20,main-trial-17,f,f,true,657057.40
66d63bf354de4c20d9369e20,main-trial-17,u,u,true,657985.30
66d63bf354de4c20d9369e20,main-trial-17,u,u,true,658169.20
66d63bf354de4c20d9369e20,main-trial-17, , ,true,658569.40
66d63bf354de4c20d9369e20,main-trial-17,c,c,true,658865.50
66d63bf354de4c20d9369e20,main-trial-17,r,r,true,659153.20
66d63bf354de4c20d9369e20,main-trial-17, , ,true,659337.20
66d63bf354de4c20d9369e20,main-trial-17,c,c,true,659545.30
66d63bf354de4c20d9369e20,main-trial-17,r,r,true,659849.30
66d63bf354de4c20d9369e20,main-trial-17, , ,true,660089.50
66d63bf354de4c20d9369e20,main-trial-17,c,c,true,660297.20
66d63bf354de4c20d9369e20,main-trial-17,r,r,true,660585.40
66d63bf354de4c20d9369e20,main-trial-17, , ,true,660817.20
66d63bf354de4c20d9369e20,main-trial-17,d,d,true,661281.50
66d63bf354de4c20d9369e20,main-trial-17,d,d,true,661801.30
66d63bf354de4c20d9369e20,main-trial-17,l,l,true,663577.40
66d63bf354de4c20d9369e20,main-trial-17,p,p,true,663801.30
66d63bf354de4c20d9369e20,main-trial-17,i,i,true,664193.30
66d63bf354de4c20d9369e20,main-trial-17, , ,true,664569.20
66d63bf354de4c20d9369e20,main-trial-17,v,v,true,665129.20
66d63bf354de4c20d9369e20,main-trial-17,r,r,true,665457.20
66d63bf354de4c20d9369e20,main-trial-17, , ,true,665737.20
66d63bf354de4c20d9369e20,main-trial-17,c,c,true,666073.30
66d63bf354de4c20d9369e20,main-trial-17,r,r,true,666417.30
66d63bf354de4c20d9369e20,main-trial-17, , ,true,666657.00
66d63bf354de4c20d9369e20,main-trial-17,v,v,true,667049.30
66d63bf354de4c20d9369e20,main-trial-17,r,r,true,667545.50
66d63bf354de4c20d9369e20,main-trial-17, , ,true,667809.10
66d63bf354de4c20d9369e20,main-trial-17,c,c,true,668321.20
66d63bf354de4c20d9369e20,main-trial-17,r,r,true,668681.90
66d63bf354de4c20d9369e20,main-trial-17, , ,true,669081.20
66d63bf354de4c20d9369e20,main-trial-17,v,v,true,669617.00
66d63bf354de4c20d9369e20,main-trial-17,r,r,true,669985.30
66d63bf354de4c20d9369e20,main-trial-17, , ,true,670433.30
66d63bf354de4c20d9369e20,main-trial-17,c,c,true,670593.10
66d63bf354de4c20d9369e20,main-trial-17,r,r,true,670953.20
66d63bf354de4c20d9369e20,main-trial-18,k,k,true,676257.20
66d63bf354de4c20d9369e20,main-trial-18,t,t,true,676464.90
66d63bf354de4c20d9369e20,main-trial-18,g,g,true,676689.30
66d63bf354de4c20d9369e20,main-trial-18,s,s,true,677393.10
66d63bf354de4c20d9369e20,main-trial-18,c,c,true,677641.10
66d63bf354de4c20d9369e20,main-trial-18, , ,true,677889.10
66d63bf354de4c20d9369e20,main-trial-18,w,w,true,678097.10
66d63bf354de4c20d9369e20,main-trial-18,d,d,true,678497.10
66d63bf354de4c20d9369e20,main-trial-18, , ,true,678801.10
66d63bf354de4c20d9369e20,main-trial-18,w,w,true,678961.10
66d63bf354de4c20d9369e20,main-trial-18,d,d,true,679433.00
66d63bf354de4c20d9369e20,main-trial-18, , ,true,679857.10
66d63bf354de4c20d9369e20,main-trial-18,w,w,true,680032.90
66d63bf354de4c20d9369e20,main-trial-18,d,d,true,680304.90
66d63bf354de4c20d9369e20,main-trial-18, , ,true,680557.60
66d63bf354de4c20d9369e20,main-trial-18,k,k,true,681442.00
66d63bf354de4c20d9369e20,main-trial-18,q,q,true,681952.90
66d63bf354de4c20d9369e20,main-trial-18,m,m,true,682960.90
66d63bf354de4c20d9369e20,main-trial-18,m,m,true,683152.80
66d63bf354de4c20d9369e20,main-trial-18,b,b,true,683385.10
66d63bf354de4c20d9369e20,main-trial-18, , ,true,683641.00
66d63bf354de4c20d9369e20,main-trial-18,s,s,true,683865.00
66d63bf354de4c20d9369e20,main-trial-18,e,e,true,684064.80
66d63bf354de4c20d9369e20,main-trial-18, , ,true,684304.80
66d63bf354de4c20d9369e20,main-trial-18,s,s,true,684505.00
66d63bf354de4c20d9369e20,main-trial-18,e,e,true,684721.10
66d63bf354de4c20d9369e20,main-trial-18, , ,true,684944.90
66d63bf354de4c20d9369e20,main-trial-18,s,s,true,685129.00
66d63bf354de4c20d9369e20,main-trial-18,e,e,true,685368.90
66d63bf354de4c20d9369e20,main-trial-18, , ,true,685849.10
66d63bf354de4c20d9369e20,main-trial-18,w,w,true,686241.00
66d63bf354de4c20d9369e20,main-trial-18,g,g,true,686608.90
66d63bf354de4c20d9369e20,main-trial-18,o,o,true,687528.90
66d63bf354de4c20d9369e20,main-trial-18,g,g,true,687688.80
66d63bf354de4c20d9369e20,main-trial-18,y,y,true,687992.80
66d63bf354de4c20d9369e20,main-trial-18, , ,true,688425.60
66d63bf354de4c20d9369e20,main-trial-18,w,w,true,688913.00
66d63bf354de4c20d9369e20,main-trial-18,d,s,false,689464.80
66d63bf354de4c20d9369e20,main-trial-18,d, ,false,689776.70
66d63bf354de4c20d9369e20,main-trial-18,d,d,true,690256.90
66d63bf354de4c20d9369e20,main-trial-18, , ,true,690728.80
66d63bf354de4c20d9369e20,main-trial-18,s,s,true,691128.80
66d63bf354de4c20d9369e20,main-trial-18,e,e,true,691368.90
66d63bf354de4c20d9369e20,main-trial-18, , ,true,691544.70
66d63bf354de4c20d9369e20,main-trial-18,w,w,true,691704.80
66d63bf354de4c20d9369e20,main-trial-18,d,d,true,692000.80
66d63bf354de4c20d9369e20,main-trial-18, , ,true,692336.90
66d63bf354de4c20d9369e20,main-trial-18,s,s,true,692592.80
66d63bf354de4c20d9369e20,main-trial-18,e,e,true,692824.80
66d63bf354de4c20d9369e20,main-trial-18, , ,true,693201.00
66d63bf354de4c20d9369e20,main-trial-18,w,w,true,693432.70
66d63bf354de4c20d9369e20,main-trial-18,d,d,true,693856.70
66d63bf354de4c20d9369e20,main-trial-18, , ,true,694184.70
66d63bf354de4c20d9369e20,main-trial-18,s,s,true,694376.60
66d63bf354de4c20d9369e20,main-trial-18,e,e,true,694816.90
66d63bf354de4c20d9369e20,main-trial-19,n,t,false,700104.90
66d63bf354de4c20d9369e20,main-trial-19,n,n,true,701080.60
66d63bf354de4c20d9369e20,main-trial-19,t,t,true,701424.80
66d63bf354de4c20d9369e20,main-trial-19,o,o,true,702145.10
66d63bf354de4c20d9369e20,main-trial-19,w,w,true,702488.70
66d63bf354de4c20d9369e20,main-trial-19,r,r,true,702760.60
66d63bf354de4c20d9369e20,main-trial-19, , ,true,703040.80
66d63bf354de4c20d9369e20,main-trial-19,s,s,true,703240.50
66d63bf354de4c20d9369e20,main-trial-19,r,e,false,703488.50
66d63bf354de4c20d9369e20,main-trial-19,r,r,true,703880.70
66d63bf354de4c20d9369e20,main-trial-19, , ,true,704112.60
66d63bf354de4c20d9369e20,main-trial-19,s,s,true,704352.50
66d63bf354de4c20d9369e20,main-trial-19,r,r,true,704888.60
66d63bf354de4c20d9369e20,main-trial-19, , ,true,705160.60
66d63bf354de4c20d9369e20,main-trial-19,s,s,true,705336.40
66d63bf354de4c20d9369e20,main-trial-19,r,r,true,705712.70
66d63bf354de4c20d9369e20,main-trial-19, , ,true,705920.60
66d63bf354de4c20d9369e20,main-trial-19,x,z,false,706448.50
66d63bf354de4c20d9369e20,main-trial-19,x,x,true,707680.60
66d63bf354de4c20d9369e20,main-trial-19,u,u,true,707920.60
66d63bf354de4c20d9369e20,main-trial-19,k,k,true,708224.50
66d63bf354de4c20d9369e20,main-trial-19,x,x,true,708889.10
66d63bf354de4c20d9369e20,main-trial-19,f,f,true,709480.50
66d63bf354de4c20d9369e20,main-trial-19, , ,true,709976.60
66d63bf354de4c20d9369e20,main-trial-19,w,w,true,710400.40
66d63bf354de4c20d9369e20,main-trial-19,f,f,true,711632.50
66d63bf354de4c20d9369e20,main-trial-19, , ,true,711848.40
66d63bf354de4c20d9369e20,main-trial-19,w,w,true,712024.40
66d63bf354de4c20d9369e20,main-trial-19,f,f,true,712352.50
66d63bf354de4c20d9369e20,main-trial-19, , ,true,712600.50
66d63bf354de4c20d9369e20,main-trial-19,w,w,true,712768.30
66d63bf354de4c20d9369e20,main-trial-19,f,f,true,713040.50
66d63bf354de4c20d9369e20,main-trial-19, , ,true,713320.40
66d63bf354de4c20d9369e20,main-trial-19,c,c,true,713696.60
66d63bf354de4c20d9369e20,main-trial-19,v,v,true,715128.70
66d63bf354de4c20d9369e20,main-trial-19,o,o,true,715376.30
66d63bf354de4c20d9369e20,main-trial-19,k,k,true,715616.50
66d63bf354de4c20d9369e20,main-trial-19,e,e,true,716032.50
66d63bf354de4c20d9369e20,main-trial-19, , ,true,716312.60
66d63bf354de4c20d9369e20,main-trial-19,s,s,true,716568.40
66d63bf354de4c20d9369e20,main-trial-19,r,r,true,716872.40
66d63bf354de4c20d9369e20,main-trial-19, , ,true,717072.30
66d63bf354de4c20d9369e20,main-trial-19,w,w,true,717344.40
66d63bf354de4c20d9369e20,main-trial-19,f,f,true,717696.60
66d63bf354de4c20d9369e20,main-trial-19, , ,true,717936.50
66d63bf354de4c20d9369e20,main-trial-19,s,s,true,718696.50
66d63bf354de4c20d9369e20,main-trial-19,r,r,true,719000.40
66d63bf354de4c20d9369e20,main-trial-19, , ,true,719200.10
66d63bf354de4c20d9369e20,main-trial-19,w,w,true,719408.50
66d63bf354de4c20d9369e20,main-trial-19,f,f,true,719785.00
66d63bf354de4c20d9369e20,main-trial-19, , ,true,720096.50
66d63bf354de4c20d9369e20,main-trial-19,s,s,true,720560.40
66d63bf354de4c20d9369e20,main-trial-19,r,r,true,720856.40
66d63bf354de4c20d9369e20,main-trial-19, , ,true,721080.40
66d63bf354de4c20d9369e20,main-trial-19,w,w,true,721280.20
66d63bf354de4c20d9369e20,main-trial-19,f,f,true,721641.50
66d63bf354de4c20d9369e20,main-trial-20,l,l,true,727032.60
66d63bf354de4c20d9369e20,main-trial-20,q,w,false,727440.10
66d63bf354de4c20d9369e20,main-trial-20,q,q,true,729312.20
66d63bf354de4c20d9369e20,main-trial-20,s,s,true,730368.20
66d63bf354de4c20d9369e20,main-trial-20,m,m,true,731464.20
66d63bf354de4c20d9369e20,main-trial-20,b,b,true,731704.10
66d63bf354de4c20d9369e20,main-trial-20, , ,true,731896.10
66d63bf354de4c20d9369e20,main-trial-20,d,d,true,732440.20
66d63bf354de4c20d9369e20,main-trial-20,s,s,true,732792.00
66d63bf354de4c20d9369e20,main-trial-20, , ,true,733016.10
66d63bf354de4c20d9369e20,main-trial-20,d,f,false,733232.20
66d63bf354de4c20d9369e20,main-trial-20,d,d,true,733560.10
66d63bf354de4c20d9369e20,main-trial-20,s,s,true,733816.30
66d63bf354de4c20d9369e20,main-trial-20, , ,true,734024.40
66d63bf354de4c20d9369e20,main-trial-20,d,d,true,734224.10
66d63bf354de4c20d9369e20,main-trial-20,s,s,true,734432.10
66d63bf354de4c20d9369e20,main-trial-20, , ,true,735368.10
66d63bf354de4c20d9369e20,main-trial-20,x,x,true,735568.00
66d63bf354de4c20d9369e20,main-trial-20,s,s,true,736352.30
66d63bf354de4c20d9369e20,main-trial-20,k,k,true,737168.40
66d63bf354de4c20d9369e20,main-trial-20,k,k,true,737352.20
66d63bf354de4c20d9369e20,main-trial-20,m,m,true,737592.10
66d63bf354de4c20d9369e20,main-trial-20, , ,true,737832.50
66d63bf354de4c20d9369e20,main-trial-20,w,w,true,738384.20
66d63bf354de4c20d9369e20,main-trial-20,d,d,true,738696.00
66d63bf354de4c20d9369e20,main-trial-20, , ,true,738888.10
66d63bf354de4c20d9369e20,main-trial-20,w,w,true,739047.70
66d63bf354de4c20d9369e20,main-trial-20,d,d,true,739359.90
66d63bf354de4c20d9369e20,main-trial-20, , ,true,739599.90
66d63bf354de4c20d9369e20,main-trial-20,w,w,true,739799.90
66d63bf354de4c20d9369e20,main-trial-20,d,d,true,740039.90
66d63bf354de4c20d9369e20,main-trial-20, , ,true,740274.00
66d63bf354de4c20d9369e20,main-trial-20,i,i,true,741256.10
66d63bf354de4c20d9369e20,main-trial-20,o,o,true,741480.00
66d63bf354de4c20d9369e20,main-trial-20,j,j,true,742503.90
66d63bf354de4c20d9369e20,main-trial-20,u,u,true,742735.90
66d63bf354de4c20d9369e20,main-trial-20,j,j,true,743136.50
66d63bf354de4c20d9369e20,main-trial-20, , ,true,743424.10
66d63bf354de4c20d9369e20,main-trial-20,d,d,true,743640.00
66d63bf354de4c20d9369e20,main-trial-20,s,s,true,743855.90
66d63bf354de4c20d9369e20,main-trial-20, , ,true,744120.00
66d63bf354de4c20d9369e20,main-trial-20,w,w,true,744647.80
66d63bf354de4c20d9369e20,main-trial-20,d,d,true,745088.10
66d63bf354de4c20d9369e20,main-trial-20, , ,true,745319.90
66d63bf354de4c20d9369e20,main-trial-20,d,d,true,745647.90
66d63bf354de4c20d9369e20,main-trial-20,s,s,true,745831.90
66d63bf354de4c20d9369e20,main-trial-20, , ,true,746079.90
66d63bf354de4c20d9369e20,main-trial-20,w,w,true,746223.90
66d63bf354de4c20d9369e20,main-trial-20,d,d,true,746479.90
66d63bf354de4c20d9369e20,main-trial-20, , ,true,746784.10
66d63bf354de4c20d9369e20,main-trial-20,d,d,true,747160.00
66d63bf354de4c20d9369e20,main-trial-20,s,s,true,747320.10
66d63bf354de4c20d9369e20,main-trial-20, , ,true,747591.90
66d63bf354de4c20d9369e20,main-trial-20,w,w,true,747735.70
66d63bf354de4c20d9369e20,main-trial-20,d,d,true,748047.90
66d63bf354de4c20d9369e20,main-trial-21,u,u,true,753263.90
66d63bf354de4c20d9369e20,main-trial-21,a,a,true,754111.90
66d63bf354de4c20d9369e20,main-trial-21,e,e,true,754463.90
66d63bf354de4c20d9369e20,main-trial-21,b,b,true,754743.90
66d63bf354de4c20d9369e20,main-trial-21,z,z,true,754991.70
66d63bf354de4c20d9369e20,main-trial-21, , ,true,755287.80
66d63bf354de4c20d9369e20,main-trial-21,f,f,true,756127.70
66d63bf354de4c20d9369e20,main-trial-21,d,d,true,756311.90
66d63bf354de4c20d9369e20,main-trial-21, , ,true,756567.70
66d63bf354de4c20d9369e20,main-trial-21,f,f,true,756815.80
66d63bf354de4c20d9369e20,main-trial-21,d,d,true,757015.80
66d63bf354de4c20d9369e20,main-trial-21, , ,true,757279.90
66d63bf354de4c20d9369e20,main-trial-21,f,f,true,757487.80
66d63bf354de4c20d9369e20,main-trial-21,d,d,true,757679.60
66d63bf354de4c20d9369e20,main-trial-21, ,q,false,758447.70
66d63bf354de4c20d9369e20,main-trial-21, ,w,false,758448.70
66d63bf354de4c20d9369e20,main-trial-21, ,q,false,759367.80
66d63bf354de4c20d9369e20,main-trial-21, ,z,false,760647.80
66d63bf354de4c20d9369e20,main-trial-21, , ,true,762135.60
66d63bf354de4c20d9369e20,main-trial-21,z,z,true,762751.90
66d63bf354de4c20d9369e20,main-trial-21,q,q,true,764055.70
66d63bf354de4c20d9369e20,main-trial-21,w,w,true,765703.50
66d63bf354de4c20d9369e20,main-trial-21,p,p,true,765951.50
66d63bf354de4c20d9369e20,main-trial-21,r,r,true,766375.60
66d63bf354de4c20d9369e20,main-trial-21, , ,true,766623.60
66d63bf354de4c20d9369e20,main-trial-21,c,c,true,767103.80
66d63bf354de4c20d9369e20,main-trial-21,e,r,false,767415.60
66d63bf354de4c20d9369e20,main-trial-21,e, ,false,767655.70
66d63bf354de4c20d9369e20,main-trial-21,e,e,true,768695.70
66d63bf354de4c20d9369e20,main-trial-21, , ,true,769263.60
66d63bf354de4c20d9369e20,main-trial-21,c,c,true,769663.80
66d63bf354de4c20d9369e20,main-trial-21,e,e,true,770719.70
66d63bf354de4c20d9369e20,main-trial-21, , ,true,770935.60
66d63bf354de4c20d9369e20,main-trial-21,c,c,true,771943.50
66d63bf354de4c20d9369e20,main-trial-21,e,e,true,772295.50
66d63bf354de4c20d9369e20,main-trial-21, , ,true,772519.30
66d63bf354de4c20d9369e20,main-trial-21,n,n,true,773447.60
66d63bf354de4c20d9369e20,main-trial-21,z,z,true,773839.50
66d63bf354de4c20d9369e20,main-trial-21,q,q,true,774991.40
66d63bf354de4c20d9369e20,main-trial-21,k,k,true,775287.40
66d63bf354de4c20d9369e20,main-trial-21,l,l,true,775503.30
66d63bf354de4c20d9369e20,main-trial-21, , ,true,775719.50
66d63bf354de4c20d9369e20,main-trial-21,f,f,true,776231.60
66d63bf354de4c20d9369e20,main-trial-21,d,d,true,776543.30
66d63bf354de4c20d9369e20,main-trial-21, , ,true,776759.50
66d63bf354de4c20d9369e20,main-trial-21,c,c,true,777071.40
66d63bf354de4c20d9369e20,main-trial-21,e,r,false,777439.30
66d63bf354de4c20d9369e20,main-trial-21,e, ,false,777695.70
66d63bf354de4c20d9369e20,main-trial-21,e,e,true,778639.50
66d63bf354de4c20d9369e20,main-trial-21, , ,true,779135.50
66d63bf354de4c20d9369e20,main-trial-21,f,g,false,779431.50
66d63bf354de4c20d9369e20,main-trial-21,f,f,true,779432.60
66d63bf354de4c20d9369e20,main-trial-21,d,d,true,780599.50
66d63bf354de4c20d9369e20,main-trial-21, , ,true,781015.60
66d63bf354de4c20d9369e20,main-trial-21,c,d,false,781231.40
66d63bf354de4c20d9369e20,main-trial-21,c,e,false,781479.40
66d63bf354de4c20d9369e20,main-trial-21,c,c,true,782655.40
66d63bf354de4c20d9369e20,main-trial-21,e,e,true,783015.30
66d63bf354de4c20d9369e20,main-trial-21, , ,true,783839.20
66d63bf354de4c20d9369e20,main-trial-21,f,f,true,784207.60
66d63bf354de4c20d9369e20,main-trial-21,d,d,true,784815.40
66d63bf354de4c20d9369e20,main-trial-21, , ,true,785087.20
66d63bf354de4c20d9369e20,main-trial-21,c,c,true,785463.10
66d63bf354de4c20d9369e20,main-trial-21,e,r,false,785927.20
66d63bf354de4c20d9369e20,main-trial-21,e,e,true,786671.40
66d63bf354de4c20d9369e20,main-trial-22,q,q,true,791688.10
66d63bf354de4c20d9369e20,main-trial-22,u,u,true,792575.20
66d63bf354de4c20d9369e20,main-trial-22,j,j,true,792935.10
66d63bf354de4c20d9369e20,main-trial-22,k,k,true,793807.30
66d63bf354de4c20d9369e20,main-trial-22,c,c,true,794183.50
66d63bf354de4c20d9369e20,main-trial-22, , ,true,794447.10
66d63bf354de4c20d9369e20,main-trial-22,f,f,true,794679.10
66d63bf354de4c20d9369e20,main-trial-22,f,f,true,794887.10
66d63bf354de4c20d9369e20,main-trial-22, , ,true,795119.20
66d63bf354de4c20d9369e20,main-trial-22,f,f,true,795319.10
66d63bf354de4c20d9369e20,main-trial-22,f,f,true,795527.10
66d63bf354de4c20d9369e20,main-trial-22, , ,true,795871.10
66d63bf354de4c20d9369e20,main-trial-22,f,f,true,796031.00
66d63bf354de4c20d9369e20,main-trial-22,f,f,true,796270.90
66d63bf354de4c20d9369e20,main-trial-22, , ,true,796799.10
66d63bf354de4c20d9369e20,main-trial-22,p,p,true,797615.10
66d63bf354de4c20d9369e20,main-trial-22,r,r,true,797759.20
66d63bf354de4c20d9369e20,main-trial-22,m,m,true,798263.30
66d63bf354de4c20d9369e20,main-trial-22,z,z,true,798831.10
66d63bf354de4c20d9369e20,main-trial-22,d,d,true,799215.70
66d63bf354de4c20d9369e20,main-trial-22, , ,true,799423.00
66d63bf354de4c20d9369e20,main-trial-22,a,a,true,799655.10
66d63bf354de4c20d9369e20,main-trial-22,a,a,true,799983.10
66d63bf354de4c20d9369e20,main-trial-22, , ,true,800375.00
66d63bf354de4c20d9369e20,main-trial-22,a,a,true,800551.00
66d63bf354de4c20d9369e20,main-trial-22,a,a,true,800807.00
66d63bf354de4c20d9369e20,main-trial-22, , ,true,801087.00
66d63bf354de4c20d9369e20,main-trial-22,a,a,true,801255.10
66d63bf354de4c20d9369e20,main-trial-22,a,a,true,801503.00
66d63bf354de4c20d9369e20,main-trial-22, , ,true,801823.10
66d63bf354de4c20d9369e20,main-trial-22,a,a,true,802318.90
66d63bf354de4c20d9369e20,main-trial-22,j, ,false,802542.90
66d63bf354de4c20d9369e20,main-trial-22,j,j,true,803423.00
66d63bf354de4c20d9369e20,main-trial-22,z,z,true,804679.40
66d63bf354de4c20d9369e20,main-trial-22,p,p,true,805511.00
66d63bf354de4c20d9369e20,main-trial-22,d,d,true,805950.90
66d63bf354de4c20d9369e20,main-trial-22, , ,true,806183.10
66d63bf354de4c20d9369e20,main-trial-22,f,f,true,806567.10
66d63bf354de4c20d9369e20,main-trial-22,f,f,true,806758.90
66d63bf354de4c20d9369e20,main-trial-22, , ,true,806958.90
66d63bf354de4c20d9369e20,main-trial-22,a,a,true,807191.10
66d63bf354de4c20d9369e20,main-trial-22,a,a,true,807414.80
66d63bf354de4c20d9369e20,main-trial-22, , ,true,807727.10
66d63bf354de4c20d9369e20,main-trial-22,f,f,true,807926.90
66d63bf354de4c20d9369e20,main-trial-22,f,f,true,808150.80
66d63bf354de4c20d9369e20,main-trial-22, , ,true,808454.90
66d63bf354de4c20d9369e20,main-trial-22,a,a,true,808607.00
66d63bf354de4c20d9369e20,main-trial-22,a,a,true,808863.10
66d63bf354de4c20d9369e20,main-trial-22, , ,true,809287.10
66d63bf354de4c20d9369e20,main-trial-22,f,f,true,809687.00
66d63bf354de4c20d9369e20,main-trial-22,f,f,true,809894.90
66d63bf354de4c20d9369e20,main-trial-22, , ,true,810214.90
66d63bf354de4c20d9369e20,main-trial-22,a,a,true,810479.00
66d63bf354de4c20d9369e20,main-trial-22,a,a,true,810750.90
66d63bf354de4c20d9369e20,main-trial-23,k,k,true,816278.80
66d63bf354de4c20d9369e20,main-trial-23,z,z,true,817126.90
66d63bf354de4c20d9369e20,main-trial-23,w,w,true,817839.50
66d63bf354de4c20d9369e20,main-trial-23,y,y,true,818982.80
66d63bf354de4c20d9369e20,main-trial-23,f,f,true,819398.90
66d63bf354de4c20d9369e20,main-trial-23, , ,true,819582.60
66d63bf354de4c20d9369e20,main-trial-23,f,f,true,819838.90
66d63bf354de4c20d9369e20,main-trial-23,r,r,true,820063.00
66d63bf354de4c20d9369e20,main-trial-23, , ,true,820294.60
66d63bf354de4c20d9369e20,main-trial-23,f,f,true,820414.70
66d63bf354de4c20d9369e20,main-trial-23,r,r,true,820622.60
66d63bf354de4c20d9369e20,main-trial-23, , ,true,820806.50
66d63bf354de4c20d9369e20,main-trial-23,f,f,true,820934.90
66d63bf354de4c20d9369e20,main-trial-23,r,r,true,821134.70
66d63bf354de4c20d9369e20,main-trial-23, , ,true,821478.70
66d63bf354de4c20d9369e20,main-trial-23,b,b,true,822318.90
66d63bf354de4c20d9369e20,main-trial-23,q,q,true,822758.70
66d63bf354de4c20d9369e20,main-trial-23,u,u,true,823366.90
66d63bf354de4c20d9369e20,main-trial-23,f,f,true,823774.80
66d63bf354de4c20d9369e20,main-trial-23,s,s,true,824047.00
66d63bf354de4c20d9369e20,main-trial-23, , ,true,824294.60
66d63bf354de4c20d9369e20,main-trial-23,v,v,true,824582.80
66d63bf354de4c20d9369e20,main-trial-23,r,r,true,824871.40
66d63bf354de4c20d9369e20,main-trial-23, , ,true,825311.40
66d63bf354de4c20d9369e20,main-trial-23,v,v,true,825414.50
66d63bf354de4c20d9369e20,main-trial-23,r,r,true,825702.90
66d63bf354de4c20d9369e20,main-trial-23, , ,true,826078.70
66d63bf354de4c20d9369e20,main-trial-23,v,v,true,826262.70
66d63bf354de4c20d9369e20,main-trial-23,r,r,true,826526.60
66d63bf354de4c20d9369e20,main-trial-23, , ,true,826990.90
66d63bf354de4c20d9369e20,main-trial-23,x,q,false,827399.30
66d63bf354de4c20d9369e20,main-trial-23,x,x,true,829254.60
66d63bf354de4c20d9369e20,main-trial-23,q,q,true,829814.90
66d63bf354de4c20d9369e20,main-trial-23,u,u,true,830190.60
66d63bf354de4c20d9369e20,main-trial-23,l,;,false,830718.60
66d63bf354de4c20d9369e20,main-trial-23,l,;,false,830878.70
66d63bf354de4c20d9369e20,main-trial-23,l,;,false,831214.50
66d63bf354de4c20d9369e20,main-trial-23,l,l,true,832054.60
66d63bf354de4c20d9369e20,main-trial-23,l,l,true,832198.60
66d63bf354de4c20d9369e20,main-trial-23, , ,true,832654.50
66d63bf354de4c20d9369e20,main-trial-23,f,f,true,832854.50
66d63bf354de4c20d9369e20,main-trial-23,r,r,true,833126.50
66d63bf354de4c20d9369e20,main-trial-23, , ,true,833398.40
66d63bf354de4c20d9369e20,main-trial-23,v,v,true,833622.50
66d63bf354de4c20d9369e20,main-trial-23,r,r,true,833886.50
66d63bf354de4c20d9369e20,main-trial-23, , ,true,834198.50
66d63bf354de4c20d9369e20,main-trial-23,f,f,true,834622.70
66d63bf354de4c20d9369e20,main-trial-23,r,r,true,834822.50
66d63bf354de4c20d9369e20,main-trial-23, , ,true,835054.50
66d63bf354de4c20d9369e20,main-trial-23,v,v,true,835246.40
66d63bf354de4c20d9369e20,main-trial-23,r,r,true,835502.50
66d63bf354de4c20d9369e20,main-trial-23, , ,true,835830.40
66d63bf354de4c20d9369e20,main-trial-23,f,f,true,836246.60
66d63bf354de4c20d9369e20,main-trial-23,r,r,true,836438.50
66d63bf354de4c20d9369e20,main-trial-23, , ,true,836726.60
66d63bf354de4c20d9369e20,main-trial-23,v,b,false,836886.50
66d63bf354de4c20d9369e20,main-trial-23,v,v,true,836887.70
66d63bf354de4c20d9369e20,main-trial-23,r,r,true,837462.70
66d63bf354de4c20d9369e20,main-trial-23,,t,false,837464.50
66d63bf354de4c20d9369e20,main-trial-24,h,h,true,843102.50
66d63bf354de4c20d9369e20,main-trial-24,r,r,true,843359.10
66d63bf354de4c20d9369e20,main-trial-24,l,l,true,844302.50
66d63bf354de4c20d9369e20,main-trial-24,d,d,true,844462.30
66d63bf354de4c20d9369e20,main-trial-24,z,z,true,845158.30
66d63bf354de4c20d9369e20,main-trial-24, , ,true,845446.40
66d63bf354de4c20d9369e20,main-trial-24,d,d,true,846230.50
66d63bf354de4c20d9369e20,main-trial-24,r,r,true,846478.50
66d63bf354de4c20d9369e20,main-trial-24, , ,true,846606.30
66d63bf354de4c20d9369e20,main-trial-24,d,d,true,847166.40
66d63bf354de4c20d9369e20,main-trial-24,r,r,true,847654.30
66d63bf354de4c20d9369e20,main-trial-24, , ,true,847830.90
66d63bf354de4c20d9369e20,main-trial-24,d,d,true,848086.20
66d63bf354de4c20d9369e20,main-trial-24,r,r,true,848374.30
66d63bf354de4c20d9369e20,main-trial-24, , ,true,848542.40
66d63bf354de4c20d9369e20,main-trial-24,e,e,true,848910.30
66d63bf354de4c20d9369e20,main-trial-24,a,a,true,849182.20
66d63bf354de4c20d9369e20,main-trial-24,s,s,true,849454.20
66d63bf354de4c20d9369e20,main-trial-24,n,n,true,850670.50
66d63bf354de4c20d9369e20,main-trial-24,t,t,true,850886.20
66d63bf354de4c20d9369e20,main-trial-24, , ,true,851038.20
66d63bf354de4c20d9369e20,main-trial-24,f,f,true,851222.20
66d63bf354de4c20d9369e20,main-trial-24,d,r,false,851430.20
66d63bf354de4c20d9369e20,main-trial-24,d,d,true,852406.40
66d63bf354de4c20d9369e20,main-trial-24, , ,true,852750.30
66d63bf354de4c20d9369e20,main-trial-24,f,f,true,852902.10
66d63bf354de4c20d9369e20,main-trial-24,d,d,true,853094.10
66d63bf354de4c20d9369e20,main-trial-24, , ,true,853326.10
66d63bf354de4c20d9369e20,main-trial-24,f,f,true,853518.10
66d63bf354de4c20d9369e20,main-trial-24,d,d,true,853662.30
66d63bf354de4c20d9369e20,main-trial-24, , ,true,854134.30
66d63bf354de4c20d9369e20,main-trial-24,b,b,true,854526.50
66d63bf354de4c20d9369e20,main-trial-24,d,d,true,854934.80
66d63bf354de4c20d9369e20,main-trial-24,i,s,false,855302.20
66d63bf354de4c20d9369e20,main-trial-24,i,i,true,856158.20
66d63bf354de4c20d9369e20,main-trial-24,s,s,true,856270.20
66d63bf354de4c20d9369e20,main-trial-24,r,r,true,856526.20
66d63bf354de4c20d9369e20,main-trial-24, , ,true,856798.20
66d63bf354de4c20d9369e20,main-trial-24,d,d,true,857358.30
66d63bf354de4c20d9369e20,main-trial-24,r,r,true,857622.10
66d63bf354de4c20d9369e20,main-trial-24, , ,true,857806.10
66d63bf354de4c20d9369e20,main-trial-24,f,f,true,858302.30
66d63bf354de4c20d9369e20,main-trial-24,d,d,true,858550.10
66d63bf354de4c20d9369e20,main-trial-24, , ,true,859446.10
66d63bf354de4c20d9369e20,main-trial-24,d,r,false,859662.10
66d63bf354de4c20d9369e20,main-trial-24,d,d,true,860310.30
66d63bf354de4c20d9369e20,main-trial-24,r,r,true,860569.30
66d63bf354de4c20d9369e20,main-trial-24, , ,true,860894.10
66d63bf354de4c20d9369e20,main-trial-24,f,f,true,861182.00
66d63bf354de4c20d9369e20,main-trial-24,d,r,false,861450.00
66d63bf354de4c20d9369e20,main-trial-24,d,d,true,862222.90
66d63bf354de4c20d9369e20,main-trial-24, , ,true,862910.10
66d63bf354de4c20d9369e20,main-trial-24,d,d,true,863582.10
66d63bf354de4c20d9369e20,main-trial-24,r,r,true,863958.00
66d63bf354de4c20d9369e20,main-trial-24, , ,true,864166.10
66d63bf354de4c20d9369e20,main-trial-24,f,f,true,864406.00
66d63bf354de4c20d9369e20,main-trial-24,d,d,true,864742.00
66d63bf354de4c20d9369e20,main-trial-25,r,r,true,872118.10
66d63bf354de4c20d9369e20,main-trial-25,q,q,true,873142.00
66d63bf354de4c20d9369e20,main-trial-25,r,r,true,873741.80
66d63bf354de4c20d9369e20,main-trial-25,u,u,true,874021.70
66d63bf354de4c20d9369e20,main-trial-25,n,n,true,874293.80
66d63bf354de4c20d9369e20,main-trial-25, , ,true,874541.80
66d63bf354de4c20d9369e20,main-trial-25,f,f,true,874741.90
66d63bf354de4c20d9369e20,main-trial-25,d,d,true,874989.90
66d63bf354de4c20d9369e20,main-trial-25, , ,true,875197.60
66d63bf354de4c20d9369e20,main-trial-25,f,f,true,875357.60
66d63bf354de4c20d9369e20,main-trial-25,d,d,true,875893.90
66d63bf354de4c20d9369e20,main-trial-25, , ,true,876077.60
66d63bf354de4c20d9369e20,main-trial-25,f,f,true,876293.80
66d63bf354de4c20d9369e20,main-trial-25,d,d,true,876493.60
66d63bf354de4c20d9369e20,main-trial-25, , ,true,876741.50
66d63bf354de4c20d9369e20,main-trial-25,f,f,true,877061.90
66d63bf354de4c20d9369e20,main-trial-25,b,b,true,877397.90
66d63bf354de4c20d9369e20,main-trial-25,f,f,true,877886.00
66d63bf354de4c20d9369e20,main-trial-25,s,s,true,878533.90
66d63bf354de4c20d9369e20,main-trial-25,k,k,true,879806.00
66d63bf354de4c20d9369e20,main-trial-25, , ,true,880029.80
66d63bf354de4c20d9369e20,main-trial-25,f,f,true,880229.80
66d63bf354de4c20d9369e20,main-trial-25,r,r,true,880437.50
66d63bf354de4c20d9369e20,main-trial-25, , ,true,880821.80
66d63bf354de4c20d9369e20,main-trial-25,f,f,true,880933.80
66d63bf354de4c20d9369e20,main-trial-25,r,r,true,881181.90
66d63bf354de4c20d9369e20,main-trial-25, , ,true,881413.60
66d63bf354de4c20d9369e20,main-trial-25,f,f,true,881525.70
66d63bf354de4c20d9369e20,main-trial-25,r,r,true,881733.60
66d63bf354de4c20d9369e20,main-trial-25, , ,true,881957.80
66d63bf354de4c20d9369e20,main-trial-25,h,h,true,883134.00
66d63bf354de4c20d9369e20,main-trial-25,m,m,true,883741.90
66d63bf354de4c20d9369e20,main-trial-25,w,w,true,884109.90
66d63bf354de4c20d9369e20,main-trial-25,v,v,true,885141.80
66d63bf354de4c20d9369e20,main-trial-25,o,o,true,885509.60
66d63bf354de4c20d9369e20,main-trial-25, , ,true,885821.80
66d63bf354de4c20d9369e20,main-trial-25,f,f,true,886053.60
66d63bf354de4c20d9369e20,main-trial-25,d,d,true,886285.60
66d63bf354de4c20d9369e20,main-trial-25, , ,true,886525.70
66d63bf354de4c20d9369e20,main-trial-25,f,f,true,887277.80
66d63bf354de4c20d9369e20,main-trial-25,r,r,true,887493.50
66d63bf354de4c20d9369e20,main-trial-25, , ,true,887733.50
66d63bf354de4c20d9369e20,main-trial-25,f,f,true,888133.60
66d63bf354de4c20d9369e20,main-trial-25,d,d,true,888389.60
66d63bf354de4c20d9369e20,main-trial-25, , ,true,888669.70
66d63bf354de4c20d9369e20,main-trial-25,f,f,true,888813.70
66d63bf354de4c20d9369e20,main-trial-25,r,r,true,889037.50
66d63bf354de4c20d9369e20,main-trial-25, , ,true,889389.60
66d63bf354de4c20d9369e20,main-trial-25,f,f,true,889901.70
66d63bf354de4c20d9369e20,main-trial-25,d,d,true,890181.60
66d63bf354de4c20d9369e20,main-trial-25, , ,true,890405.50
66d63bf354de4c20d9369e20,main-trial-25,f,f,true,890573.40
66d63bf354de4c20d9369e20,main-trial-25,r,r,true,890805.50
66d63bf354de4c20d9369e20,main-trial-26,i,i,true,896229.60
66d63bf354de4c20d9369e20,main-trial-26,a,a,true,896557.50
66d63bf354de4c20d9369e20,main-trial-26,o,g,false,897093.70
66d63bf354de4c20d9369e20,main-trial-26,o,o,true,898149.40
66d63bf354de4c20d9369e20,main-trial-26,g,p,false,898397.40
66d63bf354de4c20d9369e20,main-trial-26,g,g,true,899109.40
66d63bf354de4c20d9369e20,main-trial-26,p,p,true,899325.60
66d63bf354de4c20d9369e20,main-trial-26, , ,true,899741.70
66d63bf354de4c20d9369e20,main-trial-26,d,d,true,899957.30
66d63bf354de4c20d9369e20,main-trial-26,r,r,true,900205.80
66d63bf354de4c20d9369e20,main-trial-26, , ,true,900701.60
66d63bf354de4c20d9369e20,main-trial-26,d,d,true,900885.60
66d63bf354de4c20d9369e20,main-trial-26,r,r,true,901141.20
66d63bf354de4c20d9369e20,main-trial-26, , ,true,901389.90
66d63bf354de4c20d9369e20,main-trial-26,d,d,true,901701.50
66d63bf354de4c20d9369e20,main-trial-26,r,r,true,902029.30
66d63bf354de4c20d9369e20,main-trial-26, , ,true,902245.30
66d63bf354de4c20d9369e20,main-trial-26,k,k,true,903061.40
66d63bf354de4c20d9369e20,main-trial-26,s,s,true,903213.30
66d63bf354de4c20d9369e20,main-trial-26,b,b,true,903637.50
66d63bf354de4c20d9369e20,main-trial-26,o,o,true,903837.30
66d63bf354de4c20d9369e20,main-trial-26,g,p,false,904077.30
66d63bf354de4c20d9369e20,main-trial-26,g,g,true,904517.30
66d63bf354de4c20d9369e20,main-trial-26, ,f,false,904518.10
66d63bf354de4c20d9369e20,main-trial-26, , ,true,904997.50
66d63bf354de4c20d9369e20,main-trial-26,e,e,true,905261.40
66d63bf354de4c20d9369e20,main-trial-26,f,f,true,905477.40
66d63bf354de4c20d9369e20,main-trial-26, , ,true,905733.30
66d63bf354de4c20d9369e20,main-trial-26,e,e,true,905973.60
66d63bf354de4c20d9369e20,main-trial-26,f,f,true,906285.40
66d63bf354de4c20d9369e20,main-trial-26, , ,true,906549.30
66d63bf354de4c20d9369e20,main-trial-26,e,e,true,906701.60
66d63bf354de4c20d9369e20,main-trial-26,f,f,true,906941.20
66d63bf354de4c20d9369e20,main-trial-26, , ,true,907229.40
66d63bf354de4c20d9369e20,main-trial-26,e,c,false,907597.50
66d63bf354de4c20d9369e20,main-trial-26,e,e,true,907917.40
66d63bf354de4c20d9369e20,main-trial-26,c,c,true,908229.40
66d63bf354de4c20d9369e20,main-trial-26,r,r,true,909134.10
66d63bf354de4c20d9369e20,main-trial-26,u,u,true,909469.30
66d63bf354de4c20d9369e20,main-trial-26,z,z,true,909789.30
66d63bf354de4c20d9369e20,main-trial-26, , ,true,910029.50
66d63bf354de4c20d9369e20,main-trial-26,d,d,true,910381.40
66d63bf354de4c20d9369e20,main-trial-26,r,r,true,910661.20
66d63bf354de4c20d9369e20,main-trial-26, , ,true,910869.30
66d63bf354de4c20d9369e20,main-trial-26,e,e,true,910973.50
66d63bf354de4c20d9369e20,main-trial-26,f,d,false,911197.30
66d63bf354de4c20d9369e20,main-trial-26,f, ,false,911549.30
66d63bf354de4c20d9369e20,main-trial-26,f,d,false,912101.30
66d63bf354de4c20d9369e20,main-trial-26,f,f,true,913725.50
66d63bf354de4c20d9369e20,main-trial-26, , ,true,914205.40
66d63bf354de4c20d9369e20,main-trial-26,d,d,true,914565.80
66d63bf354de4c20d9369e20,main-trial-26,r,t,false,914981.40
66d63bf354de4c20d9369e20,main-trial-26,r,t,false,915517.30
66d63bf354de4c20d9369e20,main-trial-26,r,r,true,916485.10
66d63bf354de4c20d9369e20,main-trial-26, , ,true,916733.20
66d63bf354de4c20d9369e20,main-trial-26,e,e,true,916957.10
66d63bf354de4c20d9369e20,main-trial-26,f,v,false,917293.40
66d63bf354de4c20d9369e20,main-trial-26,f,f,true,917294.50
66d63bf354de4c20d9369e20,main-trial-26, , ,true,917981.30
66d63bf354de4c20d9369e20,main-trial-26,d,e,false,918133.20
66d63bf354de4c20d9369e20,main-trial-26,d,d,true,918629.20
66d63bf354de4c20d9369e20,main-trial-26,r,r,true,918943.60
66d63bf354de4c20d9369e20,main-trial-26, , ,true,919180.00
66d63bf354de4c20d9369e20,main-trial-26,e,e,true,919293.20
66d63bf354de4c20d9369e20,main-trial-26,f,f,true,919525.00
66d63bf354de4c20d9369e20,main-trial-27,u,u,true,924437.40
66d63bf354de4c20d9369e20,main-trial-27,g,g,true,926109.10
66d63bf354de4c20d9369e20,main-trial-27,i,i,true,926333.00
66d63bf354de4c20d9369e20,main-trial-27,v,v,true,927204.90
66d63bf354de4c20d9369e20,main-trial-27,z,z,true,928429.10
66d63bf354de4c20d9369e20,main-trial-27, , ,true,928605.30
66d63bf354de4c20d9369e20,main-trial-27,f,f,true,928805.20
66d63bf354de4c20d9369e20,main-trial-27,d,d,true,929293.00
66d63bf354de4c20d9369e20,main-trial-27, , ,true,929540.90
66d63bf354de4c20d9369e20,main-trial-27,f,f,true,929716.70
66d63bf354de4c20d9369e20,main-trial-27,d,d,true,929948.90
66d63bf354de4c20d9369e20,main-trial-27, , ,true,930100.70
66d63bf354de4c20d9369e20,main-trial-27,f,f,true,930325.10
66d63bf354de4c20d9369e20,main-trial-27,d,d,true,930493.10
66d63bf354de4c20d9369e20,main-trial-27, , ,true,930908.80
66d63bf354de4c20d9369e20,main-trial-27,s,s,true,931741.00
66d63bf354de4c20d9369e20,main-trial-27,b,b,true,932004.90
66d63bf354de4c20d9369e20,main-trial-27,y,y,true,932549.10
66d63bf354de4c20d9369e20,main-trial-27,k,k,true,933621.00
66d63bf354de4c20d9369e20,main-trial-27,w,w,true,934053.10
66d63bf354de4c20d9369e20,main-trial-27, , ,true,934252.80
66d63bf354de4c20d9369e20,main-trial-27,d,d,true,934397.10
66d63bf354de4c20d9369e20,main-trial-27,r,r,true,934637.00
66d63bf354de4c20d9369e20,main-trial-27, , ,true,934852.90
66d63bf354de4c20d9369e20,main-trial-27,d,d,true,935052.80
66d63bf354de4c20d9369e20,main-trial-27,r,r,true,935348.80
66d63bf354de4c20d9369e20,main-trial-27, , ,true,935652.90
66d63bf354de4c20d9369e20,main-trial-27,d,d,true,935805.10
66d63bf354de4c20d9369e20,main-trial-27,r,r,true,936068.90
66d63bf354de4c20d9369e20,main-trial-27, , ,true,936364.80
66d63bf354de4c20d9369e20,main-trial-27,c,c,true,936620.60
66d63bf354de4c20d9369e20,main-trial-27,g,g,true,936964.80
66d63bf354de4c20d9369e20,main-trial-27,y,y,true,938421.10
66d63bf354de4c20d9369e20,main-trial-27,g,g,true,938725.10
66d63bf354de4c20d9369e20,main-trial-27,q,p,false,939693.00
66d63bf354de4c20d9369e20,main-trial-27,q, ,false,940012.80
66d63bf354de4c20d9369e20,main-trial-27,q,f,false,941300.70
66d63bf354de4c20d9369e20,main-trial-27,q,d,false,941837.00
66d63bf354de4c20d9369e20,main-trial-27,q, ,false,942180.70
66d63bf354de4c20d9369e20,main-trial-27,q,d,false,943140.90
66d63bf354de4c20d9369e20,main-trial-27,q,r,false,943404.60
66d63bf354de4c20d9369e20,main-trial-27,q, ,false,943612.80
66d63bf354de4c20d9369e20,main-trial-27,q,q,true,945293.00
66d63bf354de4c20d9369e20,main-trial-27, , ,true,945716.90
66d63bf354de4c20d9369e20,main-trial-27,f,f,true,946548.60
66d63bf354de4c20d9369e20,main-trial-27,d,d,true,946900.60
66d63bf354de4c20d9369e20,main-trial-27, , ,true,947172.70
66d63bf354de4c20d9369e20,main-trial-27,d,d,true,947644.80
66d63bf354de4c20d9369e20,main-trial-27,r,r,true,948012.70
66d63bf354de4c20d9369e20,main-trial-27, , ,true,948156.40
66d63bf354de4c20d9369e20,main-trial-27,f,f,true,948692.80
66d63bf354de4c20d9369e20,main-trial-27,d,d,true,948940.60
66d63bf354de4c20d9369e20,main-trial-27, , ,true,949148.50
66d63bf354de4c20d9369e20,main-trial-27,d,f,false,949484.60
66d63bf354de4c20d9369e20,main-trial-27,d,d,true,949828.70
66d63bf354de4c20d9369e20,main-trial-27,r,r,true,950181.10
66d63bf354de4c20d9369e20,main-trial-27, ,t,false,950182.20
66d63bf354de4c20d9369e20,main-trial-27, , ,true,950748.80
66d63bf354de4c20d9369e20,main-trial-27,f,f,true,951084.70
66d63bf354de4c20d9369e20,main-trial-27,d,d,true,951476.60
66d63bf354de4c20d9369e20,main-trial-27, , ,true,951836.50
66d63bf354de4c20d9369e20,main-trial-27,d,d,true,952044.50
66d63bf354de4c20d9369e20,main-trial-27,r,r,true,952372.60
66d63bf354de4c20d9369e20,main-trial-27,,t,false,952373.80
