user_id,trialId,expectedKey,typedKey,isCorrect,keydownTime
unknown,intro-trial-1,i,i,true,33380.00
unknown,intro-trial-1, , ,true,34150.00
unknown,intro-trial-1,f,f,true,34761.00
unknown,intro-trial-1,r,r,true,35031.00
unknown,intro-trial-1, , ,true,35422.00
unknown,intro-trial-1,f,f,true,35791.00
unknown,intro-trial-1, , ,true,36248.00
unknown,intro-trial-1,v,v,true,36653.00
unknown,intro-trial-1,r,r,true,37132.00
unknown,intro-trial-1, , ,true,37643.00
unknown,intro-trial-1,o,f,false,38326.00
unknown,intro-trial-1,o,r,false,38535.00
unknown,intro-trial-1,o, ,false,38875.00
unknown,intro-trial-1,o,v,false,39220.00
unknown,intro-trial-1,o,r,false,39492.00
unknown,intro-trial-1,o, ,false,41179.00
unknown,intro-trial-1,o,o,true,42962.00
unknown,intro-trial-1, , ,true,43969.00
unknown,intro-trial-1,f,f,true,44666.00
unknown,intro-trial-1,r,r,true,44809.00
unknown,intro-trial-1, , ,true,45173.00
unknown,intro-trial-1,v,v,true,45737.00
unknown,intro-trial-1,r,r,true,45944.00
unknown,main-trial-1,f,f,true,57109.00
unknown,main-trial-1, , ,true,57455.00
unknown,main-trial-1,r,r,true,58028.00
unknown,main-trial-1,r,r,true,58183.00
unknown,main-trial-1, , ,true,58500.00
unknown,main-trial-1,m,m,true,59365.00
unknown,main-trial-1, , ,true,59744.00
unknown,main-trial-1,f,f,true,60248.00
unknown,main-trial-1,f,f,true,60397.00
unknown,main-trial-1, , ,true,60802.00
unknown,main-trial-1,v,v,true,61344.00
unknown,main-trial-1, , ,true,61910.00
unknown,main-trial-1,r,r,true,62652.00
unknown,main-trial-1,r,r,true,62792.00
unknown,main-trial-1, , ,true,63181.00
unknown,main-trial-1,f,f,true,63677.00
unknown,main-trial-1,f,f,true,63838.00
unknown,main-trial-2,z,z,true,68811.00
unknown,main-trial-2, , ,true,69293.00
unknown,main-trial-2,r,r,true,70067.00
unknown,main-trial-2,r,r,true,70213.00
unknown,main-trial-2, , ,true,70621.00
unknown,main-trial-2,e,e,true,71198.00
unknown,main-trial-2, , ,true,71665.00
unknown,main-trial-2,w,w,true,72214.00
unknown,main-trial-2,w,w,true,72408.00
unknown,main-trial-2, , ,true,72776.00
unknown,main-trial-2,n,n,true,73451.00
unknown,main-trial-2, , ,true,73954.00
unknown,main-trial-2,r,r,true,74501.00
unknown,main-trial-2,r,r,true,74687.00
unknown,main-trial-2, , ,true,75079.00
unknown,main-trial-2,w,w,true,75622.00
unknown,main-trial-2,w,w,true,75820.00
unknown,main-trial-3,j,j,true,79951.00
unknown,main-trial-3, , ,true,80366.00
unknown,main-trial-3,f,f,true,80842.00
unknown,main-trial-3,f,f,true,81005.00
unknown,main-trial-3, , ,true,81298.00
unknown,main-trial-3,k,k,true,81730.00
unknown,main-trial-3, , ,true,82218.00
unknown,main-trial-3,a,a,true,83220.00
unknown,main-trial-3,a,a,true,83456.00
unknown,main-trial-3, , ,true,83934.00
unknown,main-trial-3,g,g,true,84828.00
unknown,main-trial-3, , ,true,85238.00
unknown,main-trial-3,f,f,true,85677.00
unknown,main-trial-3,f,f,true,85847.00
unknown,main-trial-3, , ,true,86437.00
unknown,main-trial-3,a,a,true,87183.00
unknown,main-trial-3,a,a,true,87380.00
unknown,main-trial-4,n,n,true,93932.00
unknown,main-trial-4, , ,true,94414.00
unknown,main-trial-4,d,d,true,95010.00
unknown,main-trial-4,d,d,true,95172.00
unknown,main-trial-4, , ,true,95517.00
unknown,main-trial-4,u,u,true,96109.00
unknown,main-trial-4, , ,true,96548.00
unknown,main-trial-4,r,r,true,97069.00
unknown,main-trial-4,r,r,true,97221.00
unknown,main-trial-4, , ,true,97603.00
unknown,main-trial-4,t,t,true,98108.00
unknown,main-trial-4, , ,true,98623.00
unknown,main-trial-4,d,d,true,99176.00
unknown,main-trial-4,d,d,true,99317.00
unknown,main-trial-4, , ,true,99695.00
unknown,main-trial-4,r,r,true,100244.00
unknown,main-trial-4,r,r,true,100407.00
unknown,main-trial-5,k,k,true,106414.00
unknown,main-trial-5, , ,true,106898.00
unknown,main-trial-5,x,x,true,107512.00
unknown,main-trial-5,x,x,true,107676.00
unknown,main-trial-5, , ,true,108050.00
unknown,main-trial-5,w,w,true,108612.00
unknown,main-trial-5, , ,true,109171.00
unknown,main-trial-5,a,a,true,109743.00
unknown,main-trial-5,a,a,true,109932.00
unknown,main-trial-5, , ,true,110354.00
unknown,main-trial-5,h,h,true,110882.00
unknown,main-trial-5, , ,true,111322.00
unknown,main-trial-5,x,x,true,111791.00
unknown,main-trial-5,x,x,true,111954.00
unknown,main-trial-5, , ,true,112298.00
unknown,main-trial-5,a,a,true,113273.00
unknown,main-trial-5,a,a,true,113475.00
unknown,main-trial-6,g,g,true,119406.00
unknown,main-trial-6, , ,true,119897.00
unknown,main-trial-6,v,v,true,120618.00
unknown,main-trial-6,v,v,true,120751.00
unknown,main-trial-6, , ,true,121122.00
unknown,main-trial-6,o,o,true,121546.00
unknown,main-trial-6, , ,true,121971.00
unknown,main-trial-6,f,f,true,122467.00
unknown,main-trial-6,f,f,true,122598.00
unknown,main-trial-6, , ,true,123038.00
unknown,main-trial-6,c,c,true,123536.00
unknown,main-trial-6, , ,true,123971.00
unknown,main-trial-6,v,v,true,124802.00
unknown,main-trial-6,v,v,true,124963.00
unknown,main-trial-6, , ,true,125333.00
unknown,main-trial-6,f,f,true,125906.00
unknown,main-trial-6,f,f,true,126070.00
unknown,main-trial-7,g,g,true,130952.00
unknown,main-trial-7, , ,true,131412.00
unknown,main-trial-7,f,f,true,132080.00
unknown,main-trial-7,f,f,true,132208.00
unknown,main-trial-7, , ,true,132565.00
unknown,main-trial-7,h,h,true,133118.00
unknown,main-trial-7, , ,true,133567.00
unknown,main-trial-7,r,r,true,133992.00
unknown,main-trial-7,r,r,true,134148.00
unknown,main-trial-7, , ,true,134457.00
unknown,main-trial-7,j,j,true,135026.00
unknown,main-trial-7, , ,true,135492.00
unknown,main-trial-7,f,f,true,136247.00
unknown,main-trial-7,f,f,true,136390.00
unknown,main-trial-7, , ,true,136732.00
unknown,main-trial-7,r,r,true,137222.00
unknown,main-trial-7,r,r,true,137385.00
unknown,main-trial-8,a,a,true,142273.00
unknown,main-trial-8, , ,true,142679.00
unknown,main-trial-8,x,x,true,143143.00
unknown,main-trial-8,x,x,true,143342.00
unknown,main-trial-8, , ,true,143696.00
unknown,main-trial-8,t,t,true,144176.00
unknown,main-trial-8, , ,true,144611.00
unknown,main-trial-8,q,q,true,145682.00
unknown,main-trial-8,q,q,true,145984.00
unknown,main-trial-8, , ,true,146414.00
unknown,main-trial-8,v,v,true,146984.00
unknown,main-trial-8, , ,true,147430.00
unknown,main-trial-8,x,x,true,147988.00
unknown,main-trial-8,x,x,true,148165.00
unknown,main-trial-8, , ,true,148490.00
unknown,main-trial-8,q,q,true,149325.00
unknown,main-trial-8,q,q,true,149573.00
unknown,main-trial-9,v,v,true,154020.00
unknown,main-trial-9, , ,true,154454.00
unknown,main-trial-9,v,v,true,154946.00
unknown,main-trial-9,v,v,true,155103.00
unknown,main-trial-9, , ,true,155407.00
unknown,main-trial-9,k,k,true,155827.00
unknown,main-trial-9, , ,true,156221.00
unknown,main-trial-9,s,s,true,156627.00
unknown,main-trial-9,s,s,true,156788.00
unknown,main-trial-9, , ,true,157074.00
unknown,main-trial-9,d,d,true,157480.00
unknown,main-trial-9, , ,true,157879.00
unknown,main-trial-9,v,v,true,158338.00
unknown,main-trial-9,v,v,true,158489.00
unknown,main-trial-9, , ,true,158794.00
unknown,main-trial-9,s,s,true,159261.00
unknown,main-trial-9,s,s,true,159446.00
unknown,main-trial-10,n,n,true,164798.00
unknown,main-trial-10, , ,true,165151.00
unknown,main-trial-10,s,s,true,165618.00
unknown,main-trial-10,s,s,true,165771.00
unknown,main-trial-10, , ,true,166068.00
unknown,main-trial-10,t,t,true,166504.00
unknown,main-trial-10, , ,true,166915.00
unknown,main-trial-10,v,v,true,167453.00
unknown,main-trial-10,v,v,true,167623.00
unknown,main-trial-10, , ,true,167913.00
unknown,main-trial-10,w,w,true,168325.00
unknown,main-trial-10, , ,true,168750.00
unknown,main-trial-10,s,s,true,169213.00
unknown,main-trial-10,s,s,true,169375.00
unknown,main-trial-10, , ,true,169692.00
unknown,main-trial-10,v,v,true,170506.00
unknown,main-trial-10,v,v,true,170672.00
unknown,main-trial-11,i,i,true,176291.00
unknown,main-trial-11, , ,true,176646.00
unknown,main-trial-11,q,q,true,177008.00
unknown,main-trial-11,q,q,true,177204.00
unknown,main-trial-11, , ,true,177486.00
unknown,main-trial-11,w,w,true,177847.00
unknown,main-trial-11, , ,true,178269.00
unknown,main-trial-11,z,z,true,178608.00
unknown,main-trial-11,z,z,true,178801.00
unknown,main-trial-11, , ,true,179121.00
unknown,main-trial-11,n,n,true,179578.00
unknown,main-trial-11, , ,true,179992.00
unknown,main-trial-11,q,q,true,180571.00
unknown,main-trial-11,q,q,true,180785.00
unknown,main-trial-11, , ,true,181109.00
unknown,main-trial-11,z,z,true,182620.00
unknown,main-trial-11,z,z,true,182848.00
unknown,main-trial-12,t,t,true,190709.00
unknown,main-trial-12, , ,true,191197.00
unknown,main-trial-12,a,a,true,191856.00
unknown,main-trial-12,a,a,true,192064.00
unknown,main-trial-12, , ,true,192404.00
unknown,main-trial-12,p,p,true,193275.00
unknown,main-trial-12, , ,true,193665.00
unknown,main-trial-12,q,q,true,194441.00
unknown,main-trial-12,q,q,true,194637.00
unknown,main-trial-12, , ,true,195018.00
unknown,main-trial-12,l,l,true,196119.00
unknown,main-trial-12, , ,true,196635.00
unknown,main-trial-12,a,a,true,197271.00
unknown,main-trial-12,a,a,true,197471.00
unknown,main-trial-12, , ,true,197811.00
unknown,main-trial-12,q,q,true,198985.00
unknown,main-trial-12,q,q,true,199217.00
unknown,main-trial-13,m,m,true,207608.00
unknown,main-trial-13, , ,true,208071.00
unknown,main-trial-13,r,r,true,208846.00
unknown,main-trial-13,r,r,true,209006.00
unknown,main-trial-13, , ,true,209337.00
unknown,main-trial-13,k,k,true,209760.00
unknown,main-trial-13, , ,true,210130.00
unknown,main-trial-13,v,v,true,210612.00
unknown,main-trial-13,v,v,true,210792.00
unknown,main-trial-13, , ,true,211125.00
unknown,main-trial-13,r,r,true,211531.00
unknown,main-trial-13, , ,true,211978.00
unknown,main-trial-13,r,r,true,212596.00
unknown,main-trial-13,r,r,true,212753.00
unknown,main-trial-13, , ,true,213123.00
unknown,main-trial-13,v,v,true,213664.00
unknown,main-trial-13,v,v,true,213823.00
unknown,main-trial-14,g,g,true,221192.00
unknown,main-trial-14, , ,true,221579.00
unknown,main-trial-14,c,c,true,222033.00
unknown,main-trial-14,c,c,true,222197.00
unknown,main-trial-14, , ,true,222483.00
unknown,main-trial-14,z,z,true,222867.00
unknown,main-trial-14, , ,true,223222.00
unknown,main-trial-14,z,z,true,223605.00
unknown,main-trial-14,z,z,true,223760.00
unknown,main-trial-14, , ,true,224063.00
unknown,main-trial-14,n,n,true,224737.00
unknown,main-trial-14, , ,true,225152.00
unknown,main-trial-14,c,c,true,225581.00
unknown,main-trial-14,c,c,true,225718.00
unknown,main-trial-14, , ,true,226014.00
unknown,main-trial-14,z,z,true,226437.00
unknown,main-trial-14,z,z,true,226629.00
unknown,main-trial-15,q,q,true,232659.00
unknown,main-trial-15, , ,true,233006.00
unknown,main-trial-15,e,e,true,233428.00
unknown,main-trial-15,e,e,true,233530.00
unknown,main-trial-15, , ,true,234484.00
unknown,main-trial-15,o,o,true,234916.00
unknown,main-trial-15, , ,true,235304.00
unknown,main-trial-15,f,f,true,235755.00
unknown,main-trial-15,f,f,true,235910.00
unknown,main-trial-15, , ,true,236160.00
unknown,main-trial-15,t,t,true,236548.00
unknown,main-trial-15, , ,true,236915.00
unknown,main-trial-15,e,e,true,237343.00
unknown,main-trial-15,e,e,true,237494.00
unknown,main-trial-15, , ,true,237779.00
unknown,main-trial-15,f,f,true,238238.00
unknown,main-trial-15,f,f,true,238402.00
unknown,main-trial-16,w,w,true,242034.00
unknown,main-trial-16, , ,true,242289.00
unknown,main-trial-16,w,w,true,242609.00
unknown,main-trial-16,w,w,true,242779.00
unknown,main-trial-16, , ,true,243048.00
unknown,main-trial-16,o,o,true,243381.00
unknown,main-trial-16, , ,true,243703.00
unknown,main-trial-16,v,v,true,244047.00
unknown,main-trial-16,v,v,true,244201.00
unknown,main-trial-16, , ,true,244473.00
unknown,main-trial-16,u,u,true,245440.00
unknown,main-trial-16, , ,true,245809.00
unknown,main-trial-16,w,w,true,246375.00
unknown,main-trial-16,w,w,true,246552.00
unknown,main-trial-16, , ,true,246922.00
unknown,main-trial-16,v,v,true,247988.00
unknown,main-trial-16,v,v,true,248193.00
unknown,main-trial-17,v,v,true,253726.00
unknown,main-trial-17, , ,true,254130.00
unknown,main-trial-17,w,w,true,254545.00
unknown,main-trial-17,w,w,true,254724.00
unknown,main-trial-17, , ,true,255036.00
unknown,main-trial-17,u,u,true,255387.00
unknown,main-trial-17, , ,true,255748.00
unknown,main-trial-17,a,a,true,256064.00
unknown,main-trial-17,a,a,true,256241.00
unknown,main-trial-17, , ,true,256511.00
unknown,main-trial-17,j,j,true,256778.00
unknown,main-trial-17, , ,true,257115.00
unknown,main-trial-17,w,w,true,257727.00
unknown,main-trial-17,w,w,true,257922.00
unknown,main-trial-17, , ,true,258244.00
unknown,main-trial-17,a,a,true,258573.00
unknown,main-trial-17,a,a,true,258782.00
unknown,main-trial-18,r,r,true,263362.00
unknown,main-trial-18, , ,true,263669.00
unknown,main-trial-18,a,a,true,263995.00
unknown,main-trial-18,a,a,true,264175.00
unknown,main-trial-18, , ,true,264462.00
unknown,main-trial-18,r,r,true,264723.00
unknown,main-trial-18, , ,true,265026.00
unknown,main-trial-18,c,c,true,265363.00
unknown,main-trial-18,c,c,true,265522.00
unknown,main-trial-18, , ,true,265792.00
unknown,main-trial-18,w,w,true,266103.00
unknown,main-trial-18, , ,true,266421.00
unknown,main-trial-18,a,a,true,266734.00
unknown,main-trial-18,a,a,true,266914.00
unknown,main-trial-18, , ,true,267160.00
unknown,main-trial-18,c,c,true,267472.00
unknown,main-trial-18,c,c,true,267637.00
unknown,main-trial-19,y,y,true,272174.00
unknown,main-trial-19, , ,true,272533.00
unknown,main-trial-19,s,s,true,273086.00
unknown,main-trial-19,s,s,true,273265.00
unknown,main-trial-19, , ,true,273539.00
unknown,main-trial-19,g,g,true,273889.00
unknown,main-trial-19, , ,true,274247.00
unknown,main-trial-19,r,r,true,274514.00
unknown,main-trial-19,r,r,true,274672.00
unknown,main-trial-19, , ,true,274912.00
unknown,main-trial-19,k,k,true,275360.00
unknown,main-trial-19, , ,true,275736.00
unknown,main-trial-19,s,s,true,276171.00
unknown,main-trial-19,s,s,true,276336.00
unknown,main-trial-19, , ,true,276608.00
unknown,main-trial-19,r,r,true,276961.00
unknown,main-trial-19,r,r,true,277117.00
unknown,main-trial-20,c,c,true,284926.00
unknown,main-trial-20, , ,true,285313.00
unknown,main-trial-20,w,w,true,285656.00
unknown,main-trial-20,w,w,true,285818.00
unknown,main-trial-20, , ,true,286088.00
unknown,main-trial-20,f,f,true,286433.00
unknown,main-trial-20, , ,true,286770.00
unknown,main-trial-20,e,e,true,287131.00
unknown,main-trial-20,e,e,true,287289.00
unknown,main-trial-20, , ,true,287513.00
unknown,main-trial-20,t,t,true,287787.00
unknown,main-trial-20, , ,true,288124.00
unknown,main-trial-20,w,w,true,288424.00
unknown,main-trial-20,w,w,true,288581.00
unknown,main-trial-20, , ,true,288814.00
unknown,main-trial-20,e,e,true,289174.00
unknown,main-trial-20,e,e,true,289324.00
unknown,main-trial-21,y,y,true,293641.00
unknown,main-trial-21, , ,true,293973.00
unknown,main-trial-21,x,x,true,294386.00
unknown,main-trial-21,x,x,true,294565.00
unknown,main-trial-21, , ,true,294800.00
unknown,main-trial-21,t,t,true,295166.00
unknown,main-trial-21, , ,true,295494.00
unknown,main-trial-21,z,z,true,295843.00
unknown,main-trial-21,z,z,true,295993.00
unknown,main-trial-21, , ,true,296239.00
unknown,main-trial-21,m,m,true,296634.00
unknown,main-trial-21, , ,true,297012.00
unknown,main-trial-21,x,x,true,297457.00
unknown,main-trial-21,x,x,true,297644.00
unknown,main-trial-21, , ,true,297907.00
unknown,main-trial-21,z,z,true,298323.00
unknown,main-trial-21,z,z,true,298529.00
unknown,main-trial-22,s,s,true,302767.00
unknown,main-trial-22, , ,true,303081.00
unknown,main-trial-22,x,x,true,303702.00
unknown,main-trial-22,x,x,true,303878.00
unknown,main-trial-22, , ,true,304143.00
unknown,main-trial-22,x,x,true,304512.00
unknown,main-trial-22, , ,true,304870.00
unknown,main-trial-22,w,w,true,305114.00
unknown,main-trial-22,w,w,true,305318.00
unknown,main-trial-22, , ,true,305666.00
unknown,main-trial-22,b,b,true,306210.00
unknown,main-trial-22, , ,true,306617.00
unknown,main-trial-22,x,x,true,307149.00
unknown,main-trial-22,x,x,true,307330.00
unknown,main-trial-22, , ,true,307669.00
unknown,main-trial-22,w,w,true,308001.00
unknown,main-trial-22,w,w,true,308185.00
unknown,main-trial-23,o,o,true,313799.00
unknown,main-trial-23, , ,true,314119.00
unknown,main-trial-23,w,w,true,314453.00
unknown,main-trial-23,w,w,true,314635.00
unknown,main-trial-23, , ,true,314890.00
unknown,main-trial-23,z,z,true,315190.00
unknown,main-trial-23, , ,true,315540.00
unknown,main-trial-23,c,c,true,315997.00
unknown,main-trial-23,c,c,true,316169.00
unknown,main-trial-23, , ,true,316459.00
unknown,main-trial-23,m,m,true,316793.00
unknown,main-trial-23, , ,true,317159.00
unknown,main-trial-23,w,w,true,317486.00
unknown,main-trial-23,w,w,true,317631.00
unknown,main-trial-23, , ,true,317884.00
unknown,main-trial-23,c,c,true,318305.00
unknown,main-trial-23,c,c,true,318475.00
unknown,main-trial-24,s,s,true,323944.00
unknown,main-trial-24, , ,true,324288.00
unknown,main-trial-24,z,z,true,324633.00
unknown,main-trial-24,z,z,true,324791.00
unknown,main-trial-24, , ,true,325059.00
unknown,main-trial-24,b,b,true,325335.00
unknown,main-trial-24, , ,true,325648.00
unknown,main-trial-24,a,a,true,325884.00
unknown,main-trial-24,a,a,true,326057.00
unknown,main-trial-24, , ,true,326275.00
unknown,main-trial-24,f,f,true,326565.00
unknown,main-trial-24, , ,true,326865.00
unknown,main-trial-24,z,z,true,327162.00
unknown,main-trial-24,z,z,true,327312.00
unknown,main-trial-24, , ,true,327557.00
unknown,main-trial-24,a,s,false,327916.00
unknown,main-trial-24,a,s,false,328125.00
unknown,main-trial-24,a,a,true,328831.00
unknown,main-trial-24,a,a,true,329053.00
unknown,main-trial-25,z,z,true,335153.00
unknown,main-trial-25, , ,true,335496.00
unknown,main-trial-25,w,w,true,335797.00
unknown,main-trial-25,w,w,true,335998.00
unknown,main-trial-25, , ,true,336232.00
unknown,main-trial-25,y,y,true,336534.00
unknown,main-trial-25, , ,true,336864.00
unknown,main-trial-25,r,r,true,337119.00
unknown,main-trial-25,r,r,true,337262.00
unknown,main-trial-25, , ,true,337488.00
unknown,main-trial-25,u,u,true,337763.00
unknown,main-trial-25, , ,true,338075.00
unknown,main-trial-25,w,w,true,338380.00
unknown,main-trial-25,w,w,true,338538.00
unknown,main-trial-25, , ,true,338749.00
unknown,main-trial-25,r,r,true,339003.00
unknown,main-trial-25,r,r,true,339158.00
unknown,main-trial-26,u,u,true,346107.00
unknown,main-trial-26, , ,true,346399.00
unknown,main-trial-26,a,a,true,346842.00
unknown,main-trial-26,a,a,true,347033.00
unknown,main-trial-26, , ,true,347331.00
unknown,main-trial-26,t,t,true,347659.00
unknown,main-trial-26, , ,true,347957.00
unknown,main-trial-26,w,w,true,348205.00
unknown,main-trial-26,w,w,true,348368.00
unknown,main-trial-26, , ,true,348593.00
unknown,main-trial-26,i,i,true,349518.00
unknown,main-trial-26, , ,true,349826.00
unknown,main-trial-26,a,a,true,350131.00
unknown,main-trial-26,a,a,true,350301.00
unknown,main-trial-26, , ,true,350523.00
unknown,main-trial-26,w,w,true,350788.00
unknown,main-trial-26,w,w,true,350950.00
unknown,main-trial-27,d,d,true,356297.00
unknown,main-trial-27, , ,true,356554.00
unknown,main-trial-27,q,q,true,356793.00
unknown,main-trial-27,q,q,true,356970.00
unknown,main-trial-27, , ,true,357206.00
unknown,main-trial-27,i,i,true,357584.00
unknown,main-trial-27, , ,true,357863.00
unknown,main-trial-27,x,x,true,358346.00
unknown,main-trial-27,x,x,true,358514.00
unknown,main-trial-27, , ,true,358794.00
unknown,main-trial-27,u,u,true,359220.00
unknown,main-trial-27, , ,true,359725.00
unknown,main-trial-27,q,q,true,360703.00
unknown,main-trial-27,q,q,true,360926.00
unknown,main-trial-27, , ,true,361437.00
unknown,main-trial-27,x,s,false,362004.00
unknown,main-trial-27,x,s,false,362208.00
unknown,main-trial-27,x,s,false,362845.00
unknown,main-trial-27,x,s,false,363053.00
unknown,main-trial-27,x, ,false,363368.00
unknown,main-trial-27,x,x,true,364438.00
unknown,main-trial-27,x,x,true,364618.00
unknown,main-trial-28,u,u,true,371741.00
unknown,main-trial-28, , ,true,372031.00
unknown,main-trial-28,d,d,true,372452.00
unknown,main-trial-28,d,d,true,372603.00
unknown,main-trial-28, , ,true,372863.00
unknown,main-trial-28,e,e,true,373192.00
unknown,main-trial-28, , ,true,373510.00
unknown,main-trial-28,v,v,true,373989.00
unknown,main-trial-28,v,v,true,374146.00
unknown,main-trial-28, , ,true,374478.00
unknown,main-trial-28,b,b,true,374798.00
unknown,main-trial-28, , ,true,375197.00
unknown,main-trial-28,d,d,true,375670.00
unknown,main-trial-28,d,d,true,375825.00
unknown,main-trial-28, , ,true,376083.00
unknown,main-trial-28,v,v,true,376541.00
unknown,main-trial-28,v,v,true,376715.00
unknown,main-trial-29,m,m,true,380750.00
unknown,main-trial-29, , ,true,381026.00
unknown,main-trial-29,d,d,true,381374.00
unknown,main-trial-29,d,d,true,381507.00
unknown,main-trial-29, , ,true,381719.00
unknown,main-trial-29,w,w,true,381987.00
unknown,main-trial-29, , ,true,382264.00
unknown,main-trial-29,f,f,true,382516.00
unknown,main-trial-29,f,f,true,382646.00
unknown,main-trial-29, , ,true,382923.00
unknown,main-trial-29,t,t,true,383779.00
unknown,main-trial-29, , ,true,384653.00
unknown,main-trial-29,d,d,true,385259.00
unknown,main-trial-29,d,d,true,385402.00
unknown,main-trial-29, , ,true,385649.00
unknown,main-trial-29,f,f,true,386001.00
unknown,main-trial-29,f,f,true,386150.00
unknown,main-trial-30,w,w,true,395326.00
unknown,main-trial-30, , ,true,395620.00
unknown,main-trial-30,w,w,true,395938.00
unknown,main-trial-30,w,w,true,396097.00
unknown,main-trial-30, , ,true,396390.00
unknown,main-trial-30,f,f,true,396772.00
unknown,main-trial-30, , ,true,397097.00
unknown,main-trial-30,z,z,true,397411.00
unknown,main-trial-30,z,z,true,397560.00
unknown,main-trial-30, , ,true,397803.00
unknown,main-trial-30,y,y,true,399171.00
unknown,main-trial-30, , ,true,399594.00
unknown,main-trial-30,w,w,true,400004.00
unknown,main-trial-30,w,w,true,400184.00
unknown,main-trial-30, , ,true,400395.00
unknown,main-trial-30,z,z,true,400761.00
unknown,main-trial-30,z,z,true,400945.00
unknown,main-trial-31,l,l,true,405079.00
unknown,main-trial-31, , ,true,405453.00
unknown,main-trial-31,r,r,true,405790.00
unknown,main-trial-31,r,r,true,405946.00
unknown,main-trial-31, , ,true,406140.00
unknown,main-trial-31,w,w,true,406382.00
unknown,main-trial-31, , ,true,406689.00
unknown,main-trial-31,e,e,true,407219.00
unknown,main-trial-31,e,e,true,407367.00
unknown,main-trial-31, , ,true,407635.00
unknown,main-trial-31,o,o,true,407987.00
unknown,main-trial-31, , ,true,408361.00
unknown,main-trial-31,r,r,true,408857.00
unknown,main-trial-31,r,r,true,409011.00
unknown,main-trial-31, , ,true,409245.00
unknown,main-trial-31,e,e,true,409754.00
unknown,main-trial-31,e,e,true,409941.00
unknown,main-trial-32,d,d,true,415092.00
unknown,main-trial-32, , ,true,415373.00
unknown,main-trial-32,w,w,true,415671.00
unknown,main-trial-32,w,w,true,415825.00
unknown,main-trial-32, , ,true,416025.00
unknown,main-trial-32,s,s,true,416334.00
unknown,main-trial-32, , ,true,416655.00
unknown,main-trial-32,x,x,true,417099.00
unknown,main-trial-32,x,x,true,417273.00
unknown,main-trial-32, , ,true,417625.00
unknown,main-trial-32,q,q,true,417902.00
unknown,main-trial-32, , ,true,418224.00
unknown,main-trial-32,w,w,true,418549.00
unknown,main-trial-32,w,w,true,418718.00
unknown,main-trial-32, , ,true,418988.00
unknown,main-trial-32,x,x,true,419352.00
unknown,main-trial-32,x,x,true,419516.00
unknown,main-trial-33,a,a,true,424140.00
unknown,main-trial-33, , ,true,424445.00
unknown,main-trial-33,w,w,true,424671.00
unknown,main-trial-33,w,w,true,424826.00
unknown,main-trial-33, , ,true,425046.00
unknown,main-trial-33,w,w,true,425279.00
unknown,main-trial-33, , ,true,425623.00
unknown,main-trial-33,s,s,true,426120.00
unknown,main-trial-33,s,s,true,426284.00
unknown,main-trial-33, , ,true,426506.00
unknown,main-trial-33,r,r,true,426780.00
unknown,main-trial-33, , ,true,427055.00
unknown,main-trial-33,w,w,true,427288.00
unknown,main-trial-33,w,w,true,427442.00
unknown,main-trial-33, , ,true,427654.00
unknown,main-trial-33,s,s,true,427996.00
unknown,main-trial-33,s,s,true,428170.00
unknown,main-trial-34,n,n,true,432409.00
unknown,main-trial-34, , ,true,432561.00
unknown,main-trial-34,a,a,true,433168.00
unknown,main-trial-34,a,a,true,433353.00
unknown,main-trial-34, , ,true,433602.00
unknown,main-trial-34,y,y,true,433902.00
unknown,main-trial-34, , ,true,434166.00
unknown,main-trial-34,z,z,true,434556.00
unknown,main-trial-34,z,z,true,434737.00
unknown,main-trial-34, , ,true,435028.00
unknown,main-trial-34,i,i,true,435483.00
unknown,main-trial-34, , ,true,435790.00
unknown,main-trial-34,a,a,true,436075.00
unknown,main-trial-34,a,a,true,436259.00
unknown,main-trial-34, , ,true,436467.00
unknown,main-trial-34,z,z,true,436838.00
unknown,main-trial-34,z,z,true,437013.00
unknown,main-trial-35,y,y,true,441913.00
unknown,main-trial-35, , ,true,442245.00
unknown,main-trial-35,d,d,true,442678.00
unknown,main-trial-35,d,d,true,442815.00
unknown,main-trial-35, , ,true,443136.00
unknown,main-trial-35,o,o,true,443508.00
unknown,main-trial-35, , ,true,443860.00
unknown,main-trial-35,e,e,true,444204.00
unknown,main-trial-35,e,e,true,444368.00
unknown,main-trial-35, , ,true,444620.00
unknown,main-trial-35,n,n,true,445033.00
unknown,main-trial-35, , ,true,445534.00
unknown,main-trial-35,d,d,true,446111.00
unknown,main-trial-35,d,d,true,446262.00
unknown,main-trial-35, , ,true,446532.00
unknown,main-trial-35,e,e,true,447182.00
unknown,main-trial-35,e,e,true,447342.00
unknown,main-trial-36,m,m,true,451806.00
unknown,main-trial-36, , ,true,452127.00
unknown,main-trial-36,v,v,true,452475.00
unknown,main-trial-36,v,v,true,452642.00
unknown,main-trial-36, , ,true,452887.00
unknown,main-trial-36,q,q,true,453183.00
unknown,main-trial-36, , ,true,453529.00
unknown,main-trial-36,d,d,true,453881.00
unknown,main-trial-36,d,d,true,454020.00
unknown,main-trial-36, , ,true,454258.00
unknown,main-trial-36,l,l,true,454590.00
unknown,main-trial-36, , ,true,454924.00
unknown,main-trial-36,v,v,true,455764.00
unknown,main-trial-36,v,v,true,455920.00
unknown,main-trial-36, , ,true,456184.00
unknown,main-trial-36,d,d,true,456604.00
unknown,main-trial-36,d,d,true,456763.00
unknown,main-trial-37,y,y,true,459894.00
unknown,main-trial-37, , ,true,460166.00
unknown,main-trial-37,v,v,true,460876.00
unknown,main-trial-37,v,v,true,461029.00
unknown,main-trial-37, , ,true,461747.00
unknown,main-trial-37,u,u,true,462106.00
unknown,main-trial-37, , ,true,462469.00
unknown,main-trial-37,w,w,true,462840.00
unknown,main-trial-37,w,w,true,463003.00
unknown,main-trial-37, , ,true,463235.00
unknown,main-trial-37,p,p,true,464032.00
unknown,main-trial-37, , ,true,464381.00
unknown,main-trial-37,v,v,true,464884.00
unknown,main-trial-37,v,v,true,465062.00
unknown,main-trial-37, , ,true,465383.00
unknown,main-trial-37,w,w,true,465724.00
unknown,main-trial-37,w,w,true,465917.00
unknown,main-trial-38,l,l,true,470416.00
unknown,main-trial-38, , ,true,470742.00
unknown,main-trial-38,z,z,true,471132.00
unknown,main-trial-38,z,z,true,471305.00
unknown,main-trial-38, , ,true,471530.00
unknown,main-trial-38,i,i,true,471840.00
unknown,main-trial-38, , ,true,472106.00
unknown,main-trial-38,q,q,true,472372.00
unknown,main-trial-38,q,q,true,472562.00
unknown,main-trial-38, , ,true,472806.00
unknown,main-trial-38,n,n,true,473094.00
unknown,main-trial-38, , ,true,473423.00
unknown,main-trial-38,z,z,true,473828.00
unknown,main-trial-38,z,z,true,473990.00
unknown,main-trial-38, , ,true,474224.00
unknown,main-trial-38,q,q,true,474455.00
unknown,main-trial-38,q,q,true,474647.00
unknown,main-trial-39,i,i,true,481915.00
unknown,main-trial-39, , ,true,482160.00
unknown,main-trial-39,q,q,true,482400.00
unknown,main-trial-39,q,q,true,482576.00
unknown,main-trial-39, , ,true,482812.00
unknown,main-trial-39,k,k,true,483114.00
unknown,main-trial-39, , ,true,483365.00
unknown,main-trial-39,c,c,true,483709.00
unknown,main-trial-39,c,c,true,483858.00
unknown,main-trial-39, , ,true,484362.00
unknown,main-trial-39,e,e,true,484726.00
unknown,main-trial-39, , ,true,485066.00
unknown,main-trial-39,q,q,true,485325.00
unknown,main-trial-39,q,q,true,485498.00
unknown,main-trial-39, , ,true,485712.00
unknown,main-trial-39,c,c,true,486116.00
unknown,main-trial-39,c,c,true,486302.00
unknown,main-trial-40,v,v,true,490056.00
unknown,main-trial-40, , ,true,490332.00
unknown,main-trial-40,s,s,true,490607.00
unknown,main-trial-40,s,s,true,490765.00
unknown,main-trial-40, , ,true,490971.00
unknown,main-trial-40,m,m,true,491254.00
unknown,main-trial-40, , ,true,491559.00
unknown,main-trial-40,w,w,true,491828.00
unknown,main-trial-40,w,w,true,492009.00
unknown,main-trial-40, , ,true,492207.00
unknown,main-trial-40,a,a,true,492506.00
unknown,main-trial-40, , ,true,492798.00
unknown,main-trial-40,s,s,true,493068.00
unknown,main-trial-40,s,s,true,493226.00
unknown,main-trial-40, , ,true,493394.00
unknown,main-trial-40,w, ,false,493849.00
unknown,main-trial-40,w,w,true,494445.00
unknown,main-trial-40,w,w,true,494633.00
unknown,main-trial-41,q,q,true,498803.00
unknown,main-trial-41, , ,true,499027.00
unknown,main-trial-41,c,c,true,499381.00
unknown,main-trial-41,c,c,true,499530.00
unknown,main-trial-41, , ,true,499782.00
unknown,main-trial-41,k,k,true,500083.00
unknown,main-trial-41, , ,true,500426.00
unknown,main-trial-41,a,a,true,500686.00
unknown,main-trial-41,a,a,true,500856.00
unknown,main-trial-41, , ,true,501065.00
unknown,main-trial-41,k,k,true,501368.00
unknown,main-trial-41, , ,true,501660.00
unknown,main-trial-41,c,c,true,501970.00
unknown,main-trial-41,c,c,true,502123.00
unknown,main-trial-41, , ,true,502331.00
unknown,main-trial-41,a,a,true,502617.00
unknown,main-trial-41,a,a,true,502794.00
unknown,main-trial-42,m,m,true,506593.00
unknown,main-trial-42, , ,true,506817.00
unknown,main-trial-42,c,c,true,507210.00
unknown,main-trial-42,c,c,true,507384.00
unknown,main-trial-42, , ,true,507630.00
unknown,main-trial-42,x,x,true,507860.00
unknown,main-trial-42, , ,true,508183.00
unknown,main-trial-42,w,w,true,508451.00
unknown,main-trial-42,w,w,true,508617.00
unknown,main-trial-42, , ,true,508833.00
unknown,main-trial-42,d,d,true,509206.00
unknown,main-trial-42, , ,true,509461.00
unknown,main-trial-42,c,c,true,509859.00
unknown,main-trial-42,c,c,true,510049.00
unknown,main-trial-42, , ,true,510304.00
unknown,main-trial-42,w,w,true,510569.00
unknown,main-trial-42,w,w,true,510741.00
unknown,main-trial-43,p,p,true,516364.00
unknown,main-trial-43, , ,true,516620.00
unknown,main-trial-43,a,a,true,516876.00
unknown,main-trial-43,a,a,true,517064.00
unknown,main-trial-43, , ,true,517256.00
unknown,main-trial-43,z,z,true,517563.00
unknown,main-trial-43, , ,true,517860.00
unknown,main-trial-43,x,x,true,518286.00
unknown,main-trial-43,x,x,true,518447.00
unknown,main-trial-43, , ,true,518740.00
unknown,main-trial-43,a,a,true,519070.00
unknown,main-trial-43, , ,true,519362.00
unknown,main-trial-43,a,a,true,519610.00
unknown,main-trial-43,a,a,true,519798.00
unknown,main-trial-43, , ,true,519956.00
unknown,main-trial-43,x,z,false,520506.00
unknown,main-trial-43,x,z,false,520679.00
unknown,main-trial-43,x, ,false,521998.00
unknown,main-trial-43,x,x,true,522510.00
unknown,main-trial-43,x,x,true,522715.00
unknown,main-trial-44,f,f,true,526795.00
unknown,main-trial-44, , ,true,527078.00
unknown,main-trial-44,z,z,true,527379.00
unknown,main-trial-44,z,z,true,527572.00
unknown,main-trial-44, , ,true,527758.00
unknown,main-trial-44,u,u,true,528015.00
unknown,main-trial-44, , ,true,528309.00
unknown,main-trial-44,w,w,true,528561.00
unknown,main-trial-44,w,w,true,528729.00
unknown,main-trial-44, , ,true,528956.00
unknown,main-trial-44,m,m,true,529230.00
unknown,main-trial-44, , ,true,529527.00
unknown,main-trial-44,z,a,false,529853.00
unknown,main-trial-44,z,a,false,530036.00
unknown,main-trial-44,z,z,true,530826.00
unknown,main-trial-44,z,z,true,531044.00
unknown,main-trial-44, , ,true,531467.00
unknown,main-trial-44,w,w,true,532140.00
unknown,main-trial-44,w,w,true,532324.00
unknown,main-trial-45,i,i,true,536355.00
unknown,main-trial-45, , ,true,536620.00
unknown,main-trial-45,q,q,true,536864.00
unknown,main-trial-45,q,q,true,537050.00
unknown,main-trial-45, , ,true,537274.00
unknown,main-trial-45,k,k,true,537590.00
unknown,main-trial-45, , ,true,537911.00
unknown,main-trial-45,a,a,true,538197.00
unknown,main-trial-45,a,a,true,538386.00
unknown,main-trial-45, , ,true,538682.00
unknown,main-trial-45,v,v,true,539268.00
unknown,main-trial-45, , ,true,539692.00
unknown,main-trial-45,q,q,true,540005.00
unknown,main-trial-45,q,q,true,540203.00
unknown,main-trial-45, , ,true,540476.00
unknown,main-trial-45,a,a,true,541094.00
unknown,main-trial-45,a,a,true,541293.00
unknown,main-trial-46,f,f,true,545264.00
unknown,main-trial-46, , ,true,545533.00
unknown,main-trial-46,c,c,true,545855.00
unknown,main-trial-46,c,c,true,546013.00
unknown,main-trial-46, , ,true,546232.00
unknown,main-trial-46,g,g,true,546526.00
unknown,main-trial-46, , ,true,547486.00
unknown,main-trial-46,q,q,true,548392.00
unknown,main-trial-46,q,q,true,548588.00
unknown,main-trial-46, , ,true,548853.00
unknown,main-trial-46,x,x,true,549184.00
unknown,main-trial-46, , ,true,549509.00
unknown,main-trial-46,c,c,true,549781.00
unknown,main-trial-46,c,c,true,549921.00
unknown,main-trial-46, , ,true,550187.00
unknown,main-trial-46,q,q,true,550430.00
unknown,main-trial-46,q,q,true,550608.00
unknown,main-trial-47,c,c,true,554935.00
unknown,main-trial-47, , ,true,555185.00
unknown,main-trial-47,z,a,false,555415.00
unknown,main-trial-47,z,a,false,555757.00
unknown,main-trial-47,z,z,true,556224.00
unknown,main-trial-47,z,z,true,556427.00
unknown,main-trial-47, , ,true,556710.00
unknown,main-trial-47,u,u,true,557118.00
unknown,main-trial-47, , ,true,557463.00
unknown,main-trial-47,x,x,true,558143.00
unknown,main-trial-47,x,x,true,558322.00
unknown,main-trial-47, , ,true,558579.00
unknown,main-trial-47,y,y,true,558801.00
unknown,main-trial-47, , ,true,558971.00
unknown,main-trial-47,z,z,true,559346.00
unknown,main-trial-47,z,z,true,559532.00
unknown,main-trial-47, , ,true,559764.00
unknown,main-trial-47,x,x,true,560166.00
unknown,main-trial-47,x,x,true,560367.00
unknown,main-trial-48,q,q,true,564748.00
unknown,main-trial-48, , ,true,565024.00
unknown,main-trial-48,f,f,true,565284.00
unknown,main-trial-48,f,f,true,565447.00
unknown,main-trial-48, , ,true,565667.00
unknown,main-trial-48,p,p,true,565970.00
unknown,main-trial-48, , ,true,566264.00
unknown,main-trial-48,d,d,true,566671.00
unknown,main-trial-48,d,d,true,566810.00
unknown,main-trial-48, , ,true,567050.00
unknown,main-trial-48,c,c,true,567273.00
unknown,main-trial-48, , ,true,567564.00
unknown,main-trial-48,f,f,true,567796.00
unknown,main-trial-48,f,f,true,567946.00
unknown,main-trial-48, , ,true,568156.00
unknown,main-trial-48,d,d,true,568409.00
unknown,main-trial-48,d,d,true,568553.00
unknown,main-trial-49,p,p,true,576987.00
unknown,main-trial-49, , ,true,577213.00
unknown,main-trial-49,r,r,true,577469.00
unknown,main-trial-49,r,r,true,577633.00
unknown,main-trial-49, , ,true,577812.00
unknown,main-trial-49,m,m,true,578008.00
unknown,main-trial-49, , ,true,578248.00
unknown,main-trial-49,s,s,true,578536.00
unknown,main-trial-49,s,s,true,578709.00
unknown,main-trial-49, , ,true,578903.00
unknown,main-trial-49,f,f,true,579125.00
unknown,main-trial-49, , ,true,579412.00
unknown,main-trial-49,r,r,true,579651.00
unknown,main-trial-49,r,r,true,579796.00
unknown,main-trial-49, , ,true,579982.00
unknown,main-trial-49,s,s,true,580221.00
unknown,main-trial-49,s,s,true,580372.00
unknown,main-trial-50,i,i,true,585398.00
unknown,main-trial-50, , ,true,585621.00
unknown,main-trial-50,c,c,true,586082.00
unknown,main-trial-50,c,c,true,586242.00
unknown,main-trial-50, , ,true,586508.00
unknown,main-trial-50,m,m,true,586828.00
unknown,main-trial-50, , ,true,587144.00
unknown,main-trial-50,x,x,true,587540.00
unknown,main-trial-50,x,x,true,587701.00
unknown,main-trial-50, , ,true,587936.00
unknown,main-trial-50,p,p,true,588250.00
unknown,main-trial-50, , ,true,588572.00
unknown,main-trial-50,c,c,true,588932.00
unknown,main-trial-50,c,c,true,589082.00
unknown,main-trial-50, , ,true,589285.00
unknown,main-trial-50,x,x,true,589792.00
unknown,main-trial-50,x,x,true,589992.00
unknown,main-trial-51,a,a,true,593657.00
unknown,main-trial-51, , ,true,593953.00
unknown,main-trial-51,s,s,true,594325.00
unknown,main-trial-51,s,s,true,594488.00
unknown,main-trial-51, , ,true,594715.00
unknown,main-trial-51,v,v,true,595134.00
unknown,main-trial-51, , ,true,595494.00
unknown,main-trial-51,x,x,true,595952.00
unknown,main-trial-51,x,x,true,596132.00
unknown,main-trial-51, , ,true,596759.00
unknown,main-trial-51,s,s,true,597178.00
unknown,main-trial-51, , ,true,597636.00
unknown,main-trial-51,s,s,true,598064.00
unknown,main-trial-51,s,s,true,598249.00
unknown,main-trial-51, ,s,false,598432.00
unknown,main-trial-51, , ,true,598818.00
unknown,main-trial-51,x,x,true,599605.00
unknown,main-trial-51,x,x,true,599824.00
unknown,main-trial-52,t,t,true,603958.00
unknown,main-trial-52, , ,true,604242.00
unknown,main-trial-52,v,v,true,604538.00
unknown,main-trial-52,v,v,true,604663.00
unknown,main-trial-52, , ,true,604886.00
unknown,main-trial-52,f,f,true,605119.00
unknown,main-trial-52, , ,true,605383.00
unknown,main-trial-52,e,e,true,605612.00
unknown,main-trial-52,e,e,true,605761.00
unknown,main-trial-52, , ,true,605929.00
unknown,main-trial-52,q,q,true,606134.00
unknown,main-trial-52, , ,true,606378.00
unknown,main-trial-52,v,v,true,606946.00
unknown,main-trial-52,v,v,true,607085.00
unknown,main-trial-52, , ,true,607272.00
unknown,main-trial-52,e,e,true,607531.00
unknown,main-trial-52,e,e,true,607667.00
unknown,main-trial-53,b,b,true,610797.00
unknown,main-trial-53, , ,true,611027.00
unknown,main-trial-53,v,v,true,611288.00
unknown,main-trial-53,v,v,true,611449.00
unknown,main-trial-53, , ,true,611726.00
unknown,main-trial-53,x,x,true,612015.00
unknown,main-trial-53, , ,true,612317.00
unknown,main-trial-53,r,r,true,612548.00
unknown,main-trial-53,r,r,true,612693.00
unknown,main-trial-53, , ,true,612865.00
unknown,main-trial-53,h,h,true,613164.00
unknown,main-trial-53, , ,true,613454.00
unknown,main-trial-53,v,v,true,613908.00
unknown,main-trial-53,v,v,true,614063.00
unknown,main-trial-53, , ,true,614338.00
unknown,main-trial-53,r,r,true,614656.00
unknown,main-trial-53,r,r,true,614808.00
unknown,main-trial-54,u,u,true,621924.00
unknown,main-trial-54, , ,true,622194.00
unknown,main-trial-54,r,r,true,622499.00
unknown,main-trial-54,r,r,true,622636.00
unknown,main-trial-54, , ,true,622829.00
unknown,main-trial-54,g,g,true,623122.00
unknown,main-trial-54, , ,true,623413.00
unknown,main-trial-54,d,d,true,623787.00
unknown,main-trial-54,d,d,true,623922.00
unknown,main-trial-54, , ,true,624146.00
unknown,main-trial-54,d,d,true,624456.00
unknown,main-trial-54, , ,true,624719.00
unknown,main-trial-54,r,r,true,625042.00
unknown,main-trial-54,r,r,true,625215.00
unknown,main-trial-54, , ,true,625446.00
unknown,main-trial-54,d,d,true,625781.00
unknown,main-trial-54,d,d,true,625944.00
unknown,main-trial-55,a,a,true,629711.00
unknown,main-trial-55, , ,true,629981.00
unknown,main-trial-55,e,e,true,630236.00
unknown,main-trial-55,e,e,true,630362.00
unknown,main-trial-55, , ,true,630564.00
unknown,main-trial-55,u,u,true,630850.00
unknown,main-trial-55, , ,true,631111.00
unknown,main-trial-55,w,w,true,631386.00
unknown,main-trial-55,w,w,true,631541.00
unknown,main-trial-55, , ,true,631777.00
unknown,main-trial-55,d,d,true,632318.00
unknown,main-trial-55, , ,true,632602.00
unknown,main-trial-55,e,e,true,632935.00
unknown,main-trial-55,e,e,true,633081.00
unknown,main-trial-55, , ,true,633291.00
unknown,main-trial-55,w,w,true,633877.00
unknown,main-trial-55,w,w,true,634103.00
unknown,main-trial-56,e,e,true,637703.00
unknown,main-trial-56, , ,true,637947.00
unknown,main-trial-56,c,c,true,638246.00
unknown,main-trial-56,c,c,true,638407.00
unknown,main-trial-56, , ,true,638563.00
unknown,main-trial-56,h,h,true,638826.00
unknown,main-trial-56, , ,true,638985.00
unknown,main-trial-56,s,s,true,639310.00
unknown,main-trial-56,s,s,true,639484.00
unknown,main-trial-56, , ,true,639707.00
unknown,main-trial-56,a,a,true,640251.00
unknown,main-trial-56, , ,true,640565.00
unknown,main-trial-56,c,c,true,640919.00
unknown,main-trial-56,c,c,true,641091.00
unknown,main-trial-56, , ,true,641276.00
unknown,main-trial-56,s,s,true,641786.00
unknown,main-trial-56,s,s,true,641971.00
unknown,main-trial-57,g,g,true,645234.00
unknown,main-trial-57, , ,true,645488.00
unknown,main-trial-57,x,x,true,645848.00
unknown,main-trial-57,x,x,true,646034.00
unknown,main-trial-57, , ,true,646253.00
unknown,main-trial-57,e,e,true,646554.00
unknown,main-trial-57, , ,true,646830.00
unknown,main-trial-57,s,s,true,647491.00
unknown,main-trial-57,s,s,true,647699.00
unknown,main-trial-57, , ,true,647991.00
unknown,main-trial-57,v,v,true,648327.00
unknown,main-trial-57, , ,true,648657.00
unknown,main-trial-57,x,x,true,649023.00
unknown,main-trial-57,x,x,true,649195.00
unknown,main-trial-57, , ,true,649432.00
unknown,main-trial-57,s,s,true,649714.00
unknown,main-trial-57,s,s,true,649881.00
unknown,main-trial-58,o,o,true,653788.00
unknown,main-trial-58, , ,true,653984.00
unknown,main-trial-58,f,f,true,654343.00
unknown,main-trial-58,f,f,true,654478.00
unknown,main-trial-58, , ,true,654750.00
unknown,main-trial-58,w,w,true,655019.00
unknown,main-trial-58, , ,true,655308.00
unknown,main-trial-58,v,v,true,656331.00
unknown,main-trial-58,v,v,true,656499.00
unknown,main-trial-58, , ,true,656754.00
unknown,main-trial-58,z,z,true,657060.00
unknown,main-trial-58, , ,true,657364.00
unknown,main-trial-58,f,f,true,657590.00
unknown,main-trial-58,f,f,true,657756.00
unknown,main-trial-58, , ,true,657944.00
unknown,main-trial-58,v,v,true,658256.00
unknown,main-trial-58,v,v,true,658426.00
unknown,main-trial-59,o,o,true,661964.00
unknown,main-trial-59, , ,true,662210.00
unknown,main-trial-59,e,e,true,662504.00
unknown,main-trial-59,e,e,true,662647.00
unknown,main-trial-59, , ,true,662802.00
unknown,main-trial-59,t,t,true,663059.00
unknown,main-trial-59, , ,true,663352.00
unknown,main-trial-59,s,s,true,663652.00
unknown,main-trial-59,s,s,true,663798.00
unknown,main-trial-59, , ,true,664014.00
unknown,main-trial-59,m,m,true,664306.00
unknown,main-trial-59, , ,true,664529.00
unknown,main-trial-59,e,e,true,664835.00
unknown,main-trial-59,e,e,true,664984.00
unknown,main-trial-59, , ,true,665161.00
unknown,main-trial-59,s,s,true,665490.00
unknown,main-trial-59,s,s,true,665652.00
unknown,main-trial-60,i,i,true,673133.00
unknown,main-trial-60, , ,true,673278.00
unknown,main-trial-60,f,f,true,673578.00
unknown,main-trial-60,f,f,true,673733.00
unknown,main-trial-60, , ,true,673940.00
unknown,main-trial-60,u,u,true,674197.00
unknown,main-trial-60, , ,true,674451.00
unknown,main-trial-60,e,e,true,674702.00
unknown,main-trial-60,e,e,true,674857.00
unknown,main-trial-60, , ,true,675018.00
unknown,main-trial-60,w,w,true,675264.00
unknown,main-trial-60, , ,true,675526.00
unknown,main-trial-60,f,f,true,675774.00
unknown,main-trial-60,f,f,true,675916.00
unknown,main-trial-60, , ,true,676056.00
unknown,main-trial-60,e,e,true,676351.00
unknown,main-trial-60,e,e,true,676485.00
unknown,main-trial-61,h,h,true,679767.00
unknown,main-trial-61, , ,true,679981.00
unknown,main-trial-61,a,a,true,680260.00
unknown,main-trial-61,a,a,true,680452.00
unknown,main-trial-61, , ,true,680710.00
unknown,main-trial-61,g,g,true,681154.00
unknown,main-trial-61, , ,true,681478.00
unknown,main-trial-61,f,f,true,681815.00
unknown,main-trial-61,f,f,true,681967.00
unknown,main-trial-61, , ,true,682365.00
unknown,main-trial-61,i,i,true,682778.00
unknown,main-trial-61, , ,true,683093.00
unknown,main-trial-61,a,a,true,683450.00
unknown,main-trial-61,a,a,true,683640.00
unknown,main-trial-61, , ,true,683846.00
unknown,main-trial-61,f,f,true,684140.00
unknown,main-trial-61,f,f,true,684284.00
unknown,main-trial-62,k,k,true,689311.00
unknown,main-trial-62, , ,true,689602.00
unknown,main-trial-62,s,s,true,689999.00
unknown,main-trial-62,s,s,true,690151.00
unknown,main-trial-62, , ,true,690347.00
unknown,main-trial-62,u,u,true,690664.00
unknown,main-trial-62, , ,true,690930.00
unknown,main-trial-62,e,e,true,691223.00
unknown,main-trial-62,e,e,true,691375.00
unknown,main-trial-62, , ,true,691522.00
unknown,main-trial-62,e,e,true,691853.00
unknown,main-trial-62, , ,true,692132.00
unknown,main-trial-62,s,s,true,692444.00
unknown,main-trial-62,s,s,true,692582.00
unknown,main-trial-62, , ,true,692760.00
unknown,main-trial-62,e,e,true,693106.00
unknown,main-trial-62,e,e,true,693264.00
unknown,main-trial-63,z,z,true,697107.00
unknown,main-trial-63, , ,true,697372.00
unknown,main-trial-63,z,z,true,697678.00
unknown,main-trial-63,z,z,true,697814.00
unknown,main-trial-63, , ,true,698176.00
unknown,main-trial-63,e,e,true,698529.00
unknown,main-trial-63, , ,true,698857.00
unknown,main-trial-63,c,c,true,699157.00
unknown,main-trial-63,c,c,true,699291.00
unknown,main-trial-63, , ,true,699502.00
unknown,main-trial-63,f,f,true,699765.00
unknown,main-trial-63, , ,true,700021.00
unknown,main-trial-63,z,z,true,700253.00
unknown,main-trial-63,z,z,true,700402.00
unknown,main-trial-63, , ,true,700589.00
unknown,main-trial-63,c,c,true,702080.00
unknown,main-trial-63,c,c,true,702248.00
unknown,main-trial-64,z,z,true,705370.00
unknown,main-trial-64, , ,true,705748.00
unknown,main-trial-64,s,s,true,706465.00
unknown,main-trial-64,s,s,true,706638.00
unknown,main-trial-64, , ,true,706841.00
unknown,main-trial-64,o,o,true,707141.00
unknown,main-trial-64, , ,true,707366.00
unknown,main-trial-64,c,c,true,707650.00
unknown,main-trial-64,c,c,true,707792.00
unknown,main-trial-64, , ,true,708006.00
unknown,main-trial-64,y,y,true,708277.00
unknown,main-trial-64, , ,true,708430.00
unknown,main-trial-64,s,s,true,708968.00
unknown,main-trial-64,s,s,true,709104.00
unknown,main-trial-64, , ,true,709296.00
unknown,main-trial-64,c,c,true,709638.00
unknown,main-trial-64,c,c,true,709784.00
unknown,main-trial-65,r,r,true,713298.00
unknown,main-trial-65, , ,true,713549.00
unknown,main-trial-65,e,e,true,713786.00
unknown,main-trial-65,e,e,true,713937.00
unknown,main-trial-65, , ,true,714111.00
unknown,main-trial-65,s,s,true,714342.00
unknown,main-trial-65, , ,true,714594.00
unknown,main-trial-65,r,r,true,714820.00
unknown,main-trial-65,r,r,true,714974.00
unknown,main-trial-65, , ,true,715145.00
unknown,main-trial-65,w,w,true,715451.00
unknown,main-trial-65, , ,true,715781.00
unknown,main-trial-65,e,e,true,716390.00
unknown,main-trial-65,e,e,true,716543.00
unknown,main-trial-65, , ,true,716739.00
unknown,main-trial-65,r,r,true,717097.00
unknown,main-trial-65,r,r,true,717268.00
unknown,main-trial-66,k,k,true,721570.00
unknown,main-trial-66, , ,true,721758.00
unknown,main-trial-66,e,e,true,722094.00
unknown,main-trial-66,e,e,true,722236.00
unknown,main-trial-66, , ,true,722440.00
unknown,main-trial-66,y,y,true,722724.00
unknown,main-trial-66, , ,true,722946.00
unknown,main-trial-66,v,v,true,723280.00
unknown,main-trial-66,v,v,true,723416.00
unknown,main-trial-66, , ,true,723621.00
unknown,main-trial-66,k,k,true,723937.00
unknown,main-trial-66, , ,true,724115.00
unknown,main-trial-66,e,e,true,724404.00
unknown,main-trial-66,e,e,true,724530.00
unknown,main-trial-66, , ,true,724706.00
unknown,main-trial-66,v,v,true,725510.00
unknown,main-trial-66,v,v,true,725683.00
unknown,main-trial-67,q,q,true,728844.00
unknown,main-trial-67, , ,true,729093.00
unknown,main-trial-67,e,e,true,729355.00
unknown,main-trial-67,e,e,true,729498.00
unknown,main-trial-67, , ,true,729671.00
unknown,main-trial-67,n,n,true,729974.00
unknown,main-trial-67, , ,true,730252.00
unknown,main-trial-67,d,d,true,730564.00
unknown,main-trial-67,d,d,true,730685.00
unknown,main-trial-67, , ,true,730918.00
unknown,main-trial-67,c,c,true,731313.00
unknown,main-trial-67, , ,true,731623.00
unknown,main-trial-67,e,e,true,731907.00
unknown,main-trial-67,e,e,true,732066.00
unknown,main-trial-67, , ,true,732277.00
unknown,main-trial-67,d,d,true,732611.00
unknown,main-trial-67,d,d,true,732755.00
unknown,main-trial-68,c,c,true,736419.00
unknown,main-trial-68, , ,true,736659.00
unknown,main-trial-68,x,x,true,736930.00
unknown,main-trial-68,x,x,true,737096.00
unknown,main-trial-68, , ,true,737299.00
unknown,main-trial-68,w,w,true,737510.00
unknown,main-trial-68, , ,true,737811.00
unknown,main-trial-68,c,c,true,738077.00
unknown,main-trial-68,c,c,true,738244.00
unknown,main-trial-68, , ,true,738417.00
unknown,main-trial-68,k,k,true,738676.00
unknown,main-trial-68, , ,true,738862.00
unknown,main-trial-68,x,x,true,739283.00
unknown,main-trial-68,x,x,true,739439.00
unknown,main-trial-68, , ,true,739677.00
unknown,main-trial-68,c,c,true,740012.00
unknown,main-trial-68,c,c,true,740162.00
