user_id,trialId,expectedKey,typedKey,isCorrect,keydownTime
66a8e51a6b38bc2999515099,intro-trial-1,n,n,true,29351.80
66a8e51a6b38bc2999515099,intro-trial-1,v,v,true,30487.90
66a8e51a6b38bc2999515099,intro-trial-1,w,w,true,31921.70
66a8e51a6b38bc2999515099,intro-trial-1,l,l,true,32910.80
66a8e51a6b38bc2999515099,intro-trial-1,a,a,true,33138.60
66a8e51a6b38bc2999515099,intro-trial-1, ,d,false,34427.80
66a8e51a6b38bc2999515099,intro-trial-1, ,f,false,34742.60
66a8e51a6b38bc2999515099,intro-trial-1, , ,true,35446.10
66a8e51a6b38bc2999515099,intro-trial-1,d,d,true,36792.00
66a8e51a6b38bc2999515099,intro-trial-1,f,f,true,37951.80
66a8e51a6b38bc2999515099,intro-trial-1, , ,true,38344.70
66a8e51a6b38bc2999515099,intro-trial-1,d,d,true,38868.10
66a8e51a6b38bc2999515099,intro-trial-1,f,f,true,39231.00
66a8e51a6b38bc2999515099,intro-trial-1, , ,true,40754.90
66a8e51a6b38bc2999515099,intro-trial-1,d,z,false,41521.60
66a8e51a6b38bc2999515099,intro-trial-1,d,x,false,42394.60
66a8e51a6b38bc2999515099,intro-trial-1,d,k,false,43255.50
66a8e51a6b38bc2999515099,intro-trial-1,d, ,false,45711.70
66a8e51a6b38bc2999515099,intro-trial-1,d,d,true,46530.10
66a8e51a6b38bc2999515099,intro-trial-1,f,f,true,48021.50
66a8e51a6b38bc2999515099,intro-trial-1, , ,true,48639.80
66a8e51a6b38bc2999515099,intro-trial-1,z,z,true,49682.30
66a8e51a6b38bc2999515099,intro-trial-1,x,x,true,50334.10
66a8e51a6b38bc2999515099,intro-trial-1,k,k,true,51580.90
66a8e51a6b38bc2999515099,intro-trial-1,r,r,true,51891.00
66a8e51a6b38bc2999515099,intro-trial-1,l,l,true,52902.90
66a8e51a6b38bc2999515099,intro-trial-1, , ,true,53336.10
66a8e51a6b38bc2999515099,intro-trial-1,e,e,true,54229.30
66a8e51a6b38bc2999515099,intro-trial-1,f,f,true,54547.00
66a8e51a6b38bc2999515099,intro-trial-1, , ,true,55147.20
66a8e51a6b38bc2999515099,intro-trial-1,e,e,true,55646.90
66a8e51a6b38bc2999515099,intro-trial-1,f,f,true,55978.60
66a8e51a6b38bc2999515099,intro-trial-1, , ,true,56366.50
66a8e51a6b38bc2999515099,intro-trial-1,e,e,true,56757.30
66a8e51a6b38bc2999515099,intro-trial-1,f,f,true,57084.50
66a8e51a6b38bc2999515099,intro-trial-1, , ,true,57623.30
66a8e51a6b38bc2999515099,intro-trial-1,r,r,true,58403.10
66a8e51a6b38bc2999515099,intro-trial-1,q,q,true,59067.30
66a8e51a6b38bc2999515099,intro-trial-1,v,v,true,60473.40
66a8e51a6b38bc2999515099,intro-trial-1,f,f,true,61468.00
66a8e51a6b38bc2999515099,intro-trial-1,h,h,true,61774.50
66a8e51a6b38bc2999515099,intro-trial-1, , ,true,62158.60
66a8e51a6b38bc2999515099,intro-trial-1,d,d,true,63019.20
66a8e51a6b38bc2999515099,intro-trial-1,f,f,true,63464.20
66a8e51a6b38bc2999515099,intro-trial-1, , ,true,64025.70
66a8e51a6b38bc2999515099,intro-trial-1,e,e,true,64738.60
66a8e51a6b38bc2999515099,intro-trial-1,f,f,true,65106.70
66a8e51a6b38bc2999515099,intro-trial-1, , ,true,65505.90
66a8e51a6b38bc2999515099,intro-trial-1,d,d,true,66401.40
66a8e51a6b38bc2999515099,intro-trial-1,f,f,true,66659.40
66a8e51a6b38bc2999515099,intro-trial-1, , ,true,67028.10
66a8e51a6b38bc2999515099,intro-trial-1,e,e,true,67649.10
66a8e51a6b38bc2999515099,intro-trial-1,f,f,true,68036.20
66a8e51a6b38bc2999515099,intro-trial-1, , ,true,68290.20
66a8e51a6b38bc2999515099,intro-trial-1,d,d,true,68894.10
66a8e51a6b38bc2999515099,intro-trial-1,f,f,true,69109.00
66a8e51a6b38bc2999515099,intro-trial-1, , ,true,69522.20
66a8e51a6b38bc2999515099,intro-trial-1,e,e,true,69913.50
66a8e51a6b38bc2999515099,intro-trial-1,f,f,true,70226.90
66a8e51a6b38bc2999515099,intro-trial-2,w,w,true,80448.20
66a8e51a6b38bc2999515099,intro-trial-2,e,e,true,80855.00
66a8e51a6b38bc2999515099,intro-trial-2,k,k,true,81555.80
66a8e51a6b38bc2999515099,intro-trial-2,q,q,true,82762.60
66a8e51a6b38bc2999515099,intro-trial-2,s,s,true,83277.60
66a8e51a6b38bc2999515099,intro-trial-2, , ,true,83712.90
66a8e51a6b38bc2999515099,intro-trial-2,q,q,true,84717.00
66a8e51a6b38bc2999515099,intro-trial-2,s,s,true,85150.00
66a8e51a6b38bc2999515099,intro-trial-2, , ,true,85988.00
66a8e51a6b38bc2999515099,intro-trial-2,q,q,true,86624.70
66a8e51a6b38bc2999515099,intro-trial-2,s,s,true,87113.80
66a8e51a6b38bc2999515099,intro-trial-2, , ,true,87466.90
66a8e51a6b38bc2999515099,intro-trial-2,q,q,true,87873.70
66a8e51a6b38bc2999515099,intro-trial-2,s,s,true,88230.50
66a8e51a6b38bc2999515099,intro-trial-2, , ,true,89306.40
66a8e51a6b38bc2999515099,intro-trial-2,o,o,true,89976.60
66a8e51a6b38bc2999515099,intro-trial-2,j,j,true,90847.30
66a8e51a6b38bc2999515099,intro-trial-2,g,g,true,92093.30
66a8e51a6b38bc2999515099,intro-trial-2,q,q,true,93421.20
66a8e51a6b38bc2999515099,intro-trial-2,a,a,true,93834.30
66a8e51a6b38bc2999515099,intro-trial-2, ,s,false,99255.60
66a8e51a6b38bc2999515099,intro-trial-2, , ,true,100227.30
66a8e51a6b38bc2999515099,intro-trial-2,s,s,true,100578.60
66a8e51a6b38bc2999515099,intro-trial-2,a,a,true,100907.20
66a8e51a6b38bc2999515099,intro-trial-2, , ,true,101715.30
66a8e51a6b38bc2999515099,intro-trial-2,s,s,true,102077.30
66a8e51a6b38bc2999515099,intro-trial-2,a,a,true,102415.40
66a8e51a6b38bc2999515099,intro-trial-2, , ,true,103024.60
66a8e51a6b38bc2999515099,intro-trial-2,s,s,true,103521.00
66a8e51a6b38bc2999515099,intro-trial-2,a,w,false,103550.30
66a8e51a6b38bc2999515099,intro-trial-2,a,q,false,103906.60
66a8e51a6b38bc2999515099,intro-trial-2,a, ,false,104817.00
66a8e51a6b38bc2999515099,intro-trial-2,a,g,false,105769.80
66a8e51a6b38bc2999515099,intro-trial-2,a, ,false,107884.40
66a8e51a6b38bc2999515099,intro-trial-2,a,s,false,108271.80
66a8e51a6b38bc2999515099,intro-trial-2,a,a,true,108907.00
66a8e51a6b38bc2999515099,intro-trial-2, , ,true,109342.80
66a8e51a6b38bc2999515099,intro-trial-2,g,g,true,110203.00
66a8e51a6b38bc2999515099,intro-trial-2,a,a,true,110681.60
66a8e51a6b38bc2999515099,intro-trial-2,e,e,true,111454.30
66a8e51a6b38bc2999515099,intro-trial-2,f,f,true,111785.60
66a8e51a6b38bc2999515099,intro-trial-2,f,f,true,112146.60
66a8e51a6b38bc2999515099,intro-trial-2, , ,true,112798.00
66a8e51a6b38bc2999515099,intro-trial-2,q,q,true,113606.00
66a8e51a6b38bc2999515099,intro-trial-2,s,s,true,114122.80
66a8e51a6b38bc2999515099,intro-trial-2, , ,true,114839.80
66a8e51a6b38bc2999515099,intro-trial-2,s,s,true,115738.90
66a8e51a6b38bc2999515099,intro-trial-2,a,a,true,116172.30
66a8e51a6b38bc2999515099,intro-trial-2, , ,true,116499.70
66a8e51a6b38bc2999515099,intro-trial-2,q,q,true,117043.40
66a8e51a6b38bc2999515099,intro-trial-2,s,s,true,117427.90
66a8e51a6b38bc2999515099,intro-trial-2, , ,true,117737.00
66a8e51a6b38bc2999515099,intro-trial-2,s,s,true,118693.70
66a8e51a6b38bc2999515099,intro-trial-2,a,a,true,119106.60
66a8e51a6b38bc2999515099,intro-trial-2, , ,true,119247.30
66a8e51a6b38bc2999515099,intro-trial-2,q,q,true,120086.30
66a8e51a6b38bc2999515099,intro-trial-2,s,s,true,120450.40
66a8e51a6b38bc2999515099,intro-trial-2, , ,true,120901.00
66a8e51a6b38bc2999515099,intro-trial-2,s,s,true,121527.70
66a8e51a6b38bc2999515099,intro-trial-2,a,a,true,121815.70
66a8e51a6b38bc2999515099,intro-trial-3,g,g,true,128091.50
66a8e51a6b38bc2999515099,intro-trial-3,p,p,true,130291.00
66a8e51a6b38bc2999515099,intro-trial-3,j,j,true,131275.70
66a8e51a6b38bc2999515099,intro-trial-3,c,c,true,132512.40
66a8e51a6b38bc2999515099,intro-trial-3,h,h,true,132768.50
66a8e51a6b38bc2999515099,intro-trial-3, , ,true,133536.80
66a8e51a6b38bc2999515099,intro-trial-3,f,f,true,134311.90
66a8e51a6b38bc2999515099,intro-trial-3,g,g,true,134589.30
66a8e51a6b38bc2999515099,intro-trial-3, , ,true,135378.70
66a8e51a6b38bc2999515099,intro-trial-3,f,f,true,135732.70
66a8e51a6b38bc2999515099,intro-trial-3,g,g,true,135959.40
66a8e51a6b38bc2999515099,intro-trial-3, , ,true,136727.70
66a8e51a6b38bc2999515099,intro-trial-3,f,f,true,137096.80
66a8e51a6b38bc2999515099,intro-trial-3,g,g,true,137361.40
66a8e51a6b38bc2999515099,intro-trial-3, , ,true,137944.20
66a8e51a6b38bc2999515099,intro-trial-3,e,e,true,138464.80
66a8e51a6b38bc2999515099,intro-trial-3,c,c,true,139029.70
66a8e51a6b38bc2999515099,intro-trial-3,h,h,true,139953.50
66a8e51a6b38bc2999515099,intro-trial-3,h,h,true,140536.90
66a8e51a6b38bc2999515099,intro-trial-3,b,b,true,141069.10
66a8e51a6b38bc2999515099,intro-trial-3, , ,true,141394.00
66a8e51a6b38bc2999515099,intro-trial-3,f,f,true,142293.60
66a8e51a6b38bc2999515099,intro-trial-3,r,r,true,142542.80
66a8e51a6b38bc2999515099,intro-trial-3, , ,true,143053.00
66a8e51a6b38bc2999515099,intro-trial-3,f,f,true,143418.90
66a8e51a6b38bc2999515099,intro-trial-3,r,r,true,143683.30
66a8e51a6b38bc2999515099,intro-trial-3, , ,true,144126.40
66a8e51a6b38bc2999515099,intro-trial-3,f,f,true,144569.50
66a8e51a6b38bc2999515099,intro-trial-3,r,r,true,144816.40
66a8e51a6b38bc2999515099,intro-trial-3, , ,true,145190.50
66a8e51a6b38bc2999515099,intro-trial-3,d,d,true,146018.10
66a8e51a6b38bc2999515099,intro-trial-3,w,w,true,146463.30
66a8e51a6b38bc2999515099,intro-trial-3,n,n,true,147612.30
66a8e51a6b38bc2999515099,intro-trial-3,m,m,true,147863.10
66a8e51a6b38bc2999515099,intro-trial-3,x,x,true,148490.60
66a8e51a6b38bc2999515099,intro-trial-3, , ,true,148980.20
66a8e51a6b38bc2999515099,intro-trial-3,f,f,true,150319.90
66a8e51a6b38bc2999515099,intro-trial-3,g,g,true,150543.80
66a8e51a6b38bc2999515099,intro-trial-3, , ,true,150813.50
66a8e51a6b38bc2999515099,intro-trial-3,f,f,true,151372.60
66a8e51a6b38bc2999515099,intro-trial-3,r,r,true,151623.00
66a8e51a6b38bc2999515099,intro-trial-3, , ,true,151995.40
66a8e51a6b38bc2999515099,intro-trial-3,f,f,true,152523.10
66a8e51a6b38bc2999515099,intro-trial-3,g,g,true,152742.30
66a8e51a6b38bc2999515099,intro-trial-3, , ,true,153097.50
66a8e51a6b38bc2999515099,intro-trial-3,f,f,true,153551.80
66a8e51a6b38bc2999515099,intro-trial-3,r,r,true,153878.00
66a8e51a6b38bc2999515099,intro-trial-3, , ,true,154206.10
66a8e51a6b38bc2999515099,intro-trial-3,f,f,true,154734.10
66a8e51a6b38bc2999515099,intro-trial-3,g,g,true,154955.30
66a8e51a6b38bc2999515099,intro-trial-3, , ,true,155321.70
66a8e51a6b38bc2999515099,intro-trial-3,f,f,true,155852.10
66a8e51a6b38bc2999515099,intro-trial-3,r,e,false,156130.90
66a8e51a6b38bc2999515099,intro-trial-3,r,n,false,157242.80
66a8e51a6b38bc2999515099,intro-trial-3,r,f,false,158465.90
66a8e51a6b38bc2999515099,intro-trial-3,r,r,true,158696.70
66a8e51a6b38bc2999515099,main-trial-1,l,l,true,164830.80
66a8e51a6b38bc2999515099,main-trial-1,i,i,true,165215.40
66a8e51a6b38bc2999515099,main-trial-1,b,b,true,166136.50
66a8e51a6b38bc2999515099,main-trial-1,a,a,true,166387.20
66a8e51a6b38bc2999515099,main-trial-1,b,b,true,166639.10
66a8e51a6b38bc2999515099,main-trial-1, , ,true,166994.00
66a8e51a6b38bc2999515099,main-trial-1,w,w,true,167797.20
66a8e51a6b38bc2999515099,main-trial-1,d,d,true,168138.20
66a8e51a6b38bc2999515099,main-trial-1, , ,true,168725.60
66a8e51a6b38bc2999515099,main-trial-1,w,w,true,169040.20
66a8e51a6b38bc2999515099,main-trial-1,d,d,true,169323.00
66a8e51a6b38bc2999515099,main-trial-1, , ,true,169721.20
66a8e51a6b38bc2999515099,main-trial-1,w,w,true,169946.20
66a8e51a6b38bc2999515099,main-trial-1,d,d,true,170216.60
66a8e51a6b38bc2999515099,main-trial-1, , ,true,170855.50
66a8e51a6b38bc2999515099,main-trial-1,j,j,true,171441.50
66a8e51a6b38bc2999515099,main-trial-1,d,d,true,172083.90
66a8e51a6b38bc2999515099,main-trial-1,o,o,true,172514.80
66a8e51a6b38bc2999515099,main-trial-1,h,h,true,172949.40
66a8e51a6b38bc2999515099,main-trial-1,w,w,true,173879.30
66a8e51a6b38bc2999515099,main-trial-1, , ,true,174235.80
66a8e51a6b38bc2999515099,main-trial-1,s,s,true,174756.60
66a8e51a6b38bc2999515099,main-trial-1,e,e,true,175029.80
66a8e51a6b38bc2999515099,main-trial-1, , ,true,175571.50
66a8e51a6b38bc2999515099,main-trial-1,s,s,true,175781.80
66a8e51a6b38bc2999515099,main-trial-1,e,e,true,176055.40
66a8e51a6b38bc2999515099,main-trial-1, , ,true,176418.00
66a8e51a6b38bc2999515099,main-trial-1,s,s,true,176614.20
66a8e51a6b38bc2999515099,main-trial-1,e,e,true,176911.10
66a8e51a6b38bc2999515099,main-trial-1, , ,true,177070.30
66a8e51a6b38bc2999515099,main-trial-1,h,h,true,178162.70
66a8e51a6b38bc2999515099,main-trial-1,d,d,true,178415.10
66a8e51a6b38bc2999515099,main-trial-1,r,r,true,179326.00
66a8e51a6b38bc2999515099,main-trial-1,m,m,true,179609.10
66a8e51a6b38bc2999515099,main-trial-1,u,u,true,180587.50
66a8e51a6b38bc2999515099,main-trial-1, , ,true,180893.70
66a8e51a6b38bc2999515099,main-trial-1,w,w,true,181597.80
66a8e51a6b38bc2999515099,main-trial-1,d,d,true,181884.40
66a8e51a6b38bc2999515099,main-trial-1, , ,true,182390.50
66a8e51a6b38bc2999515099,main-trial-1,s,s,true,182659.90
66a8e51a6b38bc2999515099,main-trial-1,e,e,true,182957.60
66a8e51a6b38bc2999515099,main-trial-1, , ,true,183301.60
66a8e51a6b38bc2999515099,main-trial-1,w,w,true,183789.40
66a8e51a6b38bc2999515099,main-trial-1,d,d,true,184085.00
66a8e51a6b38bc2999515099,main-trial-1, , ,true,184409.70
66a8e51a6b38bc2999515099,main-trial-1,s,s,true,184677.50
66a8e51a6b38bc2999515099,main-trial-1,e,e,true,184985.60
66a8e51a6b38bc2999515099,main-trial-1, , ,true,185415.50
66a8e51a6b38bc2999515099,main-trial-1,w,w,true,185979.60
66a8e51a6b38bc2999515099,main-trial-1,d,d,true,186274.20
66a8e51a6b38bc2999515099,main-trial-1, , ,true,186559.10
66a8e51a6b38bc2999515099,main-trial-1,s,s,true,186914.90
66a8e51a6b38bc2999515099,main-trial-1,e,e,true,187187.80
66a8e51a6b38bc2999515099,main-trial-2,f,f,true,191979.50
66a8e51a6b38bc2999515099,main-trial-2,m,m,true,192386.20
66a8e51a6b38bc2999515099,main-trial-2,l,l,true,193242.40
66a8e51a6b38bc2999515099,main-trial-2,m,m,true,193525.90
66a8e51a6b38bc2999515099,main-trial-2,i,i,true,193901.00
66a8e51a6b38bc2999515099,main-trial-2, , ,true,194839.40
66a8e51a6b38bc2999515099,main-trial-2,f,f,true,195107.90
66a8e51a6b38bc2999515099,main-trial-2,e,e,true,195369.10
66a8e51a6b38bc2999515099,main-trial-2, , ,true,195687.00
66a8e51a6b38bc2999515099,main-trial-2,f,f,true,196105.70
66a8e51a6b38bc2999515099,main-trial-2,e,e,true,196383.10
66a8e51a6b38bc2999515099,main-trial-2, , ,true,196701.80
66a8e51a6b38bc2999515099,main-trial-2,f,f,true,197074.10
66a8e51a6b38bc2999515099,main-trial-2,e,e,true,197305.70
66a8e51a6b38bc2999515099,main-trial-2, , ,true,197740.90
66a8e51a6b38bc2999515099,main-trial-2,y,y,true,198444.70
66a8e51a6b38bc2999515099,main-trial-2,u,u,true,198724.90
66a8e51a6b38bc2999515099,main-trial-2,f,f,true,199420.90
66a8e51a6b38bc2999515099,main-trial-2,g,g,true,199665.70
66a8e51a6b38bc2999515099,main-trial-2,j,j,true,200602.20
66a8e51a6b38bc2999515099,main-trial-2, , ,true,200873.50
66a8e51a6b38bc2999515099,main-trial-2,e,e,true,201431.10
66a8e51a6b38bc2999515099,main-trial-2,f,f,true,201681.10
66a8e51a6b38bc2999515099,main-trial-2, , ,true,202108.20
66a8e51a6b38bc2999515099,main-trial-2,e,e,true,202316.00
66a8e51a6b38bc2999515099,main-trial-2,f,f,true,202626.00
66a8e51a6b38bc2999515099,main-trial-2, , ,true,203018.40
66a8e51a6b38bc2999515099,main-trial-2,e,e,true,203191.70
66a8e51a6b38bc2999515099,main-trial-2,f,f,true,203458.90
66a8e51a6b38bc2999515099,main-trial-2, , ,true,203626.80
66a8e51a6b38bc2999515099,main-trial-2,a,a,true,204156.30
66a8e51a6b38bc2999515099,main-trial-2,r,e,false,204701.20
66a8e51a6b38bc2999515099,main-trial-2,r,r,true,206212.20
66a8e51a6b38bc2999515099,main-trial-2,z,z,true,207251.60
66a8e51a6b38bc2999515099,main-trial-2,h,h,true,207886.30
66a8e51a6b38bc2999515099,main-trial-2,j,j,true,208432.00
66a8e51a6b38bc2999515099,main-trial-2, , ,true,208883.20
66a8e51a6b38bc2999515099,main-trial-2,f,f,true,209535.70
66a8e51a6b38bc2999515099,main-trial-2,e,e,true,209787.60
66a8e51a6b38bc2999515099,main-trial-2, , ,true,210197.90
66a8e51a6b38bc2999515099,main-trial-2,e,e,true,210392.90
66a8e51a6b38bc2999515099,main-trial-2,f,f,true,210629.60
66a8e51a6b38bc2999515099,main-trial-2, , ,true,211115.00
66a8e51a6b38bc2999515099,main-trial-2,f,f,true,211455.80
66a8e51a6b38bc2999515099,main-trial-2,e,e,true,211737.20
66a8e51a6b38bc2999515099,main-trial-2, , ,true,212215.80
66a8e51a6b38bc2999515099,main-trial-2,e,e,true,212432.60
66a8e51a6b38bc2999515099,main-trial-2,f,f,true,212662.20
66a8e51a6b38bc2999515099,main-trial-2, , ,true,212980.30
66a8e51a6b38bc2999515099,main-trial-2,f,f,true,213282.30
66a8e51a6b38bc2999515099,main-trial-2,e,e,true,213526.20
66a8e51a6b38bc2999515099,main-trial-2, , ,true,213885.30
66a8e51a6b38bc2999515099,main-trial-2,e,e,true,214119.40
66a8e51a6b38bc2999515099,main-trial-2,f,f,true,214336.10
66a8e51a6b38bc2999515099,main-trial-3,d,d,true,218706.60
66a8e51a6b38bc2999515099,main-trial-3,p,p,true,219556.90
66a8e51a6b38bc2999515099,main-trial-3,o,o,true,219762.60
66a8e51a6b38bc2999515099,main-trial-3,t,t,true,220013.90
66a8e51a6b38bc2999515099,main-trial-3,h,h,true,220153.70
66a8e51a6b38bc2999515099,main-trial-3, , ,true,220582.30
66a8e51a6b38bc2999515099,main-trial-3,f,f,true,221212.30
66a8e51a6b38bc2999515099,main-trial-3,g,g,true,221529.30
66a8e51a6b38bc2999515099,main-trial-3, , ,true,221848.10
66a8e51a6b38bc2999515099,main-trial-3,f,f,true,222097.80
66a8e51a6b38bc2999515099,main-trial-3,g,g,true,222303.90
66a8e51a6b38bc2999515099,main-trial-3, , ,true,222706.30
66a8e51a6b38bc2999515099,main-trial-3,f,f,true,222993.90
66a8e51a6b38bc2999515099,main-trial-3,g,g,true,223196.50
66a8e51a6b38bc2999515099,main-trial-3, , ,true,223493.70
66a8e51a6b38bc2999515099,main-trial-3,o,o,true,224089.20
66a8e51a6b38bc2999515099,main-trial-3,u,u,true,224328.80
66a8e51a6b38bc2999515099,main-trial-3,q,q,true,225551.00
66a8e51a6b38bc2999515099,main-trial-3,m,m,true,225993.60
66a8e51a6b38bc2999515099,main-trial-3,x,x,true,226465.40
66a8e51a6b38bc2999515099,main-trial-3, , ,true,226844.60
66a8e51a6b38bc2999515099,main-trial-3,d,d,true,227852.40
66a8e51a6b38bc2999515099,main-trial-3,f,f,true,228068.60
66a8e51a6b38bc2999515099,main-trial-3, , ,true,228501.50
66a8e51a6b38bc2999515099,main-trial-3,d,d,true,228732.40
66a8e51a6b38bc2999515099,main-trial-3,f,f,true,228937.00
66a8e51a6b38bc2999515099,main-trial-3, , ,true,229313.50
66a8e51a6b38bc2999515099,main-trial-3,d,d,true,229508.20
66a8e51a6b38bc2999515099,main-trial-3,f,f,true,229749.40
66a8e51a6b38bc2999515099,main-trial-3, , ,true,229889.90
66a8e51a6b38bc2999515099,main-trial-3,f,f,true,230568.60
66a8e51a6b38bc2999515099,main-trial-3,l,i,false,230775.00
66a8e51a6b38bc2999515099,main-trial-3,l,x,false,231364.20
66a8e51a6b38bc2999515099,main-trial-3,l,j,false,232491.60
66a8e51a6b38bc2999515099,main-trial-3,l,j,false,232641.70
66a8e51a6b38bc2999515099,main-trial-3,l, ,false,232988.50
66a8e51a6b38bc2999515099,main-trial-3,l,l,true,235338.80
66a8e51a6b38bc2999515099,main-trial-3,x,x,true,236767.60
66a8e51a6b38bc2999515099,main-trial-3,j,j,true,237202.20
66a8e51a6b38bc2999515099,main-trial-3,j,j,true,237376.70
66a8e51a6b38bc2999515099,main-trial-3, , ,true,237632.80
66a8e51a6b38bc2999515099,main-trial-3,f,f,true,238319.90
66a8e51a6b38bc2999515099,main-trial-3,g,g,true,238535.40
66a8e51a6b38bc2999515099,main-trial-3, , ,true,239191.50
66a8e51a6b38bc2999515099,main-trial-3,d,d,true,239542.90
66a8e51a6b38bc2999515099,main-trial-3,f,f,true,239741.20
66a8e51a6b38bc2999515099,main-trial-3, , ,true,240163.20
66a8e51a6b38bc2999515099,main-trial-3,f,f,true,240621.40
66a8e51a6b38bc2999515099,main-trial-3,g,g,true,240842.70
66a8e51a6b38bc2999515099,main-trial-3, , ,true,241228.60
66a8e51a6b38bc2999515099,main-trial-3,d,d,true,241756.50
66a8e51a6b38bc2999515099,main-trial-3,f,f,true,241962.80
66a8e51a6b38bc2999515099,main-trial-3, , ,true,242311.40
66a8e51a6b38bc2999515099,main-trial-3,f,f,true,242792.30
66a8e51a6b38bc2999515099,main-trial-3,g,g,true,242992.10
66a8e51a6b38bc2999515099,main-trial-3, , ,true,243339.50
66a8e51a6b38bc2999515099,main-trial-3,d,d,true,243745.40
66a8e51a6b38bc2999515099,main-trial-3,f,f,true,243947.40
66a8e51a6b38bc2999515099,main-trial-4,f,f,true,247484.80
66a8e51a6b38bc2999515099,main-trial-4,w,w,true,247787.70
66a8e51a6b38bc2999515099,main-trial-4,e,e,true,248502.50
66a8e51a6b38bc2999515099,main-trial-4,j,j,true,248802.00
66a8e51a6b38bc2999515099,main-trial-4,e,e,true,248958.90
66a8e51a6b38bc2999515099,main-trial-4, , ,true,249743.90
66a8e51a6b38bc2999515099,main-trial-4,f,f,true,249933.70
66a8e51a6b38bc2999515099,main-trial-4,r,r,true,250159.00
66a8e51a6b38bc2999515099,main-trial-4, , ,true,250505.00
66a8e51a6b38bc2999515099,main-trial-4,f,f,true,250723.60
66a8e51a6b38bc2999515099,main-trial-4,r,r,true,250960.00
66a8e51a6b38bc2999515099,main-trial-4, , ,true,251259.10
66a8e51a6b38bc2999515099,main-trial-4,f,f,true,251449.70
66a8e51a6b38bc2999515099,main-trial-4,r,r,true,251896.90
66a8e51a6b38bc2999515099,main-trial-4, , ,true,252206.00
66a8e51a6b38bc2999515099,main-trial-4,s,s,true,252858.20
66a8e51a6b38bc2999515099,main-trial-4,l,l,true,253343.90
66a8e51a6b38bc2999515099,main-trial-4,t,t,true,253735.00
66a8e51a6b38bc2999515099,main-trial-4,p,p,true,254807.80
66a8e51a6b38bc2999515099,main-trial-4,y,y,true,255183.10
66a8e51a6b38bc2999515099,main-trial-4, , ,true,255471.30
66a8e51a6b38bc2999515099,main-trial-4,v,v,true,256114.60
66a8e51a6b38bc2999515099,main-trial-4,r,r,true,256552.40
66a8e51a6b38bc2999515099,main-trial-4, , ,true,256901.40
66a8e51a6b38bc2999515099,main-trial-4,v,v,true,257279.30
66a8e51a6b38bc2999515099,main-trial-4,r,e,false,257582.10
66a8e51a6b38bc2999515099,main-trial-4,r,r,true,257629.90
66a8e51a6b38bc2999515099,main-trial-4, ,r,false,258113.10
66a8e51a6b38bc2999515099,main-trial-4, , ,true,258551.40
66a8e51a6b38bc2999515099,main-trial-4,v,v,true,259087.10
66a8e51a6b38bc2999515099,main-trial-4,r,r,true,259433.90
66a8e51a6b38bc2999515099,main-trial-4, , ,true,259710.40
66a8e51a6b38bc2999515099,main-trial-4,s,s,true,260464.90
66a8e51a6b38bc2999515099,main-trial-4,j,j,true,261276.30
66a8e51a6b38bc2999515099,main-trial-4,u,u,true,261511.80
66a8e51a6b38bc2999515099,main-trial-4,o,o,true,262293.90
66a8e51a6b38bc2999515099,main-trial-4,p,p,true,262429.90
66a8e51a6b38bc2999515099,main-trial-4, , ,true,262894.00
66a8e51a6b38bc2999515099,main-trial-4,f,f,true,263476.70
66a8e51a6b38bc2999515099,main-trial-4,r,r,true,263735.00
66a8e51a6b38bc2999515099,main-trial-4, , ,true,263958.90
66a8e51a6b38bc2999515099,main-trial-4,v,v,true,264717.90
66a8e51a6b38bc2999515099,main-trial-4,r,r,true,265019.50
66a8e51a6b38bc2999515099,main-trial-4, , ,true,265271.00
66a8e51a6b38bc2999515099,main-trial-4,f,f,true,265788.40
66a8e51a6b38bc2999515099,main-trial-4,r,r,true,266009.90
66a8e51a6b38bc2999515099,main-trial-4, , ,true,266383.50
66a8e51a6b38bc2999515099,main-trial-4,v,v,true,266721.30
66a8e51a6b38bc2999515099,main-trial-4,r,r,true,267075.80
66a8e51a6b38bc2999515099,main-trial-4, , ,true,267329.40
66a8e51a6b38bc2999515099,main-trial-4,f,f,true,267982.50
66a8e51a6b38bc2999515099,main-trial-4,r,r,true,268205.60
66a8e51a6b38bc2999515099,main-trial-4, , ,true,268511.50
66a8e51a6b38bc2999515099,main-trial-4,v,v,true,268924.50
66a8e51a6b38bc2999515099,main-trial-4,r,r,true,269209.60
66a8e51a6b38bc2999515099,main-trial-5,o,o,true,273039.70
66a8e51a6b38bc2999515099,main-trial-5,r,r,true,273533.20
66a8e51a6b38bc2999515099,main-trial-5,z,z,true,274588.90
66a8e51a6b38bc2999515099,main-trial-5,k,k,true,275125.00
66a8e51a6b38bc2999515099,main-trial-5,d,d,true,276200.50
66a8e51a6b38bc2999515099,main-trial-5, , ,true,276622.90
66a8e51a6b38bc2999515099,main-trial-5,w,w,true,277522.90
66a8e51a6b38bc2999515099,main-trial-5,f,f,true,277862.90
66a8e51a6b38bc2999515099,main-trial-5, , ,true,278326.70
66a8e51a6b38bc2999515099,main-trial-5,w,w,true,279385.40
66a8e51a6b38bc2999515099,main-trial-5,f,f,true,279700.00
66a8e51a6b38bc2999515099,main-trial-5, , ,true,279947.90
66a8e51a6b38bc2999515099,main-trial-5,w,w,true,282738.50
66a8e51a6b38bc2999515099,main-trial-5,f,f,true,283026.40
66a8e51a6b38bc2999515099,main-trial-5, , ,true,283337.80
66a8e51a6b38bc2999515099,main-trial-5,a,a,true,283669.70
66a8e51a6b38bc2999515099,main-trial-5,c,c,true,284360.30
66a8e51a6b38bc2999515099,main-trial-5,o,o,true,284692.30
66a8e51a6b38bc2999515099,main-trial-5,k,k,true,285703.30
66a8e51a6b38bc2999515099,main-trial-5,u,u,true,285948.90
66a8e51a6b38bc2999515099,main-trial-5, , ,true,286286.20
66a8e51a6b38bc2999515099,main-trial-5,s,s,true,286709.20
66a8e51a6b38bc2999515099,main-trial-5,r,r,true,286968.70
66a8e51a6b38bc2999515099,main-trial-5, , ,true,287299.60
66a8e51a6b38bc2999515099,main-trial-5,s,s,true,287486.00
66a8e51a6b38bc2999515099,main-trial-5,r,r,true,287765.40
66a8e51a6b38bc2999515099,main-trial-5, , ,true,287995.10
66a8e51a6b38bc2999515099,main-trial-5,s,s,true,288233.50
66a8e51a6b38bc2999515099,main-trial-5,r,r,true,288457.60
66a8e51a6b38bc2999515099,main-trial-5, , ,true,288611.10
66a8e51a6b38bc2999515099,main-trial-5,p,p,true,289390.20
66a8e51a6b38bc2999515099,main-trial-5,x,x,true,289850.70
66a8e51a6b38bc2999515099,main-trial-5,z,z,true,290994.00
66a8e51a6b38bc2999515099,main-trial-5,c,c,true,291329.40
66a8e51a6b38bc2999515099,main-trial-5,s,s,true,291636.50
66a8e51a6b38bc2999515099,main-trial-5, , ,true,291998.20
66a8e51a6b38bc2999515099,main-trial-5,w,w,true,292857.20
66a8e51a6b38bc2999515099,main-trial-5,f,f,true,293194.60
66a8e51a6b38bc2999515099,main-trial-5, , ,true,293446.60
66a8e51a6b38bc2999515099,main-trial-5,s,s,true,294014.40
66a8e51a6b38bc2999515099,main-trial-5,r,r,true,294261.90
66a8e51a6b38bc2999515099,main-trial-5, , ,true,294696.80
66a8e51a6b38bc2999515099,main-trial-5,w,w,true,295444.10
66a8e51a6b38bc2999515099,main-trial-5,f,f,true,295728.00
66a8e51a6b38bc2999515099,main-trial-5, , ,true,295962.30
66a8e51a6b38bc2999515099,main-trial-5,s,s,true,296092.30
66a8e51a6b38bc2999515099,main-trial-5,r,r,true,296377.10
66a8e51a6b38bc2999515099,main-trial-5, , ,true,297012.20
66a8e51a6b38bc2999515099,main-trial-5,w,w,true,297494.10
66a8e51a6b38bc2999515099,main-trial-5,f,f,true,297821.80
66a8e51a6b38bc2999515099,main-trial-5, , ,true,298059.80
66a8e51a6b38bc2999515099,main-trial-5,s,s,true,298177.40
66a8e51a6b38bc2999515099,main-trial-5,r,r,true,298459.80
66a8e51a6b38bc2999515099,main-trial-6,l,l,true,301518.70
66a8e51a6b38bc2999515099,main-trial-6,y,y,true,301990.50
66a8e51a6b38bc2999515099,main-trial-6,d,d,true,302802.20
66a8e51a6b38bc2999515099,main-trial-6,i,i,true,303062.40
66a8e51a6b38bc2999515099,main-trial-6,m,m,true,303292.40
66a8e51a6b38bc2999515099,main-trial-6, , ,true,303639.40
66a8e51a6b38bc2999515099,main-trial-6,s,s,true,303921.30
66a8e51a6b38bc2999515099,main-trial-6,e,e,true,304167.50
66a8e51a6b38bc2999515099,main-trial-6, ,s,false,304535.30
66a8e51a6b38bc2999515099,main-trial-6, ,e,false,304787.00
66a8e51a6b38bc2999515099,main-trial-6, , ,true,305319.20
66a8e51a6b38bc2999515099,main-trial-6,s,s,true,305568.90
66a8e51a6b38bc2999515099,main-trial-6,e,e,true,305815.20
66a8e51a6b38bc2999515099,main-trial-6, , ,true,306159.40
66a8e51a6b38bc2999515099,main-trial-6,s,s,true,306315.00
66a8e51a6b38bc2999515099,main-trial-6,e,e,true,306580.90
66a8e51a6b38bc2999515099,main-trial-6, , ,true,306778.10
66a8e51a6b38bc2999515099,main-trial-6,v,v,true,307401.20
66a8e51a6b38bc2999515099,main-trial-6,c,c,true,307748.00
66a8e51a6b38bc2999515099,main-trial-6,u,u,true,308658.10
66a8e51a6b38bc2999515099,main-trial-6,p,p,true,309225.30
66a8e51a6b38bc2999515099,main-trial-6,l,l,true,309423.00
66a8e51a6b38bc2999515099,main-trial-6, , ,true,309705.00
66a8e51a6b38bc2999515099,main-trial-6,w,w,true,310701.20
66a8e51a6b38bc2999515099,main-trial-6,d,d,true,310972.90
66a8e51a6b38bc2999515099,main-trial-6, , ,true,311272.00
66a8e51a6b38bc2999515099,main-trial-6,w,w,true,311471.50
66a8e51a6b38bc2999515099,main-trial-6,d,d,true,311712.70
66a8e51a6b38bc2999515099,main-trial-6, , ,true,311868.50
66a8e51a6b38bc2999515099,main-trial-6,w,w,true,312097.40
66a8e51a6b38bc2999515099,main-trial-6,d,d,true,312335.80
66a8e51a6b38bc2999515099,main-trial-6, , ,true,312475.70
66a8e51a6b38bc2999515099,main-trial-6,w,w,true,313162.10
66a8e51a6b38bc2999515099,main-trial-6,o,o,true,313946.20
66a8e51a6b38bc2999515099,main-trial-6,c,c,true,314272.80
66a8e51a6b38bc2999515099,main-trial-6,y,y,true,315242.80
66a8e51a6b38bc2999515099,main-trial-6,h,h,true,315554.70
66a8e51a6b38bc2999515099,main-trial-6, , ,true,315852.60
66a8e51a6b38bc2999515099,main-trial-6,s,s,true,316205.90
66a8e51a6b38bc2999515099,main-trial-6,e,e,true,316440.60
66a8e51a6b38bc2999515099,main-trial-6, , ,true,316790.40
66a8e51a6b38bc2999515099,main-trial-6,w,w,true,317068.00
66a8e51a6b38bc2999515099,main-trial-6,d,d,true,317320.50
66a8e51a6b38bc2999515099,main-trial-6, , ,true,317610.60
66a8e51a6b38bc2999515099,main-trial-6,s,s,true,317804.10
66a8e51a6b38bc2999515099,main-trial-6,e,e,true,318050.50
66a8e51a6b38bc2999515099,main-trial-6, , ,true,318422.60
66a8e51a6b38bc2999515099,main-trial-6,w,w,true,318795.50
66a8e51a6b38bc2999515099,main-trial-6,d,d,true,319083.40
66a8e51a6b38bc2999515099,main-trial-6, , ,true,319348.50
66a8e51a6b38bc2999515099,main-trial-6,s,s,true,319485.20
66a8e51a6b38bc2999515099,main-trial-6,e,e,true,319782.50
66a8e51a6b38bc2999515099,main-trial-6, , ,true,320224.00
66a8e51a6b38bc2999515099,main-trial-6,w,3,false,320507.00
66a8e51a6b38bc2999515099,main-trial-6,w,w,true,320578.80
66a8e51a6b38bc2999515099,main-trial-6,d,d,true,320893.30
66a8e51a6b38bc2999515099,main-trial-7,w,w,true,325358.80
66a8e51a6b38bc2999515099,main-trial-7,p,p,true,325963.60
66a8e51a6b38bc2999515099,main-trial-7,l,l,true,326608.30
66a8e51a6b38bc2999515099,main-trial-7,f,f,true,326806.00
66a8e51a6b38bc2999515099,main-trial-7,a,a,true,327178.80
66a8e51a6b38bc2999515099,main-trial-7, , ,true,327618.70
66a8e51a6b38bc2999515099,main-trial-7,s,s,true,328165.90
66a8e51a6b38bc2999515099,main-trial-7,f,f,true,328382.60
66a8e51a6b38bc2999515099,main-trial-7, , ,true,328726.20
66a8e51a6b38bc2999515099,main-trial-7,s,s,true,328902.70
66a8e51a6b38bc2999515099,main-trial-7,f,f,true,329164.40
66a8e51a6b38bc2999515099,main-trial-7, , ,true,329406.60
66a8e51a6b38bc2999515099,main-trial-7,s,s,true,329612.50
66a8e51a6b38bc2999515099,main-trial-7,f,f,true,329861.60
66a8e51a6b38bc2999515099,main-trial-7, , ,true,329965.60
66a8e51a6b38bc2999515099,main-trial-7,x,x,true,330743.60
66a8e51a6b38bc2999515099,main-trial-7,l,l,true,331119.80
66a8e51a6b38bc2999515099,main-trial-7,m,m,true,332648.00
66a8e51a6b38bc2999515099,main-trial-7,k,k,true,333080.60
66a8e51a6b38bc2999515099,main-trial-7,h,h,true,333388.90
66a8e51a6b38bc2999515099,main-trial-7, , ,true,333808.00
66a8e51a6b38bc2999515099,main-trial-7,b,b,true,334569.00
66a8e51a6b38bc2999515099,main-trial-7,e,e,true,334718.00
66a8e51a6b38bc2999515099,main-trial-7, , ,true,335239.80
66a8e51a6b38bc2999515099,main-trial-7,b,b,true,335502.20
66a8e51a6b38bc2999515099,main-trial-7,e,e,true,335630.90
66a8e51a6b38bc2999515099,main-trial-7, , ,true,336004.90
66a8e51a6b38bc2999515099,main-trial-7,b,b,true,336246.90
66a8e51a6b38bc2999515099,main-trial-7,e,e,true,336369.90
66a8e51a6b38bc2999515099,main-trial-7, , ,true,337329.90
66a8e51a6b38bc2999515099,main-trial-7,a,a,true,337695.40
66a8e51a6b38bc2999515099,main-trial-7,q,q,true,338528.60
66a8e51a6b38bc2999515099,main-trial-7,w,w,true,338909.80
66a8e51a6b38bc2999515099,main-trial-7,t,t,true,339811.20
66a8e51a6b38bc2999515099,main-trial-7,c,c,true,340162.80
66a8e51a6b38bc2999515099,main-trial-7, , ,true,340458.30
66a8e51a6b38bc2999515099,main-trial-7,s,s,true,341032.90
66a8e51a6b38bc2999515099,main-trial-7,f,f,true,341268.60
66a8e51a6b38bc2999515099,main-trial-7, , ,true,341515.60
66a8e51a6b38bc2999515099,main-trial-7,b,b,true,342169.00
66a8e51a6b38bc2999515099,main-trial-7,e,e,true,342427.20
66a8e51a6b38bc2999515099,main-trial-7, , ,true,342667.70
66a8e51a6b38bc2999515099,main-trial-7,s,s,true,342933.70
66a8e51a6b38bc2999515099,main-trial-7,f,f,true,343174.60
66a8e51a6b38bc2999515099,main-trial-7, , ,true,343489.80
66a8e51a6b38bc2999515099,main-trial-7,b,b,true,344247.50
66a8e51a6b38bc2999515099,main-trial-7,e,e,true,344580.50
66a8e51a6b38bc2999515099,main-trial-7, , ,true,344821.50
66a8e51a6b38bc2999515099,main-trial-7,s,s,true,345305.20
66a8e51a6b38bc2999515099,main-trial-7,f,g,false,345578.30
66a8e51a6b38bc2999515099,main-trial-7,f,f,true,346170.50
66a8e51a6b38bc2999515099,main-trial-7, , ,true,346675.30
66a8e51a6b38bc2999515099,main-trial-7,b,b,true,347218.90
66a8e51a6b38bc2999515099,main-trial-7,e,e,true,347337.00
66a8e51a6b38bc2999515099,main-trial-8,r,r,true,355111.10
66a8e51a6b38bc2999515099,main-trial-8,w,w,true,355419.20
66a8e51a6b38bc2999515099,main-trial-8,z,z,true,356082.10
66a8e51a6b38bc2999515099,main-trial-8,o,o,true,356304.40
66a8e51a6b38bc2999515099,main-trial-8,n,n,true,356558.30
66a8e51a6b38bc2999515099,main-trial-8, , ,true,356955.60
66a8e51a6b38bc2999515099,main-trial-8,s,s,true,357321.60
66a8e51a6b38bc2999515099,main-trial-8,r,r,true,357564.60
66a8e51a6b38bc2999515099,main-trial-8, , ,true,357829.20
66a8e51a6b38bc2999515099,main-trial-8,s,s,true,357986.60
66a8e51a6b38bc2999515099,main-trial-8,r,r,true,358263.60
66a8e51a6b38bc2999515099,main-trial-8, , ,true,358666.50
66a8e51a6b38bc2999515099,main-trial-8,s,s,true,358800.10
66a8e51a6b38bc2999515099,main-trial-8,r,r,true,359015.20
66a8e51a6b38bc2999515099,main-trial-8, , ,true,359151.50
66a8e51a6b38bc2999515099,main-trial-8,a,a,true,359967.40
66a8e51a6b38bc2999515099,main-trial-8,e,e,true,360293.50
66a8e51a6b38bc2999515099,main-trial-8,k,k,true,361364.20
66a8e51a6b38bc2999515099,main-trial-8,n,n,true,361594.10
66a8e51a6b38bc2999515099,main-trial-8,p,p,true,361852.20
66a8e51a6b38bc2999515099,main-trial-8, , ,true,362037.90
66a8e51a6b38bc2999515099,main-trial-8,w,w,true,362784.10
66a8e51a6b38bc2999515099,main-trial-8,f,f,true,363084.80
66a8e51a6b38bc2999515099,main-trial-8, , ,true,363431.00
66a8e51a6b38bc2999515099,main-trial-8,w,w,true,363891.10
66a8e51a6b38bc2999515099,main-trial-8,f,f,true,364215.50
66a8e51a6b38bc2999515099,main-trial-8, , ,true,364417.20
66a8e51a6b38bc2999515099,main-trial-8,w,w,true,364645.80
66a8e51a6b38bc2999515099,main-trial-8,f,f,true,364910.40
66a8e51a6b38bc2999515099,main-trial-8, , ,true,365040.30
66a8e51a6b38bc2999515099,main-trial-8,q, ,false,366114.50
66a8e51a6b38bc2999515099,main-trial-8,q,q,true,366319.90
66a8e51a6b38bc2999515099,main-trial-8,d,d,true,367403.20
66a8e51a6b38bc2999515099,main-trial-8,y,y,true,367665.10
66a8e51a6b38bc2999515099,main-trial-8,s,s,true,368321.00
66a8e51a6b38bc2999515099,main-trial-8,l,l,true,368740.00
66a8e51a6b38bc2999515099,main-trial-8, , ,true,368990.90
66a8e51a6b38bc2999515099,main-trial-8,s,s,true,369490.10
66a8e51a6b38bc2999515099,main-trial-8,r,r,true,369756.90
66a8e51a6b38bc2999515099,main-trial-8, , ,true,370070.90
66a8e51a6b38bc2999515099,main-trial-8,w,w,true,370620.70
66a8e51a6b38bc2999515099,main-trial-8,f,f,true,370927.40
66a8e51a6b38bc2999515099,main-trial-8, , ,true,371337.80
66a8e51a6b38bc2999515099,main-trial-8,s,s,true,371594.30
66a8e51a6b38bc2999515099,main-trial-8,r,r,true,372438.80
66a8e51a6b38bc2999515099,main-trial-8, , ,true,372761.30
66a8e51a6b38bc2999515099,main-trial-8,w,w,true,373477.20
66a8e51a6b38bc2999515099,main-trial-8,f,f,true,373758.50
66a8e51a6b38bc2999515099,main-trial-8, , ,true,374238.50
66a8e51a6b38bc2999515099,main-trial-8,s,s,true,374613.20
66a8e51a6b38bc2999515099,main-trial-8,r,r,true,375048.30
66a8e51a6b38bc2999515099,main-trial-8, , ,true,376688.20
66a8e51a6b38bc2999515099,main-trial-8,w,w,true,377079.80
66a8e51a6b38bc2999515099,main-trial-8,f,f,true,377462.60
66a8e51a6b38bc2999515099,main-trial-9,y,y,true,381711.00
66a8e51a6b38bc2999515099,main-trial-9,t,t,true,382067.40
66a8e51a6b38bc2999515099,main-trial-9,n,n,true,382970.30
66a8e51a6b38bc2999515099,main-trial-9,z,z,true,383214.40
66a8e51a6b38bc2999515099,main-trial-9,o,o,true,383489.00
66a8e51a6b38bc2999515099,main-trial-9, , ,true,383739.30
66a8e51a6b38bc2999515099,main-trial-9,d,d,true,384471.80
66a8e51a6b38bc2999515099,main-trial-9,s,s,true,384667.40
66a8e51a6b38bc2999515099,main-trial-9, , ,true,385106.60
66a8e51a6b38bc2999515099,main-trial-9,d,d,true,385336.80
66a8e51a6b38bc2999515099,main-trial-9,s,s,true,385558.40
66a8e51a6b38bc2999515099,main-trial-9, , ,true,385982.50
66a8e51a6b38bc2999515099,main-trial-9,d,d,true,386157.50
66a8e51a6b38bc2999515099,main-trial-9,s,s,true,386355.30
66a8e51a6b38bc2999515099,main-trial-9, , ,true,386495.10
66a8e51a6b38bc2999515099,main-trial-9,a,q,false,386952.50
66a8e51a6b38bc2999515099,main-trial-9,a,u,false,387263.20
66a8e51a6b38bc2999515099,main-trial-9,a,p,false,388357.40
66a8e51a6b38bc2999515099,main-trial-9,a,z,false,388887.30
66a8e51a6b38bc2999515099,main-trial-9,a, ,false,391475.50
66a8e51a6b38bc2999515099,main-trial-9,a,a,true,392070.40
66a8e51a6b38bc2999515099,main-trial-9,u,u,true,394821.30
66a8e51a6b38bc2999515099,main-trial-9,p,p,true,395744.10
66a8e51a6b38bc2999515099,main-trial-9,z,z,true,396193.00
66a8e51a6b38bc2999515099,main-trial-9,f,f,true,397175.00
66a8e51a6b38bc2999515099,main-trial-9, , ,true,397558.80
66a8e51a6b38bc2999515099,main-trial-9,w,w,true,398237.90
66a8e51a6b38bc2999515099,main-trial-9,d,d,true,398488.10
66a8e51a6b38bc2999515099,main-trial-9, , ,true,398847.80
66a8e51a6b38bc2999515099,main-trial-9,w,w,true,399038.60
66a8e51a6b38bc2999515099,main-trial-9,d,d,true,399267.10
66a8e51a6b38bc2999515099,main-trial-9, , ,true,399487.30
66a8e51a6b38bc2999515099,main-trial-9,w,w,true,399697.10
66a8e51a6b38bc2999515099,main-trial-9,d,d,true,399897.20
66a8e51a6b38bc2999515099,main-trial-9, , ,true,400046.10
66a8e51a6b38bc2999515099,main-trial-9,w,w,true,401342.20
66a8e51a6b38bc2999515099,main-trial-9,d,d,true,402283.20
66a8e51a6b38bc2999515099,main-trial-9,x,x,true,403618.20
66a8e51a6b38bc2999515099,main-trial-9,x,x,true,403808.80
66a8e51a6b38bc2999515099,main-trial-9,s,s,true,404147.00
66a8e51a6b38bc2999515099,main-trial-9, , ,true,404494.80
66a8e51a6b38bc2999515099,main-trial-9,d,d,true,405483.30
66a8e51a6b38bc2999515099,main-trial-9,s,s,true,405757.70
66a8e51a6b38bc2999515099,main-trial-9, , ,true,406152.70
66a8e51a6b38bc2999515099,main-trial-9,w,w,true,406485.50
66a8e51a6b38bc2999515099,main-trial-9,d,d,true,406743.00
66a8e51a6b38bc2999515099,main-trial-9, , ,true,407117.10
66a8e51a6b38bc2999515099,main-trial-9,d, ,false,407377.10
66a8e51a6b38bc2999515099,main-trial-9,d,d,true,407744.90
66a8e51a6b38bc2999515099,main-trial-9,s,s,true,407982.70
66a8e51a6b38bc2999515099,main-trial-9, , ,true,408223.00
66a8e51a6b38bc2999515099,main-trial-9,w,w,true,408787.70
66a8e51a6b38bc2999515099,main-trial-9,d,d,true,409024.90
66a8e51a6b38bc2999515099,main-trial-9, , ,true,409327.60
66a8e51a6b38bc2999515099,main-trial-9,d,d,true,409808.00
66a8e51a6b38bc2999515099,main-trial-9,s,s,true,410033.50
66a8e51a6b38bc2999515099,main-trial-9, , ,true,410294.90
66a8e51a6b38bc2999515099,main-trial-9,w,w,true,410906.90
66a8e51a6b38bc2999515099,main-trial-9,d,d,true,411144.50
66a8e51a6b38bc2999515099,main-trial-10,q,q,true,420309.90
66a8e51a6b38bc2999515099,main-trial-10,g,g,true,421141.50
66a8e51a6b38bc2999515099,main-trial-10,t,t,true,422058.10
66a8e51a6b38bc2999515099,main-trial-10,v,v,true,422427.00
66a8e51a6b38bc2999515099,main-trial-10,d,d,true,423492.80
66a8e51a6b38bc2999515099,main-trial-10, , ,true,423754.40
66a8e51a6b38bc2999515099,main-trial-10,x,x,true,424809.80
66a8e51a6b38bc2999515099,main-trial-10,c,c,true,425061.30
66a8e51a6b38bc2999515099,main-trial-10, , ,true,425494.00
66a8e51a6b38bc2999515099,main-trial-10,x,x,true,425706.40
66a8e51a6b38bc2999515099,main-trial-10,c,c,true,425979.10
66a8e51a6b38bc2999515099,main-trial-10, , ,true,426443.30
66a8e51a6b38bc2999515099,main-trial-10,x,x,true,426645.30
66a8e51a6b38bc2999515099,main-trial-10,c,c,true,426857.40
66a8e51a6b38bc2999515099,main-trial-10, , ,true,426989.20
66a8e51a6b38bc2999515099,main-trial-10,j,j,true,427709.30
66a8e51a6b38bc2999515099,main-trial-10,z,z,true,428095.00
66a8e51a6b38bc2999515099,main-trial-10,p,p,true,429244.50
66a8e51a6b38bc2999515099,main-trial-10,y,y,true,429670.90
66a8e51a6b38bc2999515099,main-trial-10,b,b,true,430641.50
66a8e51a6b38bc2999515099,main-trial-10, , ,true,430892.10
66a8e51a6b38bc2999515099,main-trial-10,c,c,true,431491.20
66a8e51a6b38bc2999515099,main-trial-10,e,e,true,431758.50
66a8e51a6b38bc2999515099,main-trial-10, , ,true,432035.00
66a8e51a6b38bc2999515099,main-trial-10,c,c,true,432270.20
66a8e51a6b38bc2999515099,main-trial-10,e,e,true,432520.80
66a8e51a6b38bc2999515099,main-trial-10, , ,true,432791.90
66a8e51a6b38bc2999515099,main-trial-10,c,c,true,432979.10
66a8e51a6b38bc2999515099,main-trial-10,e,e,true,433252.20
66a8e51a6b38bc2999515099,main-trial-10, , ,true,433545.20
66a8e51a6b38bc2999515099,main-trial-10,a,a,true,433919.10
66a8e51a6b38bc2999515099,main-trial-10,t,r,false,434318.40
66a8e51a6b38bc2999515099,main-trial-10,t,t,true,434881.20
66a8e51a6b38bc2999515099,main-trial-10,x,x,true,436096.40
66a8e51a6b38bc2999515099,main-trial-10,m,m,true,436447.10
66a8e51a6b38bc2999515099,main-trial-10,z,z,true,436918.00
66a8e51a6b38bc2999515099,main-trial-10, , ,true,437297.40
66a8e51a6b38bc2999515099,main-trial-10,x,x,true,438423.00
66a8e51a6b38bc2999515099,main-trial-10,c,c,true,438711.00
66a8e51a6b38bc2999515099,main-trial-10, , ,true,439467.90
66a8e51a6b38bc2999515099,main-trial-10,c,c,true,439746.10
66a8e51a6b38bc2999515099,main-trial-10,e,w,false,440017.80
66a8e51a6b38bc2999515099,main-trial-10,e,e,true,441387.90
66a8e51a6b38bc2999515099,main-trial-10, , ,true,441917.50
66a8e51a6b38bc2999515099,main-trial-10,x, ,false,442369.80
66a8e51a6b38bc2999515099,main-trial-10,x,x,true,444129.90
66a8e51a6b38bc2999515099,main-trial-10,c,c,true,444444.90
66a8e51a6b38bc2999515099,main-trial-10, , ,true,444932.60
66a8e51a6b38bc2999515099,main-trial-10,c,v,false,446196.30
66a8e51a6b38bc2999515099,main-trial-10,c,c,true,446724.70
66a8e51a6b38bc2999515099,main-trial-10,e,e,true,446945.70
66a8e51a6b38bc2999515099,main-trial-10, , ,true,447160.60
66a8e51a6b38bc2999515099,main-trial-10,x,x,true,447866.00
66a8e51a6b38bc2999515099,main-trial-10,c,c,true,448062.90
66a8e51a6b38bc2999515099,main-trial-10, , ,true,448327.80
66a8e51a6b38bc2999515099,main-trial-10,c,c,true,448701.80
66a8e51a6b38bc2999515099,main-trial-10,e,e,true,448912.40
66a8e51a6b38bc2999515099,main-trial-11,u,u,true,452436.90
66a8e51a6b38bc2999515099,main-trial-11,s,s,true,452924.60
66a8e51a6b38bc2999515099,main-trial-11,i,i,true,453551.70
66a8e51a6b38bc2999515099,main-trial-11,e,e,true,453738.60
66a8e51a6b38bc2999515099,main-trial-11,f,f,true,454049.40
66a8e51a6b38bc2999515099,main-trial-11, , ,true,454515.50
66a8e51a6b38bc2999515099,main-trial-11,d,d,true,455118.90
66a8e51a6b38bc2999515099,main-trial-11,f,f,true,455315.50
66a8e51a6b38bc2999515099,main-trial-11, , ,true,455663.20
66a8e51a6b38bc2999515099,main-trial-11,d,d,true,455924.60
66a8e51a6b38bc2999515099,main-trial-11,f,f,true,456145.50
66a8e51a6b38bc2999515099,main-trial-11, , ,true,456501.60
66a8e51a6b38bc2999515099,main-trial-11,d,d,true,456665.30
66a8e51a6b38bc2999515099,main-trial-11,f,f,true,456922.70
66a8e51a6b38bc2999515099,main-trial-11, , ,true,457042.50
66a8e51a6b38bc2999515099,main-trial-11,s,s,true,457688.80
66a8e51a6b38bc2999515099,main-trial-11,u,u,true,457982.60
66a8e51a6b38bc2999515099,main-trial-11,b,b,true,458425.70
66a8e51a6b38bc2999515099,main-trial-11,w,w,true,459825.50
66a8e51a6b38bc2999515099,main-trial-11,q,q,true,460092.40
66a8e51a6b38bc2999515099,main-trial-11, , ,true,460431.30
66a8e51a6b38bc2999515099,main-trial-11,f,f,true,461170.30
66a8e51a6b38bc2999515099,main-trial-11,g,g,true,461371.10
66a8e51a6b38bc2999515099,main-trial-11, ,f,false,461650.10
66a8e51a6b38bc2999515099,main-trial-11, ,g,false,461848.40
66a8e51a6b38bc2999515099,main-trial-11, ,f,false,461969.80
66a8e51a6b38bc2999515099,main-trial-11, , ,true,462359.20
66a8e51a6b38bc2999515099,main-trial-11,f,f,true,462777.20
66a8e51a6b38bc2999515099,main-trial-11,g,g,true,462927.90
66a8e51a6b38bc2999515099,main-trial-11, , ,true,463543.80
66a8e51a6b38bc2999515099,main-trial-11,f,f,true,463800.00
66a8e51a6b38bc2999515099,main-trial-11,g,g,true,463958.90
66a8e51a6b38bc2999515099,main-trial-11, , ,true,464509.20
66a8e51a6b38bc2999515099,main-trial-11,c,c,true,465193.80
66a8e51a6b38bc2999515099,main-trial-11,y,y,true,465698.60
66a8e51a6b38bc2999515099,main-trial-11,b,b,true,466466.30
66a8e51a6b38bc2999515099,main-trial-11,z,z,true,467055.50
66a8e51a6b38bc2999515099,main-trial-11,p,p,true,468014.20
66a8e51a6b38bc2999515099,main-trial-11, , ,true,468227.00
66a8e51a6b38bc2999515099,main-trial-11,d,d,true,469130.70
66a8e51a6b38bc2999515099,main-trial-11,f,f,true,469314.40
66a8e51a6b38bc2999515099,main-trial-11, , ,true,469580.00
66a8e51a6b38bc2999515099,main-trial-11,f,f,true,470097.70
66a8e51a6b38bc2999515099,main-trial-11,g,g,true,470317.90
66a8e51a6b38bc2999515099,main-trial-11, , ,true,470623.60
66a8e51a6b38bc2999515099,main-trial-11,d,d,true,471112.70
66a8e51a6b38bc2999515099,main-trial-11,f,f,true,471288.70
66a8e51a6b38bc2999515099,main-trial-11, , ,true,471675.00
66a8e51a6b38bc2999515099,main-trial-11,f,f,true,473495.60
66a8e51a6b38bc2999515099,main-trial-11,g,g,true,473669.40
66a8e51a6b38bc2999515099,main-trial-11, , ,true,474004.80
66a8e51a6b38bc2999515099,main-trial-11,d,d,true,474507.30
66a8e51a6b38bc2999515099,main-trial-11,f,f,true,474706.70
66a8e51a6b38bc2999515099,main-trial-11, , ,true,475063.80
66a8e51a6b38bc2999515099,main-trial-11,f,f,true,475474.70
66a8e51a6b38bc2999515099,main-trial-11,g,g,true,475671.40
66a8e51a6b38bc2999515099,main-trial-12,l,l,true,479164.80
66a8e51a6b38bc2999515099,main-trial-12,s,s,true,479665.90
66a8e51a6b38bc2999515099,main-trial-12,j,j,true,480414.50
66a8e51a6b38bc2999515099,main-trial-12,a,a,true,480687.20
66a8e51a6b38bc2999515099,main-trial-12,i,i,true,481456.50
66a8e51a6b38bc2999515099,main-trial-12, , ,true,481784.50
66a8e51a6b38bc2999515099,main-trial-12,f,f,true,482650.40
66a8e51a6b38bc2999515099,main-trial-12,d,d,true,482916.10
66a8e51a6b38bc2999515099,main-trial-12, , ,true,483352.30
66a8e51a6b38bc2999515099,main-trial-12,f,f,true,483670.30
66a8e51a6b38bc2999515099,main-trial-12,d,d,true,483911.00
66a8e51a6b38bc2999515099,main-trial-12, , ,true,484272.20
66a8e51a6b38bc2999515099,main-trial-12,f,f,true,484532.40
66a8e51a6b38bc2999515099,main-trial-12,d,d,true,484804.20
66a8e51a6b38bc2999515099,main-trial-12, , ,true,484994.40
66a8e51a6b38bc2999515099,main-trial-12,f,f,true,485463.90
66a8e51a6b38bc2999515099,main-trial-12,w,w,true,485952.50
66a8e51a6b38bc2999515099,main-trial-12,u,u,true,487115.40
66a8e51a6b38bc2999515099,main-trial-12,k,k,true,487394.90
66a8e51a6b38bc2999515099,main-trial-12,w,w,true,488186.90
66a8e51a6b38bc2999515099,main-trial-12, , ,true,488403.00
66a8e51a6b38bc2999515099,main-trial-12,d,d,true,489125.60
66a8e51a6b38bc2999515099,main-trial-12,r,r,true,489368.20
66a8e51a6b38bc2999515099,main-trial-12, , ,true,489616.40
66a8e51a6b38bc2999515099,main-trial-12,d,d,true,489932.00
66a8e51a6b38bc2999515099,main-trial-12,r,r,true,490161.00
66a8e51a6b38bc2999515099,main-trial-12, , ,true,490526.20
66a8e51a6b38bc2999515099,main-trial-12,d,d,true,490722.30
66a8e51a6b38bc2999515099,main-trial-12,r,r,true,491062.30
66a8e51a6b38bc2999515099,main-trial-12, , ,true,491185.50
66a8e51a6b38bc2999515099,main-trial-12,a,a,true,491704.00
66a8e51a6b38bc2999515099,main-trial-12,g,g,true,492494.50
66a8e51a6b38bc2999515099,main-trial-12,c,c,true,493040.10
66a8e51a6b38bc2999515099,main-trial-12,t,t,true,493657.90
66a8e51a6b38bc2999515099,main-trial-12,r,r,true,493917.00
66a8e51a6b38bc2999515099,main-trial-12, , ,true,494190.00
66a8e51a6b38bc2999515099,main-trial-12,f,f,true,494994.90
66a8e51a6b38bc2999515099,main-trial-12,d,d,true,495257.80
66a8e51a6b38bc2999515099,main-trial-12, , ,true,495463.60
66a8e51a6b38bc2999515099,main-trial-12,d,d,true,496323.30
66a8e51a6b38bc2999515099,main-trial-12,r,r,true,496567.10
66a8e51a6b38bc2999515099,main-trial-12, , ,true,496819.80
66a8e51a6b38bc2999515099,main-trial-12,f,f,true,497245.60
66a8e51a6b38bc2999515099,main-trial-12,d,d,true,497443.50
66a8e51a6b38bc2999515099,main-trial-12, , ,true,497676.30
66a8e51a6b38bc2999515099,main-trial-12,d,d,true,498126.10
66a8e51a6b38bc2999515099,main-trial-12,r,r,true,498347.40
66a8e51a6b38bc2999515099,main-trial-12, , ,true,498657.60
66a8e51a6b38bc2999515099,main-trial-12,f,f,true,499324.20
66a8e51a6b38bc2999515099,main-trial-12,d,d,true,499529.50
66a8e51a6b38bc2999515099,main-trial-12, , ,true,499808.50
66a8e51a6b38bc2999515099,main-trial-12,d,d,true,500077.50
66a8e51a6b38bc2999515099,main-trial-12,r,r,true,500319.50
66a8e51a6b38bc2999515099,main-trial-13,m,m,true,503845.30
66a8e51a6b38bc2999515099,main-trial-13,h,h,true,504329.70
66a8e51a6b38bc2999515099,main-trial-13,q,q,true,505641.70
66a8e51a6b38bc2999515099,main-trial-13,n,n,true,506028.20
66a8e51a6b38bc2999515099,main-trial-13,z,z,true,506293.60
66a8e51a6b38bc2999515099,main-trial-13, , ,true,506689.40
66a8e51a6b38bc2999515099,main-trial-13,z,z,true,507603.10
66a8e51a6b38bc2999515099,main-trial-13,x,x,true,507850.50
66a8e51a6b38bc2999515099,main-trial-13, , ,true,508391.40
66a8e51a6b38bc2999515099,main-trial-13,z,z,true,508614.50
66a8e51a6b38bc2999515099,main-trial-13,x,x,true,508831.00
66a8e51a6b38bc2999515099,main-trial-13, , ,true,509039.40
66a8e51a6b38bc2999515099,main-trial-13,z,z,true,509288.40
66a8e51a6b38bc2999515099,main-trial-13,x,x,true,509517.50
66a8e51a6b38bc2999515099,main-trial-13, , ,true,509641.90
66a8e51a6b38bc2999515099,main-trial-13,i, ,false,510480.70
66a8e51a6b38bc2999515099,main-trial-13,i,i,true,510606.60
66a8e51a6b38bc2999515099,main-trial-13,p,p,true,511895.10
66a8e51a6b38bc2999515099,main-trial-13,u,u,true,512231.80
66a8e51a6b38bc2999515099,main-trial-13,w,w,true,513276.30
66a8e51a6b38bc2999515099,main-trial-13,f,f,true,513570.90
66a8e51a6b38bc2999515099,main-trial-13, , ,true,513810.10
66a8e51a6b38bc2999515099,main-trial-13,z,z,true,514711.70
66a8e51a6b38bc2999515099,main-trial-13,e,e,true,514993.20
66a8e51a6b38bc2999515099,main-trial-13, ,z,false,515287.10
66a8e51a6b38bc2999515099,main-trial-13, ,e,false,515603.30
66a8e51a6b38bc2999515099,main-trial-13, , ,true,516243.40
66a8e51a6b38bc2999515099,main-trial-13,z,z,true,516864.00
66a8e51a6b38bc2999515099,main-trial-13,e,e,true,517194.70
66a8e51a6b38bc2999515099,main-trial-13, , ,true,517461.90
66a8e51a6b38bc2999515099,main-trial-13,z,z,true,518075.80
66a8e51a6b38bc2999515099,main-trial-13,e,e,true,518411.90
66a8e51a6b38bc2999515099,main-trial-13, , ,true,518590.00
66a8e51a6b38bc2999515099,main-trial-13,j,j,true,520120.70
66a8e51a6b38bc2999515099,main-trial-13,s,s,true,520663.40
66a8e51a6b38bc2999515099,main-trial-13,t,t,true,521555.30
66a8e51a6b38bc2999515099,main-trial-13,b,b,true,521992.50
66a8e51a6b38bc2999515099,main-trial-13,k,k,true,522751.10
66a8e51a6b38bc2999515099,main-trial-13, , ,true,522965.20
66a8e51a6b38bc2999515099,main-trial-13,z,z,true,523733.00
66a8e51a6b38bc2999515099,main-trial-13,x,x,true,523975.60
66a8e51a6b38bc2999515099,main-trial-13, , ,true,524285.90
66a8e51a6b38bc2999515099,main-trial-13,z,z,true,524604.80
66a8e51a6b38bc2999515099,main-trial-13,e,e,true,524901.90
66a8e51a6b38bc2999515099,main-trial-13, , ,true,525271.10
66a8e51a6b38bc2999515099,main-trial-13,z,z,true,525524.50
66a8e51a6b38bc2999515099,main-trial-13,x,x,true,525832.90
66a8e51a6b38bc2999515099,main-trial-13, ,d,false,525839.70
66a8e51a6b38bc2999515099,main-trial-13, , ,true,526025.40
66a8e51a6b38bc2999515099,main-trial-13,z,z,true,526562.10
66a8e51a6b38bc2999515099,main-trial-13,e,e,true,526831.50
66a8e51a6b38bc2999515099,main-trial-13, , ,true,527198.80
66a8e51a6b38bc2999515099,main-trial-13,z,z,true,527468.60
66a8e51a6b38bc2999515099,main-trial-13,x,x,true,527716.10
66a8e51a6b38bc2999515099,main-trial-13, , ,true,528102.50
66a8e51a6b38bc2999515099,main-trial-13,z, ,false,528371.50
66a8e51a6b38bc2999515099,main-trial-13,z,z,true,528590.70
66a8e51a6b38bc2999515099,main-trial-13,e,e,true,528897.90
66a8e51a6b38bc2999515099,main-trial-13,, ,false,529021.60
66a8e51a6b38bc2999515099,main-trial-14,l,l,true,532805.50
66a8e51a6b38bc2999515099,main-trial-14,j,j,true,533501.80
66a8e51a6b38bc2999515099,main-trial-14,w,w,true,534557.60
66a8e51a6b38bc2999515099,main-trial-14,o,o,true,534805.30
66a8e51a6b38bc2999515099,main-trial-14,c,c,true,534990.40
66a8e51a6b38bc2999515099,main-trial-14, , ,true,535462.90
66a8e51a6b38bc2999515099,main-trial-14,e,e,true,535888.40
66a8e51a6b38bc2999515099,main-trial-14,f,f,true,536132.20
66a8e51a6b38bc2999515099,main-trial-14, , ,true,536537.20
66a8e51a6b38bc2999515099,main-trial-14,e,e,true,536731.00
66a8e51a6b38bc2999515099,main-trial-14,f,f,true,536957.10
66a8e51a6b38bc2999515099,main-trial-14, , ,true,537243.00
66a8e51a6b38bc2999515099,main-trial-14,e,e,true,537431.30
66a8e51a6b38bc2999515099,main-trial-14,f,f,true,537672.20
66a8e51a6b38bc2999515099,main-trial-14, , ,true,537775.90
66a8e51a6b38bc2999515099,main-trial-14,a, ,false,538985.40
66a8e51a6b38bc2999515099,main-trial-14,a,a,true,539209.90
66a8e51a6b38bc2999515099,main-trial-14,j,j,true,539471.10
66a8e51a6b38bc2999515099,main-trial-14,n,n,true,540567.30
66a8e51a6b38bc2999515099,main-trial-14,d,d,true,541469.20
66a8e51a6b38bc2999515099,main-trial-14,t,t,true,541747.70
66a8e51a6b38bc2999515099,main-trial-14, , ,true,541996.90
66a8e51a6b38bc2999515099,main-trial-14,f,f,true,542490.40
66a8e51a6b38bc2999515099,main-trial-14,e,e,true,542707.90
66a8e51a6b38bc2999515099,main-trial-14, , ,true,543007.30
66a8e51a6b38bc2999515099,main-trial-14,f,f,true,543252.90
66a8e51a6b38bc2999515099,main-trial-14,e,e,true,543561.30
66a8e51a6b38bc2999515099,main-trial-14, , ,true,543889.30
66a8e51a6b38bc2999515099,main-trial-14,f,f,true,544148.00
66a8e51a6b38bc2999515099,main-trial-14,e,e,true,544328.30
66a8e51a6b38bc2999515099,main-trial-14, , ,true,544504.60
66a8e51a6b38bc2999515099,main-trial-14,b, ,false,545872.20
66a8e51a6b38bc2999515099,main-trial-14,b,b,true,546118.60
66a8e51a6b38bc2999515099,main-trial-14,e,e,true,546205.40
66a8e51a6b38bc2999515099,main-trial-14,q,q,true,547496.50
66a8e51a6b38bc2999515099,main-trial-14,j,j,true,548444.70
66a8e51a6b38bc2999515099,main-trial-14,r,r,true,549283.70
66a8e51a6b38bc2999515099,main-trial-14, , ,true,549485.60
66a8e51a6b38bc2999515099,main-trial-14,e,e,true,550473.60
66a8e51a6b38bc2999515099,main-trial-14,f,f,true,550711.00
66a8e51a6b38bc2999515099,main-trial-14, , ,true,550969.20
66a8e51a6b38bc2999515099,main-trial-14,f,f,true,551431.20
66a8e51a6b38bc2999515099,main-trial-14,e,e,true,551741.30
66a8e51a6b38bc2999515099,main-trial-14, , ,true,552339.90
66a8e51a6b38bc2999515099,main-trial-14,e,e,true,552796.50
66a8e51a6b38bc2999515099,main-trial-14,f,f,true,553094.10
66a8e51a6b38bc2999515099,main-trial-14, , ,true,553327.00
66a8e51a6b38bc2999515099,main-trial-14,f,f,true,554829.20
66a8e51a6b38bc2999515099,main-trial-14,e,e,true,555040.50
66a8e51a6b38bc2999515099,main-trial-14, , ,true,555286.00
66a8e51a6b38bc2999515099,main-trial-14,e,e,true,555663.70
66a8e51a6b38bc2999515099,main-trial-14,f,f,true,555885.20
66a8e51a6b38bc2999515099,main-trial-14, , ,true,556042.80
66a8e51a6b38bc2999515099,main-trial-14,f,f,true,556324.70
66a8e51a6b38bc2999515099,main-trial-14,e,e,true,556498.90
66a8e51a6b38bc2999515099,main-trial-15,s,s,true,558996.10
66a8e51a6b38bc2999515099,main-trial-15,d,d,true,559907.20
66a8e51a6b38bc2999515099,main-trial-15,f,f,true,560860.10
66a8e51a6b38bc2999515099,main-trial-15,r,r,true,561248.90
66a8e51a6b38bc2999515099,main-trial-15,b,b,true,561779.70
66a8e51a6b38bc2999515099,main-trial-15, , ,true,562098.60
66a8e51a6b38bc2999515099,main-trial-15,d,d,true,562546.90
66a8e51a6b38bc2999515099,main-trial-15,r,r,true,562936.60
66a8e51a6b38bc2999515099,main-trial-15, , ,true,563142.30
66a8e51a6b38bc2999515099,main-trial-15,d,d,true,563488.60
66a8e51a6b38bc2999515099,main-trial-15,r,r,true,563790.70
66a8e51a6b38bc2999515099,main-trial-15, , ,true,563942.20
66a8e51a6b38bc2999515099,main-trial-15,d,d,true,564268.30
66a8e51a6b38bc2999515099,main-trial-15,r,r,true,564607.50
66a8e51a6b38bc2999515099,main-trial-15, , ,true,564727.50
66a8e51a6b38bc2999515099,main-trial-15,h, ,false,565172.00
66a8e51a6b38bc2999515099,main-trial-15,h,h,true,565443.60
66a8e51a6b38bc2999515099,main-trial-15,j,j,true,565694.80
66a8e51a6b38bc2999515099,main-trial-15,e,j,false,565844.30
66a8e51a6b38bc2999515099,main-trial-15,e,s,false,566145.00
66a8e51a6b38bc2999515099,main-trial-15,e,e,true,566524.90
66a8e51a6b38bc2999515099,main-trial-15,s,s,true,566852.90
66a8e51a6b38bc2999515099,main-trial-15,d,d,true,567362.10
66a8e51a6b38bc2999515099,main-trial-15, , ,true,567588.30
66a8e51a6b38bc2999515099,main-trial-15,e,e,true,568198.70
66a8e51a6b38bc2999515099,main-trial-15,f,f,true,568425.70
66a8e51a6b38bc2999515099,main-trial-15, , ,true,568587.30
66a8e51a6b38bc2999515099,main-trial-15,e,e,true,568833.90
66a8e51a6b38bc2999515099,main-trial-15,f,f,true,569065.70
66a8e51a6b38bc2999515099,main-trial-15, , ,true,569203.80
66a8e51a6b38bc2999515099,main-trial-15,e,e,true,569446.50
66a8e51a6b38bc2999515099,main-trial-15,f,f,true,569661.80
66a8e51a6b38bc2999515099,main-trial-15, , ,true,569781.50
66a8e51a6b38bc2999515099,main-trial-15,c,c,true,571144.10
66a8e51a6b38bc2999515099,main-trial-15,i,i,true,571538.50
66a8e51a6b38bc2999515099,main-trial-15,z,z,true,572863.10
66a8e51a6b38bc2999515099,main-trial-15,h,h,true,573285.40
66a8e51a6b38bc2999515099,main-trial-15,v,v,true,574228.90
66a8e51a6b38bc2999515099,main-trial-15, , ,true,574509.80
66a8e51a6b38bc2999515099,main-trial-15,d,d,true,575269.60
66a8e51a6b38bc2999515099,main-trial-15,r,r,true,575532.90
66a8e51a6b38bc2999515099,main-trial-15, , ,true,575896.50
66a8e51a6b38bc2999515099,main-trial-15,e,e,true,576152.40
66a8e51a6b38bc2999515099,main-trial-15,f,f,true,576396.50
66a8e51a6b38bc2999515099,main-trial-15, , ,true,576757.00
66a8e51a6b38bc2999515099,main-trial-15,d,d,true,577382.00
66a8e51a6b38bc2999515099,main-trial-15,r,r,true,577617.70
66a8e51a6b38bc2999515099,main-trial-15, , ,true,577819.80
66a8e51a6b38bc2999515099,main-trial-15,e,e,true,578158.70
66a8e51a6b38bc2999515099,main-trial-15,f,f,true,578491.20
66a8e51a6b38bc2999515099,main-trial-15, , ,true,578676.50
66a8e51a6b38bc2999515099,main-trial-15,d,d,true,579249.90
66a8e51a6b38bc2999515099,main-trial-15,r,r,true,579476.60
66a8e51a6b38bc2999515099,main-trial-15, , ,true,579662.40
66a8e51a6b38bc2999515099,main-trial-15,e,e,true,579876.90
66a8e51a6b38bc2999515099,main-trial-15,f,f,true,580104.60
66a8e51a6b38bc2999515099,main-trial-16,t,t,true,583816.40
66a8e51a6b38bc2999515099,main-trial-16,z,z,true,584588.30
66a8e51a6b38bc2999515099,main-trial-16,y,y,true,585121.40
66a8e51a6b38bc2999515099,main-trial-16,r,r,true,586125.00
66a8e51a6b38bc2999515099,main-trial-16,c,c,true,586440.60
66a8e51a6b38bc2999515099,main-trial-16, , ,true,586734.80
66a8e51a6b38bc2999515099,main-trial-16,c,c,true,587196.90
66a8e51a6b38bc2999515099,main-trial-16,r,t,false,587532.40
66a8e51a6b38bc2999515099,main-trial-16,r,r,true,587918.60
66a8e51a6b38bc2999515099,main-trial-16, , ,true,588171.50
66a8e51a6b38bc2999515099,main-trial-16,c,c,true,588526.60
66a8e51a6b38bc2999515099,main-trial-16,r,r,true,588837.60
66a8e51a6b38bc2999515099,main-trial-16, , ,true,589022.90
66a8e51a6b38bc2999515099,main-trial-16,c,c,true,589441.90
66a8e51a6b38bc2999515099,main-trial-16,r,r,true,589724.10
66a8e51a6b38bc2999515099,main-trial-16, , ,true,589899.70
66a8e51a6b38bc2999515099,main-trial-16,s,s,true,590488.20
66a8e51a6b38bc2999515099,main-trial-16,c,c,true,591184.10
66a8e51a6b38bc2999515099,main-trial-16,c,c,true,591351.80
66a8e51a6b38bc2999515099,main-trial-16,k,k,true,591975.00
66a8e51a6b38bc2999515099,main-trial-16,u,y,false,592235.60
66a8e51a6b38bc2999515099,main-trial-16,u,u,true,592618.50
66a8e51a6b38bc2999515099,main-trial-16, , ,true,592899.50
66a8e51a6b38bc2999515099,main-trial-16,v,v,true,593590.30
66a8e51a6b38bc2999515099,main-trial-16,r,r,true,594037.10
66a8e51a6b38bc2999515099,main-trial-16, , ,true,594243.70
66a8e51a6b38bc2999515099,main-trial-16,v,v,true,594712.50
66a8e51a6b38bc2999515099,main-trial-16,r,r,true,595029.60
66a8e51a6b38bc2999515099,main-trial-16, , ,true,595259.20
66a8e51a6b38bc2999515099,main-trial-16,v,v,true,595489.80
66a8e51a6b38bc2999515099,main-trial-16,r,r,true,595765.10
66a8e51a6b38bc2999515099,main-trial-16, , ,true,595970.50
66a8e51a6b38bc2999515099,main-trial-16,x,z,false,597320.80
66a8e51a6b38bc2999515099,main-trial-16,x,k,false,598982.70
66a8e51a6b38bc2999515099,main-trial-16,x,i,false,599248.30
66a8e51a6b38bc2999515099,main-trial-16,x,d,false,599687.00
66a8e51a6b38bc2999515099,main-trial-16,x,x,true,601428.30
66a8e51a6b38bc2999515099,main-trial-16,k,k,true,602539.80
66a8e51a6b38bc2999515099,main-trial-16,i,i,true,602827.60
66a8e51a6b38bc2999515099,main-trial-16,d,d,true,602973.90
66a8e51a6b38bc2999515099,main-trial-16,o,o,true,603639.60
66a8e51a6b38bc2999515099,main-trial-16, , ,true,603889.00
66a8e51a6b38bc2999515099,main-trial-16,c,c,true,604915.90
66a8e51a6b38bc2999515099,main-trial-16,r,r,true,605403.10
66a8e51a6b38bc2999515099,main-trial-16, , ,true,605782.00
66a8e51a6b38bc2999515099,main-trial-16,v,v,true,606427.20
66a8e51a6b38bc2999515099,main-trial-16,r,r,true,606852.00
66a8e51a6b38bc2999515099,main-trial-16, , ,true,607169.80
66a8e51a6b38bc2999515099,main-trial-16,c,c,true,607740.20
66a8e51a6b38bc2999515099,main-trial-16,r,r,true,608109.90
66a8e51a6b38bc2999515099,main-trial-16, , ,true,608369.20
66a8e51a6b38bc2999515099,main-trial-16,v,v,true,609755.00
66a8e51a6b38bc2999515099,main-trial-16,r,r,true,610176.70
66a8e51a6b38bc2999515099,main-trial-16, , ,true,610399.90
66a8e51a6b38bc2999515099,main-trial-16,c,c,true,611089.00
66a8e51a6b38bc2999515099,main-trial-16,r,r,true,611432.80
66a8e51a6b38bc2999515099,main-trial-16, , ,true,611633.10
66a8e51a6b38bc2999515099,main-trial-16,v,v,true,612090.60
66a8e51a6b38bc2999515099,main-trial-16,r,r,true,612471.90
66a8e51a6b38bc2999515099,main-trial-17,z,z,true,615899.60
66a8e51a6b38bc2999515099,main-trial-17,i,i,true,616871.30
66a8e51a6b38bc2999515099,main-trial-17,m,m,true,617134.10
66a8e51a6b38bc2999515099,main-trial-17,n,n,true,617865.90
66a8e51a6b38bc2999515099,main-trial-17,f,f,true,617996.30
66a8e51a6b38bc2999515099,main-trial-17, , ,true,618240.30
66a8e51a6b38bc2999515099,main-trial-17,v,v,true,619146.30
66a8e51a6b38bc2999515099,main-trial-17,r,r,true,619476.00
66a8e51a6b38bc2999515099,main-trial-17, , ,true,620569.10
66a8e51a6b38bc2999515099,main-trial-17,v,v,true,620953.30
66a8e51a6b38bc2999515099,main-trial-17,r,r,true,621240.90
66a8e51a6b38bc2999515099,main-trial-17, , ,true,621554.40
66a8e51a6b38bc2999515099,main-trial-17,v,v,true,621924.90
66a8e51a6b38bc2999515099,main-trial-17,r,r,true,622181.90
66a8e51a6b38bc2999515099,main-trial-17, , ,true,622472.00
66a8e51a6b38bc2999515099,main-trial-17,k,k,true,623136.90
66a8e51a6b38bc2999515099,main-trial-17,q,q,true,623559.10
66a8e51a6b38bc2999515099,main-trial-17,i,i,true,624692.20
66a8e51a6b38bc2999515099,main-trial-17,f,f,true,624879.00
66a8e51a6b38bc2999515099,main-trial-17,z,z,true,625337.80
66a8e51a6b38bc2999515099,main-trial-17, , ,true,625618.20
66a8e51a6b38bc2999515099,main-trial-17,c,c,true,626247.70
66a8e51a6b38bc2999515099,main-trial-17,r,r,true,626559.60
66a8e51a6b38bc2999515099,main-trial-17, , ,true,626761.50
66a8e51a6b38bc2999515099,main-trial-17,c,c,true,627154.80
66a8e51a6b38bc2999515099,main-trial-17,r,r,true,627441.80
66a8e51a6b38bc2999515099,main-trial-17, , ,true,627626.60
66a8e51a6b38bc2999515099,main-trial-17,c,c,true,628085.90
66a8e51a6b38bc2999515099,main-trial-17,r,r,true,628331.70
66a8e51a6b38bc2999515099,main-trial-17, , ,true,628510.60
66a8e51a6b38bc2999515099,main-trial-17,v,v,true,629316.30
66a8e51a6b38bc2999515099,main-trial-17,y,y,true,629545.10
66a8e51a6b38bc2999515099,main-trial-17,o,o,true,630613.40
66a8e51a6b38bc2999515099,main-trial-17,v,v,true,631395.30
66a8e51a6b38bc2999515099,main-trial-17,u,u,true,632417.50
66a8e51a6b38bc2999515099,main-trial-17, , ,true,632671.00
66a8e51a6b38bc2999515099,main-trial-17,v,v,true,634280.50
66a8e51a6b38bc2999515099,main-trial-17,r,r,true,634562.60
66a8e51a6b38bc2999515099,main-trial-17, , ,true,634893.10
66a8e51a6b38bc2999515099,main-trial-17,c,c,true,635392.00
66a8e51a6b38bc2999515099,main-trial-17,r,r,true,635729.90
66a8e51a6b38bc2999515099,main-trial-17, , ,true,635950.20
66a8e51a6b38bc2999515099,main-trial-17,v,v,true,636387.60
66a8e51a6b38bc2999515099,main-trial-17,r,r,true,636619.60
66a8e51a6b38bc2999515099,main-trial-17, , ,true,636877.20
66a8e51a6b38bc2999515099,main-trial-17,c,c,true,637349.20
66a8e51a6b38bc2999515099,main-trial-17,r,r,true,637645.30
66a8e51a6b38bc2999515099,main-trial-17, , ,true,637840.10
66a8e51a6b38bc2999515099,main-trial-17,v,v,true,638652.90
66a8e51a6b38bc2999515099,main-trial-17,r,r,true,638881.20
66a8e51a6b38bc2999515099,main-trial-17, , ,true,639070.40
66a8e51a6b38bc2999515099,main-trial-17,c,c,true,639502.50
66a8e51a6b38bc2999515099,main-trial-17,r,r,true,639860.60
66a8e51a6b38bc2999515099,main-trial-18,m,m,true,643648.80
66a8e51a6b38bc2999515099,main-trial-18,e,e,true,643863.80
66a8e51a6b38bc2999515099,main-trial-18,n,n,true,644216.10
66a8e51a6b38bc2999515099,main-trial-18,z,z,true,645535.50
66a8e51a6b38bc2999515099,main-trial-18,w,w,true,645885.10
66a8e51a6b38bc2999515099,main-trial-18, , ,true,646147.40
66a8e51a6b38bc2999515099,main-trial-18,f,f,true,646876.20
66a8e51a6b38bc2999515099,main-trial-18,d,d,true,647103.80
66a8e51a6b38bc2999515099,main-trial-18, , ,true,647277.20
66a8e51a6b38bc2999515099,main-trial-18,f,f,true,647626.00
66a8e51a6b38bc2999515099,main-trial-18,d,d,true,647826.20
66a8e51a6b38bc2999515099,main-trial-18, , ,true,647994.40
66a8e51a6b38bc2999515099,main-trial-18,f,f,true,648304.20
66a8e51a6b38bc2999515099,main-trial-18,d,d,true,648459.80
66a8e51a6b38bc2999515099,main-trial-18, , ,true,648618.10
66a8e51a6b38bc2999515099,main-trial-18,x,x,true,649487.90
66a8e51a6b38bc2999515099,main-trial-18,u,u,true,649914.80
66a8e51a6b38bc2999515099,main-trial-18,m,m,true,651000.40
66a8e51a6b38bc2999515099,main-trial-18,g,g,true,651467.50
66a8e51a6b38bc2999515099,main-trial-18,m,m,true,651649.80
66a8e51a6b38bc2999515099,main-trial-18, , ,true,651994.10
66a8e51a6b38bc2999515099,main-trial-18,f,f,true,652544.90
66a8e51a6b38bc2999515099,main-trial-18,r,r,true,652791.70
66a8e51a6b38bc2999515099,main-trial-18, , ,true,653123.90
66a8e51a6b38bc2999515099,main-trial-18,f,f,true,653437.70
66a8e51a6b38bc2999515099,main-trial-18,r,r,true,653668.70
66a8e51a6b38bc2999515099,main-trial-18, , ,true,653961.90
66a8e51a6b38bc2999515099,main-trial-18,f,f,true,654209.10
66a8e51a6b38bc2999515099,main-trial-18,r,r,true,654468.90
66a8e51a6b38bc2999515099,main-trial-18, , ,true,654666.90
66a8e51a6b38bc2999515099,main-trial-18,e,e,true,655494.90
66a8e51a6b38bc2999515099,main-trial-18,j,j,true,656319.10
66a8e51a6b38bc2999515099,main-trial-18,j,j,true,656512.90
66a8e51a6b38bc2999515099,main-trial-18,a,a,true,656740.10
66a8e51a6b38bc2999515099,main-trial-18,m,m,true,657027.20
66a8e51a6b38bc2999515099,main-trial-18, , ,true,657298.20
66a8e51a6b38bc2999515099,main-trial-18,f,d,false,658074.10
66a8e51a6b38bc2999515099,main-trial-18,f,f,true,658617.10
66a8e51a6b38bc2999515099,main-trial-18,d,d,true,659461.70
66a8e51a6b38bc2999515099,main-trial-18, , ,true,659698.90
66a8e51a6b38bc2999515099,main-trial-18,f,f,true,660531.60
66a8e51a6b38bc2999515099,main-trial-18,r,r,true,660827.70
66a8e51a6b38bc2999515099,main-trial-18, , ,true,661015.70
66a8e51a6b38bc2999515099,main-trial-18,f,r,false,661444.30
66a8e51a6b38bc2999515099,main-trial-18,f,f,true,662073.80
66a8e51a6b38bc2999515099,main-trial-18,d,d,true,662327.50
66a8e51a6b38bc2999515099,main-trial-18, , ,true,662485.70
66a8e51a6b38bc2999515099,main-trial-18,f,f,true,663366.30
66a8e51a6b38bc2999515099,main-trial-18,r,r,true,663577.30
66a8e51a6b38bc2999515099,main-trial-18, , ,true,663752.20
66a8e51a6b38bc2999515099,main-trial-18,f,f,true,664420.40
66a8e51a6b38bc2999515099,main-trial-18,d,d,true,664805.40
66a8e51a6b38bc2999515099,main-trial-18, , ,true,665109.60
66a8e51a6b38bc2999515099,main-trial-18,f,f,true,665454.40
66a8e51a6b38bc2999515099,main-trial-18,r,r,true,665654.60
66a8e51a6b38bc2999515099,main-trial-19,c,c,true,669266.50
66a8e51a6b38bc2999515099,main-trial-19,m,m,true,670278.70
66a8e51a6b38bc2999515099,main-trial-19,l,l,true,671141.50
66a8e51a6b38bc2999515099,main-trial-19,r,r,true,671408.30
66a8e51a6b38bc2999515099,main-trial-19,e,e,true,671536.40
66a8e51a6b38bc2999515099,main-trial-19, , ,true,671849.00
66a8e51a6b38bc2999515099,main-trial-19,a,a,true,672367.00
66a8e51a6b38bc2999515099,main-trial-19,a,a,true,672581.40
66a8e51a6b38bc2999515099,main-trial-19, , ,true,672834.50
66a8e51a6b38bc2999515099,main-trial-19,a,a,true,673339.10
66a8e51a6b38bc2999515099,main-trial-19,a,a,true,673548.00
66a8e51a6b38bc2999515099,main-trial-19, , ,true,673786.90
66a8e51a6b38bc2999515099,main-trial-19,a,a,true,674170.10
66a8e51a6b38bc2999515099,main-trial-19,a,a,true,674386.90
66a8e51a6b38bc2999515099,main-trial-19, , ,true,674742.00
66a8e51a6b38bc2999515099,main-trial-19,g,g,true,676508.70
66a8e51a6b38bc2999515099,main-trial-19,k,k,true,677614.60
66a8e51a6b38bc2999515099,main-trial-19,t,t,true,679531.60
66a8e51a6b38bc2999515099,main-trial-19,g,g,true,680973.50
66a8e51a6b38bc2999515099,main-trial-19,q,q,true,681613.30
66a8e51a6b38bc2999515099,main-trial-19, , ,true,681911.40
66a8e51a6b38bc2999515099,main-trial-19,f,f,true,682519.30
66a8e51a6b38bc2999515099,main-trial-19,f,f,true,682678.00
66a8e51a6b38bc2999515099,main-trial-19, , ,true,682789.00
66a8e51a6b38bc2999515099,main-trial-19,f,f,true,683176.70
66a8e51a6b38bc2999515099,main-trial-19,f,f,true,683375.60
66a8e51a6b38bc2999515099,main-trial-19, , ,true,683581.00
66a8e51a6b38bc2999515099,main-trial-19,f,f,true,683867.00
66a8e51a6b38bc2999515099,main-trial-19,f,f,true,684052.00
66a8e51a6b38bc2999515099,main-trial-19, , ,true,684301.10
66a8e51a6b38bc2999515099,main-trial-19,s,s,true,684835.00
66a8e51a6b38bc2999515099,main-trial-19,f,f,true,685561.10
66a8e51a6b38bc2999515099,main-trial-19,w,w,true,686073.60
66a8e51a6b38bc2999515099,main-trial-19,j,j,true,687042.30
66a8e51a6b38bc2999515099,main-trial-19,x,x,true,687600.70
66a8e51a6b38bc2999515099,main-trial-19, , ,true,687838.80
66a8e51a6b38bc2999515099,main-trial-19,a,a,true,688280.10
66a8e51a6b38bc2999515099,main-trial-19,a,a,true,688470.90
66a8e51a6b38bc2999515099,main-trial-19, , ,true,688768.60
66a8e51a6b38bc2999515099,main-trial-19,f,f,true,689060.00
66a8e51a6b38bc2999515099,main-trial-19,f,f,true,689231.00
66a8e51a6b38bc2999515099,main-trial-19, , ,true,689500.00
66a8e51a6b38bc2999515099,main-trial-19,a,a,true,689741.90
66a8e51a6b38bc2999515099,main-trial-19,a,a,true,689948.90
66a8e51a6b38bc2999515099,main-trial-19, , ,true,690225.20
66a8e51a6b38bc2999515099,main-trial-19,f,f,true,690518.90
66a8e51a6b38bc2999515099,main-trial-19,f,f,true,690677.10
66a8e51a6b38bc2999515099,main-trial-19, , ,true,690964.60
66a8e51a6b38bc2999515099,main-trial-19,a,a,true,691208.10
66a8e51a6b38bc2999515099,main-trial-19,a,a,true,691401.90
66a8e51a6b38bc2999515099,main-trial-19, ,f,false,691711.80
66a8e51a6b38bc2999515099,main-trial-19, , ,true,692001.90
66a8e51a6b38bc2999515099,main-trial-19,f, ,false,692155.40
66a8e51a6b38bc2999515099,main-trial-19,f,a,false,692788.80
66a8e51a6b38bc2999515099,main-trial-19,f,a,false,692978.40
66a8e51a6b38bc2999515099,main-trial-19,f,f,true,693224.50
66a8e51a6b38bc2999515099,main-trial-19,f, ,false,693748.60
66a8e51a6b38bc2999515099,main-trial-19,f, ,false,693896.70
66a8e51a6b38bc2999515099,main-trial-19,f,f,true,694094.30
66a8e51a6b38bc2999515099,main-trial-19,,f,false,694270.30
66a8e51a6b38bc2999515099,main-trial-20,j,j,true,702759.70
66a8e51a6b38bc2999515099,main-trial-20,p,p,true,703384.20
66a8e51a6b38bc2999515099,main-trial-20,n,n,true,704261.40
66a8e51a6b38bc2999515099,main-trial-20,y,y,true,705626.70
66a8e51a6b38bc2999515099,main-trial-20,c,c,true,706019.40
66a8e51a6b38bc2999515099,main-trial-20, , ,true,706269.50
66a8e51a6b38bc2999515099,main-trial-20,w,w,true,707129.40
66a8e51a6b38bc2999515099,main-trial-20,d,d,true,707448.20
66a8e51a6b38bc2999515099,main-trial-20, , ,true,707663.90
66a8e51a6b38bc2999515099,main-trial-20,w,w,true,707912.70
66a8e51a6b38bc2999515099,main-trial-20,d,d,true,708118.10
66a8e51a6b38bc2999515099,main-trial-20, , ,true,708351.20
66a8e51a6b38bc2999515099,main-trial-20,w,w,true,708595.70
66a8e51a6b38bc2999515099,main-trial-20,d,d,true,708857.90
66a8e51a6b38bc2999515099,main-trial-20, , ,true,709005.70
66a8e51a6b38bc2999515099,main-trial-20,t,t,true,709871.40
66a8e51a6b38bc2999515099,main-trial-20,h,h,true,710040.50
66a8e51a6b38bc2999515099,main-trial-20,r,r,true,711082.90
66a8e51a6b38bc2999515099,main-trial-20,d,d,true,711339.70
66a8e51a6b38bc2999515099,main-trial-20,z,z,true,711754.70
66a8e51a6b38bc2999515099,main-trial-20, , ,true,711970.10
66a8e51a6b38bc2999515099,main-trial-20,d,d,true,712764.10
66a8e51a6b38bc2999515099,main-trial-20,s,s,true,713098.70
66a8e51a6b38bc2999515099,main-trial-20, , ,true,713295.80
66a8e51a6b38bc2999515099,main-trial-20,d,d,true,713670.10
66a8e51a6b38bc2999515099,main-trial-20,s,s,true,713983.00
66a8e51a6b38bc2999515099,main-trial-20, , ,true,714234.70
66a8e51a6b38bc2999515099,main-trial-20,d,d,true,714472.80
66a8e51a6b38bc2999515099,main-trial-20,s,s,true,714680.00
66a8e51a6b38bc2999515099,main-trial-20, , ,true,714846.90
66a8e51a6b38bc2999515099,main-trial-20,u,u,true,715584.10
66a8e51a6b38bc2999515099,main-trial-20,l,l,true,716439.90
66a8e51a6b38bc2999515099,main-trial-20,r,r,true,717419.10
66a8e51a6b38bc2999515099,main-trial-20,v,v,true,717728.80
66a8e51a6b38bc2999515099,main-trial-20,s,s,true,717982.60
66a8e51a6b38bc2999515099,main-trial-20, , ,true,718227.00
66a8e51a6b38bc2999515099,main-trial-20,w,w,true,719182.20
66a8e51a6b38bc2999515099,main-trial-20,d,d,true,719429.90
66a8e51a6b38bc2999515099,main-trial-20, , ,true,719739.00
66a8e51a6b38bc2999515099,main-trial-20,d,d,true,720350.60
66a8e51a6b38bc2999515099,main-trial-20,s,s,true,720352.10
66a8e51a6b38bc2999515099,main-trial-20, ,s,false,720740.80
66a8e51a6b38bc2999515099,main-trial-20, , ,true,721023.80
66a8e51a6b38bc2999515099,main-trial-20,w,w,true,721686.80
66a8e51a6b38bc2999515099,main-trial-20,d,d,true,721964.60
66a8e51a6b38bc2999515099,main-trial-20, , ,true,722183.70
66a8e51a6b38bc2999515099,main-trial-20,d,d,true,722707.70
66a8e51a6b38bc2999515099,main-trial-20,s,s,true,722959.10
66a8e51a6b38bc2999515099,main-trial-20, , ,true,723216.90
66a8e51a6b38bc2999515099,main-trial-20,w,w,true,723665.10
66a8e51a6b38bc2999515099,main-trial-20,d,d,true,723906.50
66a8e51a6b38bc2999515099,main-trial-20, , ,true,724084.40
66a8e51a6b38bc2999515099,main-trial-20,d,d,true,724571.80
66a8e51a6b38bc2999515099,main-trial-20,s,s,true,724805.80
66a8e51a6b38bc2999515099,main-trial-21,k,k,true,727714.50
66a8e51a6b38bc2999515099,main-trial-21,x,x,true,728885.80
66a8e51a6b38bc2999515099,main-trial-21,d,d,true,729645.40
66a8e51a6b38bc2999515099,main-trial-21,h,h,true,730607.30
66a8e51a6b38bc2999515099,main-trial-21,r,r,true,730805.10
66a8e51a6b38bc2999515099,main-trial-21, , ,true,731031.20
66a8e51a6b38bc2999515099,main-trial-21,f,f,true,731812.30
66a8e51a6b38bc2999515099,main-trial-21,d,d,true,732058.80
66a8e51a6b38bc2999515099,main-trial-21, , ,true,732345.90
66a8e51a6b38bc2999515099,main-trial-21,f,f,true,732672.70
66a8e51a6b38bc2999515099,main-trial-21,d,d,true,732850.80
66a8e51a6b38bc2999515099,main-trial-21, , ,true,733036.20
66a8e51a6b38bc2999515099,main-trial-21,f,f,true,733352.10
66a8e51a6b38bc2999515099,main-trial-21,d,d,true,733516.10
66a8e51a6b38bc2999515099,main-trial-21, , ,true,733655.60
66a8e51a6b38bc2999515099,main-trial-21,u,u,true,734817.20
66a8e51a6b38bc2999515099,main-trial-21,l,l,true,736070.70
66a8e51a6b38bc2999515099,main-trial-21,j,j,true,737663.10
66a8e51a6b38bc2999515099,main-trial-21,t,t,true,737958.20
66a8e51a6b38bc2999515099,main-trial-21,s,s,true,738191.00
66a8e51a6b38bc2999515099,main-trial-21, , ,true,738427.90
66a8e51a6b38bc2999515099,main-trial-21,c,c,true,739000.10
66a8e51a6b38bc2999515099,main-trial-21,e,e,true,739247.80
66a8e51a6b38bc2999515099,main-trial-21, , ,true,739421.60
66a8e51a6b38bc2999515099,main-trial-21,c,c,true,739628.00
66a8e51a6b38bc2999515099,main-trial-21,e,e,true,739950.90
66a8e51a6b38bc2999515099,main-trial-21, , ,true,740115.10
66a8e51a6b38bc2999515099,main-trial-21,c,c,true,740360.20
66a8e51a6b38bc2999515099,main-trial-21,e,e,true,740569.30
66a8e51a6b38bc2999515099,main-trial-21, , ,true,740688.70
66a8e51a6b38bc2999515099,main-trial-21,g,g,true,741792.70
66a8e51a6b38bc2999515099,main-trial-21,c,c,true,743550.90
66a8e51a6b38bc2999515099,main-trial-21,y,y,true,744411.50
66a8e51a6b38bc2999515099,main-trial-21,s,s,true,744756.60
66a8e51a6b38bc2999515099,main-trial-21,c,c,true,745088.70
66a8e51a6b38bc2999515099,main-trial-21, , ,true,745351.70
66a8e51a6b38bc2999515099,main-trial-21,f,f,true,746337.80
66a8e51a6b38bc2999515099,main-trial-21,d,d,true,746529.50
66a8e51a6b38bc2999515099,main-trial-21, , ,true,746701.40
66a8e51a6b38bc2999515099,main-trial-21,c,c,true,747396.30
66a8e51a6b38bc2999515099,main-trial-21,e,e,true,747648.40
66a8e51a6b38bc2999515099,main-trial-21, , ,true,747789.00
66a8e51a6b38bc2999515099,main-trial-21,f,f,true,748530.20
66a8e51a6b38bc2999515099,main-trial-21,d,d,true,748713.50
66a8e51a6b38bc2999515099,main-trial-21, , ,true,748837.20
66a8e51a6b38bc2999515099,main-trial-21,c,c,true,749120.20
66a8e51a6b38bc2999515099,main-trial-21,e,e,true,749344.10
66a8e51a6b38bc2999515099,main-trial-21, , ,true,749499.40
66a8e51a6b38bc2999515099,main-trial-21,f,f,true,750003.50
66a8e51a6b38bc2999515099,main-trial-21,d,d,true,750190.80
66a8e51a6b38bc2999515099,main-trial-21, ,c,false,750752.30
66a8e51a6b38bc2999515099,main-trial-21, ,e,false,750948.10
66a8e51a6b38bc2999515099,main-trial-21, , ,true,751084.10
66a8e51a6b38bc2999515099,main-trial-21,c,c,true,752111.80
66a8e51a6b38bc2999515099,main-trial-21,e,e,true,752314.00
66a8e51a6b38bc2999515099,main-trial-22,h,h,true,762026.80
66a8e51a6b38bc2999515099,main-trial-22,s,s,true,762539.30
66a8e51a6b38bc2999515099,main-trial-22,x,x,true,763354.50
66a8e51a6b38bc2999515099,main-trial-22,s,s,true,763707.20
66a8e51a6b38bc2999515099,main-trial-22,a,a,true,763971.70
66a8e51a6b38bc2999515099,main-trial-22, , ,true,764238.70
66a8e51a6b38bc2999515099,main-trial-22,v,v,true,764865.30
66a8e51a6b38bc2999515099,main-trial-22,r,r,true,765208.40
66a8e51a6b38bc2999515099,main-trial-22, , ,true,765419.20
66a8e51a6b38bc2999515099,main-trial-22,v,v,true,765965.40
66a8e51a6b38bc2999515099,main-trial-22,r,r,true,766234.50
66a8e51a6b38bc2999515099,main-trial-22, , ,true,766450.30
66a8e51a6b38bc2999515099,main-trial-22,v,v,true,766901.30
66a8e51a6b38bc2999515099,main-trial-22,r,r,true,767163.60
66a8e51a6b38bc2999515099,main-trial-22, , ,true,767391.20
66a8e51a6b38bc2999515099,main-trial-22,q,q,true,768199.10
66a8e51a6b38bc2999515099,main-trial-22,l,l,true,768791.30
66a8e51a6b38bc2999515099,main-trial-22,q,q,true,769470.40
66a8e51a6b38bc2999515099,main-trial-22,w,w,true,770292.90
66a8e51a6b38bc2999515099,main-trial-22,h,h,true,770508.10
66a8e51a6b38bc2999515099,main-trial-22, , ,true,770917.20
66a8e51a6b38bc2999515099,main-trial-22,f,f,true,771585.10
66a8e51a6b38bc2999515099,main-trial-22,r,r,true,771835.30
66a8e51a6b38bc2999515099,main-trial-22, , ,true,772023.80
66a8e51a6b38bc2999515099,main-trial-22,f,f,true,772265.70
66a8e51a6b38bc2999515099,main-trial-22,r,r,true,772530.00
66a8e51a6b38bc2999515099,main-trial-22, , ,true,772666.50
66a8e51a6b38bc2999515099,main-trial-22,f,f,true,772955.60
66a8e51a6b38bc2999515099,main-trial-22,r, ,false,773128.70
66a8e51a6b38bc2999515099,main-trial-22,r,r,true,773222.10
66a8e51a6b38bc2999515099,main-trial-22, , ,true,773397.90
66a8e51a6b38bc2999515099,main-trial-22,r,r,true,774097.40
66a8e51a6b38bc2999515099,main-trial-22,p,p,true,774483.30
66a8e51a6b38bc2999515099,main-trial-22,y,y,true,775507.60
66a8e51a6b38bc2999515099,main-trial-22,a,a,true,775717.20
66a8e51a6b38bc2999515099,main-trial-22,n,f,false,776152.30
66a8e51a6b38bc2999515099,main-trial-22,n,n,true,776503.30
66a8e51a6b38bc2999515099,main-trial-22, , ,true,776742.30
66a8e51a6b38bc2999515099,main-trial-22,v,v,true,777480.60
66a8e51a6b38bc2999515099,main-trial-22,r,r,true,777906.30
66a8e51a6b38bc2999515099,main-trial-22, , ,true,778398.40
66a8e51a6b38bc2999515099,main-trial-22,f,f,true,778695.20
66a8e51a6b38bc2999515099,main-trial-22,r,r,true,778926.00
66a8e51a6b38bc2999515099,main-trial-22, , ,true,779212.10
66a8e51a6b38bc2999515099,main-trial-22,v,v,true,779910.30
66a8e51a6b38bc2999515099,main-trial-22,r,r,true,780200.10
66a8e51a6b38bc2999515099,main-trial-22, , ,true,780405.20
66a8e51a6b38bc2999515099,main-trial-22,f,f,true,780924.90
66a8e51a6b38bc2999515099,main-trial-22,r,r,true,781144.00
66a8e51a6b38bc2999515099,main-trial-22, , ,true,781334.10
66a8e51a6b38bc2999515099,main-trial-22,v,v,true,781942.00
66a8e51a6b38bc2999515099,main-trial-22,r,r,true,782309.60
66a8e51a6b38bc2999515099,main-trial-22, , ,true,782504.50
66a8e51a6b38bc2999515099,main-trial-22,f,f,true,782927.90
66a8e51a6b38bc2999515099,main-trial-22,r,r,true,783165.30
66a8e51a6b38bc2999515099,main-trial-22,, ,false,783323.60
66a8e51a6b38bc2999515099,main-trial-23,y,y,true,789084.20
66a8e51a6b38bc2999515099,main-trial-23,g,g,true,789973.50
66a8e51a6b38bc2999515099,main-trial-23,l,l,true,790785.30
66a8e51a6b38bc2999515099,main-trial-23,a,a,true,790887.90
66a8e51a6b38bc2999515099,main-trial-23,t,t,true,791138.10
66a8e51a6b38bc2999515099,main-trial-23, , ,true,791404.10
66a8e51a6b38bc2999515099,main-trial-23,f,f,true,791844.30
66a8e51a6b38bc2999515099,main-trial-23,f,f,true,792020.90
66a8e51a6b38bc2999515099,main-trial-23, , ,true,792224.20
66a8e51a6b38bc2999515099,main-trial-23,f,f,true,792580.20
66a8e51a6b38bc2999515099,main-trial-23,f,f,true,792823.20
66a8e51a6b38bc2999515099,main-trial-23, , ,true,793139.30
66a8e51a6b38bc2999515099,main-trial-23,f,f,true,793417.40
66a8e51a6b38bc2999515099,main-trial-23,f,f,true,793573.10
66a8e51a6b38bc2999515099,main-trial-23, ,f,false,793713.80
66a8e51a6b38bc2999515099,main-trial-23, , ,true,793783.70
66a8e51a6b38bc2999515099,main-trial-23,x,x,true,794506.00
66a8e51a6b38bc2999515099,main-trial-23,w,w,true,795200.20
66a8e51a6b38bc2999515099,main-trial-23,q,q,true,796267.70
66a8e51a6b38bc2999515099,main-trial-23,z,z,true,796638.60
66a8e51a6b38bc2999515099,main-trial-23,m,m,true,797143.40
66a8e51a6b38bc2999515099,main-trial-23, , ,true,797365.10
66a8e51a6b38bc2999515099,main-trial-23,a,a,true,797849.30
66a8e51a6b38bc2999515099,main-trial-23,a,a,true,798063.20
66a8e51a6b38bc2999515099,main-trial-23, , ,true,798397.90
66a8e51a6b38bc2999515099,main-trial-23,a,a,true,798645.20
66a8e51a6b38bc2999515099,main-trial-23,a, ,false,798821.70
66a8e51a6b38bc2999515099,main-trial-23,a,a,true,798945.30
66a8e51a6b38bc2999515099,main-trial-23, , ,true,799388.10
66a8e51a6b38bc2999515099,main-trial-23,a,a,true,799502.30
66a8e51a6b38bc2999515099,main-trial-23,a,a,true,799668.10
66a8e51a6b38bc2999515099,main-trial-23, , ,true,799812.20
66a8e51a6b38bc2999515099,main-trial-23,v,v,true,800709.10
66a8e51a6b38bc2999515099,main-trial-23,g,g,true,801111.70
66a8e51a6b38bc2999515099,main-trial-23,x,x,true,802320.40
66a8e51a6b38bc2999515099,main-trial-23,f,f,true,802681.60
66a8e51a6b38bc2999515099,main-trial-23,d,d,true,803195.00
66a8e51a6b38bc2999515099,main-trial-23, , ,true,803540.20
66a8e51a6b38bc2999515099,main-trial-23,f,f,true,804049.40
66a8e51a6b38bc2999515099,main-trial-23,f,f,true,804224.10
66a8e51a6b38bc2999515099,main-trial-23, , ,true,804500.20
66a8e51a6b38bc2999515099,main-trial-23,a,a,true,804775.30
66a8e51a6b38bc2999515099,main-trial-23,a,a,true,804979.30
66a8e51a6b38bc2999515099,main-trial-23, , ,true,805389.60
66a8e51a6b38bc2999515099,main-trial-23,f,f,true,805631.10
66a8e51a6b38bc2999515099,main-trial-23,f,f,true,805838.40
66a8e51a6b38bc2999515099,main-trial-23, , ,true,806112.00
66a8e51a6b38bc2999515099,main-trial-23,a,a,true,806271.90
66a8e51a6b38bc2999515099,main-trial-23,a,a,true,806479.30
66a8e51a6b38bc2999515099,main-trial-23, , ,true,806841.50
66a8e51a6b38bc2999515099,main-trial-23,f,f,true,807046.30
66a8e51a6b38bc2999515099,main-trial-23,f,f,true,807221.30
66a8e51a6b38bc2999515099,main-trial-23, ,f,false,807503.20
66a8e51a6b38bc2999515099,main-trial-23, ,a,false,807771.80
66a8e51a6b38bc2999515099,main-trial-23, , ,true,807955.00
66a8e51a6b38bc2999515099,main-trial-23,a, ,false,808121.80
66a8e51a6b38bc2999515099,main-trial-23,a, ,false,808343.10
66a8e51a6b38bc2999515099,main-trial-23,a,a,true,808473.00
66a8e51a6b38bc2999515099,main-trial-23,a,a,true,808668.80
66a8e51a6b38bc2999515099,main-trial-24,b,b,true,812701.80
66a8e51a6b38bc2999515099,main-trial-24,f,f,true,813304.00
66a8e51a6b38bc2999515099,main-trial-24,u,u,true,813891.00
66a8e51a6b38bc2999515099,main-trial-24,l,l,true,814297.50
66a8e51a6b38bc2999515099,main-trial-24,p,p,true,814517.90
66a8e51a6b38bc2999515099,main-trial-24, , ,true,814730.50
66a8e51a6b38bc2999515099,main-trial-24,e,e,true,815188.90
66a8e51a6b38bc2999515099,main-trial-24,f,f,true,815408.70
66a8e51a6b38bc2999515099,main-trial-24, , ,true,815599.30
66a8e51a6b38bc2999515099,main-trial-24,e,e,true,815777.80
66a8e51a6b38bc2999515099,main-trial-24,f,f,true,816001.20
66a8e51a6b38bc2999515099,main-trial-24, , ,true,816157.30
66a8e51a6b38bc2999515099,main-trial-24,e,e,true,816269.50
66a8e51a6b38bc2999515099,main-trial-24,f,e,false,816485.60
66a8e51a6b38bc2999515099,main-trial-24,f,f,true,816860.60
66a8e51a6b38bc2999515099,main-trial-24, , ,true,816990.60
66a8e51a6b38bc2999515099,main-trial-24,l,l,true,817841.30
66a8e51a6b38bc2999515099,main-trial-24,h,h,true,818221.30
66a8e51a6b38bc2999515099,main-trial-24,t,t,true,819074.00
66a8e51a6b38bc2999515099,main-trial-24,t,t,true,820025.80
66a8e51a6b38bc2999515099,main-trial-24,p,p,true,820226.80
66a8e51a6b38bc2999515099,main-trial-24, , ,true,820637.40
66a8e51a6b38bc2999515099,main-trial-24,d,d,true,821081.50
66a8e51a6b38bc2999515099,main-trial-24,r,r,true,821290.40
66a8e51a6b38bc2999515099,main-trial-24, , ,true,821443.40
66a8e51a6b38bc2999515099,main-trial-24,d,d,true,821705.40
66a8e51a6b38bc2999515099,main-trial-24,r,r,true,821932.20
66a8e51a6b38bc2999515099,main-trial-24, , ,true,822057.40
66a8e51a6b38bc2999515099,main-trial-24,d,d,true,822338.00
66a8e51a6b38bc2999515099,main-trial-24,r,r,true,822583.80
66a8e51a6b38bc2999515099,main-trial-24, , ,true,822688.80
66a8e51a6b38bc2999515099,main-trial-24,r, ,false,823079.40
66a8e51a6b38bc2999515099,main-trial-24,r,r,true,823514.10
66a8e51a6b38bc2999515099,main-trial-24,g,g,true,824653.30
66a8e51a6b38bc2999515099,main-trial-24,i,i,true,825672.30
66a8e51a6b38bc2999515099,main-trial-24,w,w,true,826119.00
66a8e51a6b38bc2999515099,main-trial-24,y,y,true,826468.00
66a8e51a6b38bc2999515099,main-trial-24, , ,true,826740.80
66a8e51a6b38bc2999515099,main-trial-24,e,e,true,827247.80
66a8e51a6b38bc2999515099,main-trial-24,f,f,true,827492.80
66a8e51a6b38bc2999515099,main-trial-24, , ,true,827675.90
66a8e51a6b38bc2999515099,main-trial-24,d,d,true,828355.90
66a8e51a6b38bc2999515099,main-trial-24,r,r,true,828558.90
66a8e51a6b38bc2999515099,main-trial-24, , ,true,828742.00
66a8e51a6b38bc2999515099,main-trial-24,e,e,true,829037.60
66a8e51a6b38bc2999515099,main-trial-24,f,f,true,829324.50
66a8e51a6b38bc2999515099,main-trial-24, , ,true,829468.80
66a8e51a6b38bc2999515099,main-trial-24,d,d,true,829739.90
66a8e51a6b38bc2999515099,main-trial-24,r,r,true,829996.70
66a8e51a6b38bc2999515099,main-trial-24, , ,true,830148.70
66a8e51a6b38bc2999515099,main-trial-24,e,e,true,830802.80
66a8e51a6b38bc2999515099,main-trial-24,f,f,true,831024.80
66a8e51a6b38bc2999515099,main-trial-24, , ,true,831218.70
66a8e51a6b38bc2999515099,main-trial-24,d,d,true,831322.30
66a8e51a6b38bc2999515099,main-trial-24,r,r,true,831504.40
66a8e51a6b38bc2999515099,main-trial-25,v,v,true,834350.70
66a8e51a6b38bc2999515099,main-trial-25,w,w,true,834873.70
66a8e51a6b38bc2999515099,main-trial-25,p,p,true,836029.90
66a8e51a6b38bc2999515099,main-trial-25,i,i,true,836296.60
66a8e51a6b38bc2999515099,main-trial-25,h,g,false,836563.40
66a8e51a6b38bc2999515099,main-trial-25,h,h,true,836967.60
66a8e51a6b38bc2999515099,main-trial-25, , ,true,837333.40
66a8e51a6b38bc2999515099,main-trial-25,d,d,true,838010.60
66a8e51a6b38bc2999515099,main-trial-25,r,r,true,838237.30
66a8e51a6b38bc2999515099,main-trial-25, , ,true,838391.00
66a8e51a6b38bc2999515099,main-trial-25,d,d,true,838580.40
66a8e51a6b38bc2999515099,main-trial-25,r,d,false,838825.30
66a8e51a6b38bc2999515099,main-trial-25,r,r,true,838861.30
66a8e51a6b38bc2999515099,main-trial-25, , ,true,838937.10
66a8e51a6b38bc2999515099,main-trial-25,d,d,true,839114.50
66a8e51a6b38bc2999515099,main-trial-25,r,r,true,839293.80
66a8e51a6b38bc2999515099,main-trial-25, , ,true,839307.90
66a8e51a6b38bc2999515099,main-trial-25,t,d,false,839461.30
66a8e51a6b38bc2999515099,main-trial-25,t, ,false,839464.50
66a8e51a6b38bc2999515099,main-trial-25,t, ,false,840287.30
66a8e51a6b38bc2999515099,main-trial-25,t,t,true,840497.60
66a8e51a6b38bc2999515099,main-trial-25,r,r,true,840732.30
66a8e51a6b38bc2999515099,main-trial-25,a,a,true,841377.20
66a8e51a6b38bc2999515099,main-trial-25,y,y,true,841693.80
66a8e51a6b38bc2999515099,main-trial-25,d,a,false,841828.30
66a8e51a6b38bc2999515099,main-trial-25,d,d,true,842082.20
66a8e51a6b38bc2999515099,main-trial-25, , ,true,842225.10
66a8e51a6b38bc2999515099,main-trial-25,f,f,true,843276.30
66a8e51a6b38bc2999515099,main-trial-25,d,d,true,843455.60
66a8e51a6b38bc2999515099,main-trial-25, , ,true,843613.20
66a8e51a6b38bc2999515099,main-trial-25,f,f,true,843900.10
66a8e51a6b38bc2999515099,main-trial-25,d,d,true,844028.00
66a8e51a6b38bc2999515099,main-trial-25, , ,true,844167.60
66a8e51a6b38bc2999515099,main-trial-25,f,f,true,844460.90
66a8e51a6b38bc2999515099,main-trial-25,d,d,true,844580.90
66a8e51a6b38bc2999515099,main-trial-25, , ,true,844684.50
66a8e51a6b38bc2999515099,main-trial-25,q,q,true,845339.70
66a8e51a6b38bc2999515099,main-trial-25,u,u,true,845671.60
66a8e51a6b38bc2999515099,main-trial-25,m,m,true,846446.90
66a8e51a6b38bc2999515099,main-trial-25,b,b,true,846705.70
66a8e51a6b38bc2999515099,main-trial-25,t,t,true,846919.90
66a8e51a6b38bc2999515099,main-trial-25, , ,true,847234.70
66a8e51a6b38bc2999515099,main-trial-25,d,d,true,847663.20
66a8e51a6b38bc2999515099,main-trial-25,r,r,true,847900.50
66a8e51a6b38bc2999515099,main-trial-25, , ,true,848099.10
66a8e51a6b38bc2999515099,main-trial-25,f,f,true,848527.10
66a8e51a6b38bc2999515099,main-trial-25,d,r,false,848814.20
66a8e51a6b38bc2999515099,main-trial-25,d, ,false,849091.30
66a8e51a6b38bc2999515099,main-trial-25,d,d,true,849943.40
66a8e51a6b38bc2999515099,main-trial-25, , ,true,850201.40
66a8e51a6b38bc2999515099,main-trial-25,d,d,true,850859.00
66a8e51a6b38bc2999515099,main-trial-25,r,r,true,851089.10
66a8e51a6b38bc2999515099,main-trial-25, , ,true,851262.00
66a8e51a6b38bc2999515099,main-trial-25,f,f,true,851590.00
66a8e51a6b38bc2999515099,main-trial-25,d,d,true,852097.60
66a8e51a6b38bc2999515099,main-trial-25, , ,true,852292.40
66a8e51a6b38bc2999515099,main-trial-25,d,d,true,853279.90
66a8e51a6b38bc2999515099,main-trial-25,r,r,true,853488.60
66a8e51a6b38bc2999515099,main-trial-25, , ,true,853656.80
66a8e51a6b38bc2999515099,main-trial-25,f,f,true,853858.70
66a8e51a6b38bc2999515099,main-trial-25,d,d,true,854075.70
66a8e51a6b38bc2999515099,main-trial-26,j,j,true,860474.80
66a8e51a6b38bc2999515099,main-trial-26,j,j,true,860850.30
66a8e51a6b38bc2999515099,main-trial-26,v,v,true,861668.70
66a8e51a6b38bc2999515099,main-trial-26,r,e,false,862069.50
66a8e51a6b38bc2999515099,main-trial-26,r,h,false,862331.40
66a8e51a6b38bc2999515099,main-trial-26,r, ,false,862542.30
66a8e51a6b38bc2999515099,main-trial-26,r,f,false,863082.20
66a8e51a6b38bc2999515099,main-trial-26,r,r,true,863314.10
66a8e51a6b38bc2999515099,main-trial-26,h, ,false,863428.60
66a8e51a6b38bc2999515099,main-trial-26,h,f,false,863662.30
66a8e51a6b38bc2999515099,main-trial-26,h,r,false,863850.90
66a8e51a6b38bc2999515099,main-trial-26,h, ,false,863942.60
66a8e51a6b38bc2999515099,main-trial-26,h,f,false,864161.90
66a8e51a6b38bc2999515099,main-trial-26,h,f,false,864378.20
66a8e51a6b38bc2999515099,main-trial-26,h,r,false,864379.80
66a8e51a6b38bc2999515099,main-trial-26,h, ,false,864457.90
66a8e51a6b38bc2999515099,main-trial-26,h,s,false,865276.70
66a8e51a6b38bc2999515099,main-trial-26,h,w,false,865511.50
66a8e51a6b38bc2999515099,main-trial-26,h,f,false,866233.80
66a8e51a6b38bc2999515099,main-trial-26,h,f,false,866943.80
66a8e51a6b38bc2999515099,main-trial-26,h,h,true,867760.40
66a8e51a6b38bc2999515099,main-trial-26, , ,true,868834.70
66a8e51a6b38bc2999515099,main-trial-26,f,f,true,869140.20
66a8e51a6b38bc2999515099,main-trial-26,r,r,true,869352.20
66a8e51a6b38bc2999515099,main-trial-26, , ,true,869857.10
66a8e51a6b38bc2999515099,main-trial-26,f,f,true,870112.60
66a8e51a6b38bc2999515099,main-trial-26,r,r,true,870709.20
66a8e51a6b38bc2999515099,main-trial-26, , ,true,870976.80
66a8e51a6b38bc2999515099,main-trial-26,f,f,true,871205.70
66a8e51a6b38bc2999515099,main-trial-26,r,r,true,871503.40
66a8e51a6b38bc2999515099,main-trial-26, , ,true,871705.50
66a8e51a6b38bc2999515099,main-trial-26,s,s,true,872262.70
66a8e51a6b38bc2999515099,main-trial-26,w,w,true,873160.80
66a8e51a6b38bc2999515099,main-trial-26,m,m,true,874344.80
66a8e51a6b38bc2999515099,main-trial-26,l,l,true,874803.00
66a8e51a6b38bc2999515099,main-trial-26,w,w,true,875198.40
66a8e51a6b38bc2999515099,main-trial-26, , ,true,875508.60
66a8e51a6b38bc2999515099,main-trial-26,f,f,true,875834.40
66a8e51a6b38bc2999515099,main-trial-26,d,d,true,876157.30
66a8e51a6b38bc2999515099,main-trial-26, , ,true,876357.50
66a8e51a6b38bc2999515099,main-trial-26,f,f,true,876549.00
66a8e51a6b38bc2999515099,main-trial-26,d,d,true,876753.40
66a8e51a6b38bc2999515099,main-trial-26, , ,true,876844.90
66a8e51a6b38bc2999515099,main-trial-26,f,d,false,877141.30
66a8e51a6b38bc2999515099,main-trial-26,f,f,true,877309.90
66a8e51a6b38bc2999515099,main-trial-26,d, ,false,877422.50
66a8e51a6b38bc2999515099,main-trial-26,d,d,true,877425.20
66a8e51a6b38bc2999515099,main-trial-26, , ,true,877999.40
66a8e51a6b38bc2999515099,main-trial-26,s,s,true,878286.90
66a8e51a6b38bc2999515099,main-trial-26,l,l,true,878605.00
66a8e51a6b38bc2999515099,main-trial-26,l,l,true,878750.30
66a8e51a6b38bc2999515099,main-trial-26,o,o,true,878911.90
66a8e51a6b38bc2999515099,main-trial-26,u,u,true,879794.10
66a8e51a6b38bc2999515099,main-trial-26, , ,true,879996.30
66a8e51a6b38bc2999515099,main-trial-26,f,f,true,880816.30
66a8e51a6b38bc2999515099,main-trial-26,r,r,true,881061.30
66a8e51a6b38bc2999515099,main-trial-26, , ,true,881219.90
66a8e51a6b38bc2999515099,main-trial-26,f,d,false,881600.10
66a8e51a6b38bc2999515099,main-trial-26,f,f,true,882145.60
66a8e51a6b38bc2999515099,main-trial-26,d,d,true,882476.00
66a8e51a6b38bc2999515099,main-trial-26, , ,true,882665.30
66a8e51a6b38bc2999515099,main-trial-26,f,f,true,883087.70
66a8e51a6b38bc2999515099,main-trial-26,r,d,false,883350.20
66a8e51a6b38bc2999515099,main-trial-26,r,r,true,883770.20
66a8e51a6b38bc2999515099,main-trial-26, ,f,false,884608.90
66a8e51a6b38bc2999515099,main-trial-26, ,d,false,884740.70
66a8e51a6b38bc2999515099,main-trial-26, , ,true,884859.70
66a8e51a6b38bc2999515099,main-trial-26,f,f,true,885750.00
66a8e51a6b38bc2999515099,main-trial-26,d,r,false,885961.00
66a8e51a6b38bc2999515099,main-trial-26,d, ,false,886162.00
66a8e51a6b38bc2999515099,main-trial-26,d,f,false,886496.10
66a8e51a6b38bc2999515099,main-trial-26,d,d,true,886623.90
66a8e51a6b38bc2999515099,main-trial-26, ,f,false,888328.10
66a8e51a6b38bc2999515099,main-trial-26, ,r,false,888552.00
66a8e51a6b38bc2999515099,main-trial-26, , ,true,889151.10
66a8e51a6b38bc2999515099,main-trial-26,f,f,true,890647.10
66a8e51a6b38bc2999515099,main-trial-26,r,r,true,890884.00
66a8e51a6b38bc2999515099,main-trial-26, ,f,false,892102.90
66a8e51a6b38bc2999515099,main-trial-26, ,d,false,892295.10
66a8e51a6b38bc2999515099,main-trial-26, , ,true,892739.00
66a8e51a6b38bc2999515099,main-trial-26,f,f,true,893047.60
66a8e51a6b38bc2999515099,main-trial-26,d,d,true,893236.10
66a8e51a6b38bc2999515099,main-trial-27,x,x,true,942976.80
66a8e51a6b38bc2999515099,main-trial-27,o,o,true,943238.20
66a8e51a6b38bc2999515099,main-trial-27,q,q,true,943657.90
66a8e51a6b38bc2999515099,main-trial-27,w,w,true,944914.90
66a8e51a6b38bc2999515099,main-trial-27,f,f,true,945521.10
66a8e51a6b38bc2999515099,main-trial-27, , ,true,946559.20
66a8e51a6b38bc2999515099,main-trial-27,c,c,true,949455.90
66a8e51a6b38bc2999515099,main-trial-27,v,v,true,949806.60
66a8e51a6b38bc2999515099,main-trial-27, , ,true,950407.80
66a8e51a6b38bc2999515099,main-trial-27,c,c,true,950711.40
66a8e51a6b38bc2999515099,main-trial-27,v,v,true,951031.70
66a8e51a6b38bc2999515099,main-trial-27, , ,true,951477.20
66a8e51a6b38bc2999515099,main-trial-27,c,c,true,951791.50
66a8e51a6b38bc2999515099,main-trial-27,v,v,true,952101.70
66a8e51a6b38bc2999515099,main-trial-27, , ,true,952703.80
66a8e51a6b38bc2999515099,main-trial-27,g,g,true,953838.70
66a8e51a6b38bc2999515099,main-trial-27,q,q,true,954100.40
66a8e51a6b38bc2999515099,main-trial-27,z,z,true,955220.40
66a8e51a6b38bc2999515099,main-trial-27,o,o,true,955493.00
66a8e51a6b38bc2999515099,main-trial-27,r,r,true,955680.80
66a8e51a6b38bc2999515099,main-trial-27, , ,true,956224.10
66a8e51a6b38bc2999515099,main-trial-27,c,c,true,956955.00
66a8e51a6b38bc2999515099,main-trial-27,r,r,true,957240.80
66a8e51a6b38bc2999515099,main-trial-27, , ,true,957714.70
66a8e51a6b38bc2999515099,main-trial-27,c,c,true,957950.20
66a8e51a6b38bc2999515099,main-trial-27,r,r,true,958244.60
66a8e51a6b38bc2999515099,main-trial-27, , ,true,958615.90
66a8e51a6b38bc2999515099,main-trial-27,c,c,true,958917.20
66a8e51a6b38bc2999515099,main-trial-27,r,r,true,959220.80
66a8e51a6b38bc2999515099,main-trial-27, , ,true,959636.90
66a8e51a6b38bc2999515099,main-trial-27,o,o,true,959947.20
66a8e51a6b38bc2999515099,main-trial-27,r,r,true,960093.00
66a8e51a6b38bc2999515099,main-trial-27,y,y,true,960638.80
66a8e51a6b38bc2999515099,main-trial-27,q,q,true,961032.10
66a8e51a6b38bc2999515099,main-trial-27,g,g,true,961976.80
66a8e51a6b38bc2999515099,main-trial-27, , ,true,962307.20
66a8e51a6b38bc2999515099,main-trial-27,c,c,true,963258.00
66a8e51a6b38bc2999515099,main-trial-27,v,v,true,963494.10
66a8e51a6b38bc2999515099,main-trial-27, , ,true,963914.00
66a8e51a6b38bc2999515099,main-trial-27,c,c,true,964214.90
66a8e51a6b38bc2999515099,main-trial-27,r,r,true,964506.90
66a8e51a6b38bc2999515099,main-trial-27, , ,true,965057.20
66a8e51a6b38bc2999515099,main-trial-27,c,c,true,965498.80
66a8e51a6b38bc2999515099,main-trial-27,v,v,true,965699.40
66a8e51a6b38bc2999515099,main-trial-27, , ,true,966068.20
66a8e51a6b38bc2999515099,main-trial-27,c,c,true,966502.80
66a8e51a6b38bc2999515099,main-trial-27,r,r,true,966755.00
66a8e51a6b38bc2999515099,main-trial-27, , ,true,967192.40
66a8e51a6b38bc2999515099,main-trial-27,c,c,true,967608.10
66a8e51a6b38bc2999515099,main-trial-27,v,v,true,968320.80
66a8e51a6b38bc2999515099,main-trial-27, , ,true,968563.70
66a8e51a6b38bc2999515099,main-trial-27,c,c,true,968816.90
66a8e51a6b38bc2999515099,main-trial-27,r,r,true,969148.80
