user_id,trialId,expectedKey,typedKey,isCorrect,keydownTime
unknown,intro-trial-1,j,j,true,67996.00
unknown,intro-trial-1, , ,true,69208.00
unknown,intro-trial-1,f,f,true,70222.00
unknown,intro-trial-1,r,r,true,70477.00
unknown,intro-trial-1, , ,true,70844.00
unknown,intro-trial-1,f,f,true,71373.00
unknown,intro-trial-1,r,r,true,71599.00
unknown,intro-trial-1, , ,true,71842.00
unknown,intro-trial-1,x,x,true,72277.00
unknown,intro-trial-1, , ,true,72597.00
unknown,intro-trial-1,v,v,true,73311.00
unknown,intro-trial-1,r,r,true,73538.00
unknown,intro-trial-1, , ,true,73744.00
unknown,intro-trial-1,v,v,true,74229.00
unknown,intro-trial-1,r,r,true,74365.00
unknown,intro-trial-1, , ,true,74613.00
unknown,intro-trial-1,n,n,true,75061.00
unknown,intro-trial-1, , ,true,75366.00
unknown,intro-trial-1,f,f,true,76190.00
unknown,intro-trial-1,r,r,true,76306.00
unknown,intro-trial-1, , ,true,76731.00
unknown,intro-trial-1,v,v,true,77372.00
unknown,intro-trial-1,r,r,true,77540.00
unknown,intro-trial-1, , ,true,77841.00
unknown,intro-trial-1,f,f,true,78244.00
unknown,intro-trial-1,r,r,true,78333.00
unknown,intro-trial-1, , ,true,78568.00
unknown,intro-trial-1,v,v,true,78839.00
unknown,intro-trial-1,r,r,true,78936.00
unknown,main-trial-1,m,m,true,93949.00
unknown,main-trial-1, , ,true,95221.00
unknown,main-trial-1,f,f,true,95578.00
unknown,main-trial-1,r,r,true,95799.00
unknown,main-trial-1, , ,true,96031.00
unknown,main-trial-1,f,f,true,96189.00
unknown,main-trial-1,r,r,true,96525.00
unknown,main-trial-1, , ,true,96807.00
unknown,main-trial-1,k,k,true,97469.00
unknown,main-trial-1, , ,true,97721.00
unknown,main-trial-1,w,w,true,98707.00
unknown,main-trial-1,d,d,true,98863.00
unknown,main-trial-1, , ,true,99362.00
unknown,main-trial-1,w,w,true,100104.00
unknown,main-trial-1,d,d,true,100353.00
unknown,main-trial-1, , ,true,100603.00
unknown,main-trial-1,k,k,true,101362.00
unknown,main-trial-1, , ,true,101634.00
unknown,main-trial-1,f,f,true,102257.00
unknown,main-trial-1,r,r,true,102497.00
unknown,main-trial-1, , ,true,102733.00
unknown,main-trial-1,w,w,true,103452.00
unknown,main-trial-1,d,d,true,103758.00
unknown,main-trial-1, , ,true,104052.00
unknown,main-trial-1,f,f,true,104622.00
unknown,main-trial-1,r,r,true,104913.00
unknown,main-trial-1, , ,true,105173.00
unknown,main-trial-1,w,w,true,105481.00
unknown,main-trial-1,d,d,true,105719.00
unknown,main-trial-2,m,m,true,116445.00
unknown,main-trial-2, , ,true,116670.00
unknown,main-trial-2,w,w,true,117275.00
unknown,main-trial-2,r,r,true,117367.00
unknown,main-trial-2, , ,true,117536.00
unknown,main-trial-2,w,w,true,117693.00
unknown,main-trial-2,r,r,true,117798.00
unknown,main-trial-2, , ,true,117904.00
unknown,main-trial-2,l,l,true,118590.00
unknown,main-trial-2, , ,true,118838.00
unknown,main-trial-2,s,s,true,119383.00
unknown,main-trial-2,a,a,true,119447.00
unknown,main-trial-2, , ,true,119649.00
unknown,main-trial-2,s,s,true,119831.00
unknown,main-trial-2,a, ,false,120106.00
unknown,main-trial-2,a,a,true,120774.00
unknown,main-trial-2, , ,true,121226.00
unknown,main-trial-2,d,d,true,121965.00
unknown,main-trial-2, ,r,false,122185.00
unknown,main-trial-2, , ,true,122746.00
unknown,main-trial-2,w,w,true,123190.00
unknown,main-trial-2,r,r,true,123310.00
unknown,main-trial-2, , ,true,123561.00
unknown,main-trial-2,s,s,true,124190.00
unknown,main-trial-2,a,a,true,124247.00
unknown,main-trial-2, , ,true,124472.00
unknown,main-trial-2,w,w,true,125306.00
unknown,main-trial-2,r,r,true,125446.00
unknown,main-trial-2, , ,true,125641.00
unknown,main-trial-2,s,s,true,125902.00
unknown,main-trial-2,a,a,true,126014.00
unknown,main-trial-3,v,v,true,134278.00
unknown,main-trial-3, , ,true,134471.00
unknown,main-trial-3,q,q,true,135400.00
unknown,main-trial-3,e,e,true,135501.00
unknown,main-trial-3, , ,true,135660.00
unknown,main-trial-3,q,q,true,135894.00
unknown,main-trial-3,e,e,true,135954.00
unknown,main-trial-3, , ,true,136112.00
unknown,main-trial-3,z,z,true,136809.00
unknown,main-trial-3, , ,true,137063.00
unknown,main-trial-3,e,e,true,137393.00
unknown,main-trial-3,w,w,true,137525.00
unknown,main-trial-3, , ,true,137732.00
unknown,main-trial-3,e,e,true,138596.00
unknown,main-trial-3,w,w,true,138745.00
unknown,main-trial-3, , ,true,138978.00
unknown,main-trial-3,m,m,true,139736.00
unknown,main-trial-3, , ,true,139995.00
unknown,main-trial-3,q,q,true,140519.00
unknown,main-trial-3,e,e,true,140631.00
unknown,main-trial-3, , ,true,140893.00
unknown,main-trial-3,e,w,false,141572.00
unknown,main-trial-3,e,e,true,141656.00
unknown,main-trial-3,w,e,false,142329.00
unknown,main-trial-3,w,w,true,142972.00
unknown,main-trial-3, , ,true,143703.00
unknown,main-trial-3,q,q,true,144339.00
unknown,main-trial-3,e,e,true,144470.00
unknown,main-trial-3, , ,true,144777.00
unknown,main-trial-3,e,e,true,145535.00
unknown,main-trial-3,w,w,true,145637.00
unknown,main-trial-4,g,g,true,156735.00
unknown,main-trial-4, , ,true,156957.00
unknown,main-trial-4,a,a,true,157770.00
unknown,main-trial-4,a,a,true,158012.00
unknown,main-trial-4, , ,true,158294.00
unknown,main-trial-4,a,a,true,158558.00
unknown,main-trial-4,a,a,true,158779.00
unknown,main-trial-4, , ,true,159141.00
unknown,main-trial-4,r,r,true,159576.00
unknown,main-trial-4, , ,true,159784.00
unknown,main-trial-4,f,f,true,159951.00
unknown,main-trial-4,f,f,true,160161.00
unknown,main-trial-4, , ,true,160347.00
unknown,main-trial-4,f,f,true,160545.00
unknown,main-trial-4,f,f,true,160770.00
unknown,main-trial-4, , ,true,161025.00
unknown,main-trial-4,c,c,true,161460.00
unknown,main-trial-4, , ,true,161620.00
unknown,main-trial-4,a,a,true,161816.00
unknown,main-trial-4,a,a,true,162058.00
unknown,main-trial-4, , ,true,162301.00
unknown,main-trial-4,f,c,false,162523.00
unknown,main-trial-4,f,f,true,163393.00
unknown,main-trial-4,f,f,true,163539.00
unknown,main-trial-4, , ,true,163931.00
unknown,main-trial-4,a,a,true,164355.00
unknown,main-trial-4,a,a,true,164553.00
unknown,main-trial-4, , ,true,164923.00
unknown,main-trial-4,f,f,true,165139.00
unknown,main-trial-4,f,f,true,165299.00
unknown,main-trial-5,j,j,true,172084.00
unknown,main-trial-5, , ,true,172257.00
unknown,main-trial-5,s,s,true,172737.00
unknown,main-trial-5,e,e,true,172828.00
unknown,main-trial-5, , ,true,173065.00
unknown,main-trial-5,s,s,true,173251.00
unknown,main-trial-5,e,e,true,173359.00
unknown,main-trial-5, , ,true,173611.00
unknown,main-trial-5,u,u,true,174134.00
unknown,main-trial-5, , ,true,174348.00
unknown,main-trial-5,w,w,true,174631.00
unknown,main-trial-5,f,f,true,174784.00
unknown,main-trial-5, , ,true,174965.00
unknown,main-trial-5,w,w,true,175378.00
unknown,main-trial-5,f,f,true,175446.00
unknown,main-trial-5, , ,true,175678.00
unknown,main-trial-5,q,q,true,176115.00
unknown,main-trial-5, , ,true,176324.00
unknown,main-trial-5,s,s,true,176738.00
unknown,main-trial-5,e,e,true,176869.00
unknown,main-trial-5, , ,true,177144.00
unknown,main-trial-5,w,w,true,177720.00
unknown,main-trial-5,f,f,true,177845.00
unknown,main-trial-5, , ,true,178051.00
unknown,main-trial-5,s,s,true,178621.00
unknown,main-trial-5,e,e,true,178694.00
unknown,main-trial-5, , ,true,179018.00
unknown,main-trial-5,w,w,true,179602.00
unknown,main-trial-5,f,f,true,179792.00
unknown,main-trial-6,p,p,true,185622.00
unknown,main-trial-6, , ,true,185822.00
unknown,main-trial-6,e,e,true,186178.00
unknown,main-trial-6,d,d,true,186393.00
unknown,main-trial-6, , ,true,186621.00
unknown,main-trial-6,e,e,true,186797.00
unknown,main-trial-6,d,d,true,186930.00
unknown,main-trial-6, , ,true,187086.00
unknown,main-trial-6,u,u,true,187448.00
unknown,main-trial-6, , ,true,187624.00
unknown,main-trial-6,f,d,false,187969.00
unknown,main-trial-6,f,e,false,188073.00
unknown,main-trial-6,f,f,true,189010.00
unknown,main-trial-6,e,e,true,189091.00
unknown,main-trial-6, , ,true,189327.00
unknown,main-trial-6,f,f,true,189577.00
unknown,main-trial-6,e,e,true,189642.00
unknown,main-trial-6, , ,true,189812.00
unknown,main-trial-6,n,n,true,190097.00
unknown,main-trial-6, , ,true,190299.00
unknown,main-trial-6,e,e,true,190906.00
unknown,main-trial-6,d,d,true,191167.00
unknown,main-trial-6, , ,true,191412.00
unknown,main-trial-6,f,f,true,193747.00
unknown,main-trial-6,e,e,true,193827.00
unknown,main-trial-6, , ,true,194125.00
unknown,main-trial-6,e,e,true,194898.00
unknown,main-trial-6,d,d,true,195060.00
unknown,main-trial-6, , ,true,195233.00
unknown,main-trial-6,f,f,true,195539.00
unknown,main-trial-6,e,e,true,195616.00
unknown,main-trial-7,z,z,true,203212.00
unknown,main-trial-7, , ,true,203485.00
unknown,main-trial-7,e,e,true,203804.00
unknown,main-trial-7,r,r,true,203896.00
unknown,main-trial-7, , ,true,204058.00
unknown,main-trial-7,e,e,true,204225.00
unknown,main-trial-7,r,r,true,204307.00
unknown,main-trial-7, , ,true,204463.00
unknown,main-trial-7,u,u,true,204958.00
unknown,main-trial-7, , ,true,205136.00
unknown,main-trial-7,s,s,true,205623.00
unknown,main-trial-7,f,f,true,205738.00
unknown,main-trial-7, , ,true,205880.00
unknown,main-trial-7,s,s,true,206045.00
unknown,main-trial-7,f,f,true,206154.00
unknown,main-trial-7, , ,true,206275.00
unknown,main-trial-7,g,g,true,206764.00
unknown,main-trial-7, , ,true,206910.00
unknown,main-trial-7,e,e,true,207293.00
unknown,main-trial-7,r,r,true,207393.00
unknown,main-trial-7, , ,true,207568.00
unknown,main-trial-7,s,s,true,208344.00
unknown,main-trial-7,f,f,true,208464.00
unknown,main-trial-7, , ,true,208630.00
unknown,main-trial-7,e,e,true,208969.00
unknown,main-trial-7,r,r,true,209053.00
unknown,main-trial-7, , ,true,209250.00
unknown,main-trial-7,s,s,true,209409.00
unknown,main-trial-7,f,f,true,209506.00
unknown,main-trial-8,z,z,true,214190.00
unknown,main-trial-8, , ,true,214389.00
unknown,main-trial-8,a,a,true,214943.00
unknown,main-trial-8,d,d,true,214999.00
unknown,main-trial-8, , ,true,215172.00
unknown,main-trial-8,a,a,true,215413.00
unknown,main-trial-8,d,d,true,215466.00
unknown,main-trial-8, , ,true,215621.00
unknown,main-trial-8,t,t,true,216680.00
unknown,main-trial-8, , ,true,217231.00
unknown,main-trial-8,f,f,true,217873.00
unknown,main-trial-8,d,d,true,217956.00
unknown,main-trial-8, , ,true,218148.00
unknown,main-trial-8,f,f,true,218326.00
unknown,main-trial-8,d,d,true,218565.00
unknown,main-trial-8, , ,true,218845.00
unknown,main-trial-8,l,l,true,219249.00
unknown,main-trial-8, , ,true,219442.00
unknown,main-trial-8,a,a,true,219895.00
unknown,main-trial-8,d,d,true,220019.00
unknown,main-trial-8, , ,true,220262.00
unknown,main-trial-8,f,f,true,221158.00
unknown,main-trial-8,d,d,true,221245.00
unknown,main-trial-8, , ,true,221505.00
unknown,main-trial-8,a,a,true,221726.00
unknown,main-trial-8,d,d,true,221827.00
unknown,main-trial-8, , ,true,222077.00
unknown,main-trial-8,f,f,true,222358.00
unknown,main-trial-8,d,d,true,222439.00
unknown,main-trial-9,r,r,true,228654.00
unknown,main-trial-9, , ,true,228836.00
unknown,main-trial-9,e,e,true,229056.00
unknown,main-trial-9,e,e,true,229257.00
unknown,main-trial-9, , ,true,229507.00
unknown,main-trial-9,e,e,true,229693.00
unknown,main-trial-9,e,e,true,229887.00
unknown,main-trial-9, , ,true,230089.00
unknown,main-trial-9,k,k,true,230512.00
unknown,main-trial-9, , ,true,230696.00
unknown,main-trial-9,r,r,true,230970.00
unknown,main-trial-9,r,r,true,231131.00
unknown,main-trial-9, , ,true,231288.00
unknown,main-trial-9,r,e,false,231493.00
unknown,main-trial-9,r,r,true,232247.00
unknown,main-trial-9,r,r,true,232396.00
unknown,main-trial-9, , ,true,232689.00
unknown,main-trial-9,v,v,true,233632.00
unknown,main-trial-9, , ,true,234006.00
unknown,main-trial-9,e,e,true,234658.00
unknown,main-trial-9,e,e,true,234810.00
unknown,main-trial-9, , ,true,235012.00
unknown,main-trial-9,r,r,true,235349.00
unknown,main-trial-9,r,r,true,235523.00
unknown,main-trial-9, , ,true,235718.00
unknown,main-trial-9,e,e,true,235902.00
unknown,main-trial-9,e,e,true,236080.00
unknown,main-trial-9, , ,true,236330.00
unknown,main-trial-9,r,r,true,236564.00
unknown,main-trial-9,r,r,true,236739.00
unknown,main-trial-10,q,q,true,249358.00
unknown,main-trial-10, , ,true,249516.00
unknown,main-trial-10,r,r,true,250054.00
unknown,main-trial-10,e,e,true,250078.00
unknown,main-trial-10, , ,true,250568.00
unknown,main-trial-10,r,r,true,250823.00
unknown,main-trial-10,e,e,true,250919.00
unknown,main-trial-10, , ,true,251154.00
unknown,main-trial-10,d,d,true,251597.00
unknown,main-trial-10, , ,true,251722.00
unknown,main-trial-10,f,f,true,252625.00
unknown,main-trial-10,s,s,true,252735.00
unknown,main-trial-10, , ,true,252915.00
unknown,main-trial-10,f,f,true,253074.00
unknown,main-trial-10,s,s,true,253159.00
unknown,main-trial-10, , ,true,253354.00
unknown,main-trial-10,n,n,true,253897.00
unknown,main-trial-10, , ,true,254103.00
unknown,main-trial-10,r,r,true,254758.00
unknown,main-trial-10,e,e,true,254817.00
unknown,main-trial-10, , ,true,254984.00
unknown,main-trial-10,f,f,true,255531.00
unknown,main-trial-10,s,s,true,255591.00
unknown,main-trial-10, , ,true,255735.00
unknown,main-trial-10,r,f,false,255909.00
unknown,main-trial-10,r,s,false,256119.00
unknown,main-trial-10,r,r,true,257140.00
unknown,main-trial-10,e,e,true,257180.00
unknown,main-trial-10, , ,true,257514.00
unknown,main-trial-10,f,f,true,257835.00
unknown,main-trial-10,s,s,true,257887.00
unknown,main-trial-11,w,q,false,264430.00
unknown,main-trial-11,w, ,false,264609.00
unknown,main-trial-11,w,e,false,264885.00
unknown,main-trial-11,w,d,false,265101.00
unknown,main-trial-11,w,w,true,266142.00
unknown,main-trial-11, , ,true,266962.00
unknown,main-trial-11,e,e,true,267180.00
unknown,main-trial-11,d,d,true,267328.00
unknown,main-trial-11, ,f,false,267331.00
unknown,main-trial-11, , ,true,267948.00
unknown,main-trial-11,e,e,true,268292.00
unknown,main-trial-11,d,d,true,268428.00
unknown,main-trial-11, , ,true,268666.00
unknown,main-trial-11,q,q,true,272476.00
unknown,main-trial-11, , ,true,272740.00
unknown,main-trial-11,w,w,true,273523.00
unknown,main-trial-11,f,f,true,273626.00
unknown,main-trial-11, , ,true,273779.00
unknown,main-trial-11,w,w,true,273940.00
unknown,main-trial-11,f,f,true,274001.00
unknown,main-trial-11, , ,true,274152.00
unknown,main-trial-11,c,c,true,274617.00
unknown,main-trial-11, , ,true,274807.00
unknown,main-trial-11,e,e,true,275638.00
unknown,main-trial-11,d,d,true,275681.00
unknown,main-trial-11, , ,true,275960.00
unknown,main-trial-11,w,w,true,276474.00
unknown,main-trial-11,f,f,true,276574.00
unknown,main-trial-11, , ,true,276776.00
unknown,main-trial-11,e,e,true,277393.00
unknown,main-trial-11,d,d,true,277475.00
unknown,main-trial-11, , ,true,277759.00
unknown,main-trial-11,w,w,true,278213.00
unknown,main-trial-11,f,f,true,278302.00
unknown,main-trial-12,a,a,true,287714.00
unknown,main-trial-12, , ,true,287821.00
unknown,main-trial-12,r,r,true,288019.00
unknown,main-trial-12,r,r,true,288194.00
unknown,main-trial-12, , ,true,288341.00
unknown,main-trial-12,r,r,true,288529.00
unknown,main-trial-12,r,r,true,288701.00
unknown,main-trial-12, , ,true,288865.00
unknown,main-trial-12,a,a,true,289113.00
unknown,main-trial-12, , ,true,289301.00
unknown,main-trial-12,e,e,true,289775.00
unknown,main-trial-12,e,e,true,289925.00
unknown,main-trial-12, , ,true,290078.00
unknown,main-trial-12,e,e,true,290347.00
unknown,main-trial-12,e,e,true,290510.00
unknown,main-trial-12, , ,true,290685.00
unknown,main-trial-12,f,f,true,291087.00
unknown,main-trial-12, , ,true,291276.00
unknown,main-trial-12,r,r,true,291510.00
unknown,main-trial-12,r,r,true,291704.00
unknown,main-trial-12, , ,true,292044.00
unknown,main-trial-12,e,e,true,292561.00
unknown,main-trial-12,e,e,true,292705.00
unknown,main-trial-12, , ,true,292875.00
unknown,main-trial-12,r,r,true,293074.00
unknown,main-trial-12,r,r,true,293239.00
unknown,main-trial-12, , ,true,293500.00
unknown,main-trial-12,e,e,true,293800.00
unknown,main-trial-12,e,e,true,293985.00
unknown,main-trial-13,w,w,true,298696.00
unknown,main-trial-13, , ,true,298847.00
unknown,main-trial-13,v,v,true,299346.00
unknown,main-trial-13,f,f,true,299452.00
unknown,main-trial-13, , ,true,299596.00
unknown,main-trial-13,v,v,true,300727.00
unknown,main-trial-13,f,f,true,300785.00
unknown,main-trial-13, , ,true,301027.00
unknown,main-trial-13,m,m,true,301553.00
unknown,main-trial-13, , ,true,301723.00
unknown,main-trial-13,f,f,true,302940.00
unknown,main-trial-13,v,v,true,303020.00
unknown,main-trial-13, , ,true,303263.00
unknown,main-trial-13,f,f,true,303436.00
unknown,main-trial-13,v,v,true,303517.00
unknown,main-trial-13, , ,true,303732.00
unknown,main-trial-13,r,r,true,304283.00
unknown,main-trial-13, , ,true,304495.00
unknown,main-trial-13,v,v,true,305167.00
unknown,main-trial-13,f,f,true,305243.00
unknown,main-trial-13, , ,true,305550.00
unknown,main-trial-13,f,f,true,305971.00
unknown,main-trial-13,v,v,true,306050.00
unknown,main-trial-13, , ,true,306373.00
unknown,main-trial-13,v,v,true,307096.00
unknown,main-trial-13,f,f,true,307167.00
unknown,main-trial-13, , ,true,307445.00
unknown,main-trial-13,f,f,true,307943.00
unknown,main-trial-13,v,v,true,308048.00
unknown,main-trial-14,u,u,true,320744.00
unknown,main-trial-14, , ,true,320972.00
unknown,main-trial-14,d,d,true,321200.00
unknown,main-trial-14,e,e,true,321327.00
unknown,main-trial-14, , ,true,321575.00
unknown,main-trial-14,d,d,true,321755.00
unknown,main-trial-14,e,e,true,321835.00
unknown,main-trial-14, , ,true,322056.00
unknown,main-trial-14,q,q,true,322255.00
unknown,main-trial-14, , ,true,322457.00
unknown,main-trial-14,f,f,true,323054.00
unknown,main-trial-14,r,r,true,323174.00
unknown,main-trial-14, , ,true,323379.00
unknown,main-trial-14,f,f,true,323537.00
unknown,main-trial-14,r,r,true,323666.00
unknown,main-trial-14, , ,true,323869.00
unknown,main-trial-14,h,h,true,324448.00
unknown,main-trial-14, , ,true,324622.00
unknown,main-trial-14,d,d,true,325135.00
unknown,main-trial-14,e,e,true,325239.00
unknown,main-trial-14, , ,true,325467.00
unknown,main-trial-14,f,f,true,326082.00
unknown,main-trial-14,r,r,true,326178.00
unknown,main-trial-14, , ,true,326455.00
unknown,main-trial-14,d,d,true,326699.00
unknown,main-trial-14,e,e,true,326782.00
unknown,main-trial-14, , ,true,327006.00
unknown,main-trial-14,f,f,true,327126.00
unknown,main-trial-14,r,r,true,327231.00
unknown,main-trial-15,f,f,true,334442.00
unknown,main-trial-15, , ,true,334537.00
unknown,main-trial-15,v,v,true,335126.00
unknown,main-trial-15,v,v,true,335302.00
unknown,main-trial-15, , ,true,335450.00
unknown,main-trial-15,v,v,true,335609.00
unknown,main-trial-15,v,v,true,335785.00
unknown,main-trial-15, , ,true,335972.00
unknown,main-trial-15,h,h,true,336781.00
unknown,main-trial-15, , ,true,336988.00
unknown,main-trial-15,a,a,true,337977.00
unknown,main-trial-15,a, ,false,338128.00
unknown,main-trial-15,a,a,true,338539.00
unknown,main-trial-15, ,a,false,338855.00
unknown,main-trial-15, ,a,false,339305.00
unknown,main-trial-15, ,a,false,339737.00
unknown,main-trial-15, , ,true,340145.00
unknown,main-trial-15,a,a,true,340412.00
unknown,main-trial-15,a,a,true,340653.00
unknown,main-trial-15, , ,true,341004.00
unknown,main-trial-15,s,s,true,341541.00
unknown,main-trial-15, , ,true,341926.00
unknown,main-trial-15,v,v,true,342441.00
unknown,main-trial-15,v,v,true,342598.00
unknown,main-trial-15, , ,true,342743.00
unknown,main-trial-15,a,a,true,342938.00
unknown,main-trial-15,a,a,true,343149.00
unknown,main-trial-15, , ,true,343315.00
unknown,main-trial-15,v,v,true,343665.00
unknown,main-trial-15,v,v,true,343833.00
unknown,main-trial-15, ,a,false,344137.00
unknown,main-trial-15, , ,true,344768.00
unknown,main-trial-15,a,a,true,344990.00
unknown,main-trial-15,a,a,true,345166.00
unknown,main-trial-16,b,b,true,352565.00
unknown,main-trial-16, , ,true,352791.00
unknown,main-trial-16,s,s,true,353166.00
unknown,main-trial-16,s,s,true,353362.00
unknown,main-trial-16, , ,true,353550.00
unknown,main-trial-16,s,s,true,353745.00
unknown,main-trial-16,s,s,true,353968.00
unknown,main-trial-16, , ,true,354183.00
unknown,main-trial-16,b,b,true,354813.00
unknown,main-trial-16, , ,true,355094.00
unknown,main-trial-16,v,v,true,355376.00
unknown,main-trial-16,v,v,true,355611.00
unknown,main-trial-16, , ,true,355874.00
unknown,main-trial-16,v,v,true,356137.00
unknown,main-trial-16,v,v,true,356355.00
unknown,main-trial-16, , ,true,356639.00
unknown,main-trial-16,l,l,true,357120.00
unknown,main-trial-16, , ,true,357328.00
unknown,main-trial-16,s,s,true,357586.00
unknown,main-trial-16,s,s,true,357787.00
unknown,main-trial-16, , ,true,357998.00
unknown,main-trial-16,v,s,false,358259.00
unknown,main-trial-16,v,v,true,359054.00
unknown,main-trial-16,v,v,true,359247.00
unknown,main-trial-16, , ,true,359562.00
unknown,main-trial-16,s,s,true,359855.00
unknown,main-trial-16,s,s,true,360798.00
unknown,main-trial-16, , ,true,361203.00
unknown,main-trial-16,v,v,true,361748.00
unknown,main-trial-16,v,v,true,361947.00
unknown,main-trial-17,q,q,true,366078.00
unknown,main-trial-17, , ,true,366311.00
unknown,main-trial-17,f,f,true,367340.00
unknown,main-trial-17,a,a,true,367488.00
unknown,main-trial-17, , ,true,367722.00
unknown,main-trial-17,f, ,false,368107.00
unknown,main-trial-17,f,f,true,368449.00
unknown,main-trial-17,a,a,true,368545.00
unknown,main-trial-17, , ,true,368827.00
unknown,main-trial-17,q,q,true,369406.00
unknown,main-trial-17, , ,true,369634.00
unknown,main-trial-17,r,r,true,370141.00
unknown,main-trial-17,e,e,true,370193.00
unknown,main-trial-17, , ,true,370432.00
unknown,main-trial-17,r,r,true,370684.00
unknown,main-trial-17,e,e,true,370743.00
unknown,main-trial-17, , ,true,370986.00
unknown,main-trial-17,b,b,true,371325.00
unknown,main-trial-17, , ,true,371537.00
unknown,main-trial-17,f,f,true,372134.00
unknown,main-trial-17,a,a,true,372282.00
unknown,main-trial-17, , ,true,372681.00
unknown,main-trial-17,r,r,true,373390.00
unknown,main-trial-17,e,e,true,373461.00
unknown,main-trial-17, , ,true,373673.00
unknown,main-trial-17,f,f,true,373954.00
unknown,main-trial-17,a,a,true,374038.00
unknown,main-trial-17, , ,true,374291.00
unknown,main-trial-17,r,r,true,374591.00
unknown,main-trial-17,e,e,true,374663.00
unknown,main-trial-18,y,y,true,379919.00
unknown,main-trial-18, , ,true,380121.00
unknown,main-trial-18,a,a,true,380748.00
unknown,main-trial-18,r,r,true,380843.00
unknown,main-trial-18, , ,true,380986.00
unknown,main-trial-18,a,a,true,381188.00
unknown,main-trial-18,r,r,true,381258.00
unknown,main-trial-18, , ,true,381413.00
unknown,main-trial-18,u,u,true,381749.00
unknown,main-trial-18, , ,true,381912.00
unknown,main-trial-18,s,s,true,382064.00
unknown,main-trial-18,e,e,true,382169.00
unknown,main-trial-18, , ,true,382307.00
unknown,main-trial-18,s,s,true,382495.00
unknown,main-trial-18,e,e,true,382624.00
unknown,main-trial-18, , ,true,382783.00
unknown,main-trial-18,o,o,true,383105.00
unknown,main-trial-18, , ,true,383275.00
unknown,main-trial-18,a,a,true,383738.00
unknown,main-trial-18,r,r,true,383830.00
unknown,main-trial-18, , ,true,383985.00
unknown,main-trial-18,s,s,true,384414.00
unknown,main-trial-18,e,e,true,384558.00
unknown,main-trial-18, , ,true,384740.00
unknown,main-trial-18,a,a,true,384931.00
unknown,main-trial-18,r,r,true,385003.00
unknown,main-trial-18, , ,true,385343.00
unknown,main-trial-18,s,s,true,385925.00
unknown,main-trial-18,e,e,true,386004.00
unknown,main-trial-19,r,r,true,391624.00
unknown,main-trial-19, , ,true,391903.00
unknown,main-trial-19,f,f,true,393067.00
unknown,main-trial-19,d,d,true,393166.00
unknown,main-trial-19, , ,true,393294.00
unknown,main-trial-19,f,f,true,393446.00
unknown,main-trial-19,d,d,true,393531.00
unknown,main-trial-19, , ,true,393707.00
unknown,main-trial-19,b,b,true,393924.00
unknown,main-trial-19, , ,true,394074.00
unknown,main-trial-19,a,a,true,394892.00
unknown,main-trial-19,d,d,true,395020.00
unknown,main-trial-19, , ,true,395161.00
unknown,main-trial-19,a,a,true,395371.00
unknown,main-trial-19,d,d,true,395435.00
unknown,main-trial-19, , ,true,395645.00
unknown,main-trial-19,p,p,true,396103.00
unknown,main-trial-19, , ,true,396494.00
unknown,main-trial-19,f,f,true,397105.00
unknown,main-trial-19,d,d,true,397181.00
unknown,main-trial-19, , ,true,397467.00
unknown,main-trial-19,a,a,true,398079.00
unknown,main-trial-19,d,d,true,398190.00
unknown,main-trial-19, , ,true,398367.00
unknown,main-trial-19,f,f,true,398748.00
unknown,main-trial-19,d,d,true,398824.00
unknown,main-trial-19, , ,true,399022.00
unknown,main-trial-19,a,a,true,399296.00
unknown,main-trial-19,d,d,true,399380.00
unknown,main-trial-20,x,x,true,404570.00
unknown,main-trial-20, , ,true,404784.00
unknown,main-trial-20,w,w,true,405331.00
unknown,main-trial-20,r,r,true,405418.00
unknown,main-trial-20, , ,true,405613.00
unknown,main-trial-20,w,w,true,405823.00
unknown,main-trial-20,r,r,true,405923.00
unknown,main-trial-20, , ,true,406099.00
unknown,main-trial-20,x,x,true,406603.00
unknown,main-trial-20, , ,true,406864.00
unknown,main-trial-20,d,d,true,407563.00
unknown,main-trial-20,a, ,false,407793.00
unknown,main-trial-20,a,a,true,409289.00
unknown,main-trial-20, , ,true,409669.00
unknown,main-trial-20,d,d,true,409968.00
unknown,main-trial-20,a,a,true,410051.00
unknown,main-trial-20, , ,true,410319.00
unknown,main-trial-20,f,f,true,410945.00
unknown,main-trial-20, , ,true,411144.00
unknown,main-trial-20,w,w,true,411856.00
unknown,main-trial-20,r,r,true,411935.00
unknown,main-trial-20, , ,true,412103.00
unknown,main-trial-20,d,d,true,412945.00
unknown,main-trial-20,a,a,true,413057.00
unknown,main-trial-20, , ,true,413244.00
unknown,main-trial-20,w,w,true,413604.00
unknown,main-trial-20,r,r,true,413817.00
unknown,main-trial-20, , ,true,414085.00
unknown,main-trial-20,d,d,true,414624.00
unknown,main-trial-20,a,a,true,414704.00
unknown,main-trial-21,l,l,true,420649.00
unknown,main-trial-21, , ,true,420874.00
unknown,main-trial-21,a,a,true,421219.00
unknown,main-trial-21,s,s,true,421290.00
unknown,main-trial-21, , ,true,421462.00
unknown,main-trial-21,a,a,true,421725.00
unknown,main-trial-21,s,s,true,421789.00
unknown,main-trial-21, , ,true,421972.00
unknown,main-trial-21,g,f,false,422677.00
unknown,main-trial-21,g,g,true,423155.00
unknown,main-trial-21, , ,true,423720.00
unknown,main-trial-21,f,f,true,424191.00
unknown,main-trial-21,s,s,true,424284.00
unknown,main-trial-21, , ,true,424476.00
unknown,main-trial-21,f,f,true,424700.00
unknown,main-trial-21,s,s,true,424780.00
unknown,main-trial-21, , ,true,424989.00
unknown,main-trial-21,t,t,true,425311.00
unknown,main-trial-21, , ,true,425448.00
unknown,main-trial-21,a,a,true,425949.00
unknown,main-trial-21,s,s,true,425978.00
unknown,main-trial-21, , ,true,426213.00
unknown,main-trial-21,f,f,true,426736.00
unknown,main-trial-21,s,s,true,426825.00
unknown,main-trial-21, , ,true,427127.00
unknown,main-trial-21,a,a,true,427677.00
unknown,main-trial-21,s,s,true,427700.00
unknown,main-trial-21, , ,true,427957.00
unknown,main-trial-21,f,f,true,428189.00
unknown,main-trial-21,s,s,true,428241.00
unknown,main-trial-22,h,h,true,434304.00
unknown,main-trial-22, , ,true,434493.00
unknown,main-trial-22,f,f,true,435414.00
unknown,main-trial-22,d,d,true,435469.00
unknown,main-trial-22, , ,true,435694.00
unknown,main-trial-22,f,f,true,435876.00
unknown,main-trial-22,d,d,true,435928.00
unknown,main-trial-22, , ,true,436111.00
unknown,main-trial-22,m,m,true,436437.00
unknown,main-trial-22, , ,true,436614.00
unknown,main-trial-22,s,s,true,436956.00
unknown,main-trial-22,d,d,true,437038.00
unknown,main-trial-22, , ,true,437203.00
unknown,main-trial-22,s,s,true,437381.00
unknown,main-trial-22,d,d,true,437474.00
unknown,main-trial-22, , ,true,437589.00
unknown,main-trial-22,y,y,true,438216.00
unknown,main-trial-22, , ,true,438418.00
unknown,main-trial-22,f,f,true,439279.00
unknown,main-trial-22,d,d,true,439357.00
unknown,main-trial-22, , ,true,439547.00
unknown,main-trial-22,s,s,true,439985.00
unknown,main-trial-22,d,d,true,440056.00
unknown,main-trial-22, , ,true,440240.00
unknown,main-trial-22,f,f,true,440455.00
unknown,main-trial-22,d,d,true,440532.00
unknown,main-trial-22, , ,true,440737.00
unknown,main-trial-22,s,s,true,440936.00
unknown,main-trial-22,d,d,true,441038.00
unknown,main-trial-23,j,j,true,451118.00
unknown,main-trial-23, , ,true,451276.00
unknown,main-trial-23,f,f,true,451574.00
unknown,main-trial-23,e,e,true,451670.00
unknown,main-trial-23, , ,true,451794.00
unknown,main-trial-23,f,f,true,451970.00
unknown,main-trial-23,e,e,true,452023.00
unknown,main-trial-23, , ,true,452162.00
unknown,main-trial-23,f,f,true,452499.00
unknown,main-trial-23, , ,true,452667.00
unknown,main-trial-23,e,e,true,452934.00
unknown,main-trial-23,d,d,true,453078.00
unknown,main-trial-23, ,f,false,453081.00
unknown,main-trial-23, , ,true,453680.00
unknown,main-trial-23,e,d,false,453970.00
unknown,main-trial-23,e,e,true,454001.00
unknown,main-trial-23,d,d,true,454567.00
unknown,main-trial-23, , ,true,454911.00
unknown,main-trial-23,j,j,true,455507.00
unknown,main-trial-23, , ,true,455712.00
unknown,main-trial-23,f,f,true,456357.00
unknown,main-trial-23,e,e,true,456441.00
unknown,main-trial-23, , ,true,456636.00
unknown,main-trial-23,e,e,true,457409.00
unknown,main-trial-23,d,d,true,457660.00
unknown,main-trial-23, , ,true,457930.00
unknown,main-trial-23,f,f,true,458446.00
unknown,main-trial-23,e,e,true,458534.00
unknown,main-trial-23, , ,true,458703.00
unknown,main-trial-23,e,e,true,459646.00
unknown,main-trial-23,d,d,true,459674.00
unknown,main-trial-23,,f,false,462436.00
unknown,main-trial-24,y,y,true,467592.00
unknown,main-trial-24, , ,true,467926.00
unknown,main-trial-24,d,d,true,468609.00
unknown,main-trial-24,s,s,true,468730.00
unknown,main-trial-24, , ,true,468916.00
unknown,main-trial-24,d,d,true,469081.00
unknown,main-trial-24,s,s,true,469435.00
unknown,main-trial-24, , ,true,469698.00
unknown,main-trial-24,a, ,false,470395.00
unknown,main-trial-24,a,a,true,470948.00
unknown,main-trial-24, ,s,false,471042.00
unknown,main-trial-24, , ,true,471472.00
unknown,main-trial-24,f,d,false,471868.00
unknown,main-trial-24,f,s,false,471977.00
unknown,main-trial-24,f,f,true,473694.00
unknown,main-trial-24,a,a,true,473978.00
unknown,main-trial-24, , ,true,474657.00
unknown,main-trial-24,f,f,true,475137.00
unknown,main-trial-24,a,a,true,475232.00
unknown,main-trial-24, , ,true,475483.00
unknown,main-trial-24,p,;,false,476386.00
unknown,main-trial-24,p,p,true,476433.00
unknown,main-trial-24, , ,true,476870.00
unknown,main-trial-24,d,d,true,477659.00
unknown,main-trial-24,s,s,true,477777.00
unknown,main-trial-24, , ,true,478083.00
unknown,main-trial-24,f,f,true,478415.00
unknown,main-trial-24,a,a,true,478602.00
unknown,main-trial-24, , ,true,479128.00
unknown,main-trial-24,d,d,true,479654.00
unknown,main-trial-24,s,s,true,479750.00
unknown,main-trial-24, , ,true,480003.00
unknown,main-trial-24,f,f,true,480268.00
unknown,main-trial-24,a,a,true,480866.00
unknown,main-trial-25,n,n,true,486745.00
unknown,main-trial-25, , ,true,486946.00
unknown,main-trial-25,s,s,true,487399.00
unknown,main-trial-25,f,f,true,487478.00
unknown,main-trial-25, , ,true,487665.00
unknown,main-trial-25,s,s,true,487842.00
unknown,main-trial-25,f,f,true,487936.00
unknown,main-trial-25, , ,true,488074.00
unknown,main-trial-25,z,z,true,488451.00
unknown,main-trial-25, , ,true,488703.00
unknown,main-trial-25,d,d,true,489712.00
unknown,main-trial-25,f,f,true,489819.00
unknown,main-trial-25, , ,true,489979.00
unknown,main-trial-25,d,d,true,490459.00
unknown,main-trial-25,f,f,true,490551.00
unknown,main-trial-25, , ,true,490819.00
unknown,main-trial-25,z,z,true,491807.00
unknown,main-trial-25, , ,true,492187.00
unknown,main-trial-25,s,s,true,493306.00
unknown,main-trial-25,f,f,true,493422.00
unknown,main-trial-25, , ,true,493768.00
unknown,main-trial-25,d,d,true,494170.00
unknown,main-trial-25,f,f,true,494287.00
unknown,main-trial-25, , ,true,494525.00
unknown,main-trial-25,s,s,true,494695.00
unknown,main-trial-25,f,f,true,494808.00
unknown,main-trial-25, , ,true,495021.00
unknown,main-trial-25,d,d,true,495230.00
unknown,main-trial-25,f,f,true,495374.00
unknown,main-trial-26,z,z,true,501228.00
unknown,main-trial-26, , ,true,501524.00
unknown,main-trial-26,s,s,true,501754.00
unknown,main-trial-26,f,f,true,501850.00
unknown,main-trial-26, , ,true,502163.00
unknown,main-trial-26,s,s,true,502293.00
unknown,main-trial-26,f,f,true,502402.00
unknown,main-trial-26, , ,true,502569.00
unknown,main-trial-26,n,n,true,502840.00
unknown,main-trial-26, , ,true,503045.00
unknown,main-trial-26,e,e,true,503305.00
unknown,main-trial-26,r,r,true,503425.00
unknown,main-trial-26, , ,true,503606.00
unknown,main-trial-26,e,e,true,503799.00
unknown,main-trial-26,r,r,true,503880.00
unknown,main-trial-26, , ,true,504067.00
unknown,main-trial-26,a,a,true,504760.00
unknown,main-trial-26, , ,true,505119.00
unknown,main-trial-26,s,s,true,505730.00
unknown,main-trial-26,f,f,true,505833.00
unknown,main-trial-26, , ,true,506019.00
unknown,main-trial-26,e,e,true,506579.00
unknown,main-trial-26,r,r,true,506635.00
unknown,main-trial-26, , ,true,506872.00
unknown,main-trial-26,s,s,true,507314.00
unknown,main-trial-26,f,f,true,507410.00
unknown,main-trial-26, , ,true,507792.00
unknown,main-trial-26,e,e,true,508353.00
unknown,main-trial-26,r,r,true,508405.00
unknown,main-trial-27,o,o,true,512633.00
unknown,main-trial-27, , ,true,512818.00
unknown,main-trial-27,w,w,true,513165.00
unknown,main-trial-27,d,d,true,513260.00
unknown,main-trial-27, , ,true,513428.00
unknown,main-trial-27,w,w,true,513682.00
unknown,main-trial-27,d,d,true,513751.00
unknown,main-trial-27, , ,true,513943.00
unknown,main-trial-27,h,h,true,514334.00
unknown,main-trial-27, , ,true,514504.00
unknown,main-trial-27,d,d,true,515390.00
unknown,main-trial-27,r,r,true,515559.00
unknown,main-trial-27, , ,true,515821.00
unknown,main-trial-27,d,d,true,516100.00
unknown,main-trial-27,r,r,true,516201.00
unknown,main-trial-27, , ,true,516436.00
unknown,main-trial-27,h,h,true,517827.00
unknown,main-trial-27, , ,true,518080.00
unknown,main-trial-27,w,w,true,519082.00
unknown,main-trial-27,d,d,true,519133.00
unknown,main-trial-27, , ,true,519440.00
unknown,main-trial-27,d,d,true,520189.00
unknown,main-trial-27,r,r,true,520401.00
unknown,main-trial-27, , ,true,520599.00
unknown,main-trial-27,w,w,true,521160.00
unknown,main-trial-27,d,d,true,521224.00
unknown,main-trial-27, , ,true,521482.00
unknown,main-trial-27,d,d,true,522031.00
unknown,main-trial-27,r,r,true,522250.00
unknown,main-trial-28,h,h,true,530228.00
unknown,main-trial-28, , ,true,530488.00
unknown,main-trial-28,f,f,true,531704.00
unknown,main-trial-28,r,r,true,531925.00
unknown,main-trial-28, , ,true,532270.00
unknown,main-trial-28,f,f,true,532420.00
unknown,main-trial-28,r,r,true,532635.00
unknown,main-trial-28, , ,true,532838.00
unknown,main-trial-28,g,g,true,533297.00
unknown,main-trial-28, , ,true,533478.00
unknown,main-trial-28,d,d,true,534206.00
unknown,main-trial-28,e,e,true,534405.00
unknown,main-trial-28, , ,true,534695.00
unknown,main-trial-28,d,d,true,534938.00
unknown,main-trial-28,e,e,true,535094.00
unknown,main-trial-28, , ,true,535365.00
unknown,main-trial-28,q,q,true,535953.00
unknown,main-trial-28, , ,true,536253.00
unknown,main-trial-28,f,f,true,537353.00
unknown,main-trial-28,r,r,true,537527.00
unknown,main-trial-28, , ,true,537953.00
unknown,main-trial-28,d,d,true,538623.00
unknown,main-trial-28,e,e,true,538824.00
unknown,main-trial-28, , ,true,539069.00
unknown,main-trial-28,f,f,true,539455.00
unknown,main-trial-28,r,r,true,539694.00
unknown,main-trial-28, , ,true,539936.00
unknown,main-trial-28,d,d,true,540457.00
unknown,main-trial-28,e,e,true,540640.00
unknown,main-trial-29,l,l,true,547877.00
unknown,main-trial-29, , ,true,548143.00
unknown,main-trial-29,s,s,true,549035.00
unknown,main-trial-29,d,d,true,549107.00
unknown,main-trial-29, , ,true,549278.00
unknown,main-trial-29,s,s,true,549494.00
unknown,main-trial-29,d,d,true,549555.00
unknown,main-trial-29, , ,true,549727.00
unknown,main-trial-29,t,t,true,550298.00
unknown,main-trial-29, , ,true,550466.00
unknown,main-trial-29,f,f,true,550919.00
unknown,main-trial-29,d,d,true,551016.00
unknown,main-trial-29, , ,true,551243.00
unknown,main-trial-29,f,f,true,551460.00
unknown,main-trial-29,d,d,true,551536.00
unknown,main-trial-29, , ,true,551733.00
unknown,main-trial-29,f,f,true,551997.00
unknown,main-trial-29, , ,true,552208.00
unknown,main-trial-29,s,s,true,552758.00
unknown,main-trial-29,d,d,true,552794.00
unknown,main-trial-29, , ,true,553049.00
unknown,main-trial-29,f,s,false,553413.00
unknown,main-trial-29,f,d,false,553449.00
unknown,main-trial-29,f,f,true,554471.00
unknown,main-trial-29,d,d,true,554495.00
unknown,main-trial-29, , ,true,554825.00
unknown,main-trial-29,s,s,true,555108.00
unknown,main-trial-29,d,d,true,555175.00
unknown,main-trial-29, , ,true,555386.00
unknown,main-trial-29,f,f,true,556374.00
unknown,main-trial-29,d,d,true,556429.00
unknown,main-trial-30,d,d,true,568586.00
unknown,main-trial-30, , ,true,568715.00
unknown,main-trial-30,d,d,true,568869.00
unknown,main-trial-30,r, ,false,568952.00
unknown,main-trial-30,r,r,true,570340.00
unknown,main-trial-30, , ,true,570818.00
unknown,main-trial-30,d,d,true,571522.00
unknown,main-trial-30,r,r,true,571602.00
unknown,main-trial-30, , ,true,571790.00
unknown,main-trial-30,p,p,true,572534.00
unknown,main-trial-30, , ,true,572769.00
unknown,main-trial-30,f,f,true,573686.00
unknown,main-trial-30,e,e,true,574456.00
unknown,main-trial-30, , ,true,574706.00
unknown,main-trial-30,f,f,true,575094.00
unknown,main-trial-30,e,e,true,575182.00
unknown,main-trial-30, , ,true,575422.00
unknown,main-trial-30,f,f,true,576256.00
unknown,main-trial-30, , ,true,576418.00
unknown,main-trial-30,d,d,true,577286.00
unknown,main-trial-30,r,r,true,577346.00
unknown,main-trial-30, , ,true,577638.00
unknown,main-trial-30,f,d,false,577827.00
unknown,main-trial-30,f,r,false,577939.00
unknown,main-trial-30,f,f,true,581675.00
unknown,main-trial-30,e,e,true,581701.00
unknown,main-trial-30, , ,true,582117.00
unknown,main-trial-30,d, ,false,582259.00
unknown,main-trial-30,d,d,true,582958.00
unknown,main-trial-30,r,r,true,583178.00
unknown,main-trial-30, , ,true,583374.00
unknown,main-trial-30,f,f,true,583806.00
unknown,main-trial-30,e,e,true,583890.00
unknown,main-trial-31,c,c,true,590892.00
unknown,main-trial-31, , ,true,591117.00
unknown,main-trial-31,e,e,true,591531.00
unknown,main-trial-31,f,f,true,591584.00
unknown,main-trial-31, , ,true,591817.00
unknown,main-trial-31,e,e,true,592052.00
unknown,main-trial-31,f,f,true,592101.00
unknown,main-trial-31, , ,true,592278.00
unknown,main-trial-31,u,u,true,592641.00
unknown,main-trial-31, , ,true,592835.00
unknown,main-trial-31,d,d,true,593224.00
unknown,main-trial-31,s,s,true,593308.00
unknown,main-trial-31, , ,true,593502.00
unknown,main-trial-31,d,d,true,593676.00
unknown,main-trial-31,s,s,true,593796.00
unknown,main-trial-31, , ,true,593927.00
unknown,main-trial-31,j,j,true,594550.00
unknown,main-trial-31, , ,true,594697.00
unknown,main-trial-31,e,e,true,595208.00
unknown,main-trial-31,f,f,true,595283.00
unknown,main-trial-31, , ,true,595664.00
unknown,main-trial-31,d,d,true,596329.00
unknown,main-trial-31,s,s,true,596449.00
unknown,main-trial-31, , ,true,596659.00
unknown,main-trial-31,e,e,true,597036.00
unknown,main-trial-31,f,f,true,597153.00
unknown,main-trial-31, , ,true,597435.00
unknown,main-trial-31,d,d,true,598092.00
unknown,main-trial-31,s,s,true,598195.00
unknown,main-trial-32,y,y,true,603452.00
unknown,main-trial-32, , ,true,604018.00
unknown,main-trial-32,d,d,true,605704.00
unknown,main-trial-32,v,v,true,605843.00
unknown,main-trial-32, , ,true,606286.00
unknown,main-trial-32,d,d,true,606429.00
unknown,main-trial-32,v,v,true,606510.00
unknown,main-trial-32, , ,true,606811.00
unknown,main-trial-32,i,i,true,607090.00
unknown,main-trial-32, , ,true,607249.00
unknown,main-trial-32,s,d,false,607493.00
unknown,main-trial-32,s,s,true,607583.00
unknown,main-trial-32,a,a,true,608556.00
unknown,main-trial-32, , ,true,608945.00
unknown,main-trial-32,s,s,true,609328.00
unknown,main-trial-32,a,a,true,609670.00
unknown,main-trial-32, , ,true,610133.00
unknown,main-trial-32,i,i,true,610511.00
unknown,main-trial-32, , ,true,610757.00
unknown,main-trial-32,d,d,true,611336.00
unknown,main-trial-32,v,v,true,611463.00
unknown,main-trial-32, , ,true,611709.00
unknown,main-trial-32,s,s,true,612449.00
unknown,main-trial-32,a,a,true,612516.00
unknown,main-trial-32, , ,true,612788.00
unknown,main-trial-32,d,d,true,613410.00
unknown,main-trial-32,v,v,true,613583.00
unknown,main-trial-32, , ,true,613850.00
unknown,main-trial-32,s,s,true,614224.00
unknown,main-trial-32,a,a,true,614304.00
unknown,main-trial-33,u,u,true,618031.00
unknown,main-trial-33, , ,true,618228.00
unknown,main-trial-33,f,f,true,619001.00
unknown,main-trial-33,v,v,true,619053.00
unknown,main-trial-33, , ,true,619448.00
unknown,main-trial-33,f,f,true,619909.00
unknown,main-trial-33,v,v,true,620033.00
unknown,main-trial-33, , ,true,620362.00
unknown,main-trial-33,j,j,true,620941.00
unknown,main-trial-33, , ,true,621164.00
unknown,main-trial-33,v,v,true,621780.00
unknown,main-trial-33,f,f,true,622236.00
unknown,main-trial-33, , ,true,622591.00
unknown,main-trial-33,v,v,true,622757.00
unknown,main-trial-33,f,f,true,622972.00
unknown,main-trial-33, , ,true,623213.00
unknown,main-trial-33,k,k,true,624167.00
unknown,main-trial-33, , ,true,624416.00
unknown,main-trial-33,f,f,true,625314.00
unknown,main-trial-33,v,v,true,625389.00
unknown,main-trial-33, , ,true,625683.00
unknown,main-trial-33,v,v,true,626042.00
unknown,main-trial-33,f,f,true,626157.00
unknown,main-trial-33, , ,true,626429.00
unknown,main-trial-33,f,f,true,626883.00
unknown,main-trial-33,v,v,true,626986.00
unknown,main-trial-33, , ,true,627372.00
unknown,main-trial-33,v,v,true,627713.00
unknown,main-trial-33,f,f,true,627817.00
unknown,main-trial-34,k,k,true,633844.00
unknown,main-trial-34, , ,true,634088.00
unknown,main-trial-34,f,f,true,635716.00
unknown,main-trial-34,v,v,true,635954.00
unknown,main-trial-34, , ,true,636252.00
unknown,main-trial-34,f,f,true,636496.00
unknown,main-trial-34,v,v,true,636714.00
unknown,main-trial-34, , ,true,637094.00
unknown,main-trial-34,b,b,true,637654.00
unknown,main-trial-34, , ,true,637948.00
unknown,main-trial-34,e,e,true,638828.00
unknown,main-trial-34,w,w,true,638911.00
unknown,main-trial-34, , ,true,639213.00
unknown,main-trial-34,e,e,true,639452.00
unknown,main-trial-34,w,w,true,639502.00
unknown,main-trial-34, , ,true,639702.00
unknown,main-trial-34,z,z,true,640179.00
unknown,main-trial-34, , ,true,640516.00
unknown,main-trial-34,f,f,true,641105.00
unknown,main-trial-34,v,v,true,641343.00
unknown,main-trial-34, , ,true,641630.00
unknown,main-trial-34,e,e,true,642349.00
unknown,main-trial-34,w,w,true,642439.00
unknown,main-trial-34, , ,true,642868.00
unknown,main-trial-34,f,f,true,643170.00
unknown,main-trial-34,v,v,true,643406.00
unknown,main-trial-34, , ,true,643717.00
unknown,main-trial-34,e,e,true,643996.00
unknown,main-trial-34,w,w,true,644072.00
unknown,main-trial-35,w,w,true,651698.00
unknown,main-trial-35, , ,true,652167.00
unknown,main-trial-35,f,f,true,652985.00
unknown,main-trial-35,e,e,true,653100.00
unknown,main-trial-35, , ,true,653335.00
unknown,main-trial-35,f,f,true,653534.00
unknown,main-trial-35,e,e,true,653580.00
unknown,main-trial-35, , ,true,653807.00
unknown,main-trial-35,y,y,true,654297.00
unknown,main-trial-35, , ,true,654538.00
unknown,main-trial-35,d,d,true,655547.00
unknown,main-trial-35,r,r,true,655687.00
unknown,main-trial-35, , ,true,655917.00
unknown,main-trial-35,d,d,true,656158.00
unknown,main-trial-35,r,r,true,656227.00
unknown,main-trial-35, ,j,false,656550.00
unknown,main-trial-35, , ,true,657206.00
unknown,main-trial-35,k,k,true,657966.00
unknown,main-trial-35, , ,true,658312.00
unknown,main-trial-35,f,f,true,659312.00
unknown,main-trial-35,e,e,true,659392.00
unknown,main-trial-35, , ,true,659635.00
unknown,main-trial-35,d,d,true,660684.00
unknown,main-trial-35,r,r,true,660827.00
unknown,main-trial-35, , ,true,661147.00
unknown,main-trial-35,f,f,true,661613.00
unknown,main-trial-35,e,e,true,661736.00
unknown,main-trial-35, , ,true,661946.00
unknown,main-trial-35,d,d,true,662372.00
unknown,main-trial-35,r,r,true,662504.00
unknown,main-trial-36,l,l,true,670515.00
unknown,main-trial-36, , ,true,670721.00
unknown,main-trial-36,d,d,true,671038.00
unknown,main-trial-36,r,r,true,671193.00
unknown,main-trial-36, , ,true,671418.00
unknown,main-trial-36,d,d,true,671598.00
unknown,main-trial-36,r,r,true,671678.00
unknown,main-trial-36, , ,true,671881.00
unknown,main-trial-36,x,x,true,672450.00
unknown,main-trial-36, , ,true,672704.00
unknown,main-trial-36,w,w,true,673145.00
unknown,main-trial-36,d,d,true,673265.00
unknown,main-trial-36, , ,true,673534.00
unknown,main-trial-36,w,w,true,673790.00
unknown,main-trial-36,d,d,true,673908.00
unknown,main-trial-36, , ,true,674114.00
unknown,main-trial-36,k,k,true,674681.00
unknown,main-trial-36, , ,true,674967.00
unknown,main-trial-36,d,d,true,676165.00
unknown,main-trial-36,r,r,true,676411.00
unknown,main-trial-36, , ,true,676613.00
unknown,main-trial-36,w,w,true,677384.00
unknown,main-trial-36,d,d,true,677772.00
unknown,main-trial-36, , ,true,678662.00
unknown,main-trial-36,d,d,true,679017.00
unknown,main-trial-36,r,r,true,679132.00
unknown,main-trial-36, , ,true,679351.00
unknown,main-trial-36,w,w,true,679883.00
unknown,main-trial-36,d,d,true,680149.00
unknown,main-trial-37,u,u,true,688807.00
unknown,main-trial-37, , ,true,689022.00
unknown,main-trial-37,d,d,true,689424.00
unknown,main-trial-37,a,a,true,689534.00
unknown,main-trial-37, ,d,false,689784.00
unknown,main-trial-37, , ,true,690562.00
unknown,main-trial-37,d,d,true,690742.00
unknown,main-trial-37,a,a,true,690802.00
unknown,main-trial-37, , ,true,691063.00
unknown,main-trial-37,t,t,true,691638.00
unknown,main-trial-37, , ,true,691823.00
unknown,main-trial-37,w,w,true,692497.00
unknown,main-trial-37,r,r,true,692552.00
unknown,main-trial-37, , ,true,692734.00
unknown,main-trial-37,w,w,true,692942.00
unknown,main-trial-37,r,r,true,693027.00
unknown,main-trial-37, , ,true,693196.00
unknown,main-trial-37,w,w,true,693678.00
unknown,main-trial-37, , ,true,693817.00
unknown,main-trial-37,d,d,true,694666.00
unknown,main-trial-37,a,a,true,694770.00
unknown,main-trial-37, , ,true,695035.00
unknown,main-trial-37,w,w,true,695452.00
unknown,main-trial-37,r,r,true,695536.00
unknown,main-trial-37, , ,true,695709.00
unknown,main-trial-37,d,d,true,696125.00
unknown,main-trial-37,a,a,true,696188.00
unknown,main-trial-37, , ,true,696399.00
unknown,main-trial-37,w,w,true,696843.00
unknown,main-trial-37,r,r,true,696996.00
unknown,main-trial-38,a,a,true,702730.00
unknown,main-trial-38, , ,true,702899.00
unknown,main-trial-38,a,a,true,703460.00
unknown,main-trial-38,s,s,true,703575.00
unknown,main-trial-38, , ,true,703800.00
unknown,main-trial-38,a,a,true,703962.00
unknown,main-trial-38,s,s,true,704023.00
unknown,main-trial-38, , ,true,704198.00
unknown,main-trial-38,l,l,true,705010.00
unknown,main-trial-38, , ,true,705214.00
unknown,main-trial-38,a, ,false,705392.00
unknown,main-trial-38,a,a,true,706159.00
unknown,main-trial-38,d,d,true,706266.00
unknown,main-trial-38, , ,true,706443.00
unknown,main-trial-38,a,a,true,706706.00
unknown,main-trial-38,d,d,true,706800.00
unknown,main-trial-38, , ,true,706946.00
unknown,main-trial-38,r,r,true,707384.00
unknown,main-trial-38, , ,true,707547.00
unknown,main-trial-38,a,a,true,707876.00
unknown,main-trial-38,s,s,true,707909.00
unknown,main-trial-38, , ,true,708136.00
unknown,main-trial-38,a,a,true,708377.00
unknown,main-trial-38,d,d,true,708457.00
unknown,main-trial-38, , ,true,708634.00
unknown,main-trial-38,a,a,true,708807.00
unknown,main-trial-38,s,s,true,708888.00
unknown,main-trial-38, , ,true,709044.00
unknown,main-trial-38,a,a,true,709257.00
unknown,main-trial-38,d,d,true,709370.00
unknown,main-trial-39,o,o,true,718911.00
unknown,main-trial-39, , ,true,719114.00
unknown,main-trial-39,s,s,true,719565.00
unknown,main-trial-39,e,e,true,719609.00
unknown,main-trial-39, , ,true,719796.00
unknown,main-trial-39,s,s,true,720069.00
unknown,main-trial-39,e,e,true,720105.00
unknown,main-trial-39, , ,true,720303.00
unknown,main-trial-39,l,l,true,720919.00
unknown,main-trial-39, , ,true,721463.00
unknown,main-trial-39,a,a,true,722503.00
unknown,main-trial-39,r,r,true,722634.00
unknown,main-trial-39, , ,true,722869.00
unknown,main-trial-39,a,a,true,723116.00
unknown,main-trial-39,r,r,true,723210.00
unknown,main-trial-39, , ,true,723411.00
unknown,main-trial-39,l,l,true,724513.00
unknown,main-trial-39, , ,true,724939.00
unknown,main-trial-39,s,e,false,725410.00
unknown,main-trial-39,s,s,true,725413.00
unknown,main-trial-39,e,e,true,726123.00
unknown,main-trial-39, , ,true,726466.00
unknown,main-trial-39,a,a,true,726713.00
unknown,main-trial-39,r,r,true,726813.00
unknown,main-trial-39, , ,true,727179.00
unknown,main-trial-39,s,s,true,727480.00
unknown,main-trial-39,e,e,true,727565.00
unknown,main-trial-39, , ,true,727943.00
unknown,main-trial-39,a,a,true,728430.00
unknown,main-trial-39,r,r,true,728613.00
unknown,main-trial-40,j,j,true,737004.00
unknown,main-trial-40, , ,true,737313.00
unknown,main-trial-40,d,d,true,737670.00
unknown,main-trial-40,f,f,true,738123.00
unknown,main-trial-40, , ,true,738720.00
unknown,main-trial-40,d,d,true,738996.00
unknown,main-trial-40,f,f,true,739116.00
unknown,main-trial-40, , ,true,739262.00
unknown,main-trial-40,k,k,true,739778.00
unknown,main-trial-40, , ,true,740010.00
unknown,main-trial-40,s,s,true,740729.00
unknown,main-trial-40,f,f,true,740844.00
unknown,main-trial-40, , ,true,740991.00
unknown,main-trial-40,s,s,true,741175.00
unknown,main-trial-40,f,f,true,741276.00
unknown,main-trial-40, , ,true,741469.00
unknown,main-trial-40,x,x,true,741950.00
unknown,main-trial-40, , ,true,742232.00
unknown,main-trial-40,d,d,true,743048.00
unknown,main-trial-40,f,f,true,743151.00
unknown,main-trial-40, , ,true,743470.00
unknown,main-trial-40,s,s,true,743702.00
unknown,main-trial-40,f,f,true,743792.00
unknown,main-trial-40, , ,true,744059.00
unknown,main-trial-40,d,d,true,744244.00
unknown,main-trial-40,f,f,true,744352.00
unknown,main-trial-40, , ,true,744512.00
unknown,main-trial-40,s,s,true,744699.00
unknown,main-trial-40,f,f,true,744791.00
unknown,main-trial-41,m,m,true,749053.00
unknown,main-trial-41, , ,true,749283.00
unknown,main-trial-41,e,e,true,750442.00
unknown,main-trial-41,w,w,true,750582.00
unknown,main-trial-41, , ,true,750794.00
unknown,main-trial-41,e,e,true,751062.00
unknown,main-trial-41,w,w,true,751144.00
unknown,main-trial-41, , ,true,751480.00
unknown,main-trial-41,y,y,true,752637.00
unknown,main-trial-41, , ,true,753162.00
unknown,main-trial-41,q,q,true,753962.00
unknown,main-trial-41,e,e,true,754057.00
unknown,main-trial-41, , ,true,754345.00
unknown,main-trial-41,q,q,true,755165.00
unknown,main-trial-41,e,e,true,755248.00
unknown,main-trial-41, , ,true,755697.00
unknown,main-trial-41,e,e,true,756442.00
unknown,main-trial-41, , ,true,756758.00
unknown,main-trial-41,e,e,true,757422.00
unknown,main-trial-41,w,w,true,757490.00
unknown,main-trial-41, , ,true,757863.00
unknown,main-trial-41,q,q,true,758612.00
unknown,main-trial-41,e,e,true,758807.00
unknown,main-trial-41, , ,true,759205.00
unknown,main-trial-41,e,e,true,760012.00
unknown,main-trial-41,w,w,true,760103.00
unknown,main-trial-41, , ,true,760517.00
unknown,main-trial-41,q,q,true,760803.00
unknown,main-trial-41,e,e,true,760911.00
unknown,main-trial-42,d,d,true,764856.00
unknown,main-trial-42, , ,true,765064.00
unknown,main-trial-42,a,a,true,765553.00
unknown,main-trial-42,a,a,true,765836.00
unknown,main-trial-42, , ,true,766085.00
unknown,main-trial-42,a,a,true,766267.00
unknown,main-trial-42,a,a,true,766523.00
unknown,main-trial-42, , ,true,766755.00
unknown,main-trial-42,q,q,true,767575.00
unknown,main-trial-42, , ,true,767893.00
unknown,main-trial-42,v,v,true,768200.00
unknown,main-trial-42,v,v,true,768440.00
unknown,main-trial-42, , ,true,768679.00
unknown,main-trial-42,v,v,true,768869.00
unknown,main-trial-42,v,v,true,769101.00
unknown,main-trial-42, , ,true,769352.00
unknown,main-trial-42,u,u,true,769671.00
unknown,main-trial-42, , ,true,769914.00
unknown,main-trial-42,a,a,true,770458.00
unknown,main-trial-42,a,a,true,770731.00
unknown,main-trial-42, , ,true,770976.00
unknown,main-trial-42,v,a,false,771222.00
unknown,main-trial-42,v,v,true,771844.00
unknown,main-trial-42,v,v,true,772048.00
unknown,main-trial-42, , ,true,772376.00
unknown,main-trial-42,a,a,true,772628.00
unknown,main-trial-42,a,a,true,772923.00
unknown,main-trial-42, , ,true,773247.00
unknown,main-trial-42,v,v,true,773425.00
unknown,main-trial-42,v,v,true,773662.00
unknown,main-trial-43,u,u,true,779817.00
unknown,main-trial-43, , ,true,780001.00
unknown,main-trial-43,f,f,true,780406.00
unknown,main-trial-43,s,s,true,780470.00
unknown,main-trial-43, , ,true,780668.00
unknown,main-trial-43,f,f,true,780884.00
unknown,main-trial-43,s,s,true,781001.00
unknown,main-trial-43, , ,true,781290.00
unknown,main-trial-43,e,e,true,781738.00
unknown,main-trial-43, , ,true,781976.00
unknown,main-trial-43,r,r,true,782569.00
unknown,main-trial-43,e,e,true,782653.00
unknown,main-trial-43, , ,true,782783.00
unknown,main-trial-43,r,r,true,782967.00
unknown,main-trial-43,e,e,true,783020.00
unknown,main-trial-43, , ,true,783180.00
unknown,main-trial-43,i,i,true,783778.00
unknown,main-trial-43, , ,true,783976.00
unknown,main-trial-43,f,f,true,784294.00
unknown,main-trial-43,s,s,true,784370.00
unknown,main-trial-43, , ,true,784529.00
unknown,main-trial-43,r,f,false,784721.00
unknown,main-trial-43,r,s,false,784810.00
unknown,main-trial-43,r, ,false,784949.00
unknown,main-trial-43,r,r,true,786436.00
unknown,main-trial-43,e,e,true,786492.00
unknown,main-trial-43, , ,true,786784.00
unknown,main-trial-43,f,f,true,787010.00
unknown,main-trial-43,s,s,true,787092.00
unknown,main-trial-43, , ,true,787401.00
unknown,main-trial-43,r,r,true,787721.00
unknown,main-trial-43,e,e,true,787813.00
unknown,main-trial-44,b,b,true,792402.00
unknown,main-trial-44, , ,true,792604.00
unknown,main-trial-44,a,a,true,793058.00
unknown,main-trial-44,a,a,true,793495.00
unknown,main-trial-44, , ,true,793833.00
unknown,main-trial-44,a,a,true,794079.00
unknown,main-trial-44,a,a,true,794378.00
unknown,main-trial-44, , ,true,794672.00
unknown,main-trial-44,m,m,true,795078.00
unknown,main-trial-44, , ,true,795315.00
unknown,main-trial-44,r,r,true,795682.00
unknown,main-trial-44,r,r,true,795895.00
unknown,main-trial-44, , ,true,796079.00
unknown,main-trial-44,r,r,true,796308.00
unknown,main-trial-44,r,r,true,796503.00
unknown,main-trial-44, , ,true,796719.00
unknown,main-trial-44,r,r,true,796913.00
unknown,main-trial-44, , ,true,797112.00
unknown,main-trial-44,a,a,true,797742.00
unknown,main-trial-44,a,a,true,798035.00
unknown,main-trial-44, , ,true,798278.00
unknown,main-trial-44,r,r,true,798653.00
unknown,main-trial-44,r,r,true,799037.00
unknown,main-trial-44, , ,true,799377.00
unknown,main-trial-44,a,a,true,799654.00
unknown,main-trial-44,a,a,true,799969.00
unknown,main-trial-44, , ,true,800297.00
unknown,main-trial-44,r,r,true,800517.00
unknown,main-trial-44,r,r,true,800775.00
unknown,main-trial-45,k,k,true,804992.00
unknown,main-trial-45, , ,true,805208.00
unknown,main-trial-45,w,w,true,805642.00
unknown,main-trial-45,e,e,true,805794.00
unknown,main-trial-45, , ,true,806001.00
unknown,main-trial-45,w,w,true,806232.00
unknown,main-trial-45,e,e,true,806335.00
unknown,main-trial-45, , ,true,806614.00
unknown,main-trial-45,v,v,true,807384.00
unknown,main-trial-45, , ,true,807600.00
unknown,main-trial-45,e,e,true,808308.00
unknown,main-trial-45,f,f,true,808425.00
unknown,main-trial-45, , ,true,808617.00
unknown,main-trial-45,e,e,true,808817.00
unknown,main-trial-45,f,f,true,808910.00
unknown,main-trial-45, , ,true,809142.00
unknown,main-trial-45,m,m,true,809433.00
unknown,main-trial-45, , ,true,809672.00
unknown,main-trial-45,w,w,true,810262.00
unknown,main-trial-45,e,e,true,810314.00
unknown,main-trial-45, , ,true,810607.00
unknown,main-trial-45,e,e,true,811024.00
unknown,main-trial-45,f,f,true,811085.00
unknown,main-trial-45, , ,true,811389.00
unknown,main-trial-45,w,w,true,811844.00
unknown,main-trial-45,e,e,true,811928.00
unknown,main-trial-45, , ,true,812163.00
unknown,main-trial-45,e,e,true,812300.00
unknown,main-trial-45,f,f,true,812408.00
unknown,main-trial-46,r,r,true,816497.00
unknown,main-trial-46, , ,true,816642.00
unknown,main-trial-46,w,w,true,817377.00
unknown,main-trial-46,e,e,true,817448.00
unknown,main-trial-46, , ,true,817624.00
unknown,main-trial-46,w,w,true,817812.00
unknown,main-trial-46,e,e,true,817897.00
unknown,main-trial-46, , ,true,818064.00
unknown,main-trial-46,z,z,true,818451.00
unknown,main-trial-46, , ,true,818893.00
unknown,main-trial-46,d,d,true,819551.00
unknown,main-trial-46,a,a,true,819722.00
unknown,main-trial-46, , ,true,819944.00
unknown,main-trial-46,d,d,true,820163.00
unknown,main-trial-46,a,a,true,820341.00
unknown,main-trial-46, , ,true,820601.00
unknown,main-trial-46,l,l,true,820974.00
unknown,main-trial-46, , ,true,821188.00
unknown,main-trial-46,w,w,true,822416.00
unknown,main-trial-46,e,e,true,822496.00
unknown,main-trial-46, , ,true,822805.00
unknown,main-trial-46,d,d,true,823280.00
unknown,main-trial-46,a,a,true,823472.00
unknown,main-trial-46, , ,true,823813.00
unknown,main-trial-46,w,w,true,824449.00
unknown,main-trial-46,e,e,true,824488.00
unknown,main-trial-46, , ,true,824867.00
unknown,main-trial-46,d,d,true,825144.00
unknown,main-trial-46,a,a,true,825288.00
unknown,main-trial-47,v,v,true,831103.00
unknown,main-trial-47, ,v,false,831333.00
unknown,main-trial-47, , ,true,832181.00
unknown,main-trial-47,v,v,true,832495.00
unknown,main-trial-47,v,v,true,832733.00
unknown,main-trial-47, , ,true,832944.00
unknown,main-trial-47,v,v,true,833177.00
unknown,main-trial-47,v,v,true,833392.00
unknown,main-trial-47, , ,true,833741.00
unknown,main-trial-47,q,q,true,834280.00
unknown,main-trial-47, , ,true,834687.00
unknown,main-trial-47,e,e,true,835355.00
unknown,main-trial-47,e,e,true,835594.00
unknown,main-trial-47, , ,true,835811.00
unknown,main-trial-47,e,e,true,835980.00
unknown,main-trial-47,e,e,true,836223.00
unknown,main-trial-47, , ,true,836479.00
unknown,main-trial-47,h,h,true,836801.00
unknown,main-trial-47, , ,true,837018.00
unknown,main-trial-47,v,v,true,837452.00
unknown,main-trial-47,v,v,true,837656.00
unknown,main-trial-47, , ,true,837950.00
unknown,main-trial-47,e,e,true,838322.00
unknown,main-trial-47,e,e,true,838539.00
unknown,main-trial-47, , ,true,838859.00
unknown,main-trial-47,v,v,true,839112.00
unknown,main-trial-47,v,v,true,839334.00
unknown,main-trial-47, , ,true,839585.00
unknown,main-trial-47,e,e,true,839740.00
unknown,main-trial-47,e,e,true,839933.00
unknown,main-trial-48,t,t,true,845143.00
unknown,main-trial-48, , ,true,845355.00
unknown,main-trial-48,r,r,true,845493.00
unknown,main-trial-48,r,r,true,845700.00
unknown,main-trial-48, , ,true,845980.00
unknown,main-trial-48,r,r,true,846140.00
unknown,main-trial-48,r,r,true,846350.00
unknown,main-trial-48, ,r,false,846520.00
unknown,main-trial-48, , ,true,846966.00
unknown,main-trial-48,b,b,true,847456.00
unknown,main-trial-48, , ,true,847672.00
unknown,main-trial-48,a,a,true,848121.00
unknown,main-trial-48,a, ,false,848527.00
unknown,main-trial-48,a,a,true,848986.00
unknown,main-trial-48, , ,true,849304.00
unknown,main-trial-48,a,a,true,849544.00
unknown,main-trial-48,a,a,true,849830.00
unknown,main-trial-48, , ,true,850100.00
unknown,main-trial-48,a,a,true,850425.00
unknown,main-trial-48, , ,true,850672.00
unknown,main-trial-48,r,r,true,851168.00
unknown,main-trial-48,r,r,true,851371.00
unknown,main-trial-48, , ,true,851526.00
unknown,main-trial-48,a,a,true,852121.00
unknown,main-trial-48,a,a,true,852431.00
unknown,main-trial-48, , ,true,852811.00
unknown,main-trial-48,r,r,true,853028.00
unknown,main-trial-48,r,r,true,853244.00
unknown,main-trial-48, ,r,false,853407.00
unknown,main-trial-48, , ,true,853878.00
unknown,main-trial-48,a,a,true,854114.00
unknown,main-trial-48,a,a,true,854345.00
unknown,main-trial-49,d,d,true,863180.00
unknown,main-trial-49, , ,true,863493.00
unknown,main-trial-49,d,d,true,864109.00
unknown,main-trial-49,e,e,true,864338.00
unknown,main-trial-49, , ,true,864651.00
unknown,main-trial-49,d,d,true,864792.00
unknown,main-trial-49,e,e,true,864932.00
unknown,main-trial-49, , ,true,865213.00
unknown,main-trial-49,g,g,true,865626.00
unknown,main-trial-49, , ,true,865880.00
unknown,main-trial-49,v,v,true,866526.00
unknown,main-trial-49,f,f,true,866666.00
unknown,main-trial-49, , ,true,866868.00
unknown,main-trial-49,v,v,true,867055.00
unknown,main-trial-49,f,f,true,867135.00
unknown,main-trial-49, , ,true,867332.00
unknown,main-trial-49,e,e,true,867839.00
unknown,main-trial-49, , ,true,868167.00
unknown,main-trial-49,d,d,true,868804.00
unknown,main-trial-49,e,e,true,868907.00
unknown,main-trial-49, , ,true,869233.00
unknown,main-trial-49,v,v,true,869856.00
unknown,main-trial-49,f,f,true,869927.00
unknown,main-trial-49, , ,true,870247.00
unknown,main-trial-49,d,d,true,870697.00
unknown,main-trial-49,e,e,true,870753.00
unknown,main-trial-49, , ,true,871018.00
unknown,main-trial-49,v,v,true,871380.00
unknown,main-trial-49,f,f,true,871427.00
unknown,main-trial-50,s,s,true,876377.00
unknown,main-trial-50, , ,true,876658.00
unknown,main-trial-50,a,a,true,877107.00
unknown,main-trial-50,d,d,true,877192.00
unknown,main-trial-50, , ,true,877497.00
unknown,main-trial-50,a,a,true,877795.00
unknown,main-trial-50,d,d,true,877892.00
unknown,main-trial-50, , ,true,878257.00
unknown,main-trial-50,m,m,true,878569.00
unknown,main-trial-50, , ,true,878783.00
unknown,main-trial-50,a,s,false,879318.00
unknown,main-trial-50,a,d,false,879412.00
unknown,main-trial-50,a,a,true,880816.00
unknown,main-trial-50,s,s,true,880942.00
unknown,main-trial-50, , ,true,881192.00
unknown,main-trial-50,a,a,true,881399.00
unknown,main-trial-50,s,s,true,881491.00
unknown,main-trial-50, , ,true,881780.00
unknown,main-trial-50,w,w,true,882218.00
unknown,main-trial-50, , ,true,882518.00
unknown,main-trial-50,a,a,true,883046.00
unknown,main-trial-50,d,d,true,883162.00
unknown,main-trial-50, , ,true,883515.00
unknown,main-trial-50,a,a,true,883686.00
unknown,main-trial-50,s,s,true,883790.00
unknown,main-trial-50, , ,true,884181.00
unknown,main-trial-50,a,a,true,884488.00
unknown,main-trial-50,d,d,true,884603.00
unknown,main-trial-50, , ,true,884897.00
unknown,main-trial-50,a,a,true,885060.00
unknown,main-trial-50,s,s,true,885101.00
unknown,main-trial-51,n,n,true,889344.00
unknown,main-trial-51, , ,true,889545.00
unknown,main-trial-51,a,a,true,889922.00
unknown,main-trial-51,r,e,false,890024.00
unknown,main-trial-51,r,r,true,890495.00
unknown,main-trial-51, , ,true,890833.00
unknown,main-trial-51,a,a,true,891028.00
unknown,main-trial-51,r,r,true,891132.00
unknown,main-trial-51, ,e,false,891154.00
unknown,main-trial-51, ,l,false,891627.00
unknown,main-trial-51, , ,true,892302.00
unknown,main-trial-51,l,l,true,892555.00
unknown,main-trial-51, , ,true,892801.00
unknown,main-trial-51,d,d,true,893385.00
unknown,main-trial-51,v,v,true,893502.00
unknown,main-trial-51, , ,true,893670.00
unknown,main-trial-51,d,d,true,893972.00
unknown,main-trial-51,v,v,true,894057.00
unknown,main-trial-51, , ,true,894209.00
unknown,main-trial-51,h,j,false,894700.00
unknown,main-trial-51,h,h,true,894740.00
unknown,main-trial-51, , ,true,895929.00
unknown,main-trial-51,a,a,true,896180.00
unknown,main-trial-51,r,r,true,896291.00
unknown,main-trial-51, , ,true,896516.00
unknown,main-trial-51,d,a,false,896717.00
unknown,main-trial-51,d,r,false,896814.00
unknown,main-trial-51,d,d,true,898412.00
unknown,main-trial-51,v,v,true,898497.00
unknown,main-trial-51, , ,true,898714.00
unknown,main-trial-51,a,a,true,899000.00
unknown,main-trial-51,r,r,true,899064.00
unknown,main-trial-51, , ,true,899346.00
unknown,main-trial-51,d,d,true,900780.00
unknown,main-trial-51,v,v,true,900896.00
unknown,main-trial-52,p,p,true,905021.00
unknown,main-trial-52, , ,true,905285.00
unknown,main-trial-52,d,d,true,905584.00
unknown,main-trial-52,s,s,true,905795.00
unknown,main-trial-52, , ,true,905979.00
unknown,main-trial-52,d,d,true,906173.00
unknown,main-trial-52,s,s,true,906282.00
unknown,main-trial-52, , ,true,906446.00
unknown,main-trial-52,g,g,true,907269.00
unknown,main-trial-52, , ,true,907588.00
unknown,main-trial-52,e,e,true,908342.00
unknown,main-trial-52,f,f,true,908440.00
unknown,main-trial-52, , ,true,908615.00
unknown,main-trial-52,e,e,true,908966.00
unknown,main-trial-52,f,f,true,909067.00
unknown,main-trial-52, , ,true,909240.00
unknown,main-trial-52,p,p,true,909720.00
unknown,main-trial-52, , ,true,909970.00
unknown,main-trial-52,d,d,true,910833.00
unknown,main-trial-52,s,s,true,910912.00
unknown,main-trial-52, , ,true,911140.00
unknown,main-trial-52,e,e,true,911611.00
unknown,main-trial-52,f,f,true,911681.00
unknown,main-trial-52, , ,true,911938.00
unknown,main-trial-52,d,d,true,912434.00
unknown,main-trial-52,s,s,true,912490.00
unknown,main-trial-52, , ,true,912704.00
unknown,main-trial-52,e,e,true,912869.00
unknown,main-trial-52,f,f,true,912958.00
unknown,main-trial-53,s,s,true,918372.00
unknown,main-trial-53, , ,true,918581.00
unknown,main-trial-53,v,v,true,918856.00
unknown,main-trial-53,v,v,true,919089.00
unknown,main-trial-53, , ,true,919311.00
unknown,main-trial-53,v,v,true,919475.00
unknown,main-trial-53,v,v,true,919679.00
unknown,main-trial-53, , ,true,919887.00
unknown,main-trial-53,u,u,true,920316.00
unknown,main-trial-53, , ,true,920493.00
unknown,main-trial-53,s,s,true,920694.00
unknown,main-trial-53,s,s,true,920887.00
unknown,main-trial-53, , ,true,921085.00
unknown,main-trial-53,s,s,true,921236.00
unknown,main-trial-53,s,s,true,921426.00
unknown,main-trial-53, , ,true,921684.00
unknown,main-trial-53,b,b,true,922434.00
unknown,main-trial-53, , ,true,922644.00
unknown,main-trial-53,v,v,true,922920.00
unknown,main-trial-53,v,v,true,923140.00
unknown,main-trial-53, , ,true,923353.00
unknown,main-trial-53,s,s,true,923552.00
unknown,main-trial-53,s,s,true,923764.00
unknown,main-trial-53, , ,true,924007.00
unknown,main-trial-53,v,v,true,924795.00
unknown,main-trial-53,v,v,true,924967.00
unknown,main-trial-53, , ,true,925180.00
unknown,main-trial-53,s,s,true,925344.00
unknown,main-trial-53,s,s,true,925548.00
unknown,main-trial-54,z,z,true,932225.00
unknown,main-trial-54, , ,true,932579.00
unknown,main-trial-54,f,f,true,933262.00
unknown,main-trial-54,s,s,true,933366.00
unknown,main-trial-54, , ,true,933548.00
unknown,main-trial-54,f,f,true,933765.00
unknown,main-trial-54,s,s,true,933841.00
unknown,main-trial-54, , ,true,933990.00
unknown,main-trial-54,n,n,true,934250.00
unknown,main-trial-54, , ,true,934450.00
unknown,main-trial-54,a,a,true,934717.00
unknown,main-trial-54,s,s,true,934770.00
unknown,main-trial-54, , ,true,934979.00
unknown,main-trial-54,a,a,true,935156.00
unknown,main-trial-54,s,s,true,935264.00
unknown,main-trial-54, , ,true,935491.00
unknown,main-trial-54,x,x,true,936075.00
unknown,main-trial-54, , ,true,936320.00
unknown,main-trial-54,f,f,true,937040.00
unknown,main-trial-54,s,s,true,937116.00
unknown,main-trial-54, , ,true,937292.00
unknown,main-trial-54,a,a,true,937872.00
unknown,main-trial-54,s,s,true,937924.00
unknown,main-trial-54, , ,true,938180.00
unknown,main-trial-54,f,f,true,938480.00
unknown,main-trial-54,s,s,true,938571.00
unknown,main-trial-54, , ,true,938798.00
unknown,main-trial-54,a,a,true,939103.00
unknown,main-trial-54,s,s,true,939147.00
unknown,main-trial-55,v,v,true,944641.00
unknown,main-trial-55, , ,true,944835.00
unknown,main-trial-55,e,e,true,945183.00
unknown,main-trial-55,w,w,true,945275.00
unknown,main-trial-55, , ,true,945477.00
unknown,main-trial-55,e,e,true,945597.00
unknown,main-trial-55,w,w,true,945682.00
unknown,main-trial-55, , ,true,945857.00
unknown,main-trial-55,p,p,true,946340.00
unknown,main-trial-55, , ,true,946725.00
unknown,main-trial-55,f,f,true,947470.00
unknown,main-trial-55,v,v,true,947546.00
unknown,main-trial-55, , ,true,947771.00
unknown,main-trial-55,f,f,true,947980.00
unknown,main-trial-55,v,v,true,948071.00
unknown,main-trial-55, , ,true,948207.00
unknown,main-trial-55,i,i,true,948845.00
unknown,main-trial-55, , ,true,949096.00
unknown,main-trial-55,e,e,true,949628.00
unknown,main-trial-55,w,w,true,949777.00
unknown,main-trial-55, , ,true,949875.00
unknown,main-trial-55,f,f,true,950255.00
unknown,main-trial-55,v,v,true,950323.00
unknown,main-trial-55, , ,true,950532.00
unknown,main-trial-55,e,e,true,951009.00
unknown,main-trial-55,w,w,true,951138.00
unknown,main-trial-55, , ,true,951399.00
unknown,main-trial-55,f,f,true,951906.00
unknown,main-trial-55,v,v,true,951973.00
unknown,main-trial-56,q,q,true,955598.00
unknown,main-trial-56, , ,true,955840.00
unknown,main-trial-56,v,v,true,956404.00
unknown,main-trial-56,f,f,true,956467.00
unknown,main-trial-56, , ,true,956639.00
unknown,main-trial-56,v,v,true,956811.00
unknown,main-trial-56,f,f,true,956869.00
unknown,main-trial-56, , ,true,957043.00
unknown,main-trial-56,o,o,true,957353.00
unknown,main-trial-56, , ,true,957489.00
unknown,main-trial-56,d,d,true,957663.00
unknown,main-trial-56,e,e,true,957857.00
unknown,main-trial-56, , ,true,957999.00
unknown,main-trial-56,d,d,true,958182.00
unknown,main-trial-56,e,e,true,958400.00
unknown,main-trial-56, , ,true,958579.00
unknown,main-trial-56,f,f,true,958823.00
unknown,main-trial-56, , ,true,958969.00
unknown,main-trial-56,v,v,true,959688.00
unknown,main-trial-56,f,f,true,959752.00
unknown,main-trial-56, , ,true,959978.00
unknown,main-trial-56,d,d,true,960546.00
unknown,main-trial-56,e,e,true,960627.00
unknown,main-trial-56, , ,true,961036.00
unknown,main-trial-56,v,v,true,961340.00
unknown,main-trial-56,f,f,true,961385.00
unknown,main-trial-56, , ,true,961557.00
unknown,main-trial-56,d,e,false,961770.00
unknown,main-trial-56,d,d,true,961815.00
unknown,main-trial-56,e,e,true,962602.00
unknown,main-trial-57,c,c,true,971216.00
unknown,main-trial-57, , ,true,971450.00
unknown,main-trial-57,d,d,true,971839.00
unknown,main-trial-57,a,a,true,972011.00
unknown,main-trial-57, , ,true,972167.00
unknown,main-trial-57,d,d,true,972349.00
unknown,main-trial-57,a,a,true,972449.00
unknown,main-trial-57, , ,true,972856.00
unknown,main-trial-57,z,z,true,973111.00
unknown,main-trial-57, , ,true,973348.00
unknown,main-trial-57,w,w,true,973989.00
unknown,main-trial-57,e,e,true,974065.00
unknown,main-trial-57, , ,true,974279.00
unknown,main-trial-57,w,w,true,974491.00
unknown,main-trial-57,e,e,true,974575.00
unknown,main-trial-57, , ,true,974787.00
unknown,main-trial-57,f,f,true,975229.00
unknown,main-trial-57, , ,true,975421.00
unknown,main-trial-57,d,d,true,975761.00
unknown,main-trial-57,a,s,false,975764.00
unknown,main-trial-57,a,a,true,976187.00
unknown,main-trial-57, , ,true,976443.00
unknown,main-trial-57,w,w,true,976832.00
unknown,main-trial-57,e,e,true,976881.00
unknown,main-trial-57, , ,true,977125.00
unknown,main-trial-57,d,d,true,977845.00
unknown,main-trial-57,a,a,true,977940.00
unknown,main-trial-57, , ,true,978196.00
unknown,main-trial-57,w,w,true,978620.00
unknown,main-trial-57,e,e,true,978729.00
unknown,main-trial-58,l,l,true,983636.00
unknown,main-trial-58, , ,true,983843.00
unknown,main-trial-58,w,w,true,984264.00
unknown,main-trial-58,w,w,true,984456.00
unknown,main-trial-58, , ,true,984625.00
unknown,main-trial-58,w,w,true,984776.00
unknown,main-trial-58,w,w,true,985010.00
unknown,main-trial-58, , ,true,985210.00
unknown,main-trial-58,d,d,true,985513.00
unknown,main-trial-58, , ,true,985734.00
unknown,main-trial-58,a,a,true,986201.00
unknown,main-trial-58,a,a,true,986434.00
unknown,main-trial-58, , ,true,986677.00
unknown,main-trial-58,a,a,true,986888.00
unknown,main-trial-58,a,a,true,987109.00
unknown,main-trial-58, , ,true,987345.00
unknown,main-trial-58,h,h,true,987727.00
unknown,main-trial-58, , ,true,987919.00
unknown,main-trial-58,w,w,true,988081.00
unknown,main-trial-58,w,w,true,988286.00
unknown,main-trial-58, , ,true,988595.00
unknown,main-trial-58,a,a,true,988945.00
unknown,main-trial-58,a,a,true,989202.00
unknown,main-trial-58, , ,true,989551.00
unknown,main-trial-58,w,w,true,989923.00
unknown,main-trial-58,w,w,true,990179.00
unknown,main-trial-58, , ,true,990396.00
unknown,main-trial-58,a,a,true,990587.00
unknown,main-trial-58,a,a,true,990810.00
unknown,main-trial-59,q,q,true,1002133.00
unknown,main-trial-59, , ,true,1002683.00
unknown,main-trial-59,a,a,true,1003143.00
unknown,main-trial-59,f,f,true,1003224.00
unknown,main-trial-59, , ,true,1003390.00
unknown,main-trial-59,a,a,true,1003613.00
unknown,main-trial-59,f,f,true,1003694.00
unknown,main-trial-59, , ,true,1003845.00
unknown,main-trial-59,p,o,false,1004274.00
unknown,main-trial-59,p,p,true,1004856.00
unknown,main-trial-59, , ,true,1005097.00
unknown,main-trial-59,e,e,true,1005473.00
unknown,main-trial-59,r,r,true,1005577.00
unknown,main-trial-59, , ,true,1005719.00
unknown,main-trial-59,e,e,true,1005876.00
unknown,main-trial-59,r,r,true,1005993.00
unknown,main-trial-59, , ,true,1006117.00
unknown,main-trial-59,q,a,false,1006563.00
unknown,main-trial-59,q,q,true,1007409.00
unknown,main-trial-59, , ,true,1007672.00
unknown,main-trial-59,a,f,false,1008177.00
unknown,main-trial-59,a,a,true,1008882.00
unknown,main-trial-59,f,f,true,1008993.00
unknown,main-trial-59, , ,true,1009367.00
unknown,main-trial-59,e,e,true,1009778.00
unknown,main-trial-59,r,r,true,1009867.00
unknown,main-trial-59, , ,true,1010006.00
unknown,main-trial-59,a,a,true,1010292.00
unknown,main-trial-59,f,f,true,1010562.00
unknown,main-trial-59, , ,true,1010825.00
unknown,main-trial-59,e,e,true,1011038.00
unknown,main-trial-59,r,r,true,1011106.00
unknown,main-trial-60,p,p,true,1016044.00
unknown,main-trial-60, , ,true,1016260.00
unknown,main-trial-60,r,r,true,1016608.00
unknown,main-trial-60,r,r,true,1016820.00
unknown,main-trial-60, , ,true,1016983.00
unknown,main-trial-60,r,r,true,1017243.00
unknown,main-trial-60,r,r,true,1017452.00
unknown,main-trial-60, , ,true,1017658.00
unknown,main-trial-60,m,m,true,1017969.00
unknown,main-trial-60, , ,true,1018162.00
unknown,main-trial-60,s,s,true,1018441.00
unknown,main-trial-60,s,s,true,1018687.00
unknown,main-trial-60, , ,true,1018994.00
unknown,main-trial-60,s,s,true,1019217.00
unknown,main-trial-60,s,s,true,1019438.00
unknown,main-trial-60, , ,true,1019662.00
unknown,main-trial-60,t,t,true,1019996.00
unknown,main-trial-60, , ,true,1020156.00
unknown,main-trial-60,r,r,true,1020769.00
unknown,main-trial-60,r,r,true,1020940.00
unknown,main-trial-60, , ,true,1021172.00
unknown,main-trial-60,s,s,true,1021412.00
unknown,main-trial-60,s,s,true,1021601.00
unknown,main-trial-60, , ,true,1021853.00
unknown,main-trial-60,r,r,true,1022086.00
unknown,main-trial-60,r,r,true,1022285.00
unknown,main-trial-60, , ,true,1022546.00
unknown,main-trial-60,s,s,true,1022816.00
unknown,main-trial-60,s,s,true,1022978.00
unknown,main-trial-61,o,o,true,1027338.00
unknown,main-trial-61, , ,true,1027538.00
unknown,main-trial-61,a,a,true,1028034.00
unknown,main-trial-61,a,a,true,1028243.00
unknown,main-trial-61, , ,true,1028450.00
unknown,main-trial-61,a,a,true,1028675.00
unknown,main-trial-61,a,a,true,1028917.00
unknown,main-trial-61, , ,true,1029133.00
unknown,main-trial-61,c,c,true,1029407.00
unknown,main-trial-61, , ,true,1029655.00
unknown,main-trial-61,w,w,true,1029807.00
unknown,main-trial-61,w,w,true,1030017.00
unknown,main-trial-61, , ,true,1030267.00
unknown,main-trial-61,w,w,true,1030467.00
unknown,main-trial-61,w,w,true,1030663.00
unknown,main-trial-61, , ,true,1030882.00
unknown,main-trial-61,f,f,true,1031323.00
unknown,main-trial-61, , ,true,1031490.00
unknown,main-trial-61,a,a,true,1031681.00
unknown,main-trial-61,a,a,true,1031973.00
unknown,main-trial-61, , ,true,1032269.00
unknown,main-trial-61,w,w,true,1032501.00
unknown,main-trial-61,w,w,true,1032710.00
unknown,main-trial-61, , ,true,1032950.00
unknown,main-trial-61,a,a,true,1033122.00
unknown,main-trial-61,a,a,true,1033357.00
unknown,main-trial-61, , ,true,1033643.00
unknown,main-trial-61,w,q,false,1033822.00
unknown,main-trial-61,w,w,true,1034145.00
unknown,main-trial-61,w,w,true,1034330.00
unknown,main-trial-62,k,k,true,1037853.00
unknown,main-trial-62, , ,true,1038068.00
unknown,main-trial-62,w,w,true,1038591.00
unknown,main-trial-62,f,f,true,1038663.00
unknown,main-trial-62, , ,true,1038775.00
unknown,main-trial-62,w,w,true,1038995.00
unknown,main-trial-62,f,f,true,1039082.00
unknown,main-trial-62, , ,true,1039244.00
unknown,main-trial-62,f,f,true,1039522.00
unknown,main-trial-62, , ,true,1039873.00
unknown,main-trial-62,e,e,true,1040171.00
unknown,main-trial-62,d,d,true,1040381.00
unknown,main-trial-62, , ,true,1040561.00
unknown,main-trial-62,e,e,true,1040741.00
unknown,main-trial-62,d,d,true,1040837.00
unknown,main-trial-62, , ,true,1041078.00
unknown,main-trial-62,z,z,true,1041600.00
unknown,main-trial-62, , ,true,1041956.00
unknown,main-trial-62,w,w,true,1042568.00
unknown,main-trial-62,f,f,true,1042636.00
unknown,main-trial-62, , ,true,1042826.00
unknown,main-trial-62,e,e,true,1043415.00
unknown,main-trial-62,d,f,false,1043556.00
unknown,main-trial-62,d,d,true,1044330.00
unknown,main-trial-62, , ,true,1044676.00
unknown,main-trial-62,w,w,true,1045125.00
unknown,main-trial-62,f,f,true,1045230.00
unknown,main-trial-62, , ,true,1045401.00
unknown,main-trial-62,e,e,true,1045836.00
unknown,main-trial-62,d,d,true,1045989.00
unknown,main-trial-63,d,d,true,1054251.00
unknown,main-trial-63, , ,true,1054517.00
unknown,main-trial-63,w,w,true,1055317.00
unknown,main-trial-63,f,b,false,1055386.00
unknown,main-trial-63,f, ,false,1055658.00
unknown,main-trial-63,f,w,false,1056920.00
unknown,main-trial-63,f,f,true,1057004.00
unknown,main-trial-63, , ,true,1058004.00
unknown,main-trial-63,w,w,true,1058269.00
unknown,main-trial-63,f,f,true,1058362.00
unknown,main-trial-63, , ,true,1058667.00
unknown,main-trial-63,b,b,true,1059250.00
unknown,main-trial-63, , ,true,1059496.00
unknown,main-trial-63,s,s,true,1060053.00
unknown,main-trial-63,e,e,true,1060152.00
unknown,main-trial-63, , ,true,1060300.00
unknown,main-trial-63,s,s,true,1060505.00
unknown,main-trial-63,e,e,true,1060562.00
unknown,main-trial-63, , ,true,1060778.00
unknown,main-trial-63,h,h,true,1061227.00
unknown,main-trial-63, , ,true,1061472.00
unknown,main-trial-63,w,w,true,1062345.00
unknown,main-trial-63,f,f,true,1062440.00
unknown,main-trial-63, , ,true,1062599.00
unknown,main-trial-63,s,s,true,1062981.00
unknown,main-trial-63,e,e,true,1063116.00
unknown,main-trial-63, , ,true,1063345.00
unknown,main-trial-63,w,w,true,1063500.00
unknown,main-trial-63,f,f,true,1063605.00
unknown,main-trial-63, , ,true,1063773.00
unknown,main-trial-63,s,s,true,1063878.00
unknown,main-trial-63,e,e,true,1063960.00
unknown,main-trial-64,k,k,true,1068327.00
unknown,main-trial-64, , ,true,1068470.00
unknown,main-trial-64,a,a,true,1069483.00
unknown,main-trial-64,f,f,true,1069599.00
unknown,main-trial-64, , ,true,1069839.00
unknown,main-trial-64,a,a,true,1070211.00
unknown,main-trial-64,f,f,true,1070263.00
unknown,main-trial-64, , ,true,1070458.00
unknown,main-trial-64,t,t,true,1070958.00
unknown,main-trial-64, , ,true,1071174.00
unknown,main-trial-64,s,s,true,1071765.00
unknown,main-trial-64,d,d,true,1071826.00
unknown,main-trial-64, , ,true,1072077.00
unknown,main-trial-64,s,s,true,1072246.00
unknown,main-trial-64,d,d,true,1072307.00
unknown,main-trial-64, , ,true,1072554.00
unknown,main-trial-64,f,f,true,1072998.00
unknown,main-trial-64, , ,true,1073249.00
unknown,main-trial-64,a,a,true,1073499.00
unknown,main-trial-64,f,f,true,1073611.00
unknown,main-trial-64, , ,true,1073793.00
unknown,main-trial-64,s,s,true,1074051.00
unknown,main-trial-64,d,e,false,1074184.00
unknown,main-trial-64,d,d,true,1074566.00
unknown,main-trial-64, , ,true,1074883.00
unknown,main-trial-64,a,a,true,1075300.00
unknown,main-trial-64,f,f,true,1075420.00
unknown,main-trial-64, , ,true,1075578.00
unknown,main-trial-64,s,s,true,1075991.00
unknown,main-trial-64,d,d,true,1076014.00
unknown,main-trial-65,u,u,true,1080545.00
unknown,main-trial-65, , ,true,1080775.00
unknown,main-trial-65,s,s,true,1081311.00
unknown,main-trial-65,a,a,true,1081472.00
unknown,main-trial-65, , ,true,1081619.00
unknown,main-trial-65,s,s,true,1081791.00
unknown,main-trial-65,a,a,true,1081956.00
unknown,main-trial-65, , ,true,1082117.00
unknown,main-trial-65,v,v,true,1082617.00
unknown,main-trial-65, , ,true,1082851.00
unknown,main-trial-65,w,w,true,1083463.00
unknown,main-trial-65,r,e,false,1083559.00
unknown,main-trial-65,r,r,true,1084017.00
unknown,main-trial-65, , ,true,1084330.00
unknown,main-trial-65,w,w,true,1084558.00
unknown,main-trial-65,r,r,true,1084651.00
unknown,main-trial-65, , ,true,1084845.00
unknown,main-trial-65,m,m,true,1085261.00
unknown,main-trial-65, , ,true,1085445.00
unknown,main-trial-65,s,s,true,1085619.00
unknown,main-trial-65,a,a,true,1085760.00
unknown,main-trial-65, , ,true,1085927.00
unknown,main-trial-65,w,s,false,1086221.00
unknown,main-trial-65,w,w,true,1086671.00
unknown,main-trial-65,r,r,true,1086783.00
unknown,main-trial-65, , ,true,1087068.00
unknown,main-trial-65,s,s,true,1087451.00
unknown,main-trial-65,a,a,true,1087519.00
unknown,main-trial-65, , ,true,1087704.00
unknown,main-trial-65,w,w,true,1087942.00
unknown,main-trial-65,r,r,true,1088003.00
unknown,main-trial-66,y,y,true,1094045.00
unknown,main-trial-66, , ,true,1094303.00
unknown,main-trial-66,e,e,true,1094702.00
unknown,main-trial-66,f,f,true,1094795.00
unknown,main-trial-66, , ,true,1094913.00
unknown,main-trial-66,e,e,true,1095087.00
unknown,main-trial-66,f,f,true,1095156.00
unknown,main-trial-66, , ,true,1095267.00
unknown,main-trial-66,h,h,true,1095671.00
unknown,main-trial-66, , ,true,1095839.00
unknown,main-trial-66,w,w,true,1096128.00
unknown,main-trial-66,e,e,true,1096387.00
unknown,main-trial-66, , ,true,1096633.00
unknown,main-trial-66,w,w,true,1096834.00
unknown,main-trial-66,e,e,true,1096899.00
unknown,main-trial-66, , ,true,1097085.00
unknown,main-trial-66,z,z,true,1097663.00
unknown,main-trial-66, , ,true,1097956.00
unknown,main-trial-66,e,e,true,1098518.00
unknown,main-trial-66,f,f,true,1098561.00
unknown,main-trial-66, , ,true,1098738.00
unknown,main-trial-66,w,e,false,1098931.00
unknown,main-trial-66,w,f,false,1099027.00
unknown,main-trial-66,w, ,false,1099107.00
unknown,main-trial-66,w,w,true,1100083.00
unknown,main-trial-66,e,e,true,1100159.00
unknown,main-trial-66, , ,true,1100510.00
unknown,main-trial-66,e,e,true,1100738.00
unknown,main-trial-66,f,f,true,1100815.00
unknown,main-trial-66, , ,true,1100970.00
unknown,main-trial-66,w,w,true,1101147.00
unknown,main-trial-66,e,e,true,1101222.00
unknown,main-trial-67,f,f,true,1111670.00
unknown,main-trial-67, , ,true,1111945.00
unknown,main-trial-67,s,s,true,1112188.00
unknown,main-trial-67,s,s,true,1112396.00
unknown,main-trial-67, , ,true,1112574.00
unknown,main-trial-67,s,s,true,1112778.00
unknown,main-trial-67,s,s,true,1113011.00
unknown,main-trial-67, , ,true,1113166.00
unknown,main-trial-67,t,t,true,1113452.00
unknown,main-trial-67, , ,true,1113624.00
unknown,main-trial-67,r,r,true,1114230.00
unknown,main-trial-67,r,r,true,1114413.00
unknown,main-trial-67, , ,true,1114570.00
unknown,main-trial-67,r,r,true,1114828.00
unknown,main-trial-67,r, ,false,1115070.00
unknown,main-trial-67,r,r,true,1115482.00
unknown,main-trial-67, , ,true,1115735.00
unknown,main-trial-67,y,y,true,1116429.00
unknown,main-trial-67, , ,true,1116655.00
unknown,main-trial-67,s,s,true,1117119.00
unknown,main-trial-67,s,s,true,1117305.00
unknown,main-trial-67, , ,true,1117478.00
unknown,main-trial-67,r,r,true,1117945.00
unknown,main-trial-67,r,r,true,1118113.00
unknown,main-trial-67, , ,true,1118277.00
unknown,main-trial-67,s,s,true,1118527.00
unknown,main-trial-67,s,s,true,1118749.00
unknown,main-trial-67, , ,true,1118896.00
unknown,main-trial-67,r,r,true,1119157.00
unknown,main-trial-67,r,r,true,1119313.00
unknown,main-trial-68,i,i,true,1123407.00
unknown,main-trial-68, , ,true,1123630.00
unknown,main-trial-68,d,d,true,1123939.00
unknown,main-trial-68,v,v,true,1124024.00
unknown,main-trial-68, , ,true,1124159.00
unknown,main-trial-68,d,d,true,1124385.00
unknown,main-trial-68,v,v,true,1124458.00
unknown,main-trial-68, , ,true,1124601.00
unknown,main-trial-68,j,j,true,1125195.00
unknown,main-trial-68, , ,true,1125370.00
unknown,main-trial-68,a,a,true,1125782.00
unknown,main-trial-68,r,r,true,1125855.00
unknown,main-trial-68, , ,true,1126031.00
unknown,main-trial-68,a,a,true,1126217.00
unknown,main-trial-68,r,r,true,1126310.00
unknown,main-trial-68, , ,true,1126474.00
unknown,main-trial-68,e,e,true,1126975.00
unknown,main-trial-68, , ,true,1127145.00
unknown,main-trial-68,d,d,true,1127813.00
unknown,main-trial-68,v,v,true,1127855.00
unknown,main-trial-68, , ,true,1128031.00
unknown,main-trial-68,a,a,true,1128773.00
unknown,main-trial-68,r,r,true,1128842.00
unknown,main-trial-68, , ,true,1129006.00
unknown,main-trial-68,d,d,true,1129321.00
unknown,main-trial-68,v,v,true,1129368.00
unknown,main-trial-68, , ,true,1129685.00
unknown,main-trial-68,a,a,true,1130197.00
unknown,main-trial-68,r,r,true,1130282.00
unknown,main-trial-69,s,s,true,1137597.00
unknown,main-trial-69, , ,true,1137908.00
unknown,main-trial-69,s,s,true,1138171.00
unknown,main-trial-69,a,a,true,1138318.00
unknown,main-trial-69, , ,true,1138484.00
unknown,main-trial-69,s,s,true,1138619.00
unknown,main-trial-69,a,a,true,1138772.00
unknown,main-trial-69, , ,true,1138954.00
unknown,main-trial-69,t,t,true,1139368.00
unknown,main-trial-69, , ,true,1139562.00
unknown,main-trial-69,d,d,true,1140411.00
unknown,main-trial-69,v,v,true,1140475.00
unknown,main-trial-69, , ,true,1140609.00
unknown,main-trial-69,d,d,true,1140766.00
unknown,main-trial-69,v,v,true,1140838.00
unknown,main-trial-69, , ,true,1140921.00
unknown,main-trial-69,o,o,true,1141450.00
unknown,main-trial-69, , ,true,1141663.00
unknown,main-trial-69,s,s,true,1142063.00
unknown,main-trial-69,a,a,true,1142183.00
unknown,main-trial-69, , ,true,1142376.00
unknown,main-trial-69,d,d,true,1142555.00
unknown,main-trial-69,v,v,true,1142621.00
unknown,main-trial-69, , ,true,1142788.00
unknown,main-trial-69,s,s,true,1143038.00
unknown,main-trial-69,a,a,true,1143173.00
unknown,main-trial-69, , ,true,1143348.00
unknown,main-trial-69,d,d,true,1143546.00
unknown,main-trial-69,v,v,true,1143752.00
unknown,main-trial-70,v,v,true,1147713.00
unknown,main-trial-70, ,b,false,1147724.00
unknown,main-trial-70, , ,true,1147882.00
unknown,main-trial-70,e,e,true,1148066.00
unknown,main-trial-70,e,e,true,1148257.00
unknown,main-trial-70, , ,true,1148599.00
unknown,main-trial-70,e,e,true,1148739.00
unknown,main-trial-70,e,e,true,1148935.00
unknown,main-trial-70, , ,true,1149110.00
unknown,main-trial-70,v,v,true,1149453.00
unknown,main-trial-70, , ,true,1149710.00
unknown,main-trial-70,v,v,true,1150077.00
unknown,main-trial-70,v,v,true,1150289.00
unknown,main-trial-70, , ,true,1150516.00
unknown,main-trial-70,v,v,true,1150652.00
unknown,main-trial-70,v,v,true,1150860.00
unknown,main-trial-70, , ,true,1151142.00
unknown,main-trial-70,r,r,true,1151761.00
unknown,main-trial-70, , ,true,1151931.00
unknown,main-trial-70,e,e,true,1152220.00
unknown,main-trial-70,e,e,true,1152434.00
unknown,main-trial-70, , ,true,1152660.00
unknown,main-trial-70,v,v,true,1152960.00
unknown,main-trial-70,v,v,true,1153135.00
unknown,main-trial-70, , ,true,1153336.00
unknown,main-trial-70,e,e,true,1153654.00
unknown,main-trial-70,e,e,true,1153815.00
unknown,main-trial-70, , ,true,1153988.00
unknown,main-trial-70,v,v,true,1154363.00
unknown,main-trial-70,v,v,true,1154531.00
unknown,main-trial-71,j,j,true,1158322.00
unknown,main-trial-71, , ,true,1158491.00
unknown,main-trial-71,f,f,true,1158727.00
unknown,main-trial-71,f,f,true,1158916.00
unknown,main-trial-71, , ,true,1159083.00
unknown,main-trial-71,f,f,true,1159371.00
unknown,main-trial-71,f,f,true,1159557.00
unknown,main-trial-71, , ,true,1159705.00
unknown,main-trial-71,b,b,true,1160170.00
unknown,main-trial-71, , ,true,1160379.00
unknown,main-trial-71,a,a,true,1160525.00
unknown,main-trial-71,a,a,true,1160783.00
unknown,main-trial-71, , ,true,1161000.00
unknown,main-trial-71,a,a,true,1161141.00
unknown,main-trial-71,a,a,true,1161396.00
unknown,main-trial-71, , ,true,1161561.00
unknown,main-trial-71,k,k,true,1161994.00
unknown,main-trial-71, , ,true,1162137.00
unknown,main-trial-71,f,f,true,1162327.00
unknown,main-trial-71,f,f,true,1162522.00
unknown,main-trial-71, , ,true,1162712.00
unknown,main-trial-71,a,f,false,1162867.00
unknown,main-trial-71,a,a,true,1163387.00
unknown,main-trial-71,a,a,true,1163568.00
unknown,main-trial-71, , ,true,1163990.00
unknown,main-trial-71,f,f,true,1164371.00
unknown,main-trial-71,f,f,true,1164543.00
unknown,main-trial-71, , ,true,1164817.00
unknown,main-trial-71,a,a,true,1165000.00
unknown,main-trial-71,a,a,true,1165199.00
unknown,main-trial-72,u,u,true,1169435.00
unknown,main-trial-72, , ,true,1169622.00
unknown,main-trial-72,s,s,true,1169860.00
unknown,main-trial-72,d,d,true,1169917.00
unknown,main-trial-72, , ,true,1170056.00
unknown,main-trial-72,s,s,true,1170167.00
unknown,main-trial-72,d,d,true,1170240.00
unknown,main-trial-72, , ,true,1170320.00
unknown,main-trial-72,i,i,true,1170720.00
unknown,main-trial-72, , ,true,1170972.00
unknown,main-trial-72,a,a,true,1171547.00
unknown,main-trial-72,f,f,true,1171592.00
unknown,main-trial-72, , ,true,1171755.00
unknown,main-trial-72,a,a,true,1171958.00
unknown,main-trial-72,f,f,true,1172026.00
unknown,main-trial-72, , ,true,1172193.00
unknown,main-trial-72,r,r,true,1172628.00
unknown,main-trial-72, , ,true,1172827.00
unknown,main-trial-72,s,s,true,1173086.00
unknown,main-trial-72,d,d,true,1173154.00
unknown,main-trial-72, , ,true,1173327.00
unknown,main-trial-72,a,a,true,1174391.00
unknown,main-trial-72,f,f,true,1174499.00
unknown,main-trial-72, , ,true,1174670.00
unknown,main-trial-72,s,s,true,1174987.00
unknown,main-trial-72,d,d,true,1175047.00
unknown,main-trial-72, , ,true,1175221.00
unknown,main-trial-72,a,a,true,1175429.00
unknown,main-trial-72,f,f,true,1175498.00
unknown,main-trial-73,q,q,true,1179906.00
unknown,main-trial-73, , ,true,1180719.00
unknown,main-trial-73,e,e,true,1180968.00
unknown,main-trial-73,r,r,true,1181039.00
unknown,main-trial-73, , ,true,1181162.00
unknown,main-trial-73,e,e,true,1181379.00
unknown,main-trial-73,r,r,true,1181453.00
unknown,main-trial-73, , ,true,1181564.00
unknown,main-trial-73,z,z,true,1181967.00
unknown,main-trial-73, , ,true,1182179.00
unknown,main-trial-73,a,a,true,1182638.00
unknown,main-trial-73,f,f,true,1182722.00
unknown,main-trial-73, , ,true,1182858.00
unknown,main-trial-73,a,a,true,1183106.00
unknown,main-trial-73,f,f,true,1183170.00
unknown,main-trial-73, , ,true,1183346.00
unknown,main-trial-73,d,d,true,1183753.00
unknown,main-trial-73, , ,true,1183910.00
unknown,main-trial-73,e,e,true,1184150.00
unknown,main-trial-73,r,r,true,1184222.00
unknown,main-trial-73, , ,true,1184430.00
unknown,main-trial-73,a,a,true,1184688.00
unknown,main-trial-73,f,f,true,1184743.00
unknown,main-trial-73, , ,true,1185017.00
unknown,main-trial-73,e,e,true,1185522.00
unknown,main-trial-73,r,r,true,1185619.00
unknown,main-trial-73, , ,true,1185848.00
unknown,main-trial-73,a,a,true,1186280.00
unknown,main-trial-73,f,f,true,1186344.00
unknown,main-trial-74,q,q,true,1189747.00
unknown,main-trial-74, , ,true,1190020.00
unknown,main-trial-74,w,d,false,1190733.00
unknown,main-trial-74,w,w,true,1190738.00
unknown,main-trial-74,d,w,false,1191400.00
unknown,main-trial-74,d,d,true,1191444.00
unknown,main-trial-74, , ,true,1191911.00
unknown,main-trial-74,w,w,true,1192118.00
unknown,main-trial-74,d,d,true,1192192.00
unknown,main-trial-74, , ,true,1192389.00
unknown,main-trial-74,w,w,true,1192859.00
unknown,main-trial-74, , ,true,1193120.00
unknown,main-trial-74,f,f,true,1193841.00
unknown,main-trial-74,r,r,true,1193956.00
unknown,main-trial-74, , ,true,1194206.00
unknown,main-trial-74,f,f,true,1194323.00
unknown,main-trial-74,r,r,true,1194399.00
unknown,main-trial-74, , ,true,1194573.00
unknown,main-trial-74,u,u,true,1194934.00
unknown,main-trial-74, , ,true,1195115.00
unknown,main-trial-74,w,w,true,1195444.00
unknown,main-trial-74,d,f,false,1195528.00
unknown,main-trial-74,d,d,true,1195892.00
unknown,main-trial-74, , ,true,1196208.00
unknown,main-trial-74,f,f,true,1196659.00
unknown,main-trial-74,r,r,true,1196759.00
unknown,main-trial-74, , ,true,1196936.00
unknown,main-trial-74,w,w,true,1197593.00
unknown,main-trial-74,d,d,true,1197697.00
unknown,main-trial-74, , ,true,1197846.00
unknown,main-trial-74,f,f,true,1198030.00
unknown,main-trial-74,r,r,true,1198110.00
unknown,main-trial-75,y,y,true,1202329.00
unknown,main-trial-75, , ,true,1202579.00
unknown,main-trial-75,f,f,true,1203239.00
unknown,main-trial-75,a,a,true,1203355.00
unknown,main-trial-75, , ,true,1203511.00
unknown,main-trial-75,f,f,true,1203708.00
unknown,main-trial-75,a,a,true,1203786.00
unknown,main-trial-75, , ,true,1203989.00
unknown,main-trial-75,k,k,true,1204260.00
unknown,main-trial-75, , ,true,1204407.00
unknown,main-trial-75,d,d,true,1204719.00
unknown,main-trial-75,s,s,true,1204812.00
unknown,main-trial-75, , ,true,1205141.00
unknown,main-trial-75,d,d,true,1205270.00
unknown,main-trial-75,s,s,true,1205352.00
unknown,main-trial-75, , ,true,1205601.00
unknown,main-trial-75,x,x,true,1206447.00
unknown,main-trial-75, , ,true,1206704.00
unknown,main-trial-75,f,f,true,1207528.00
unknown,main-trial-75,a,a,true,1207622.00
unknown,main-trial-75, , ,true,1207836.00
unknown,main-trial-75,d,d,true,1208397.00
unknown,main-trial-75,s,s,true,1208481.00
unknown,main-trial-75, , ,true,1208703.00
unknown,main-trial-75,f,f,true,1209044.00
unknown,main-trial-75,a,a,true,1209157.00
unknown,main-trial-75, , ,true,1209394.00
unknown,main-trial-75,d,d,true,1209572.00
unknown,main-trial-75,s,s,true,1209625.00
unknown,main-trial-76,v,v,true,1214804.00
unknown,main-trial-76, , ,true,1215016.00
unknown,main-trial-76,r,r,true,1215232.00
unknown,main-trial-76,e,e,true,1215325.00
unknown,main-trial-76, , ,true,1215476.00
unknown,main-trial-76,r,r,true,1215632.00
unknown,main-trial-76,e,e,true,1215757.00
unknown,main-trial-76, , ,true,1215868.00
unknown,main-trial-76,a,a,true,1216084.00
unknown,main-trial-76, , ,true,1216214.00
unknown,main-trial-76,f,f,true,1216456.00
unknown,main-trial-76,a,a,true,1216532.00
unknown,main-trial-76, , ,true,1216700.00
unknown,main-trial-76,f,f,true,1216844.00
unknown,main-trial-76,a,a,true,1216902.00
unknown,main-trial-76, , ,true,1217080.00
unknown,main-trial-76,x,x,true,1217547.00
unknown,main-trial-76, , ,true,1217788.00
unknown,main-trial-76,r,r,true,1218168.00
unknown,main-trial-76,e,e,true,1218221.00
unknown,main-trial-76, , ,true,1218515.00
unknown,main-trial-76,f,f,true,1218708.00
unknown,main-trial-76,a,a,true,1218792.00
unknown,main-trial-76, , ,true,1218954.00
unknown,main-trial-76,r,r,true,1219201.00
unknown,main-trial-76,e,e,true,1219298.00
unknown,main-trial-76, , ,true,1219417.00
unknown,main-trial-76,f,f,true,1219589.00
unknown,main-trial-76,a,a,true,1219791.00
