user_id,trialId,expectedKey,typedKey,isCorrect,keydownTime
57bdf383467f26000125dbb9,intro-trial-1,w,w,true,35058.40
57bdf383467f26000125dbb9,intro-trial-1,d,d,true,36058.20
57bdf383467f26000125dbb9,intro-trial-1,r,r,true,36280.90
57bdf383467f26000125dbb9,intro-trial-1,t,t,true,36952.90
57bdf383467f26000125dbb9,intro-trial-1,b,b,true,37171.70
57bdf383467f26000125dbb9,intro-trial-1, , ,true,37900.40
57bdf383467f26000125dbb9,intro-trial-1,d,d,true,38518.20
57bdf383467f26000125dbb9,intro-trial-1,f,f,true,38691.40
57bdf383467f26000125dbb9,intro-trial-1, , ,true,39051.00
57bdf383467f26000125dbb9,intro-trial-1,d,d,true,39394.40
57bdf383467f26000125dbb9,intro-trial-1,f,f,true,39560.80
57bdf383467f26000125dbb9,intro-trial-1, , ,true,39866.20
57bdf383467f26000125dbb9,intro-trial-1,d,d,true,40127.30
57bdf383467f26000125dbb9,intro-trial-1,f,f,true,40274.60
57bdf383467f26000125dbb9,intro-trial-1, , ,true,40507.50
57bdf383467f26000125dbb9,intro-trial-1,l,l,true,41074.50
57bdf383467f26000125dbb9,intro-trial-1,z,z,true,42384.80
57bdf383467f26000125dbb9,intro-trial-1,u,u,true,42579.30
57bdf383467f26000125dbb9,intro-trial-1,l,l,true,42923.90
57bdf383467f26000125dbb9,intro-trial-1,w, ,false,43685.30
57bdf383467f26000125dbb9,intro-trial-1,w,w,true,44107.60
57bdf383467f26000125dbb9,intro-trial-1, , ,true,44556.00
57bdf383467f26000125dbb9,intro-trial-1,e,e,true,44785.50
57bdf383467f26000125dbb9,intro-trial-1,f,f,true,45145.50
57bdf383467f26000125dbb9,intro-trial-1, , ,true,45562.90
57bdf383467f26000125dbb9,intro-trial-1,e,e,true,45709.30
57bdf383467f26000125dbb9,intro-trial-1,f,f,true,45932.50
57bdf383467f26000125dbb9,intro-trial-1, , ,true,46113.10
57bdf383467f26000125dbb9,intro-trial-1,e,e,true,46343.30
57bdf383467f26000125dbb9,intro-trial-1,f,f,true,46567.00
57bdf383467f26000125dbb9,intro-trial-1, , ,true,47273.50
57bdf383467f26000125dbb9,intro-trial-1,e,e,true,47695.10
57bdf383467f26000125dbb9,intro-trial-1,h,h,true,47907.30
57bdf383467f26000125dbb9,intro-trial-1,y,y,true,48153.80
57bdf383467f26000125dbb9,intro-trial-1,t,t,true,48462.90
57bdf383467f26000125dbb9,intro-trial-1,q,q,true,48876.80
57bdf383467f26000125dbb9,intro-trial-1, , ,true,49237.60
57bdf383467f26000125dbb9,intro-trial-1,d,d,true,49532.30
57bdf383467f26000125dbb9,intro-trial-1,f,f,true,49716.70
57bdf383467f26000125dbb9,intro-trial-1, , ,true,49992.90
57bdf383467f26000125dbb9,intro-trial-1,e,e,true,50189.00
57bdf383467f26000125dbb9,intro-trial-1,f,d,false,50392.60
57bdf383467f26000125dbb9,intro-trial-1,f,f,true,51438.00
57bdf383467f26000125dbb9,intro-trial-1, , ,true,51924.50
57bdf383467f26000125dbb9,intro-trial-1,d,d,true,52744.40
57bdf383467f26000125dbb9,intro-trial-1,f,f,true,52965.80
57bdf383467f26000125dbb9,intro-trial-1, , ,true,53163.30
57bdf383467f26000125dbb9,intro-trial-1,e,e,true,53615.00
57bdf383467f26000125dbb9,intro-trial-1,f,f,true,53820.30
57bdf383467f26000125dbb9,intro-trial-1, , ,true,54058.30
57bdf383467f26000125dbb9,intro-trial-1,d,d,true,54841.30
57bdf383467f26000125dbb9,intro-trial-1,f,f,true,55026.70
57bdf383467f26000125dbb9,intro-trial-1, , ,true,55261.80
57bdf383467f26000125dbb9,intro-trial-1,e,e,true,55571.10
57bdf383467f26000125dbb9,intro-trial-1,f,f,true,55766.90
57bdf383467f26000125dbb9,intro-trial-2,l,l,true,63099.40
57bdf383467f26000125dbb9,intro-trial-2,e,e,true,63256.90
57bdf383467f26000125dbb9,intro-trial-2,f,w,false,63665.90
57bdf383467f26000125dbb9,intro-trial-2,f,f,true,63878.50
57bdf383467f26000125dbb9,intro-trial-2,i,i,true,64034.60
57bdf383467f26000125dbb9,intro-trial-2,w,w,true,64158.60
57bdf383467f26000125dbb9,intro-trial-2, , ,true,64658.90
57bdf383467f26000125dbb9,intro-trial-2,q,q,true,65176.10
57bdf383467f26000125dbb9,intro-trial-2,s,s,true,65415.20
57bdf383467f26000125dbb9,intro-trial-2, , ,true,66044.60
57bdf383467f26000125dbb9,intro-trial-2,q,q,true,66314.40
57bdf383467f26000125dbb9,intro-trial-2,s,a,false,66570.20
57bdf383467f26000125dbb9,intro-trial-2,s,q,false,67079.30
57bdf383467f26000125dbb9,intro-trial-2,s, ,false,67457.40
57bdf383467f26000125dbb9,intro-trial-2,s,a,false,67943.20
57bdf383467f26000125dbb9,intro-trial-2,s, ,false,68367.90
57bdf383467f26000125dbb9,intro-trial-2,s,s,true,69982.90
57bdf383467f26000125dbb9,intro-trial-2, , ,true,70723.40
57bdf383467f26000125dbb9,intro-trial-2,q,q,true,70960.20
57bdf383467f26000125dbb9,intro-trial-2,s,s,true,71252.80
57bdf383467f26000125dbb9,intro-trial-2, , ,true,71525.70
57bdf383467f26000125dbb9,intro-trial-2,w,w,true,71891.90
57bdf383467f26000125dbb9,intro-trial-2,m,m,true,72195.40
57bdf383467f26000125dbb9,intro-trial-2,p,p,true,73182.40
57bdf383467f26000125dbb9,intro-trial-2,b,b,true,73571.90
57bdf383467f26000125dbb9,intro-trial-2,m,m,true,73717.80
57bdf383467f26000125dbb9,intro-trial-2, , ,true,74431.90
57bdf383467f26000125dbb9,intro-trial-2,s,s,true,74632.70
57bdf383467f26000125dbb9,intro-trial-2,a,a,true,74752.90
57bdf383467f26000125dbb9,intro-trial-2, , ,true,74926.10
57bdf383467f26000125dbb9,intro-trial-2,s,s,true,75202.00
57bdf383467f26000125dbb9,intro-trial-2,a,a,true,75633.30
57bdf383467f26000125dbb9,intro-trial-2, , ,true,75849.40
57bdf383467f26000125dbb9,intro-trial-2,s,s,true,76003.80
57bdf383467f26000125dbb9,intro-trial-2,a,a,true,76053.20
57bdf383467f26000125dbb9,intro-trial-2, , ,true,76356.80
57bdf383467f26000125dbb9,intro-trial-2,t,t,true,76719.00
57bdf383467f26000125dbb9,intro-trial-2,n,n,true,76898.50
57bdf383467f26000125dbb9,intro-trial-2,k,k,true,77139.40
57bdf383467f26000125dbb9,intro-trial-2,n,n,true,77352.70
57bdf383467f26000125dbb9,intro-trial-2,o,o,true,78228.30
57bdf383467f26000125dbb9,intro-trial-2, , ,true,78669.70
57bdf383467f26000125dbb9,intro-trial-2,q,q,true,78988.70
57bdf383467f26000125dbb9,intro-trial-2,s,a,false,79200.80
57bdf383467f26000125dbb9,intro-trial-2,s,w,false,79738.60
57bdf383467f26000125dbb9,intro-trial-2,s,d,false,79936.70
57bdf383467f26000125dbb9,intro-trial-2,s,d,false,80524.40
57bdf383467f26000125dbb9,intro-trial-2,s,s,true,81107.80
57bdf383467f26000125dbb9,intro-trial-2, , ,true,81631.10
57bdf383467f26000125dbb9,intro-trial-2,s,s,true,81822.20
57bdf383467f26000125dbb9,intro-trial-2,a,a,true,82102.00
57bdf383467f26000125dbb9,intro-trial-2, , ,true,83316.20
57bdf383467f26000125dbb9,intro-trial-2,q,w,false,83687.80
57bdf383467f26000125dbb9,intro-trial-2,q,q,true,84720.50
57bdf383467f26000125dbb9,intro-trial-2,s,s,true,85166.90
57bdf383467f26000125dbb9,intro-trial-2, , ,true,85399.80
57bdf383467f26000125dbb9,intro-trial-2,s,s,true,85763.80
57bdf383467f26000125dbb9,intro-trial-2,a,a,true,85935.50
57bdf383467f26000125dbb9,intro-trial-2, , ,true,86492.90
57bdf383467f26000125dbb9,intro-trial-2,q,q,true,87090.10
57bdf383467f26000125dbb9,intro-trial-2,s,s,true,87358.80
57bdf383467f26000125dbb9,intro-trial-2, , ,true,87524.30
57bdf383467f26000125dbb9,intro-trial-2,s,s,true,87832.20
57bdf383467f26000125dbb9,intro-trial-2,a,a,true,87984.60
57bdf383467f26000125dbb9,intro-trial-3,b,b,true,92531.90
57bdf383467f26000125dbb9,intro-trial-3,i,i,true,92675.20
57bdf383467f26000125dbb9,intro-trial-3,p,p,true,92861.70
57bdf383467f26000125dbb9,intro-trial-3,n,n,true,93092.20
57bdf383467f26000125dbb9,intro-trial-3,s,s,true,93235.00
57bdf383467f26000125dbb9,intro-trial-3, , ,true,93794.70
57bdf383467f26000125dbb9,intro-trial-3,f,g,false,94393.00
57bdf383467f26000125dbb9,intro-trial-3,f,f,true,94984.20
57bdf383467f26000125dbb9,intro-trial-3,g,g,true,95154.20
57bdf383467f26000125dbb9,intro-trial-3, , ,true,95318.90
57bdf383467f26000125dbb9,intro-trial-3,f,f,true,95569.30
57bdf383467f26000125dbb9,intro-trial-3,g,g,true,95750.80
57bdf383467f26000125dbb9,intro-trial-3, , ,true,95972.10
57bdf383467f26000125dbb9,intro-trial-3,f,f,true,96188.40
57bdf383467f26000125dbb9,intro-trial-3,g,g,true,96351.10
57bdf383467f26000125dbb9,intro-trial-3, , ,true,96507.80
57bdf383467f26000125dbb9,intro-trial-3,t,t,true,96861.80
57bdf383467f26000125dbb9,intro-trial-3,u,s,false,97031.70
57bdf383467f26000125dbb9,intro-trial-3,u,s,false,97178.80
57bdf383467f26000125dbb9,intro-trial-3,u,u,true,97738.60
57bdf383467f26000125dbb9,intro-trial-3,s,s,true,97901.00
57bdf383467f26000125dbb9,intro-trial-3,j,j,true,98124.70
57bdf383467f26000125dbb9,intro-trial-3,d,d,true,98280.90
57bdf383467f26000125dbb9,intro-trial-3, , ,true,98735.10
57bdf383467f26000125dbb9,intro-trial-3,f,f,true,99309.20
57bdf383467f26000125dbb9,intro-trial-3,r,r,true,99538.20
57bdf383467f26000125dbb9,intro-trial-3, , ,true,100126.50
57bdf383467f26000125dbb9,intro-trial-3,f,f,true,100285.50
57bdf383467f26000125dbb9,intro-trial-3,r,r,true,100494.20
57bdf383467f26000125dbb9,intro-trial-3, ,f,false,100918.10
57bdf383467f26000125dbb9,intro-trial-3, ,r,false,101128.20
57bdf383467f26000125dbb9,intro-trial-3, , ,true,101651.50
57bdf383467f26000125dbb9,intro-trial-3,f,f,true,101881.00
57bdf383467f26000125dbb9,intro-trial-3,r,r,true,102045.70
57bdf383467f26000125dbb9,intro-trial-3, , ,true,102301.10
57bdf383467f26000125dbb9,intro-trial-3,a,a,true,102661.20
57bdf383467f26000125dbb9,intro-trial-3,v,v,true,103039.20
57bdf383467f26000125dbb9,intro-trial-3,w,w,true,103244.50
57bdf383467f26000125dbb9,intro-trial-3,s,s,true,104238.40
57bdf383467f26000125dbb9,intro-trial-3,i,i,true,104368.40
57bdf383467f26000125dbb9,intro-trial-3, , ,true,104817.80
57bdf383467f26000125dbb9,intro-trial-3,f,f,true,105279.10
57bdf383467f26000125dbb9,intro-trial-3,g,g,true,105444.30
57bdf383467f26000125dbb9,intro-trial-3, , ,true,105764.80
57bdf383467f26000125dbb9,intro-trial-3,f,f,true,106225.00
57bdf383467f26000125dbb9,intro-trial-3,r,r,true,106516.30
57bdf383467f26000125dbb9,intro-trial-3, , ,true,106885.40
57bdf383467f26000125dbb9,intro-trial-3,f,f,true,107052.00
57bdf383467f26000125dbb9,intro-trial-3,g,g,true,107204.90
57bdf383467f26000125dbb9,intro-trial-3, , ,true,107495.90
57bdf383467f26000125dbb9,intro-trial-3,f,f,true,107674.30
57bdf383467f26000125dbb9,intro-trial-3,r,r,true,107887.80
57bdf383467f26000125dbb9,intro-trial-3, , ,true,108190.00
57bdf383467f26000125dbb9,intro-trial-3,f,f,true,108523.70
57bdf383467f26000125dbb9,intro-trial-3,g,g,true,108676.60
57bdf383467f26000125dbb9,intro-trial-3, , ,true,108891.80
57bdf383467f26000125dbb9,intro-trial-3,f,f,true,109061.90
57bdf383467f26000125dbb9,intro-trial-3,r,r,true,109527.10
57bdf383467f26000125dbb9,main-trial-1,n,n,true,116152.30
57bdf383467f26000125dbb9,main-trial-1,a,s,false,116290.40
57bdf383467f26000125dbb9,main-trial-1,a,k,false,116504.30
57bdf383467f26000125dbb9,main-trial-1,a,k,false,116878.40
57bdf383467f26000125dbb9,main-trial-1,a,a,true,117344.50
57bdf383467f26000125dbb9,main-trial-1,k,k,true,117837.20
57bdf383467f26000125dbb9,main-trial-1,k,k,true,118039.00
57bdf383467f26000125dbb9,main-trial-1,i,i,true,118317.50
57bdf383467f26000125dbb9,main-trial-1, , ,true,118495.20
57bdf383467f26000125dbb9,main-trial-1,v,v,true,118839.80
57bdf383467f26000125dbb9,main-trial-1,r,r,true,119630.90
57bdf383467f26000125dbb9,main-trial-1, , ,true,119833.20
57bdf383467f26000125dbb9,main-trial-1,v,v,true,119944.20
57bdf383467f26000125dbb9,main-trial-1,r,r,true,120492.70
57bdf383467f26000125dbb9,main-trial-1, , ,true,120916.90
57bdf383467f26000125dbb9,main-trial-1,v,v,true,121069.00
57bdf383467f26000125dbb9,main-trial-1,r,r,true,121327.70
57bdf383467f26000125dbb9,main-trial-1, , ,true,121795.90
57bdf383467f26000125dbb9,main-trial-1,i,i,true,121997.00
57bdf383467f26000125dbb9,main-trial-1,h,h,true,122262.80
57bdf383467f26000125dbb9,main-trial-1,h,h,true,122504.30
57bdf383467f26000125dbb9,main-trial-1,h,h,true,122914.10
57bdf383467f26000125dbb9,main-trial-1,s,s,true,123170.40
57bdf383467f26000125dbb9,main-trial-1, , ,true,123535.80
57bdf383467f26000125dbb9,main-trial-1,f,f,true,123769.00
57bdf383467f26000125dbb9,main-trial-1,r,r,true,123978.70
57bdf383467f26000125dbb9,main-trial-1, , ,true,124553.50
57bdf383467f26000125dbb9,main-trial-1,f,f,true,124823.20
57bdf383467f26000125dbb9,main-trial-1,r,r,true,125035.20
57bdf383467f26000125dbb9,main-trial-1, , ,true,125320.70
57bdf383467f26000125dbb9,main-trial-1,f,f,true,125673.20
57bdf383467f26000125dbb9,main-trial-1,r,r,true,125890.80
57bdf383467f26000125dbb9,main-trial-1, , ,true,126097.90
57bdf383467f26000125dbb9,main-trial-1,g,g,true,126666.90
57bdf383467f26000125dbb9,main-trial-1,i,i,true,126984.40
57bdf383467f26000125dbb9,main-trial-1,w,w,true,127253.10
57bdf383467f26000125dbb9,main-trial-1,m,m,true,127570.90
57bdf383467f26000125dbb9,main-trial-1,j,j,true,128195.40
57bdf383467f26000125dbb9,main-trial-1, , ,true,128349.60
57bdf383467f26000125dbb9,main-trial-1,v,v,true,129210.80
57bdf383467f26000125dbb9,main-trial-1,r,r,true,129445.60
57bdf383467f26000125dbb9,main-trial-1, , ,true,129726.50
57bdf383467f26000125dbb9,main-trial-1,f,f,true,130259.90
57bdf383467f26000125dbb9,main-trial-1,r,r,true,130476.40
57bdf383467f26000125dbb9,main-trial-1, , ,true,130661.10
57bdf383467f26000125dbb9,main-trial-1,v,v,true,130914.60
57bdf383467f26000125dbb9,main-trial-1,r,r,true,131201.10
57bdf383467f26000125dbb9,main-trial-1, , ,true,131470.30
57bdf383467f26000125dbb9,main-trial-1,f,f,true,131713.00
57bdf383467f26000125dbb9,main-trial-1,r,r,true,131915.40
57bdf383467f26000125dbb9,main-trial-1, , ,true,132166.20
57bdf383467f26000125dbb9,main-trial-1,v,v,true,132583.70
57bdf383467f26000125dbb9,main-trial-1,r,r,true,132800.70
57bdf383467f26000125dbb9,main-trial-1, , ,true,133007.00
57bdf383467f26000125dbb9,main-trial-1,f,f,true,133156.40
57bdf383467f26000125dbb9,main-trial-1,r,r,true,133319.90
57bdf383467f26000125dbb9,main-trial-2,n,n,true,137214.90
57bdf383467f26000125dbb9,main-trial-2,n,n,true,137378.70
57bdf383467f26000125dbb9,main-trial-2,u,u,true,137605.90
57bdf383467f26000125dbb9,main-trial-2,t,t,true,137659.40
57bdf383467f26000125dbb9,main-trial-2,x,x,true,137905.50
57bdf383467f26000125dbb9,main-trial-2, , ,true,138109.80
57bdf383467f26000125dbb9,main-trial-2,f,f,true,138824.40
57bdf383467f26000125dbb9,main-trial-2,d,d,true,139020.70
57bdf383467f26000125dbb9,main-trial-2, , ,true,139153.30
57bdf383467f26000125dbb9,main-trial-2,f,f,true,139609.60
57bdf383467f26000125dbb9,main-trial-2,d,d,true,139773.00
57bdf383467f26000125dbb9,main-trial-2, , ,true,139912.80
57bdf383467f26000125dbb9,main-trial-2,f,f,true,140123.80
57bdf383467f26000125dbb9,main-trial-2,d,d,true,140325.30
57bdf383467f26000125dbb9,main-trial-2, , ,true,140815.00
57bdf383467f26000125dbb9,main-trial-2,e,e,true,141251.70
57bdf383467f26000125dbb9,main-trial-2,j,j,true,141594.60
57bdf383467f26000125dbb9,main-trial-2,o,o,true,142021.10
57bdf383467f26000125dbb9,main-trial-2,v,v,true,142708.60
57bdf383467f26000125dbb9,main-trial-2,j,j,true,142948.60
57bdf383467f26000125dbb9,main-trial-2, , ,true,143210.30
57bdf383467f26000125dbb9,main-trial-2,f,f,true,143507.50
57bdf383467f26000125dbb9,main-trial-2,r,r,true,143716.50
57bdf383467f26000125dbb9,main-trial-2, , ,true,143923.90
57bdf383467f26000125dbb9,main-trial-2,f,f,true,144052.70
57bdf383467f26000125dbb9,main-trial-2,r,r,true,144226.70
57bdf383467f26000125dbb9,main-trial-2, , ,true,144475.40
57bdf383467f26000125dbb9,main-trial-2,f,f,true,144673.30
57bdf383467f26000125dbb9,main-trial-2,r,r,true,144862.60
57bdf383467f26000125dbb9,main-trial-2, , ,true,145009.80
57bdf383467f26000125dbb9,main-trial-2,o,o,true,145339.70
57bdf383467f26000125dbb9,main-trial-2,g,g,true,145833.20
57bdf383467f26000125dbb9,main-trial-2,h,h,true,146090.40
57bdf383467f26000125dbb9,main-trial-2,p,p,true,146630.90
57bdf383467f26000125dbb9,main-trial-2,g,g,true,147194.90
57bdf383467f26000125dbb9,main-trial-2, , ,true,147524.30
57bdf383467f26000125dbb9,main-trial-2,f,f,true,148163.10
57bdf383467f26000125dbb9,main-trial-2,d,d,true,148384.00
57bdf383467f26000125dbb9,main-trial-2, , ,true,148595.70
57bdf383467f26000125dbb9,main-trial-2,f,f,true,148764.30
57bdf383467f26000125dbb9,main-trial-2,r,r,true,149115.50
57bdf383467f26000125dbb9,main-trial-2, , ,true,149571.60
57bdf383467f26000125dbb9,main-trial-2,f,f,true,149787.00
57bdf383467f26000125dbb9,main-trial-2,d,d,true,149983.50
57bdf383467f26000125dbb9,main-trial-2, , ,true,150232.30
57bdf383467f26000125dbb9,main-trial-2,f,f,true,150494.10
57bdf383467f26000125dbb9,main-trial-2,r,r,true,150711.50
57bdf383467f26000125dbb9,main-trial-2, , ,true,151038.00
57bdf383467f26000125dbb9,main-trial-2,f,f,true,151379.50
57bdf383467f26000125dbb9,main-trial-2,d,d,true,151601.20
57bdf383467f26000125dbb9,main-trial-2, , ,true,151807.30
57bdf383467f26000125dbb9,main-trial-2,f,f,true,152020.00
57bdf383467f26000125dbb9,main-trial-2,r,r,true,152198.90
57bdf383467f26000125dbb9,main-trial-3,z,z,true,155673.70
57bdf383467f26000125dbb9,main-trial-3,n,n,true,155896.70
57bdf383467f26000125dbb9,main-trial-3,e,e,true,156046.70
57bdf383467f26000125dbb9,main-trial-3,d,d,true,156537.00
57bdf383467f26000125dbb9,main-trial-3,p,p,true,156717.10
57bdf383467f26000125dbb9,main-trial-3, , ,true,156920.40
57bdf383467f26000125dbb9,main-trial-3,f,f,true,157224.70
57bdf383467f26000125dbb9,main-trial-3,d,d,true,157420.50
57bdf383467f26000125dbb9,main-trial-3, , ,true,157815.20
57bdf383467f26000125dbb9,main-trial-3,f,f,true,158042.10
57bdf383467f26000125dbb9,main-trial-3,d,d,true,158280.20
57bdf383467f26000125dbb9,main-trial-3, , ,true,158505.50
57bdf383467f26000125dbb9,main-trial-3,f,f,true,158847.40
57bdf383467f26000125dbb9,main-trial-3,d,d,true,159257.20
57bdf383467f26000125dbb9,main-trial-3, , ,true,159783.90
57bdf383467f26000125dbb9,main-trial-3,h,h,true,160650.80
57bdf383467f26000125dbb9,main-trial-3,f,f,true,160908.30
57bdf383467f26000125dbb9,main-trial-3,b,b,true,161118.20
57bdf383467f26000125dbb9,main-trial-3,h,h,true,161846.60
57bdf383467f26000125dbb9,main-trial-3,t,t,true,162035.20
57bdf383467f26000125dbb9,main-trial-3, , ,true,162282.80
57bdf383467f26000125dbb9,main-trial-3,d,d,true,162530.70
57bdf383467f26000125dbb9,main-trial-3,r,r,true,162699.50
57bdf383467f26000125dbb9,main-trial-3, , ,true,163130.00
57bdf383467f26000125dbb9,main-trial-3,d,d,true,163258.40
57bdf383467f26000125dbb9,main-trial-3,r,r,true,163459.60
57bdf383467f26000125dbb9,main-trial-3, , ,true,163709.30
57bdf383467f26000125dbb9,main-trial-3,d,d,true,163909.30
57bdf383467f26000125dbb9,main-trial-3,r,r,true,164088.80
57bdf383467f26000125dbb9,main-trial-3, , ,true,164393.00
57bdf383467f26000125dbb9,main-trial-3,t,t,true,164936.70
57bdf383467f26000125dbb9,main-trial-3,d,d,true,165264.20
57bdf383467f26000125dbb9,main-trial-3,w,u,false,165597.00
57bdf383467f26000125dbb9,main-trial-3,w,w,true,166085.40
57bdf383467f26000125dbb9,main-trial-3,o,o,true,166325.50
57bdf383467f26000125dbb9,main-trial-3,u,u,true,166526.50
57bdf383467f26000125dbb9,main-trial-3, , ,true,166701.00
57bdf383467f26000125dbb9,main-trial-3,f,f,true,167218.80
57bdf383467f26000125dbb9,main-trial-3,d,d,true,167424.80
57bdf383467f26000125dbb9,main-trial-3, , ,true,167959.60
57bdf383467f26000125dbb9,main-trial-3,d,d,true,168190.80
57bdf383467f26000125dbb9,main-trial-3,r,r,true,168402.50
57bdf383467f26000125dbb9,main-trial-3, , ,true,168716.50
57bdf383467f26000125dbb9,main-trial-3,f,f,true,169062.50
57bdf383467f26000125dbb9,main-trial-3,d,d,true,169379.10
57bdf383467f26000125dbb9,main-trial-3, , ,true,169677.70
57bdf383467f26000125dbb9,main-trial-3,d,d,true,169880.50
57bdf383467f26000125dbb9,main-trial-3,r,r,true,170051.40
57bdf383467f26000125dbb9,main-trial-3, , ,true,170316.80
57bdf383467f26000125dbb9,main-trial-3,f,f,true,170756.80
57bdf383467f26000125dbb9,main-trial-3,d,d,true,170939.50
57bdf383467f26000125dbb9,main-trial-3, , ,true,171141.90
57bdf383467f26000125dbb9,main-trial-3,d,d,true,171420.40
57bdf383467f26000125dbb9,main-trial-3,r,r,true,171610.50
57bdf383467f26000125dbb9,main-trial-4,r,r,true,177116.00
57bdf383467f26000125dbb9,main-trial-4,y,y,true,177457.00
57bdf383467f26000125dbb9,main-trial-4,i,i,true,177771.60
57bdf383467f26000125dbb9,main-trial-4,v,v,true,178079.90
57bdf383467f26000125dbb9,main-trial-4,v,v,true,178225.80
57bdf383467f26000125dbb9,main-trial-4, , ,true,178581.60
57bdf383467f26000125dbb9,main-trial-4,s,s,true,178760.50
57bdf383467f26000125dbb9,main-trial-4,e,e,true,178956.90
57bdf383467f26000125dbb9,main-trial-4, , ,true,179151.20
57bdf383467f26000125dbb9,main-trial-4,s,s,true,179332.40
57bdf383467f26000125dbb9,main-trial-4,e,e,true,179531.60
57bdf383467f26000125dbb9,main-trial-4, , ,true,179772.20
57bdf383467f26000125dbb9,main-trial-4,s,s,true,179952.70
57bdf383467f26000125dbb9,main-trial-4,e,e,true,180153.00
57bdf383467f26000125dbb9,main-trial-4, , ,true,180387.00
57bdf383467f26000125dbb9,main-trial-4,t,t,true,180582.70
57bdf383467f26000125dbb9,main-trial-4,e,e,true,180830.10
57bdf383467f26000125dbb9,main-trial-4,t,t,true,181027.40
57bdf383467f26000125dbb9,main-trial-4,g,g,true,181228.70
57bdf383467f26000125dbb9,main-trial-4,a,a,true,181830.80
57bdf383467f26000125dbb9,main-trial-4, , ,true,182078.40
57bdf383467f26000125dbb9,main-trial-4,w,w,true,182352.70
57bdf383467f26000125dbb9,main-trial-4,d,d,true,182589.80
57bdf383467f26000125dbb9,main-trial-4, , ,true,182780.30
57bdf383467f26000125dbb9,main-trial-4,w,w,true,182950.00
57bdf383467f26000125dbb9,main-trial-4,d,d,true,183181.30
57bdf383467f26000125dbb9,main-trial-4, , ,true,183350.20
57bdf383467f26000125dbb9,main-trial-4,w,w,true,183566.30
57bdf383467f26000125dbb9,main-trial-4,d,d,true,183776.40
57bdf383467f26000125dbb9,main-trial-4, , ,true,184008.50
57bdf383467f26000125dbb9,main-trial-4,i,i,true,184374.70
57bdf383467f26000125dbb9,main-trial-4,c,c,true,184521.90
57bdf383467f26000125dbb9,main-trial-4,s,x,false,184921.40
57bdf383467f26000125dbb9,main-trial-4,s,s,true,185171.20
57bdf383467f26000125dbb9,main-trial-4,x,o,false,185759.10
57bdf383467f26000125dbb9,main-trial-4,x,x,true,186193.50
57bdf383467f26000125dbb9,main-trial-4,o,o,true,186703.80
57bdf383467f26000125dbb9,main-trial-4, , ,true,187112.50
57bdf383467f26000125dbb9,main-trial-4,s,s,true,187291.40
57bdf383467f26000125dbb9,main-trial-4,e,e,true,187486.20
57bdf383467f26000125dbb9,main-trial-4, , ,true,187758.60
57bdf383467f26000125dbb9,main-trial-4,w,w,true,187956.60
57bdf383467f26000125dbb9,main-trial-4,d,d,true,188173.70
57bdf383467f26000125dbb9,main-trial-4, , ,true,188437.80
57bdf383467f26000125dbb9,main-trial-4,s,s,true,188829.80
57bdf383467f26000125dbb9,main-trial-4,e,e,true,189027.70
57bdf383467f26000125dbb9,main-trial-4, , ,true,189284.70
57bdf383467f26000125dbb9,main-trial-4,w,w,true,189429.40
57bdf383467f26000125dbb9,main-trial-4,d,d,true,189709.80
57bdf383467f26000125dbb9,main-trial-4, , ,true,190417.00
57bdf383467f26000125dbb9,main-trial-4,s,s,true,190706.70
57bdf383467f26000125dbb9,main-trial-4,e,e,true,190991.50
57bdf383467f26000125dbb9,main-trial-4, , ,true,191287.50
57bdf383467f26000125dbb9,main-trial-4,w,w,true,191446.70
57bdf383467f26000125dbb9,main-trial-4,d,d,true,192015.20
57bdf383467f26000125dbb9,main-trial-5,l,l,true,195544.00
57bdf383467f26000125dbb9,main-trial-5,q,q,true,195739.30
57bdf383467f26000125dbb9,main-trial-5,i,i,true,195956.10
57bdf383467f26000125dbb9,main-trial-5,k,k,true,196670.80
57bdf383467f26000125dbb9,main-trial-5,f,f,true,196846.40
57bdf383467f26000125dbb9,main-trial-5, , ,true,197291.70
57bdf383467f26000125dbb9,main-trial-5,d,d,true,197714.50
57bdf383467f26000125dbb9,main-trial-5,f,f,true,198069.70
57bdf383467f26000125dbb9,main-trial-5, , ,true,198575.40
57bdf383467f26000125dbb9,main-trial-5,d,d,true,198791.50
57bdf383467f26000125dbb9,main-trial-5,f,f,true,199138.70
57bdf383467f26000125dbb9,main-trial-5, , ,true,199368.40
57bdf383467f26000125dbb9,main-trial-5,d,d,true,199583.00
57bdf383467f26000125dbb9,main-trial-5,f,f,true,199799.30
57bdf383467f26000125dbb9,main-trial-5, , ,true,199977.70
57bdf383467f26000125dbb9,main-trial-5,n,n,true,200205.80
57bdf383467f26000125dbb9,main-trial-5,x,x,true,200397.30
57bdf383467f26000125dbb9,main-trial-5,l,l,true,201008.30
57bdf383467f26000125dbb9,main-trial-5,e,e,true,201121.60
57bdf383467f26000125dbb9,main-trial-5,k,k,true,201252.50
57bdf383467f26000125dbb9,main-trial-5, , ,true,201443.00
57bdf383467f26000125dbb9,main-trial-5,f,f,true,202086.90
57bdf383467f26000125dbb9,main-trial-5,g,g,true,202231.40
57bdf383467f26000125dbb9,main-trial-5, , ,true,202603.60
57bdf383467f26000125dbb9,main-trial-5,f,f,true,202732.40
57bdf383467f26000125dbb9,main-trial-5,g,g,true,202881.10
57bdf383467f26000125dbb9,main-trial-5, , ,true,203067.30
57bdf383467f26000125dbb9,main-trial-5,f,f,true,203213.30
57bdf383467f26000125dbb9,main-trial-5,g,g,true,203450.00
57bdf383467f26000125dbb9,main-trial-5, , ,true,203858.80
57bdf383467f26000125dbb9,main-trial-5,i,i,true,204059.20
57bdf383467f26000125dbb9,main-trial-5,x,x,true,204170.50
57bdf383467f26000125dbb9,main-trial-5,q,q,true,204608.80
57bdf383467f26000125dbb9,main-trial-5,v,v,true,205524.10
57bdf383467f26000125dbb9,main-trial-5,k,k,true,205735.50
57bdf383467f26000125dbb9,main-trial-5, , ,true,205897.30
57bdf383467f26000125dbb9,main-trial-5,d,d,true,206957.00
57bdf383467f26000125dbb9,main-trial-5,f,f,true,207124.20
57bdf383467f26000125dbb9,main-trial-5, , ,true,207308.40
57bdf383467f26000125dbb9,main-trial-5,f,f,true,207602.00
57bdf383467f26000125dbb9,main-trial-5,g,g,true,207753.10
57bdf383467f26000125dbb9,main-trial-5, , ,true,208019.10
57bdf383467f26000125dbb9,main-trial-5,d,d,true,208497.80
57bdf383467f26000125dbb9,main-trial-5,f,f,true,208676.60
57bdf383467f26000125dbb9,main-trial-5, , ,true,208927.30
57bdf383467f26000125dbb9,main-trial-5,f,f,true,209191.00
57bdf383467f26000125dbb9,main-trial-5,g,g,true,209339.00
57bdf383467f26000125dbb9,main-trial-5, , ,true,209590.50
57bdf383467f26000125dbb9,main-trial-5,d,d,true,210084.70
57bdf383467f26000125dbb9,main-trial-5,f,f,true,210247.00
57bdf383467f26000125dbb9,main-trial-5, , ,true,210528.70
57bdf383467f26000125dbb9,main-trial-5,f,f,true,210663.60
57bdf383467f26000125dbb9,main-trial-5,g,g,true,210823.60
57bdf383467f26000125dbb9,main-trial-6,t,t,true,215737.50
57bdf383467f26000125dbb9,main-trial-6,m,m,true,215964.60
57bdf383467f26000125dbb9,main-trial-6,x,x,true,216353.00
57bdf383467f26000125dbb9,main-trial-6,y,y,true,216670.40
57bdf383467f26000125dbb9,main-trial-6,y,y,true,216819.00
57bdf383467f26000125dbb9,main-trial-6, , ,true,216923.10
57bdf383467f26000125dbb9,main-trial-6,d,d,true,217056.20
57bdf383467f26000125dbb9,main-trial-6,r,r,true,217237.00
57bdf383467f26000125dbb9,main-trial-6, , ,true,217390.40
57bdf383467f26000125dbb9,main-trial-6,d,d,true,217486.90
57bdf383467f26000125dbb9,main-trial-6,r,r,true,217679.40
57bdf383467f26000125dbb9,main-trial-6, , ,true,217927.00
57bdf383467f26000125dbb9,main-trial-6,d,d,true,218074.70
57bdf383467f26000125dbb9,main-trial-6,r,r,true,218247.80
57bdf383467f26000125dbb9,main-trial-6, , ,true,218432.50
57bdf383467f26000125dbb9,main-trial-6,m,m,true,218661.60
57bdf383467f26000125dbb9,main-trial-6,b,b,true,218999.40
57bdf383467f26000125dbb9,main-trial-6,r,c,false,219166.10
57bdf383467f26000125dbb9,main-trial-6,r,r,true,219688.70
57bdf383467f26000125dbb9,main-trial-6,c,c,true,220089.20
57bdf383467f26000125dbb9,main-trial-6,b,b,true,220220.10
57bdf383467f26000125dbb9,main-trial-6, , ,true,220446.50
57bdf383467f26000125dbb9,main-trial-6,e,e,true,220718.70
57bdf383467f26000125dbb9,main-trial-6,f,f,true,220903.60
57bdf383467f26000125dbb9,main-trial-6, , ,true,221068.30
57bdf383467f26000125dbb9,main-trial-6,e,e,true,221205.00
57bdf383467f26000125dbb9,main-trial-6,f,f,true,221389.60
57bdf383467f26000125dbb9,main-trial-6, , ,true,221784.80
57bdf383467f26000125dbb9,main-trial-6,e,e,true,222001.80
57bdf383467f26000125dbb9,main-trial-6,f,f,true,222233.50
57bdf383467f26000125dbb9,main-trial-6, , ,true,222436.10
57bdf383467f26000125dbb9,main-trial-6,d,d,true,222835.20
57bdf383467f26000125dbb9,main-trial-6,b,b,true,223019.20
57bdf383467f26000125dbb9,main-trial-6,o,o,true,223378.70
57bdf383467f26000125dbb9,main-trial-6,c,c,true,223455.30
57bdf383467f26000125dbb9,main-trial-6,t,t,true,223694.20
57bdf383467f26000125dbb9,main-trial-6, , ,true,223905.10
57bdf383467f26000125dbb9,main-trial-6,d,d,true,224138.40
57bdf383467f26000125dbb9,main-trial-6,r,r,true,224342.10
57bdf383467f26000125dbb9,main-trial-6, , ,true,224624.80
57bdf383467f26000125dbb9,main-trial-6,e,e,true,224753.80
57bdf383467f26000125dbb9,main-trial-6,f,f,true,224960.50
57bdf383467f26000125dbb9,main-trial-6, , ,true,225160.40
57bdf383467f26000125dbb9,main-trial-6,d,d,true,225698.40
57bdf383467f26000125dbb9,main-trial-6,r,r,true,225883.00
57bdf383467f26000125dbb9,main-trial-6, , ,true,226079.10
57bdf383467f26000125dbb9,main-trial-6,e,e,true,226197.60
57bdf383467f26000125dbb9,main-trial-6,f,f,true,226380.10
57bdf383467f26000125dbb9,main-trial-6, , ,true,226579.60
57bdf383467f26000125dbb9,main-trial-6,d,d,true,226825.40
57bdf383467f26000125dbb9,main-trial-6,r,r,true,227056.50
57bdf383467f26000125dbb9,main-trial-6, , ,true,227257.60
57bdf383467f26000125dbb9,main-trial-6,e,e,true,227390.80
57bdf383467f26000125dbb9,main-trial-6,f,f,true,227603.10
57bdf383467f26000125dbb9,main-trial-7,x,x,true,231894.90
57bdf383467f26000125dbb9,main-trial-7,f,f,true,232616.10
57bdf383467f26000125dbb9,main-trial-7,f,f,true,232748.00
57bdf383467f26000125dbb9,main-trial-7,l,l,true,232897.70
57bdf383467f26000125dbb9,main-trial-7,x,x,true,233030.40
57bdf383467f26000125dbb9,main-trial-7, , ,true,233218.10
57bdf383467f26000125dbb9,main-trial-7,e,e,true,233540.60
57bdf383467f26000125dbb9,main-trial-7,f,f,true,233750.30
57bdf383467f26000125dbb9,main-trial-7, , ,true,233914.50
57bdf383467f26000125dbb9,main-trial-7,e,e,true,234030.60
57bdf383467f26000125dbb9,main-trial-7,f,f,true,234239.40
57bdf383467f26000125dbb9,main-trial-7, , ,true,234457.30
57bdf383467f26000125dbb9,main-trial-7,e,e,true,234511.50
57bdf383467f26000125dbb9,main-trial-7,f,f,true,234726.80
57bdf383467f26000125dbb9,main-trial-7, , ,true,234948.20
57bdf383467f26000125dbb9,main-trial-7,q,q,true,235928.80
57bdf383467f26000125dbb9,main-trial-7,h,h,true,236420.40
57bdf383467f26000125dbb9,main-trial-7,a,a,true,236549.50
57bdf383467f26000125dbb9,main-trial-7,m,m,true,236718.80
57bdf383467f26000125dbb9,main-trial-7,w,w,true,236905.80
57bdf383467f26000125dbb9,main-trial-7, , ,true,237209.40
57bdf383467f26000125dbb9,main-trial-7,f,f,true,237411.90
57bdf383467f26000125dbb9,main-trial-7,e,e,true,237609.40
57bdf383467f26000125dbb9,main-trial-7, , ,true,237757.50
57bdf383467f26000125dbb9,main-trial-7,f,f,true,237903.70
57bdf383467f26000125dbb9,main-trial-7,e,e,true,238037.60
57bdf383467f26000125dbb9,main-trial-7, , ,true,238259.00
57bdf383467f26000125dbb9,main-trial-7,f,f,true,238484.90
57bdf383467f26000125dbb9,main-trial-7,e,e,true,238614.00
57bdf383467f26000125dbb9,main-trial-7, , ,true,238828.60
57bdf383467f26000125dbb9,main-trial-7,j,j,true,239451.10
57bdf383467f26000125dbb9,main-trial-7,i,i,true,239734.20
57bdf383467f26000125dbb9,main-trial-7,z,z,true,239963.80
57bdf383467f26000125dbb9,main-trial-7,n,n,true,240591.30
57bdf383467f26000125dbb9,main-trial-7,q,q,true,241001.60
57bdf383467f26000125dbb9,main-trial-7, , ,true,241338.50
57bdf383467f26000125dbb9,main-trial-7,e,e,true,241631.20
57bdf383467f26000125dbb9,main-trial-7,f,f,true,241830.40
57bdf383467f26000125dbb9,main-trial-7, , ,true,241984.20
57bdf383467f26000125dbb9,main-trial-7,f,f,true,242127.00
57bdf383467f26000125dbb9,main-trial-7,e,e,true,242328.40
57bdf383467f26000125dbb9,main-trial-7, , ,true,242490.60
57bdf383467f26000125dbb9,main-trial-7,e,e,true,242666.50
57bdf383467f26000125dbb9,main-trial-7,f,f,true,242871.00
57bdf383467f26000125dbb9,main-trial-7, , ,true,243018.20
57bdf383467f26000125dbb9,main-trial-7,f,f,true,243183.60
57bdf383467f26000125dbb9,main-trial-7,e,e,true,243428.90
57bdf383467f26000125dbb9,main-trial-7, , ,true,243725.10
57bdf383467f26000125dbb9,main-trial-7,e,e,true,244043.80
57bdf383467f26000125dbb9,main-trial-7,f,f,true,244258.00
57bdf383467f26000125dbb9,main-trial-7, , ,true,244421.20
57bdf383467f26000125dbb9,main-trial-7,f,f,true,244509.80
57bdf383467f26000125dbb9,main-trial-7,e,e,true,244852.60
57bdf383467f26000125dbb9,main-trial-8,n,n,true,250464.90
57bdf383467f26000125dbb9,main-trial-8,r,r,true,250674.30
57bdf383467f26000125dbb9,main-trial-8,g,g,true,251261.80
57bdf383467f26000125dbb9,main-trial-8,b,b,true,251674.60
57bdf383467f26000125dbb9,main-trial-8,r,r,true,251958.00
57bdf383467f26000125dbb9,main-trial-8, , ,true,252307.80
57bdf383467f26000125dbb9,main-trial-8,x,c,false,252614.80
57bdf383467f26000125dbb9,main-trial-8,x,x,true,253549.80
57bdf383467f26000125dbb9,main-trial-8,c,c,true,253743.80
57bdf383467f26000125dbb9,main-trial-8, , ,true,253889.90
57bdf383467f26000125dbb9,main-trial-8,x,x,true,254022.50
57bdf383467f26000125dbb9,main-trial-8,c,c,true,254201.70
57bdf383467f26000125dbb9,main-trial-8, , ,true,254365.20
57bdf383467f26000125dbb9,main-trial-8,x,x,true,254470.80
57bdf383467f26000125dbb9,main-trial-8,c,c,true,254622.20
57bdf383467f26000125dbb9,main-trial-8, , ,true,254756.80
57bdf383467f26000125dbb9,main-trial-8,n,n,true,254937.00
57bdf383467f26000125dbb9,main-trial-8,r,r,true,255082.80
57bdf383467f26000125dbb9,main-trial-8,t,f,false,255336.00
57bdf383467f26000125dbb9,main-trial-8,t,t,true,255754.80
57bdf383467f26000125dbb9,main-trial-8,q,q,true,256648.60
57bdf383467f26000125dbb9,main-trial-8,f,f,true,257058.10
57bdf383467f26000125dbb9,main-trial-8, , ,true,258001.20
57bdf383467f26000125dbb9,main-trial-8,c,c,true,258184.00
57bdf383467f26000125dbb9,main-trial-8,e,e,true,258418.90
57bdf383467f26000125dbb9,main-trial-8, ,c,false,258766.40
57bdf383467f26000125dbb9,main-trial-8, , ,true,259426.70
57bdf383467f26000125dbb9,main-trial-8,c,c,true,259690.60
57bdf383467f26000125dbb9,main-trial-8,e,e,true,259889.10
57bdf383467f26000125dbb9,main-trial-8, , ,true,260086.30
57bdf383467f26000125dbb9,main-trial-8,c,c,true,260281.40
57bdf383467f26000125dbb9,main-trial-8,e,e,true,260533.40
57bdf383467f26000125dbb9,main-trial-8, , ,true,260771.40
57bdf383467f26000125dbb9,main-trial-8,i,i,true,261098.50
57bdf383467f26000125dbb9,main-trial-8,u,u,true,261288.30
57bdf383467f26000125dbb9,main-trial-8,l,l,true,261514.90
57bdf383467f26000125dbb9,main-trial-8,m,m,true,261692.30
57bdf383467f26000125dbb9,main-trial-8,e,e,true,261826.00
57bdf383467f26000125dbb9,main-trial-8, , ,true,261974.20
57bdf383467f26000125dbb9,main-trial-8,x,d,false,262611.70
57bdf383467f26000125dbb9,main-trial-8,x,x,true,263095.40
57bdf383467f26000125dbb9,main-trial-8,c,c,true,263259.80
57bdf383467f26000125dbb9,main-trial-8, , ,true,263446.70
57bdf383467f26000125dbb9,main-trial-8,c,c,true,263910.60
57bdf383467f26000125dbb9,main-trial-8,e,e,true,264092.00
57bdf383467f26000125dbb9,main-trial-8, , ,true,264821.50
57bdf383467f26000125dbb9,main-trial-8,x,x,true,265016.90
57bdf383467f26000125dbb9,main-trial-8,c,c,true,265230.00
57bdf383467f26000125dbb9,main-trial-8, , ,true,265387.70
57bdf383467f26000125dbb9,main-trial-8,c,c,true,265584.70
57bdf383467f26000125dbb9,main-trial-8,e,e,true,265787.90
57bdf383467f26000125dbb9,main-trial-8, , ,true,266240.90
57bdf383467f26000125dbb9,main-trial-8,x,x,true,266577.00
57bdf383467f26000125dbb9,main-trial-8,c,c,true,266747.20
57bdf383467f26000125dbb9,main-trial-8, , ,true,266914.90
57bdf383467f26000125dbb9,main-trial-8,c,c,true,267132.10
57bdf383467f26000125dbb9,main-trial-8,e,e,true,267378.00
57bdf383467f26000125dbb9,main-trial-9,h,h,true,271451.00
57bdf383467f26000125dbb9,main-trial-9,p,p,true,271780.00
57bdf383467f26000125dbb9,main-trial-9,u,u,true,272043.70
57bdf383467f26000125dbb9,main-trial-9,p,p,true,272260.80
57bdf383467f26000125dbb9,main-trial-9,o,o,true,272726.70
57bdf383467f26000125dbb9,main-trial-9, , ,true,272874.60
57bdf383467f26000125dbb9,main-trial-9,f,f,true,273060.60
57bdf383467f26000125dbb9,main-trial-9,r,r,true,273242.50
57bdf383467f26000125dbb9,main-trial-9, , ,true,273506.70
57bdf383467f26000125dbb9,main-trial-9,f,f,true,273623.10
57bdf383467f26000125dbb9,main-trial-9,r,r,true,273816.50
57bdf383467f26000125dbb9,main-trial-9, , ,true,274010.70
57bdf383467f26000125dbb9,main-trial-9,f,f,true,274139.20
57bdf383467f26000125dbb9,main-trial-9,r,r,true,274314.70
57bdf383467f26000125dbb9,main-trial-9, , ,true,274479.20
57bdf383467f26000125dbb9,main-trial-9,r,r,true,274828.40
57bdf383467f26000125dbb9,main-trial-9,g,g,true,275038.10
57bdf383467f26000125dbb9,main-trial-9,a,a,true,275247.70
57bdf383467f26000125dbb9,main-trial-9,i,i,true,275391.50
57bdf383467f26000125dbb9,main-trial-9,m,m,true,275598.10
57bdf383467f26000125dbb9,main-trial-9, , ,true,275763.40
57bdf383467f26000125dbb9,main-trial-9,v,v,true,276414.20
57bdf383467f26000125dbb9,main-trial-9,r,r,true,276643.10
57bdf383467f26000125dbb9,main-trial-9, , ,true,276851.50
57bdf383467f26000125dbb9,main-trial-9,v,v,true,277003.70
57bdf383467f26000125dbb9,main-trial-9,r,r,true,277276.70
57bdf383467f26000125dbb9,main-trial-9, , ,true,277540.70
57bdf383467f26000125dbb9,main-trial-9,v,v,true,277653.50
57bdf383467f26000125dbb9,main-trial-9,r,r,true,277862.40
57bdf383467f26000125dbb9,main-trial-9, , ,true,278128.60
57bdf383467f26000125dbb9,main-trial-9,y,y,true,278574.70
57bdf383467f26000125dbb9,main-trial-9,w,w,true,278788.70
57bdf383467f26000125dbb9,main-trial-9,g,g,true,279132.30
57bdf383467f26000125dbb9,main-trial-9,r,r,true,279589.40
57bdf383467f26000125dbb9,main-trial-9,u,u,true,279812.50
57bdf383467f26000125dbb9,main-trial-9, , ,true,279946.80
57bdf383467f26000125dbb9,main-trial-9,f,f,true,280207.10
57bdf383467f26000125dbb9,main-trial-9,r,r,true,280401.20
57bdf383467f26000125dbb9,main-trial-9, , ,true,280702.80
57bdf383467f26000125dbb9,main-trial-9,v,v,true,280912.50
57bdf383467f26000125dbb9,main-trial-9,r,r,true,281158.20
57bdf383467f26000125dbb9,main-trial-9, , ,true,281377.90
57bdf383467f26000125dbb9,main-trial-9,f,d,false,281540.60
57bdf383467f26000125dbb9,main-trial-9,f,r,false,281721.20
57bdf383467f26000125dbb9,main-trial-9,f,v,false,281970.90
57bdf383467f26000125dbb9,main-trial-9,f, ,false,282518.20
57bdf383467f26000125dbb9,main-trial-9,f,f,true,282983.90
57bdf383467f26000125dbb9,main-trial-9,r,r,true,283427.20
57bdf383467f26000125dbb9,main-trial-9, , ,true,283891.20
57bdf383467f26000125dbb9,main-trial-9,v,v,true,284184.10
57bdf383467f26000125dbb9,main-trial-9,r,r,true,284520.70
57bdf383467f26000125dbb9,main-trial-9, , ,true,284903.70
57bdf383467f26000125dbb9,main-trial-9,f,f,true,285438.10
57bdf383467f26000125dbb9,main-trial-9,r,r,true,285709.90
57bdf383467f26000125dbb9,main-trial-9, , ,true,285978.50
57bdf383467f26000125dbb9,main-trial-9,v,v,true,286271.00
57bdf383467f26000125dbb9,main-trial-9,r,r,true,286521.80
57bdf383467f26000125dbb9,main-trial-10,v,v,true,291410.80
57bdf383467f26000125dbb9,main-trial-10,y,y,true,291716.70
57bdf383467f26000125dbb9,main-trial-10,y,y,true,292043.00
57bdf383467f26000125dbb9,main-trial-10,z,z,true,292334.40
57bdf383467f26000125dbb9,main-trial-10,f,f,true,292644.10
57bdf383467f26000125dbb9,main-trial-10, , ,true,292933.10
57bdf383467f26000125dbb9,main-trial-10,w,w,true,293213.60
57bdf383467f26000125dbb9,main-trial-10,d,e,false,293379.10
57bdf383467f26000125dbb9,main-trial-10,d,d,true,293853.60
57bdf383467f26000125dbb9,main-trial-10, , ,true,294119.20
57bdf383467f26000125dbb9,main-trial-10,w,w,true,294300.40
57bdf383467f26000125dbb9,main-trial-10,d,e,false,294501.70
57bdf383467f26000125dbb9,main-trial-10,d,d,true,294905.50
57bdf383467f26000125dbb9,main-trial-10, , ,true,295335.10
57bdf383467f26000125dbb9,main-trial-10,w,w,true,295588.10
57bdf383467f26000125dbb9,main-trial-10,d,d,true,295913.50
57bdf383467f26000125dbb9,main-trial-10, , ,true,296174.00
57bdf383467f26000125dbb9,main-trial-10,o,o,true,296457.70
57bdf383467f26000125dbb9,main-trial-10,w,w,true,296915.30
57bdf383467f26000125dbb9,main-trial-10,i,i,true,297074.20
57bdf383467f26000125dbb9,main-trial-10,m,m,true,297312.70
57bdf383467f26000125dbb9,main-trial-10,r,r,true,297425.10
57bdf383467f26000125dbb9,main-trial-10, , ,true,297625.30
57bdf383467f26000125dbb9,main-trial-10,d,d,true,297872.70
57bdf383467f26000125dbb9,main-trial-10,s,s,true,298082.10
57bdf383467f26000125dbb9,main-trial-10, , ,true,298286.40
57bdf383467f26000125dbb9,main-trial-10,d,d,true,298442.60
57bdf383467f26000125dbb9,main-trial-10,s,s,true,298610.10
57bdf383467f26000125dbb9,main-trial-10, , ,true,298849.00
57bdf383467f26000125dbb9,main-trial-10,d,d,true,299034.70
57bdf383467f26000125dbb9,main-trial-10,s,s,true,299198.40
57bdf383467f26000125dbb9,main-trial-10, , ,true,299409.70
57bdf383467f26000125dbb9,main-trial-10,f,f,true,299622.00
57bdf383467f26000125dbb9,main-trial-10,l,l,true,299830.90
57bdf383467f26000125dbb9,main-trial-10,h,h,true,300125.20
57bdf383467f26000125dbb9,main-trial-10,w,w,true,300379.60
57bdf383467f26000125dbb9,main-trial-10,x,x,true,300642.00
57bdf383467f26000125dbb9,main-trial-10, , ,true,300921.90
57bdf383467f26000125dbb9,main-trial-10,w,w,true,301185.60
57bdf383467f26000125dbb9,main-trial-10,d,d,true,301432.60
57bdf383467f26000125dbb9,main-trial-10, , ,true,301647.30
57bdf383467f26000125dbb9,main-trial-10,d,d,true,301891.60
57bdf383467f26000125dbb9,main-trial-10,s,s,true,302071.50
57bdf383467f26000125dbb9,main-trial-10, , ,true,302321.70
57bdf383467f26000125dbb9,main-trial-10,w,w,true,302480.40
57bdf383467f26000125dbb9,main-trial-10,d,d,true,303848.20
57bdf383467f26000125dbb9,main-trial-10, , ,true,304017.30
57bdf383467f26000125dbb9,main-trial-10,d,d,true,304181.30
57bdf383467f26000125dbb9,main-trial-10,s,s,true,304554.80
57bdf383467f26000125dbb9,main-trial-10, , ,true,304836.00
57bdf383467f26000125dbb9,main-trial-10,w,w,true,305063.00
57bdf383467f26000125dbb9,main-trial-10,d,d,true,305417.50
57bdf383467f26000125dbb9,main-trial-10, , ,true,305858.20
57bdf383467f26000125dbb9,main-trial-10,d,d,true,306017.50
57bdf383467f26000125dbb9,main-trial-10,s,s,true,306268.70
57bdf383467f26000125dbb9,main-trial-11,i,i,true,310643.80
57bdf383467f26000125dbb9,main-trial-11,c,c,true,310830.10
57bdf383467f26000125dbb9,main-trial-11,a,a,true,310935.90
57bdf383467f26000125dbb9,main-trial-11,d,d,true,311128.20
57bdf383467f26000125dbb9,main-trial-11,g,g,true,311506.10
57bdf383467f26000125dbb9,main-trial-11, , ,true,311785.30
57bdf383467f26000125dbb9,main-trial-11,c,c,true,312182.00
57bdf383467f26000125dbb9,main-trial-11,v,v,true,312375.70
57bdf383467f26000125dbb9,main-trial-11, , ,true,312556.70
57bdf383467f26000125dbb9,main-trial-11,c,c,true,312687.90
57bdf383467f26000125dbb9,main-trial-11,v,v,true,312887.50
57bdf383467f26000125dbb9,main-trial-11, , ,true,313084.20
57bdf383467f26000125dbb9,main-trial-11,c,c,true,313229.10
57bdf383467f26000125dbb9,main-trial-11,v,v,true,313398.00
57bdf383467f26000125dbb9,main-trial-11, , ,true,313770.90
57bdf383467f26000125dbb9,main-trial-11,c,c,true,313987.00
57bdf383467f26000125dbb9,main-trial-11,a,a,true,314118.50
57bdf383467f26000125dbb9,main-trial-11,e,c,false,314265.40
57bdf383467f26000125dbb9,main-trial-11,e,e,true,314741.70
57bdf383467f26000125dbb9,main-trial-11,p,o,false,315606.60
57bdf383467f26000125dbb9,main-trial-11,p,p,true,316338.60
57bdf383467f26000125dbb9,main-trial-11,j,j,true,316847.00
57bdf383467f26000125dbb9,main-trial-11, , ,true,316993.50
57bdf383467f26000125dbb9,main-trial-11,c,c,true,317319.70
57bdf383467f26000125dbb9,main-trial-11,r,r,true,317529.20
57bdf383467f26000125dbb9,main-trial-11, , ,true,317692.60
57bdf383467f26000125dbb9,main-trial-11,c,c,true,317833.60
57bdf383467f26000125dbb9,main-trial-11,r,r,true,318050.60
57bdf383467f26000125dbb9,main-trial-11, , ,true,318273.90
57bdf383467f26000125dbb9,main-trial-11,c,c,true,318436.00
57bdf383467f26000125dbb9,main-trial-11,r,r,true,318640.70
57bdf383467f26000125dbb9,main-trial-11, , ,true,318886.30
57bdf383467f26000125dbb9,main-trial-11,c,c,true,319339.90
57bdf383467f26000125dbb9,main-trial-11,d,d,true,319805.10
57bdf383467f26000125dbb9,main-trial-11,l,l,true,319917.20
57bdf383467f26000125dbb9,main-trial-11,o,o,true,320122.50
57bdf383467f26000125dbb9,main-trial-11,v,v,true,320234.00
57bdf383467f26000125dbb9,main-trial-11, , ,true,320555.30
57bdf383467f26000125dbb9,main-trial-11,c,c,true,320803.10
57bdf383467f26000125dbb9,main-trial-11,v,v,true,321054.50
57bdf383467f26000125dbb9,main-trial-11, , ,true,321254.20
57bdf383467f26000125dbb9,main-trial-11,c,c,true,321375.20
57bdf383467f26000125dbb9,main-trial-11,r,r,true,321957.80
57bdf383467f26000125dbb9,main-trial-11, , ,true,322508.50
57bdf383467f26000125dbb9,main-trial-11,c,c,true,322735.10
57bdf383467f26000125dbb9,main-trial-11,v,v,true,322915.20
57bdf383467f26000125dbb9,main-trial-11, , ,true,323096.90
57bdf383467f26000125dbb9,main-trial-11,c,c,true,323217.40
57bdf383467f26000125dbb9,main-trial-11,r,r,true,323479.20
57bdf383467f26000125dbb9,main-trial-11, , ,true,324020.80
57bdf383467f26000125dbb9,main-trial-11,c,c,true,324234.90
57bdf383467f26000125dbb9,main-trial-11,v,v,true,324445.40
57bdf383467f26000125dbb9,main-trial-11, , ,true,324606.40
57bdf383467f26000125dbb9,main-trial-11,c,c,true,324868.40
57bdf383467f26000125dbb9,main-trial-11,r,r,true,325135.20
57bdf383467f26000125dbb9,main-trial-12,p,p,true,329120.40
57bdf383467f26000125dbb9,main-trial-12,e,e,true,329278.90
57bdf383467f26000125dbb9,main-trial-12,p,p,true,329419.40
57bdf383467f26000125dbb9,main-trial-12,j,j,true,329672.90
57bdf383467f26000125dbb9,main-trial-12,r,r,true,329806.60
57bdf383467f26000125dbb9,main-trial-12, , ,true,329969.60
57bdf383467f26000125dbb9,main-trial-12,f,f,true,330204.40
57bdf383467f26000125dbb9,main-trial-12,g,g,true,330388.80
57bdf383467f26000125dbb9,main-trial-12, , ,true,330522.30
57bdf383467f26000125dbb9,main-trial-12,f,f,true,330654.10
57bdf383467f26000125dbb9,main-trial-12,g,g,true,330866.80
57bdf383467f26000125dbb9,main-trial-12, , ,true,331139.90
57bdf383467f26000125dbb9,main-trial-12,f,f,true,331268.20
57bdf383467f26000125dbb9,main-trial-12,g,g,true,331438.90
57bdf383467f26000125dbb9,main-trial-12, , ,true,331576.40
57bdf383467f26000125dbb9,main-trial-12,s,s,true,331861.70
57bdf383467f26000125dbb9,main-trial-12,o,o,true,332088.80
57bdf383467f26000125dbb9,main-trial-12,l,l,true,332299.80
57bdf383467f26000125dbb9,main-trial-12,f,f,true,332439.80
57bdf383467f26000125dbb9,main-trial-12,b,b,true,332665.40
57bdf383467f26000125dbb9,main-trial-12, , ,true,332866.10
57bdf383467f26000125dbb9,main-trial-12,d,d,true,333245.30
57bdf383467f26000125dbb9,main-trial-12,f,f,true,333440.80
57bdf383467f26000125dbb9,main-trial-12, , ,true,333639.80
57bdf383467f26000125dbb9,main-trial-12,d,d,true,333783.60
57bdf383467f26000125dbb9,main-trial-12,f,f,true,333930.70
57bdf383467f26000125dbb9,main-trial-12, , ,true,334155.80
57bdf383467f26000125dbb9,main-trial-12,d,d,true,334348.60
57bdf383467f26000125dbb9,main-trial-12,f,f,true,334561.30
57bdf383467f26000125dbb9,main-trial-12, , ,true,334856.80
57bdf383467f26000125dbb9,main-trial-12,a,a,true,335084.60
57bdf383467f26000125dbb9,main-trial-12,r,r,true,335251.80
57bdf383467f26000125dbb9,main-trial-12,n,n,true,335402.30
57bdf383467f26000125dbb9,main-trial-12,g,g,true,335949.40
57bdf383467f26000125dbb9,main-trial-12,i,i,true,336112.00
57bdf383467f26000125dbb9,main-trial-12, , ,true,336303.20
57bdf383467f26000125dbb9,main-trial-12,f,f,true,336679.90
57bdf383467f26000125dbb9,main-trial-12,g,g,true,336941.60
57bdf383467f26000125dbb9,main-trial-12, , ,true,337292.80
57bdf383467f26000125dbb9,main-trial-12,d,d,true,337524.40
57bdf383467f26000125dbb9,main-trial-12,f,s,false,337868.60
57bdf383467f26000125dbb9,main-trial-12,f,f,true,338409.70
57bdf383467f26000125dbb9,main-trial-12, , ,true,338760.00
57bdf383467f26000125dbb9,main-trial-12,f,f,true,339243.70
57bdf383467f26000125dbb9,main-trial-12,g,g,true,339423.90
57bdf383467f26000125dbb9,main-trial-12, , ,true,339668.00
57bdf383467f26000125dbb9,main-trial-12,d,d,true,340143.40
57bdf383467f26000125dbb9,main-trial-12,f,f,true,340354.80
57bdf383467f26000125dbb9,main-trial-12, , ,true,340724.90
57bdf383467f26000125dbb9,main-trial-12,f,f,true,341578.30
57bdf383467f26000125dbb9,main-trial-12,g,g,true,341772.80
57bdf383467f26000125dbb9,main-trial-12, , ,true,341998.00
57bdf383467f26000125dbb9,main-trial-12,d,d,true,342444.40
57bdf383467f26000125dbb9,main-trial-12,f,f,true,342592.20
57bdf383467f26000125dbb9,main-trial-13,i,i,true,346161.00
57bdf383467f26000125dbb9,main-trial-13,e,e,true,346236.80
57bdf383467f26000125dbb9,main-trial-13,n,n,true,346479.90
57bdf383467f26000125dbb9,main-trial-13,s,s,true,346860.40
57bdf383467f26000125dbb9,main-trial-13,z,x,false,347290.10
57bdf383467f26000125dbb9,main-trial-13,z,z,true,347741.60
57bdf383467f26000125dbb9,main-trial-13, , ,true,348158.20
57bdf383467f26000125dbb9,main-trial-13,d,d,true,348327.20
57bdf383467f26000125dbb9,main-trial-13,r,r,true,348481.30
57bdf383467f26000125dbb9,main-trial-13, , ,true,348659.40
57bdf383467f26000125dbb9,main-trial-13,d,d,true,348806.40
57bdf383467f26000125dbb9,main-trial-13,r,r,true,348936.10
57bdf383467f26000125dbb9,main-trial-13, , ,true,349127.80
57bdf383467f26000125dbb9,main-trial-13,d,d,true,349274.40
57bdf383467f26000125dbb9,main-trial-13,r,r,true,349724.90
57bdf383467f26000125dbb9,main-trial-13, , ,true,349997.40
57bdf383467f26000125dbb9,main-trial-13,e,e,true,350220.80
57bdf383467f26000125dbb9,main-trial-13,m,m,true,350402.60
57bdf383467f26000125dbb9,main-trial-13,n,n,true,350588.80
57bdf383467f26000125dbb9,main-trial-13,r,r,true,350755.10
57bdf383467f26000125dbb9,main-trial-13,e,e,true,350925.80
57bdf383467f26000125dbb9,main-trial-13, , ,true,351141.30
57bdf383467f26000125dbb9,main-trial-13,f,d,false,351476.10
57bdf383467f26000125dbb9,main-trial-13,f,f,true,351643.00
57bdf383467f26000125dbb9,main-trial-13,d, ,false,351813.20
57bdf383467f26000125dbb9,main-trial-13,d,d,true,351965.40
57bdf383467f26000125dbb9,main-trial-13, ,f,false,352175.30
57bdf383467f26000125dbb9,main-trial-13, ,f,false,352692.90
57bdf383467f26000125dbb9,main-trial-13, , ,true,353071.30
57bdf383467f26000125dbb9,main-trial-13,f,d,false,353416.60
57bdf383467f26000125dbb9,main-trial-13,f,f,true,353632.50
57bdf383467f26000125dbb9,main-trial-13,d,f,false,354229.90
57bdf383467f26000125dbb9,main-trial-13,d,d,true,355054.60
57bdf383467f26000125dbb9,main-trial-13, , ,true,355288.70
57bdf383467f26000125dbb9,main-trial-13,f,f,true,355551.30
57bdf383467f26000125dbb9,main-trial-13,d,d,true,355784.60
57bdf383467f26000125dbb9,main-trial-13, , ,true,356034.40
57bdf383467f26000125dbb9,main-trial-13,v,v,true,356648.40
57bdf383467f26000125dbb9,main-trial-13,t,t,true,356892.10
57bdf383467f26000125dbb9,main-trial-13,e,e,true,357094.80
57bdf383467f26000125dbb9,main-trial-13,c,c,true,357816.30
57bdf383467f26000125dbb9,main-trial-13,g,g,true,358047.40
57bdf383467f26000125dbb9,main-trial-13, , ,true,358290.80
57bdf383467f26000125dbb9,main-trial-13,d,d,true,358597.30
57bdf383467f26000125dbb9,main-trial-13,r,r,true,358760.70
57bdf383467f26000125dbb9,main-trial-13, , ,true,359014.50
57bdf383467f26000125dbb9,main-trial-13,f,f,true,359393.60
57bdf383467f26000125dbb9,main-trial-13,d,d,true,359938.00
57bdf383467f26000125dbb9,main-trial-13, , ,true,360488.80
57bdf383467f26000125dbb9,main-trial-13,d,d,true,360682.60
57bdf383467f26000125dbb9,main-trial-13,r,r,true,360881.70
57bdf383467f26000125dbb9,main-trial-13, , ,true,361141.20
57bdf383467f26000125dbb9,main-trial-13,f,f,true,361323.40
57bdf383467f26000125dbb9,main-trial-13,d,d,true,361537.10
57bdf383467f26000125dbb9,main-trial-13, , ,true,361883.50
57bdf383467f26000125dbb9,main-trial-13,d,d,true,362298.30
57bdf383467f26000125dbb9,main-trial-13,r,r,true,362495.00
57bdf383467f26000125dbb9,main-trial-13, , ,true,362747.70
57bdf383467f26000125dbb9,main-trial-13,f,f,true,362943.10
57bdf383467f26000125dbb9,main-trial-13,d,d,true,363139.20
57bdf383467f26000125dbb9,main-trial-14,e,e,true,367077.60
57bdf383467f26000125dbb9,main-trial-14,l,l,true,367209.30
57bdf383467f26000125dbb9,main-trial-14,i,i,true,367429.70
57bdf383467f26000125dbb9,main-trial-14,y,y,true,367542.80
57bdf383467f26000125dbb9,main-trial-14,i,i,true,367682.20
57bdf383467f26000125dbb9,main-trial-14, , ,true,367777.10
57bdf383467f26000125dbb9,main-trial-14,e,e,true,367904.20
57bdf383467f26000125dbb9,main-trial-14,f,f,true,368120.20
57bdf383467f26000125dbb9,main-trial-14, , ,true,368285.80
57bdf383467f26000125dbb9,main-trial-14,e,e,true,368509.80
57bdf383467f26000125dbb9,main-trial-14,f,f,true,368720.00
57bdf383467f26000125dbb9,main-trial-14, , ,true,368898.50
57bdf383467f26000125dbb9,main-trial-14,e,e,true,369033.40
57bdf383467f26000125dbb9,main-trial-14,f,f,true,369320.60
57bdf383467f26000125dbb9,main-trial-14, , ,true,369703.80
57bdf383467f26000125dbb9,main-trial-14,b,b,true,370082.70
57bdf383467f26000125dbb9,main-trial-14,m,m,true,370619.00
57bdf383467f26000125dbb9,main-trial-14,i,q,false,371149.30
57bdf383467f26000125dbb9,main-trial-14,i,i,true,371540.30
57bdf383467f26000125dbb9,main-trial-14,q,q,true,372346.40
57bdf383467f26000125dbb9,main-trial-14,d,d,true,372608.40
57bdf383467f26000125dbb9,main-trial-14, , ,true,372823.00
57bdf383467f26000125dbb9,main-trial-14,d,d,true,373065.80
57bdf383467f26000125dbb9,main-trial-14,r,r,true,373227.50
57bdf383467f26000125dbb9,main-trial-14, , ,true,373433.40
57bdf383467f26000125dbb9,main-trial-14,d,d,true,373625.80
57bdf383467f26000125dbb9,main-trial-14,r,r,true,373849.00
57bdf383467f26000125dbb9,main-trial-14, , ,true,374057.10
57bdf383467f26000125dbb9,main-trial-14,d,d,true,374217.80
57bdf383467f26000125dbb9,main-trial-14,r,r,true,374409.60
57bdf383467f26000125dbb9,main-trial-14, , ,true,374545.20
57bdf383467f26000125dbb9,main-trial-14,r,r,true,374707.60
57bdf383467f26000125dbb9,main-trial-14,m,m,true,374836.50
57bdf383467f26000125dbb9,main-trial-14,n,n,true,375015.20
57bdf383467f26000125dbb9,main-trial-14,t,t,true,375140.60
57bdf383467f26000125dbb9,main-trial-14,l,l,true,375577.70
57bdf383467f26000125dbb9,main-trial-14, , ,true,375711.10
57bdf383467f26000125dbb9,main-trial-14,e,e,true,375992.00
57bdf383467f26000125dbb9,main-trial-14,f,f,true,376235.10
57bdf383467f26000125dbb9,main-trial-14, , ,true,376416.00
57bdf383467f26000125dbb9,main-trial-14,d,d,true,376604.10
57bdf383467f26000125dbb9,main-trial-14,r,r,true,376802.80
57bdf383467f26000125dbb9,main-trial-14, , ,true,376998.40
57bdf383467f26000125dbb9,main-trial-14,e,e,true,377351.40
57bdf383467f26000125dbb9,main-trial-14,f,f,true,377547.80
57bdf383467f26000125dbb9,main-trial-14, , ,true,377729.20
57bdf383467f26000125dbb9,main-trial-14,d,d,true,377878.10
57bdf383467f26000125dbb9,main-trial-14,r,r,true,378119.40
57bdf383467f26000125dbb9,main-trial-14, , ,true,378434.20
57bdf383467f26000125dbb9,main-trial-14,e,e,true,378581.20
57bdf383467f26000125dbb9,main-trial-14,f,f,true,378794.70
57bdf383467f26000125dbb9,main-trial-14, , ,true,378997.90
57bdf383467f26000125dbb9,main-trial-14,d,d,true,379109.00
57bdf383467f26000125dbb9,main-trial-14,r,r,true,379281.50
57bdf383467f26000125dbb9,main-trial-15,x,x,true,383754.80
57bdf383467f26000125dbb9,main-trial-15,m,m,true,384034.00
57bdf383467f26000125dbb9,main-trial-15,q,q,true,384215.70
57bdf383467f26000125dbb9,main-trial-15,w,e,false,384630.30
57bdf383467f26000125dbb9,main-trial-15,w,w,true,385477.40
57bdf383467f26000125dbb9,main-trial-15,z,z,true,385688.40
57bdf383467f26000125dbb9,main-trial-15, , ,true,385936.70
57bdf383467f26000125dbb9,main-trial-15,s,s,true,386201.20
57bdf383467f26000125dbb9,main-trial-15,r,r,true,386445.40
57bdf383467f26000125dbb9,main-trial-15, , ,true,387450.00
57bdf383467f26000125dbb9,main-trial-15,s,s,true,388245.70
57bdf383467f26000125dbb9,main-trial-15,r,r,true,388456.90
57bdf383467f26000125dbb9,main-trial-15, , ,true,388566.40
57bdf383467f26000125dbb9,main-trial-15,s,s,true,388742.60
57bdf383467f26000125dbb9,main-trial-15,r,r,true,388988.00
57bdf383467f26000125dbb9,main-trial-15, , ,true,389251.90
57bdf383467f26000125dbb9,main-trial-15,p,p,true,389794.60
57bdf383467f26000125dbb9,main-trial-15,z,z,true,390003.80
57bdf383467f26000125dbb9,main-trial-15,x,i,false,390200.30
57bdf383467f26000125dbb9,main-trial-15,x,w,false,390562.60
57bdf383467f26000125dbb9,main-trial-15,x,x,true,391019.50
57bdf383467f26000125dbb9,main-trial-15,i,i,true,391276.90
57bdf383467f26000125dbb9,main-trial-15,c,c,true,391475.30
57bdf383467f26000125dbb9,main-trial-15, , ,true,391946.80
57bdf383467f26000125dbb9,main-trial-15,w,w,true,392482.00
57bdf383467f26000125dbb9,main-trial-15,f,f,true,392680.70
57bdf383467f26000125dbb9,main-trial-15, , ,true,392879.20
57bdf383467f26000125dbb9,main-trial-15,w,w,true,393025.90
57bdf383467f26000125dbb9,main-trial-15,f,f,true,393256.90
57bdf383467f26000125dbb9,main-trial-15, , ,true,393485.80
57bdf383467f26000125dbb9,main-trial-15,w,w,true,393690.50
57bdf383467f26000125dbb9,main-trial-15,f,f,true,394041.50
57bdf383467f26000125dbb9,main-trial-15, , ,true,394288.90
57bdf383467f26000125dbb9,main-trial-15,e,e,true,394569.00
57bdf383467f26000125dbb9,main-trial-15,n,n,true,394717.30
57bdf383467f26000125dbb9,main-trial-15,p,p,true,395066.10
57bdf383467f26000125dbb9,main-trial-15,e,e,true,395210.30
57bdf383467f26000125dbb9,main-trial-15,r,r,true,395382.20
57bdf383467f26000125dbb9,main-trial-15, , ,true,395581.20
57bdf383467f26000125dbb9,main-trial-15,s,s,true,395847.50
57bdf383467f26000125dbb9,main-trial-15,r,r,true,396042.50
57bdf383467f26000125dbb9,main-trial-15, , ,true,396307.60
57bdf383467f26000125dbb9,main-trial-15,w,w,true,396487.60
57bdf383467f26000125dbb9,main-trial-15,f,f,true,396938.30
57bdf383467f26000125dbb9,main-trial-15, , ,true,397377.40
57bdf383467f26000125dbb9,main-trial-15,s,s,true,397592.00
57bdf383467f26000125dbb9,main-trial-15,r,r,true,398005.50
57bdf383467f26000125dbb9,main-trial-15, , ,true,398708.00
57bdf383467f26000125dbb9,main-trial-15,w,w,true,398931.20
57bdf383467f26000125dbb9,main-trial-15,f,f,true,399202.00
57bdf383467f26000125dbb9,main-trial-15, , ,true,399444.40
57bdf383467f26000125dbb9,main-trial-15,s,s,true,399960.00
57bdf383467f26000125dbb9,main-trial-15,r,e,false,400314.70
57bdf383467f26000125dbb9,main-trial-15,r,r,true,400688.60
57bdf383467f26000125dbb9,main-trial-15, , ,true,401139.10
57bdf383467f26000125dbb9,main-trial-15,w,w,true,401322.80
57bdf383467f26000125dbb9,main-trial-15,f,f,true,401530.10
57bdf383467f26000125dbb9,main-trial-16,b,b,true,406181.50
57bdf383467f26000125dbb9,main-trial-16,z,z,true,406292.10
57bdf383467f26000125dbb9,main-trial-16,n,n,true,406416.20
57bdf383467f26000125dbb9,main-trial-16,t,t,true,406566.50
57bdf383467f26000125dbb9,main-trial-16,k,k,true,406730.40
57bdf383467f26000125dbb9,main-trial-16, , ,true,406905.40
57bdf383467f26000125dbb9,main-trial-16,a,a,true,407120.40
57bdf383467f26000125dbb9,main-trial-16,a,a,true,407376.90
57bdf383467f26000125dbb9,main-trial-16, , ,true,407556.10
57bdf383467f26000125dbb9,main-trial-16,a,a,true,407721.50
57bdf383467f26000125dbb9,main-trial-16,a,a,true,407876.90
57bdf383467f26000125dbb9,main-trial-16, , ,true,408073.90
57bdf383467f26000125dbb9,main-trial-16,a,a,true,408240.70
57bdf383467f26000125dbb9,main-trial-16,a,a,true,408442.40
57bdf383467f26000125dbb9,main-trial-16, , ,true,408791.80
57bdf383467f26000125dbb9,main-trial-16,z,z,true,409893.80
57bdf383467f26000125dbb9,main-trial-16,g,g,true,410188.70
57bdf383467f26000125dbb9,main-trial-16,h,h,true,410934.80
57bdf383467f26000125dbb9,main-trial-16,q,q,true,411249.80
57bdf383467f26000125dbb9,main-trial-16,g,a,false,411657.80
57bdf383467f26000125dbb9,main-trial-16,g,f,false,412105.90
57bdf383467f26000125dbb9,main-trial-16,g,g,true,413656.80
57bdf383467f26000125dbb9,main-trial-16, , ,true,413875.90
57bdf383467f26000125dbb9,main-trial-16,f,f,true,414263.40
57bdf383467f26000125dbb9,main-trial-16,f,f,true,414427.80
57bdf383467f26000125dbb9,main-trial-16, ,f,false,414800.20
57bdf383467f26000125dbb9,main-trial-16, ,f,false,415051.50
57bdf383467f26000125dbb9,main-trial-16, , ,true,415390.70
57bdf383467f26000125dbb9,main-trial-16,f,f,true,415672.40
57bdf383467f26000125dbb9,main-trial-16,f,f,true,415875.80
57bdf383467f26000125dbb9,main-trial-16, ,f,false,416027.10
57bdf383467f26000125dbb9,main-trial-16, , ,true,416398.70
57bdf383467f26000125dbb9,main-trial-16,f,f,true,416779.50
57bdf383467f26000125dbb9,main-trial-16,f,f,true,416994.90
57bdf383467f26000125dbb9,main-trial-16, ,f,false,417514.60
57bdf383467f26000125dbb9,main-trial-16, , ,true,417855.00
57bdf383467f26000125dbb9,main-trial-16,c,c,true,418099.20
57bdf383467f26000125dbb9,main-trial-16,g,f,false,418334.30
57bdf383467f26000125dbb9,main-trial-16,g,g,true,419234.60
57bdf383467f26000125dbb9,main-trial-16,p,p,true,419818.00
57bdf383467f26000125dbb9,main-trial-16,p,p,true,420035.70
57bdf383467f26000125dbb9,main-trial-16,g,g,true,420399.50
57bdf383467f26000125dbb9,main-trial-16, , ,true,420678.50
57bdf383467f26000125dbb9,main-trial-16,a,a,true,420884.90
57bdf383467f26000125dbb9,main-trial-16,a,a,true,421050.70
57bdf383467f26000125dbb9,main-trial-16, , ,true,421328.70
57bdf383467f26000125dbb9,main-trial-16,f,f,true,421669.50
57bdf383467f26000125dbb9,main-trial-16,f,f,true,421829.00
57bdf383467f26000125dbb9,main-trial-16, , ,true,422177.40
57bdf383467f26000125dbb9,main-trial-16,a,a,true,422394.40
57bdf383467f26000125dbb9,main-trial-16,a,a,true,422559.30
57bdf383467f26000125dbb9,main-trial-16, , ,true,423014.70
57bdf383467f26000125dbb9,main-trial-16,f,f,true,423238.90
57bdf383467f26000125dbb9,main-trial-16,f,f,true,423394.00
57bdf383467f26000125dbb9,main-trial-16, , ,true,423918.20
57bdf383467f26000125dbb9,main-trial-16,a,a,true,424183.00
57bdf383467f26000125dbb9,main-trial-16,a,a,true,424346.70
57bdf383467f26000125dbb9,main-trial-16, , ,true,425234.70
57bdf383467f26000125dbb9,main-trial-16,f,f,true,425452.60
57bdf383467f26000125dbb9,main-trial-16,f,f,true,425585.80
57bdf383467f26000125dbb9,main-trial-17,w,w,true,429762.80
57bdf383467f26000125dbb9,main-trial-17,g,g,true,430242.50
57bdf383467f26000125dbb9,main-trial-17,n,n,true,430506.20
57bdf383467f26000125dbb9,main-trial-17,u,u,true,430744.10
57bdf383467f26000125dbb9,main-trial-17,q,r,false,431201.30
57bdf383467f26000125dbb9,main-trial-17,q,q,true,432084.40
57bdf383467f26000125dbb9,main-trial-17, , ,true,432394.90
57bdf383467f26000125dbb9,main-trial-17,v,v,true,433018.20
57bdf383467f26000125dbb9,main-trial-17,r,r,true,433197.00
57bdf383467f26000125dbb9,main-trial-17, , ,true,433327.20
57bdf383467f26000125dbb9,main-trial-17,v,v,true,433489.90
57bdf383467f26000125dbb9,main-trial-17,r,r,true,433698.10
57bdf383467f26000125dbb9,main-trial-17, , ,true,433865.20
57bdf383467f26000125dbb9,main-trial-17,v,v,true,434058.60
57bdf383467f26000125dbb9,main-trial-17,r,r,true,434207.10
57bdf383467f26000125dbb9,main-trial-17, , ,true,434321.70
57bdf383467f26000125dbb9,main-trial-17,y,y,true,434999.80
57bdf383467f26000125dbb9,main-trial-17,n,n,true,435255.70
57bdf383467f26000125dbb9,main-trial-17,x,x,true,435391.30
57bdf383467f26000125dbb9,main-trial-17,f,f,true,436243.30
57bdf383467f26000125dbb9,main-trial-17,m,m,true,436387.90
57bdf383467f26000125dbb9,main-trial-17, , ,true,436524.20
57bdf383467f26000125dbb9,main-trial-17,c,c,true,436962.10
57bdf383467f26000125dbb9,main-trial-17,r,r,true,437174.40
57bdf383467f26000125dbb9,main-trial-17, , ,true,437369.80
57bdf383467f26000125dbb9,main-trial-17,c,c,true,437514.00
57bdf383467f26000125dbb9,main-trial-17,r,r,true,437703.30
57bdf383467f26000125dbb9,main-trial-17, , ,true,437903.80
57bdf383467f26000125dbb9,main-trial-17,c,c,true,438039.50
57bdf383467f26000125dbb9,main-trial-17,r,r,true,438251.10
57bdf383467f26000125dbb9,main-trial-17, , ,true,438505.80
57bdf383467f26000125dbb9,main-trial-17,g,g,true,439338.90
57bdf383467f26000125dbb9,main-trial-17,p,p,true,439517.80
57bdf383467f26000125dbb9,main-trial-17,n,n,true,439834.00
57bdf383467f26000125dbb9,main-trial-17,p,p,true,440422.20
57bdf383467f26000125dbb9,main-trial-17,b,b,true,440764.50
57bdf383467f26000125dbb9,main-trial-17, , ,true,440974.00
57bdf383467f26000125dbb9,main-trial-17,v,v,true,441224.60
57bdf383467f26000125dbb9,main-trial-17,r,r,true,441438.70
57bdf383467f26000125dbb9,main-trial-17, , ,true,441703.70
57bdf383467f26000125dbb9,main-trial-17,c,c,true,441986.90
57bdf383467f26000125dbb9,main-trial-17,r,r,true,442206.00
57bdf383467f26000125dbb9,main-trial-17, , ,true,442420.80
57bdf383467f26000125dbb9,main-trial-17,v,v,true,442592.90
57bdf383467f26000125dbb9,main-trial-17,r,r,true,442894.00
57bdf383467f26000125dbb9,main-trial-17, , ,true,443106.30
57bdf383467f26000125dbb9,main-trial-17,c,c,true,443287.70
57bdf383467f26000125dbb9,main-trial-17,r,v,false,443681.30
57bdf383467f26000125dbb9,main-trial-17,r,r,true,444044.80
57bdf383467f26000125dbb9,main-trial-17, , ,true,444512.60
57bdf383467f26000125dbb9,main-trial-17,v,v,true,444779.10
57bdf383467f26000125dbb9,main-trial-17,r,r,true,445046.20
57bdf383467f26000125dbb9,main-trial-17, , ,true,445381.70
57bdf383467f26000125dbb9,main-trial-17,c,c,true,445527.70
57bdf383467f26000125dbb9,main-trial-17,r,r,true,445776.70
57bdf383467f26000125dbb9,main-trial-18,n,n,true,450164.10
57bdf383467f26000125dbb9,main-trial-18,n,n,true,450399.30
57bdf383467f26000125dbb9,main-trial-18,j,j,true,450949.80
57bdf383467f26000125dbb9,main-trial-18,p,p,true,451199.20
57bdf383467f26000125dbb9,main-trial-18,l,l,true,451414.00
57bdf383467f26000125dbb9,main-trial-18, , ,true,451525.70
57bdf383467f26000125dbb9,main-trial-18,w,w,true,451919.20
57bdf383467f26000125dbb9,main-trial-18,d,d,true,452183.10
57bdf383467f26000125dbb9,main-trial-18, , ,true,452364.40
57bdf383467f26000125dbb9,main-trial-18,w,w,true,452531.30
57bdf383467f26000125dbb9,main-trial-18,d,d,true,452749.60
57bdf383467f26000125dbb9,main-trial-18, , ,true,452908.30
57bdf383467f26000125dbb9,main-trial-18,w,w,true,453079.10
57bdf383467f26000125dbb9,main-trial-18,d,d,true,453327.20
57bdf383467f26000125dbb9,main-trial-18, , ,true,453540.60
57bdf383467f26000125dbb9,main-trial-18,w,w,true,453703.60
57bdf383467f26000125dbb9,main-trial-18,o,o,true,453837.00
57bdf383467f26000125dbb9,main-trial-18,w,w,true,453941.60
57bdf383467f26000125dbb9,main-trial-18,q,q,true,455202.40
57bdf383467f26000125dbb9,main-trial-18,z,z,true,455429.40
57bdf383467f26000125dbb9,main-trial-18, , ,true,455641.50
57bdf383467f26000125dbb9,main-trial-18,s,s,true,455965.10
57bdf383467f26000125dbb9,main-trial-18,e, ,false,456311.00
57bdf383467f26000125dbb9,main-trial-18,e,r,false,456749.40
57bdf383467f26000125dbb9,main-trial-18,e,e,true,457382.90
57bdf383467f26000125dbb9,main-trial-18, , ,true,457578.20
57bdf383467f26000125dbb9,main-trial-18,s,s,true,457673.10
57bdf383467f26000125dbb9,main-trial-18,e,e,true,457864.00
57bdf383467f26000125dbb9,main-trial-18, , ,true,458047.50
57bdf383467f26000125dbb9,main-trial-18,s,s,true,458229.60
57bdf383467f26000125dbb9,main-trial-18,e,e,true,458427.80
57bdf383467f26000125dbb9,main-trial-18, , ,true,458596.90
57bdf383467f26000125dbb9,main-trial-18,x,x,true,458983.40
57bdf383467f26000125dbb9,main-trial-18,f,f,true,459247.30
57bdf383467f26000125dbb9,main-trial-18,r,r,true,459426.10
57bdf383467f26000125dbb9,main-trial-18,o,o,true,459522.50
57bdf383467f26000125dbb9,main-trial-18,u,u,true,459726.30
57bdf383467f26000125dbb9,main-trial-18, ,r,false,459859.30
57bdf383467f26000125dbb9,main-trial-18, , ,true,459974.30
57bdf383467f26000125dbb9,main-trial-18,w,w,true,460143.40
57bdf383467f26000125dbb9,main-trial-18,d,d,true,460380.90
57bdf383467f26000125dbb9,main-trial-18, , ,true,460557.90
57bdf383467f26000125dbb9,main-trial-18,s,s,true,460736.80
57bdf383467f26000125dbb9,main-trial-18,e,e,true,460951.40
57bdf383467f26000125dbb9,main-trial-18, , ,true,461134.40
57bdf383467f26000125dbb9,main-trial-18,w,w,true,461577.00
57bdf383467f26000125dbb9,main-trial-18,d,d,true,461789.10
57bdf383467f26000125dbb9,main-trial-18, , ,true,462020.10
57bdf383467f26000125dbb9,main-trial-18,s,s,true,462235.30
57bdf383467f26000125dbb9,main-trial-18,e,e,true,462485.50
57bdf383467f26000125dbb9,main-trial-18, , ,true,462787.70
57bdf383467f26000125dbb9,main-trial-18,w,w,true,463377.20
57bdf383467f26000125dbb9,main-trial-18,d,d,true,463620.10
57bdf383467f26000125dbb9,main-trial-18, , ,true,464105.30
57bdf383467f26000125dbb9,main-trial-18,s,s,true,464286.90
57bdf383467f26000125dbb9,main-trial-18,e,e,true,464458.30
57bdf383467f26000125dbb9,main-trial-19,g,g,true,469534.10
57bdf383467f26000125dbb9,main-trial-19,r,r,true,469688.40
57bdf383467f26000125dbb9,main-trial-19,m,m,true,469883.10
57bdf383467f26000125dbb9,main-trial-19,k,k,true,470211.10
57bdf383467f26000125dbb9,main-trial-19,x,x,true,470375.00
57bdf383467f26000125dbb9,main-trial-19, , ,true,470571.70
57bdf383467f26000125dbb9,main-trial-19,f,f,true,470788.20
57bdf383467f26000125dbb9,main-trial-19,e,e,true,470986.90
57bdf383467f26000125dbb9,main-trial-19, , ,true,471149.40
57bdf383467f26000125dbb9,main-trial-19,f,f,true,471322.00
57bdf383467f26000125dbb9,main-trial-19,e,e,true,471591.20
57bdf383467f26000125dbb9,main-trial-19, , ,true,472102.70
57bdf383467f26000125dbb9,main-trial-19,f,f,true,472264.80
57bdf383467f26000125dbb9,main-trial-19,e,e,true,472404.40
57bdf383467f26000125dbb9,main-trial-19, , ,true,472731.40
57bdf383467f26000125dbb9,main-trial-19,n,n,true,472971.90
57bdf383467f26000125dbb9,main-trial-19,n,n,true,473139.70
57bdf383467f26000125dbb9,main-trial-19,a,a,true,473472.70
57bdf383467f26000125dbb9,main-trial-19,k,k,true,473645.80
57bdf383467f26000125dbb9,main-trial-19,j,j,true,473925.20
57bdf383467f26000125dbb9,main-trial-19, , ,true,474272.10
57bdf383467f26000125dbb9,main-trial-19,e,e,true,474585.40
57bdf383467f26000125dbb9,main-trial-19,f,f,true,474817.70
57bdf383467f26000125dbb9,main-trial-19, , ,true,475006.70
57bdf383467f26000125dbb9,main-trial-19,e,e,true,475136.20
57bdf383467f26000125dbb9,main-trial-19,f,f,true,475320.40
57bdf383467f26000125dbb9,main-trial-19, , ,true,475566.10
57bdf383467f26000125dbb9,main-trial-19,e,e,true,475874.10
57bdf383467f26000125dbb9,main-trial-19,f,f,true,476085.10
57bdf383467f26000125dbb9,main-trial-19, , ,true,476180.80
57bdf383467f26000125dbb9,main-trial-19,l,l,true,476416.70
57bdf383467f26000125dbb9,main-trial-19,r,r,true,476552.10
57bdf383467f26000125dbb9,main-trial-19,o,o,true,476701.50
57bdf383467f26000125dbb9,main-trial-19,o,o,true,476849.10
57bdf383467f26000125dbb9,main-trial-19,s,s,true,477000.60
57bdf383467f26000125dbb9,main-trial-19, , ,true,477196.40
57bdf383467f26000125dbb9,main-trial-19,f,f,true,477491.90
57bdf383467f26000125dbb9,main-trial-19,e,e,true,477696.20
57bdf383467f26000125dbb9,main-trial-19, , ,true,477896.10
57bdf383467f26000125dbb9,main-trial-19,e,f,false,478028.10
57bdf383467f26000125dbb9,main-trial-19,e,e,true,478664.50
57bdf383467f26000125dbb9,main-trial-19,f,f,true,478864.50
57bdf383467f26000125dbb9,main-trial-19, ,f,false,479628.90
57bdf383467f26000125dbb9,main-trial-19, ,e,false,479925.30
57bdf383467f26000125dbb9,main-trial-19, , ,true,480230.50
57bdf383467f26000125dbb9,main-trial-19,f,f,true,480558.70
57bdf383467f26000125dbb9,main-trial-19,e,e,true,480771.20
57bdf383467f26000125dbb9,main-trial-19, , ,true,481000.60
57bdf383467f26000125dbb9,main-trial-19,e,e,true,481475.40
57bdf383467f26000125dbb9,main-trial-19,f,f,true,481688.80
57bdf383467f26000125dbb9,main-trial-19, , ,true,481957.20
57bdf383467f26000125dbb9,main-trial-19,f,f,true,482365.50
57bdf383467f26000125dbb9,main-trial-19,e,e,true,482701.60
57bdf383467f26000125dbb9,main-trial-19, , ,true,483179.50
57bdf383467f26000125dbb9,main-trial-19,e,e,true,483419.30
57bdf383467f26000125dbb9,main-trial-19,f,f,true,483613.60
57bdf383467f26000125dbb9,main-trial-20,a,a,true,487431.90
57bdf383467f26000125dbb9,main-trial-20,r,r,true,487600.70
57bdf383467f26000125dbb9,main-trial-20,z,z,true,487861.60
57bdf383467f26000125dbb9,main-trial-20,d,d,true,488636.40
57bdf383467f26000125dbb9,main-trial-20,q,q,true,488915.90
57bdf383467f26000125dbb9,main-trial-20, , ,true,489207.30
57bdf383467f26000125dbb9,main-trial-20,f,f,true,489455.00
57bdf383467f26000125dbb9,main-trial-20,r,r,true,489684.00
57bdf383467f26000125dbb9,main-trial-20, , ,true,489869.90
57bdf383467f26000125dbb9,main-trial-20,f,f,true,490006.90
57bdf383467f26000125dbb9,main-trial-20,r,r,true,490439.00
57bdf383467f26000125dbb9,main-trial-20, , ,true,490758.20
57bdf383467f26000125dbb9,main-trial-20,f,f,true,491468.90
57bdf383467f26000125dbb9,main-trial-20,r,r,true,491702.70
57bdf383467f26000125dbb9,main-trial-20, , ,true,491876.60
57bdf383467f26000125dbb9,main-trial-20,e,e,true,492329.80
57bdf383467f26000125dbb9,main-trial-20,r,r,true,492537.40
57bdf383467f26000125dbb9,main-trial-20,m,m,true,492685.40
57bdf383467f26000125dbb9,main-trial-20,i,n,false,492875.50
57bdf383467f26000125dbb9,main-trial-20,i,i,true,493260.00
57bdf383467f26000125dbb9,main-trial-20,v,v,true,493602.10
57bdf383467f26000125dbb9,main-trial-20, , ,true,494107.00
57bdf383467f26000125dbb9,main-trial-20,f,f,true,494581.10
57bdf383467f26000125dbb9,main-trial-20,d,d,true,494778.50
57bdf383467f26000125dbb9,main-trial-20, , ,true,494915.70
57bdf383467f26000125dbb9,main-trial-20,f,f,true,495206.70
57bdf383467f26000125dbb9,main-trial-20,d,d,true,495355.30
57bdf383467f26000125dbb9,main-trial-20, , ,true,495688.10
57bdf383467f26000125dbb9,main-trial-20,f,f,true,496013.70
57bdf383467f26000125dbb9,main-trial-20,d,d,true,496516.50
57bdf383467f26000125dbb9,main-trial-20, , ,true,496727.00
57bdf383467f26000125dbb9,main-trial-20,i,i,true,496988.30
57bdf383467f26000125dbb9,main-trial-20,r,r,true,497135.70
57bdf383467f26000125dbb9,main-trial-20,w,w,true,497314.80
57bdf383467f26000125dbb9,main-trial-20,n,n,true,497581.30
57bdf383467f26000125dbb9,main-trial-20,h,h,true,498192.10
57bdf383467f26000125dbb9,main-trial-20, , ,true,498354.50
57bdf383467f26000125dbb9,main-trial-20,f,f,true,498858.50
57bdf383467f26000125dbb9,main-trial-20,r,r,true,499039.20
57bdf383467f26000125dbb9,main-trial-20, , ,true,499204.40
57bdf383467f26000125dbb9,main-trial-20,f,f,true,499425.40
57bdf383467f26000125dbb9,main-trial-20,d,d,true,499676.50
57bdf383467f26000125dbb9,main-trial-20, , ,true,499912.10
57bdf383467f26000125dbb9,main-trial-20,f,f,true,500074.60
57bdf383467f26000125dbb9,main-trial-20,r,r,true,500286.20
57bdf383467f26000125dbb9,main-trial-20, , ,true,501254.20
57bdf383467f26000125dbb9,main-trial-20,f,f,true,501469.70
57bdf383467f26000125dbb9,main-trial-20,d,d,true,501710.80
57bdf383467f26000125dbb9,main-trial-20, , ,true,502095.90
57bdf383467f26000125dbb9,main-trial-20,f,f,true,502503.90
57bdf383467f26000125dbb9,main-trial-20,r,r,true,502814.90
57bdf383467f26000125dbb9,main-trial-20, , ,true,503109.60
57bdf383467f26000125dbb9,main-trial-20,f,f,true,503488.60
57bdf383467f26000125dbb9,main-trial-20,d,d,true,503716.90
57bdf383467f26000125dbb9,main-trial-21,j,j,true,509110.20
57bdf383467f26000125dbb9,main-trial-21,l,l,true,509343.30
57bdf383467f26000125dbb9,main-trial-21,r,r,true,509473.40
57bdf383467f26000125dbb9,main-trial-21,r,c,false,509791.80
57bdf383467f26000125dbb9,main-trial-21,r,c,false,509939.90
57bdf383467f26000125dbb9,main-trial-21,r,r,true,510705.40
57bdf383467f26000125dbb9,main-trial-21,c,c,true,510980.70
57bdf383467f26000125dbb9,main-trial-21, , ,true,511148.50
57bdf383467f26000125dbb9,main-trial-21,d,d,true,511401.60
57bdf383467f26000125dbb9,main-trial-21,s,s,true,511668.00
57bdf383467f26000125dbb9,main-trial-21, , ,true,512105.40
57bdf383467f26000125dbb9,main-trial-21,d,d,true,512252.40
57bdf383467f26000125dbb9,main-trial-21,s,s,true,512476.00
57bdf383467f26000125dbb9,main-trial-21, , ,true,512848.10
57bdf383467f26000125dbb9,main-trial-21,d,d,true,513161.90
57bdf383467f26000125dbb9,main-trial-21,s,s,true,513521.20
57bdf383467f26000125dbb9,main-trial-21, , ,true,513687.90
57bdf383467f26000125dbb9,main-trial-21,o,o,true,514520.00
57bdf383467f26000125dbb9,main-trial-21,j,j,true,514763.10
57bdf383467f26000125dbb9,main-trial-21,l,l,true,515008.40
57bdf383467f26000125dbb9,main-trial-21,m,m,true,515239.20
57bdf383467f26000125dbb9,main-trial-21,s,s,true,515553.90
57bdf383467f26000125dbb9,main-trial-21, , ,true,515888.60
57bdf383467f26000125dbb9,main-trial-21,w,w,true,516091.30
57bdf383467f26000125dbb9,main-trial-21,d,d,true,516358.80
57bdf383467f26000125dbb9,main-trial-21, , ,true,516695.20
57bdf383467f26000125dbb9,main-trial-21,w,w,true,516875.80
57bdf383467f26000125dbb9,main-trial-21,d,d,true,517121.60
57bdf383467f26000125dbb9,main-trial-21, , ,true,517403.60
57bdf383467f26000125dbb9,main-trial-21,w,w,true,517705.20
57bdf383467f26000125dbb9,main-trial-21,d,d,true,518019.50
57bdf383467f26000125dbb9,main-trial-21, , ,true,518358.20
57bdf383467f26000125dbb9,main-trial-21,t,t,true,518739.70
57bdf383467f26000125dbb9,main-trial-21,h,h,true,518907.30
57bdf383467f26000125dbb9,main-trial-21,i,i,true,519124.30
57bdf383467f26000125dbb9,main-trial-21,z,z,true,519348.60
57bdf383467f26000125dbb9,main-trial-21,h,h,true,519573.20
57bdf383467f26000125dbb9,main-trial-21, , ,true,519812.40
57bdf383467f26000125dbb9,main-trial-21,d,w,false,520274.60
57bdf383467f26000125dbb9,main-trial-21,d,d,true,520579.20
57bdf383467f26000125dbb9,main-trial-21,s,s,true,520752.30
57bdf383467f26000125dbb9,main-trial-21, , ,true,521036.10
57bdf383467f26000125dbb9,main-trial-21,w,w,true,521297.90
57bdf383467f26000125dbb9,main-trial-21,d,d,true,521610.90
57bdf383467f26000125dbb9,main-trial-21, , ,true,521925.90
57bdf383467f26000125dbb9,main-trial-21,d,d,true,522160.00
57bdf383467f26000125dbb9,main-trial-21,s,s,true,522270.10
57bdf383467f26000125dbb9,main-trial-21, , ,true,522705.80
57bdf383467f26000125dbb9,main-trial-21,w,w,true,522956.50
57bdf383467f26000125dbb9,main-trial-21,d,d,true,523318.70
57bdf383467f26000125dbb9,main-trial-21, , ,true,523716.70
57bdf383467f26000125dbb9,main-trial-21,d,d,true,524112.70
57bdf383467f26000125dbb9,main-trial-21,s,s,true,524276.10
57bdf383467f26000125dbb9,main-trial-21, , ,true,524599.70
57bdf383467f26000125dbb9,main-trial-21,w,w,true,524851.70
57bdf383467f26000125dbb9,main-trial-21,d,d,true,525038.30
57bdf383467f26000125dbb9,main-trial-22,j,j,true,530659.20
57bdf383467f26000125dbb9,main-trial-22,d,d,true,530786.10
57bdf383467f26000125dbb9,main-trial-22,u,u,true,530971.70
57bdf383467f26000125dbb9,main-trial-22,t,t,true,531118.10
57bdf383467f26000125dbb9,main-trial-22,e,e,true,531253.30
57bdf383467f26000125dbb9,main-trial-22, , ,true,531420.50
57bdf383467f26000125dbb9,main-trial-22,z,z,true,532665.40
57bdf383467f26000125dbb9,main-trial-22,x,x,true,532863.50
57bdf383467f26000125dbb9,main-trial-22, , ,true,533269.90
57bdf383467f26000125dbb9,main-trial-22,z,z,true,533452.70
57bdf383467f26000125dbb9,main-trial-22,x,x,true,533648.10
57bdf383467f26000125dbb9,main-trial-22, , ,true,533874.30
57bdf383467f26000125dbb9,main-trial-22,z,z,true,534185.30
57bdf383467f26000125dbb9,main-trial-22,x,x,true,534466.90
57bdf383467f26000125dbb9,main-trial-22, , ,true,534877.60
57bdf383467f26000125dbb9,main-trial-22,r,r,true,535565.30
57bdf383467f26000125dbb9,main-trial-22,g,g,true,535759.60
57bdf383467f26000125dbb9,main-trial-22,l,l,true,536546.50
57bdf383467f26000125dbb9,main-trial-22,p,p,true,536931.60
57bdf383467f26000125dbb9,main-trial-22,j,j,true,537256.70
57bdf383467f26000125dbb9,main-trial-22, , ,true,537639.70
57bdf383467f26000125dbb9,main-trial-22,z,z,true,538065.50
57bdf383467f26000125dbb9,main-trial-22,e,e,true,538290.60
57bdf383467f26000125dbb9,main-trial-22, , ,true,538515.20
57bdf383467f26000125dbb9,main-trial-22,z,z,true,538661.30
57bdf383467f26000125dbb9,main-trial-22,e,e,true,538852.30
57bdf383467f26000125dbb9,main-trial-22, , ,true,539636.60
57bdf383467f26000125dbb9,main-trial-22,z,z,true,539816.20
57bdf383467f26000125dbb9,main-trial-22,e,e,true,539999.50
57bdf383467f26000125dbb9,main-trial-22, , ,true,540377.70
57bdf383467f26000125dbb9,main-trial-22,r,r,true,540683.80
57bdf383467f26000125dbb9,main-trial-22,b,b,true,540834.00
57bdf383467f26000125dbb9,main-trial-22,c,c,true,541073.60
57bdf383467f26000125dbb9,main-trial-22,v,u,false,541431.50
57bdf383467f26000125dbb9,main-trial-22,v,p,false,541680.00
57bdf383467f26000125dbb9,main-trial-22,v, ,false,541848.70
57bdf383467f26000125dbb9,main-trial-22,v,v,true,543042.90
57bdf383467f26000125dbb9,main-trial-22,p,p,true,543240.60
57bdf383467f26000125dbb9,main-trial-22, , ,true,543386.00
57bdf383467f26000125dbb9,main-trial-22,z,z,true,544441.50
57bdf383467f26000125dbb9,main-trial-22,x,x,true,544688.20
57bdf383467f26000125dbb9,main-trial-22, , ,true,544883.30
57bdf383467f26000125dbb9,main-trial-22,z,z,true,545293.10
57bdf383467f26000125dbb9,main-trial-22,e,e,true,545669.10
57bdf383467f26000125dbb9,main-trial-22, ,z,false,546040.50
57bdf383467f26000125dbb9,main-trial-22, , ,true,546142.40
57bdf383467f26000125dbb9,main-trial-22,z,z,true,546722.20
57bdf383467f26000125dbb9,main-trial-22,x,x,true,547011.00
57bdf383467f26000125dbb9,main-trial-22, , ,true,547289.50
57bdf383467f26000125dbb9,main-trial-22,z,z,true,547648.20
57bdf383467f26000125dbb9,main-trial-22,e,e,true,548121.60
57bdf383467f26000125dbb9,main-trial-22, , ,true,548454.10
57bdf383467f26000125dbb9,main-trial-22,z,z,true,548799.90
57bdf383467f26000125dbb9,main-trial-22,x,x,true,548998.80
57bdf383467f26000125dbb9,main-trial-22, , ,true,549229.40
57bdf383467f26000125dbb9,main-trial-22,z,z,true,549540.60
57bdf383467f26000125dbb9,main-trial-22,e,e,true,550052.00
57bdf383467f26000125dbb9,main-trial-23,n,n,true,554836.10
57bdf383467f26000125dbb9,main-trial-23,c,c,true,554931.40
57bdf383467f26000125dbb9,main-trial-23,q,q,true,555387.30
57bdf383467f26000125dbb9,main-trial-23,r,r,true,555586.10
57bdf383467f26000125dbb9,main-trial-23,o,o,true,555750.00
57bdf383467f26000125dbb9,main-trial-23, , ,true,555892.00
57bdf383467f26000125dbb9,main-trial-23,f,f,true,556265.90
57bdf383467f26000125dbb9,main-trial-23,d,d,true,556494.10
57bdf383467f26000125dbb9,main-trial-23, , ,true,556649.40
57bdf383467f26000125dbb9,main-trial-23,f,f,true,556828.30
57bdf383467f26000125dbb9,main-trial-23,d,d,true,556996.80
57bdf383467f26000125dbb9,main-trial-23, , ,true,557255.20
57bdf383467f26000125dbb9,main-trial-23,f,f,true,557452.80
57bdf383467f26000125dbb9,main-trial-23,d,d,true,557617.10
57bdf383467f26000125dbb9,main-trial-23, , ,true,557872.80
57bdf383467f26000125dbb9,main-trial-23,q,q,true,559104.40
57bdf383467f26000125dbb9,main-trial-23,w,w,true,559271.40
57bdf383467f26000125dbb9,main-trial-23,e,e,true,559457.50
57bdf383467f26000125dbb9,main-trial-23,f,f,true,559735.90
57bdf383467f26000125dbb9,main-trial-23,k,k,true,559901.10
57bdf383467f26000125dbb9,main-trial-23, , ,true,560062.00
57bdf383467f26000125dbb9,main-trial-23,c,c,true,560362.00
57bdf383467f26000125dbb9,main-trial-23,e,e,true,560609.70
57bdf383467f26000125dbb9,main-trial-23, , ,true,560813.80
57bdf383467f26000125dbb9,main-trial-23,c,c,true,560945.30
57bdf383467f26000125dbb9,main-trial-23,e,e,true,561076.00
57bdf383467f26000125dbb9,main-trial-23, , ,true,561462.20
57bdf383467f26000125dbb9,main-trial-23,c,c,true,561669.70
57bdf383467f26000125dbb9,main-trial-23,e,e,true,561794.60
57bdf383467f26000125dbb9,main-trial-23, , ,true,562068.50
57bdf383467f26000125dbb9,main-trial-23,i,i,true,562273.70
57bdf383467f26000125dbb9,main-trial-23,r,r,true,562367.40
57bdf383467f26000125dbb9,main-trial-23,t,t,true,562515.90
57bdf383467f26000125dbb9,main-trial-23,h,h,true,562606.20
57bdf383467f26000125dbb9,main-trial-23,e,e,true,562742.50
57bdf383467f26000125dbb9,main-trial-23, , ,true,562937.60
57bdf383467f26000125dbb9,main-trial-23,f,f,true,563301.00
57bdf383467f26000125dbb9,main-trial-23,d,d,true,563569.40
57bdf383467f26000125dbb9,main-trial-23, , ,true,563952.30
57bdf383467f26000125dbb9,main-trial-23,c,c,true,564249.90
57bdf383467f26000125dbb9,main-trial-23,e,e,true,564450.00
57bdf383467f26000125dbb9,main-trial-23, , ,true,564663.90
57bdf383467f26000125dbb9,main-trial-23,f,f,true,564824.90
57bdf383467f26000125dbb9,main-trial-23,d,d,true,565007.30
57bdf383467f26000125dbb9,main-trial-23, , ,true,565199.10
57bdf383467f26000125dbb9,main-trial-23,c,c,true,565362.30
57bdf383467f26000125dbb9,main-trial-23,e,e,true,565552.60
57bdf383467f26000125dbb9,main-trial-23, , ,true,565793.40
57bdf383467f26000125dbb9,main-trial-23,f,f,true,566043.60
57bdf383467f26000125dbb9,main-trial-23,d,d,true,566225.20
57bdf383467f26000125dbb9,main-trial-23, , ,true,566556.10
57bdf383467f26000125dbb9,main-trial-23,c,c,true,566751.60
57bdf383467f26000125dbb9,main-trial-23,e,e,true,566945.20
57bdf383467f26000125dbb9,main-trial-24,v,v,true,571151.10
57bdf383467f26000125dbb9,main-trial-24,s,s,true,571288.30
57bdf383467f26000125dbb9,main-trial-24,w,w,true,571476.00
57bdf383467f26000125dbb9,main-trial-24,e,e,true,571612.60
57bdf383467f26000125dbb9,main-trial-24,d,d,true,571796.00
57bdf383467f26000125dbb9,main-trial-24, , ,true,571923.00
57bdf383467f26000125dbb9,main-trial-24,f,f,true,572175.10
57bdf383467f26000125dbb9,main-trial-24,f,f,true,572327.40
57bdf383467f26000125dbb9,main-trial-24, , ,true,572599.10
57bdf383467f26000125dbb9,main-trial-24,f,f,true,572842.70
57bdf383467f26000125dbb9,main-trial-24,f,f,true,573001.00
57bdf383467f26000125dbb9,main-trial-24, , ,true,573270.30
57bdf383467f26000125dbb9,main-trial-24,f,f,true,573508.60
57bdf383467f26000125dbb9,main-trial-24,f,f,true,573643.60
57bdf383467f26000125dbb9,main-trial-24, , ,true,574065.30
57bdf383467f26000125dbb9,main-trial-24,u,u,true,574429.40
57bdf383467f26000125dbb9,main-trial-24,c,c,true,574533.20
57bdf383467f26000125dbb9,main-trial-24,r,r,true,574731.70
57bdf383467f26000125dbb9,main-trial-24,s,s,true,574995.80
57bdf383467f26000125dbb9,main-trial-24,j,j,true,575212.70
57bdf383467f26000125dbb9,main-trial-24, , ,true,575393.10
57bdf383467f26000125dbb9,main-trial-24,a,a,true,575638.60
57bdf383467f26000125dbb9,main-trial-24,a,a,true,575803.40
57bdf383467f26000125dbb9,main-trial-24, , ,true,576037.50
57bdf383467f26000125dbb9,main-trial-24,a,a,true,576244.60
57bdf383467f26000125dbb9,main-trial-24,a,a,true,576415.60
57bdf383467f26000125dbb9,main-trial-24, , ,true,576948.00
57bdf383467f26000125dbb9,main-trial-24,a,a,true,577168.20
57bdf383467f26000125dbb9,main-trial-24,a,a,true,577336.10
57bdf383467f26000125dbb9,main-trial-24, , ,true,577581.90
57bdf383467f26000125dbb9,main-trial-24,s,s,true,577778.80
57bdf383467f26000125dbb9,main-trial-24,m,u,false,577929.40
57bdf383467f26000125dbb9,main-trial-24,m,m,true,578225.40
57bdf383467f26000125dbb9,main-trial-24,m,m,true,578411.40
57bdf383467f26000125dbb9,main-trial-24,m,m,true,578680.20
57bdf383467f26000125dbb9,main-trial-24,t,t,true,578858.90
57bdf383467f26000125dbb9,main-trial-24, , ,true,579096.90
57bdf383467f26000125dbb9,main-trial-24,f,f,true,579380.20
57bdf383467f26000125dbb9,main-trial-24,f,f,true,579542.20
57bdf383467f26000125dbb9,main-trial-24, , ,true,579947.90
57bdf383467f26000125dbb9,main-trial-24,a,a,true,580076.40
57bdf383467f26000125dbb9,main-trial-24,a,a,true,580249.10
57bdf383467f26000125dbb9,main-trial-24, , ,true,580471.80
57bdf383467f26000125dbb9,main-trial-24,f,f,true,580725.50
57bdf383467f26000125dbb9,main-trial-24,f,f,true,580876.00
57bdf383467f26000125dbb9,main-trial-24, , ,true,581177.10
57bdf383467f26000125dbb9,main-trial-24,a,a,true,581390.60
57bdf383467f26000125dbb9,main-trial-24,a,a,true,581540.70
57bdf383467f26000125dbb9,main-trial-24, , ,true,581946.30
57bdf383467f26000125dbb9,main-trial-24,f,f,true,582100.90
57bdf383467f26000125dbb9,main-trial-24,f,f,true,582295.50
57bdf383467f26000125dbb9,main-trial-24, ,f,false,582443.70
57bdf383467f26000125dbb9,main-trial-24, , ,true,583417.40
57bdf383467f26000125dbb9,main-trial-24,a,a,true,583713.20
57bdf383467f26000125dbb9,main-trial-24,a,a,true,583879.60
57bdf383467f26000125dbb9,main-trial-25,a,z,false,587522.90
57bdf383467f26000125dbb9,main-trial-25,a,z,false,588516.80
57bdf383467f26000125dbb9,main-trial-25,a,a,true,589231.60
57bdf383467f26000125dbb9,main-trial-25,z,s,false,589553.30
57bdf383467f26000125dbb9,main-trial-25,z,k,false,589707.40
57bdf383467f26000125dbb9,main-trial-25,z,z,true,590668.50
57bdf383467f26000125dbb9,main-trial-25,k,k,true,590967.30
57bdf383467f26000125dbb9,main-trial-25,p,p,true,591417.20
57bdf383467f26000125dbb9,main-trial-25,d,d,true,591548.70
57bdf383467f26000125dbb9,main-trial-25, , ,true,591760.60
57bdf383467f26000125dbb9,main-trial-25,w,w,true,591985.70
57bdf383467f26000125dbb9,main-trial-25,f,f,true,592392.80
57bdf383467f26000125dbb9,main-trial-25, , ,true,592806.70
57bdf383467f26000125dbb9,main-trial-25,w,w,true,592944.80
57bdf383467f26000125dbb9,main-trial-25,f,f,true,593171.60
57bdf383467f26000125dbb9,main-trial-25, , ,true,593367.00
57bdf383467f26000125dbb9,main-trial-25,w,w,true,593564.50
57bdf383467f26000125dbb9,main-trial-25,f,f,true,593757.30
57bdf383467f26000125dbb9,main-trial-25, , ,true,593990.50
57bdf383467f26000125dbb9,main-trial-25,m,m,true,594283.20
57bdf383467f26000125dbb9,main-trial-25,v,v,true,594439.20
57bdf383467f26000125dbb9,main-trial-25,p,p,true,594720.90
57bdf383467f26000125dbb9,main-trial-25,x,x,true,595253.30
57bdf383467f26000125dbb9,main-trial-25,h,h,true,595498.30
57bdf383467f26000125dbb9,main-trial-25, , ,true,595656.50
57bdf383467f26000125dbb9,main-trial-25,s,s,true,596131.00
57bdf383467f26000125dbb9,main-trial-25,r,e,false,596440.70
57bdf383467f26000125dbb9,main-trial-25,r,r,true,596877.40
57bdf383467f26000125dbb9,main-trial-25, , ,true,597268.90
57bdf383467f26000125dbb9,main-trial-25,s,s,true,597567.00
57bdf383467f26000125dbb9,main-trial-25,r,r,true,597782.60
57bdf383467f26000125dbb9,main-trial-25, , ,true,598044.20
57bdf383467f26000125dbb9,main-trial-25,s,s,true,598388.40
57bdf383467f26000125dbb9,main-trial-25,r,r,true,598551.80
57bdf383467f26000125dbb9,main-trial-25, , ,true,598864.60
57bdf383467f26000125dbb9,main-trial-25,a,a,true,599078.40
57bdf383467f26000125dbb9,main-trial-25,n,n,true,599242.90
57bdf383467f26000125dbb9,main-trial-25,p,p,true,599596.80
57bdf383467f26000125dbb9,main-trial-25,f,f,true,599760.90
57bdf383467f26000125dbb9,main-trial-25,o,o,true,599915.80
57bdf383467f26000125dbb9,main-trial-25, , ,true,600257.60
57bdf383467f26000125dbb9,main-trial-25,w,w,true,600504.40
57bdf383467f26000125dbb9,main-trial-25,f,f,true,600682.60
57bdf383467f26000125dbb9,main-trial-25, , ,true,600915.20
57bdf383467f26000125dbb9,main-trial-25,s,s,true,601309.10
57bdf383467f26000125dbb9,main-trial-25,r,r,true,601611.90
57bdf383467f26000125dbb9,main-trial-25, , ,true,601932.80
57bdf383467f26000125dbb9,main-trial-25,w,w,true,602099.50
57bdf383467f26000125dbb9,main-trial-25,f,f,true,602284.30
57bdf383467f26000125dbb9,main-trial-25, , ,true,602555.40
57bdf383467f26000125dbb9,main-trial-25,s,s,true,602715.40
57bdf383467f26000125dbb9,main-trial-25,r,r,true,602930.90
57bdf383467f26000125dbb9,main-trial-25, , ,true,603173.40
57bdf383467f26000125dbb9,main-trial-25,w,w,true,603318.00
57bdf383467f26000125dbb9,main-trial-25,f,f,true,603503.80
57bdf383467f26000125dbb9,main-trial-25, , ,true,603748.30
57bdf383467f26000125dbb9,main-trial-25,s,s,true,603912.60
57bdf383467f26000125dbb9,main-trial-25,r,r,true,604085.90
57bdf383467f26000125dbb9,main-trial-26,j,j,true,608762.90
57bdf383467f26000125dbb9,main-trial-26,f,f,true,608977.10
57bdf383467f26000125dbb9,main-trial-26,u,u,true,609034.50
57bdf383467f26000125dbb9,main-trial-26,g,g,true,609239.10
57bdf383467f26000125dbb9,main-trial-26,u,u,true,609352.60
57bdf383467f26000125dbb9,main-trial-26, , ,true,609428.30
57bdf383467f26000125dbb9,main-trial-26,c,c,true,609579.10
57bdf383467f26000125dbb9,main-trial-26,r,r,true,609787.80
57bdf383467f26000125dbb9,main-trial-26, , ,true,609978.30
57bdf383467f26000125dbb9,main-trial-26,c,c,true,610106.30
57bdf383467f26000125dbb9,main-trial-26,r,r,true,610299.30
57bdf383467f26000125dbb9,main-trial-26, , ,true,610503.00
57bdf383467f26000125dbb9,main-trial-26,c,c,true,610615.90
57bdf383467f26000125dbb9,main-trial-26,r,r,true,610803.90
57bdf383467f26000125dbb9,main-trial-26, , ,true,611034.90
57bdf383467f26000125dbb9,main-trial-26,u,u,true,611235.00
57bdf383467f26000125dbb9,main-trial-26,u,u,true,611421.60
57bdf383467f26000125dbb9,main-trial-26,y,y,true,611760.40
57bdf383467f26000125dbb9,main-trial-26,b,b,true,611986.50
57bdf383467f26000125dbb9,main-trial-26,a,a,true,612119.30
57bdf383467f26000125dbb9,main-trial-26, , ,true,612216.00
57bdf383467f26000125dbb9,main-trial-26,v,v,true,612521.40
57bdf383467f26000125dbb9,main-trial-26,r,r,true,612746.90
57bdf383467f26000125dbb9,main-trial-26, , ,true,612926.10
57bdf383467f26000125dbb9,main-trial-26,v,v,true,613071.00
57bdf383467f26000125dbb9,main-trial-26,r,r,true,613289.90
57bdf383467f26000125dbb9,main-trial-26, , ,true,613520.20
57bdf383467f26000125dbb9,main-trial-26,v,v,true,613582.80
57bdf383467f26000125dbb9,main-trial-26,r,r,true,613837.00
57bdf383467f26000125dbb9,main-trial-26, , ,true,614107.60
57bdf383467f26000125dbb9,main-trial-26,z,z,true,614905.20
57bdf383467f26000125dbb9,main-trial-26,c,c,true,615211.20
57bdf383467f26000125dbb9,main-trial-26,l,l,true,615616.50
57bdf383467f26000125dbb9,main-trial-26,q,q,true,615999.00
57bdf383467f26000125dbb9,main-trial-26,z,z,true,616428.30
57bdf383467f26000125dbb9,main-trial-26, , ,true,616794.80
57bdf383467f26000125dbb9,main-trial-26,c,c,true,616963.00
57bdf383467f26000125dbb9,main-trial-26,r,r,true,617203.00
57bdf383467f26000125dbb9,main-trial-26, , ,true,617367.70
57bdf383467f26000125dbb9,main-trial-26,v,v,true,617674.90
57bdf383467f26000125dbb9,main-trial-26,r,e,false,617843.10
57bdf383467f26000125dbb9,main-trial-26,r, ,false,618094.90
57bdf383467f26000125dbb9,main-trial-26,r,c,false,618275.90
57bdf383467f26000125dbb9,main-trial-26,r,r,true,618474.00
57bdf383467f26000125dbb9,main-trial-26, , ,true,618719.90
57bdf383467f26000125dbb9,main-trial-26,c,v,false,618936.70
57bdf383467f26000125dbb9,main-trial-26,c,e,false,619117.70
57bdf383467f26000125dbb9,main-trial-26,c, ,false,620232.50
57bdf383467f26000125dbb9,main-trial-26,c,c,true,620493.20
57bdf383467f26000125dbb9,main-trial-26,r,r,true,620743.00
57bdf383467f26000125dbb9,main-trial-26, , ,true,621054.10
57bdf383467f26000125dbb9,main-trial-26,v,v,true,621174.10
57bdf383467f26000125dbb9,main-trial-26,r,e,false,621576.20
57bdf383467f26000125dbb9,main-trial-26,r, ,false,621871.20
57bdf383467f26000125dbb9,main-trial-26,r,r,true,624133.40
57bdf383467f26000125dbb9,main-trial-26, , ,true,624606.20
57bdf383467f26000125dbb9,main-trial-26,c,c,true,625221.60
57bdf383467f26000125dbb9,main-trial-26,r,r,true,625494.70
57bdf383467f26000125dbb9,main-trial-26, , ,true,625727.80
57bdf383467f26000125dbb9,main-trial-26,v,v,true,625994.10
57bdf383467f26000125dbb9,main-trial-26,r,e,false,626423.70
57bdf383467f26000125dbb9,main-trial-26,r,r,true,627819.50
57bdf383467f26000125dbb9,main-trial-27,k,k,true,631662.30
57bdf383467f26000125dbb9,main-trial-27,h,h,true,631932.00
57bdf383467f26000125dbb9,main-trial-27,e,e,true,632097.50
57bdf383467f26000125dbb9,main-trial-27,v,v,true,632317.50
57bdf383467f26000125dbb9,main-trial-27,c, ,false,632574.60
57bdf383467f26000125dbb9,main-trial-27,c,s,false,633478.60
57bdf383467f26000125dbb9,main-trial-27,c,f,false,633691.20
57bdf383467f26000125dbb9,main-trial-27,c, ,false,633858.90
57bdf383467f26000125dbb9,main-trial-27,c,c,true,634759.80
57bdf383467f26000125dbb9,main-trial-27, , ,true,635107.40
57bdf383467f26000125dbb9,main-trial-27,s,s,true,635288.70
57bdf383467f26000125dbb9,main-trial-27,f,s,false,635571.90
57bdf383467f26000125dbb9,main-trial-27,f,f,true,635857.80
57bdf383467f26000125dbb9,main-trial-27, , ,true,636196.10
57bdf383467f26000125dbb9,main-trial-27,s,s,true,636530.10
57bdf383467f26000125dbb9,main-trial-27,f,f,true,636859.50
57bdf383467f26000125dbb9,main-trial-27, , ,true,637200.40
57bdf383467f26000125dbb9,main-trial-27,s,s,true,637540.90
57bdf383467f26000125dbb9,main-trial-27,f,f,true,637934.10
57bdf383467f26000125dbb9,main-trial-27, , ,true,638375.20
57bdf383467f26000125dbb9,main-trial-27,x,x,true,638912.30
57bdf383467f26000125dbb9,main-trial-27,z,d,false,639979.50
57bdf383467f26000125dbb9,main-trial-27,z,z,true,641075.60
57bdf383467f26000125dbb9,main-trial-27,d,d,true,641302.40
57bdf383467f26000125dbb9,main-trial-27,r,r,true,641507.90
57bdf383467f26000125dbb9,main-trial-27,y,y,true,641707.30
57bdf383467f26000125dbb9,main-trial-27, , ,true,641858.80
57bdf383467f26000125dbb9,main-trial-27,b,b,true,642072.20
57bdf383467f26000125dbb9,main-trial-27,e,e,true,642236.80
57bdf383467f26000125dbb9,main-trial-27, , ,true,642390.70
57bdf383467f26000125dbb9,main-trial-27,b,b,true,642561.00
57bdf383467f26000125dbb9,main-trial-27,e,e,true,642713.80
57bdf383467f26000125dbb9,main-trial-27, , ,true,642849.60
57bdf383467f26000125dbb9,main-trial-27,b,b,true,643059.50
57bdf383467f26000125dbb9,main-trial-27,e,e,true,643191.10
57bdf383467f26000125dbb9,main-trial-27, , ,true,643352.50
57bdf383467f26000125dbb9,main-trial-27,x,x,true,643721.50
57bdf383467f26000125dbb9,main-trial-27,o,o,true,644006.90
57bdf383467f26000125dbb9,main-trial-27,t,t,true,644122.50
57bdf383467f26000125dbb9,main-trial-27,d,f,false,644433.70
57bdf383467f26000125dbb9,main-trial-27,d,f,false,644585.70
57bdf383467f26000125dbb9,main-trial-27,d,d,true,645128.10
57bdf383467f26000125dbb9,main-trial-27,d,d,true,645324.10
57bdf383467f26000125dbb9,main-trial-27, , ,true,645518.90
57bdf383467f26000125dbb9,main-trial-27,s,s,true,645715.80
57bdf383467f26000125dbb9,main-trial-27,f,f,true,646073.60
57bdf383467f26000125dbb9,main-trial-27, , ,true,646301.40
57bdf383467f26000125dbb9,main-trial-27,b,v,false,646487.90
57bdf383467f26000125dbb9,main-trial-27,b,e,false,646616.40
57bdf383467f26000125dbb9,main-trial-27,b, ,false,646771.00
57bdf383467f26000125dbb9,main-trial-27,b,v,false,647417.30
57bdf383467f26000125dbb9,main-trial-27,b,e,false,647661.10
57bdf383467f26000125dbb9,main-trial-27,b,b,true,648618.30
57bdf383467f26000125dbb9,main-trial-27,e,e,true,648802.20
57bdf383467f26000125dbb9,main-trial-27, , ,true,648938.10
57bdf383467f26000125dbb9,main-trial-27,s,s,true,649554.80
57bdf383467f26000125dbb9,main-trial-27,f,f,true,649798.50
57bdf383467f26000125dbb9,main-trial-27, , ,true,650038.60
57bdf383467f26000125dbb9,main-trial-27,b,b,true,650349.70
57bdf383467f26000125dbb9,main-trial-27,e,e,true,650799.00
57bdf383467f26000125dbb9,main-trial-27, , ,true,651191.50
57bdf383467f26000125dbb9,main-trial-27,s,s,true,651588.40
57bdf383467f26000125dbb9,main-trial-27,f,f,true,651838.20
57bdf383467f26000125dbb9,main-trial-27, , ,true,652330.20
57bdf383467f26000125dbb9,main-trial-27,b,b,true,652576.00
57bdf383467f26000125dbb9,main-trial-27,e,e,true,652712.50
