user_id,trialId,expectedKey,typedKey,isCorrect,keydownTime
5c6215140a6eb100012abfc5,intro-trial-1,o,o,true,45571.20
5c6215140a6eb100012abfc5,intro-trial-1,l,l,true,46050.30
5c6215140a6eb100012abfc5,intro-trial-1,u,u,true,46772.60
5c6215140a6eb100012abfc5,intro-trial-1,e,e,true,47338.20
5c6215140a6eb100012abfc5,intro-trial-1,k,k,true,47754.20
5c6215140a6eb100012abfc5,intro-trial-1, ,d,false,48236.80
5c6215140a6eb100012abfc5,intro-trial-1, ,f,false,48722.00
5c6215140a6eb100012abfc5,intro-trial-1, , ,true,49906.20
5c6215140a6eb100012abfc5,intro-trial-1,d,d,true,50202.20
5c6215140a6eb100012abfc5,intro-trial-1,f,f,true,50418.10
5c6215140a6eb100012abfc5,intro-trial-1, , ,true,50986.00
5c6215140a6eb100012abfc5,intro-trial-1,d,d,true,51163.30
5c6215140a6eb100012abfc5,intro-trial-1,f,f,true,51313.90
5c6215140a6eb100012abfc5,intro-trial-1, , ,true,51570.60
5c6215140a6eb100012abfc5,intro-trial-1,d,d,true,51722.10
5c6215140a6eb100012abfc5,intro-trial-1,f,f,true,51928.70
5c6215140a6eb100012abfc5,intro-trial-1, , ,true,53202.30
5c6215140a6eb100012abfc5,intro-trial-1,a,a,true,53650.10
5c6215140a6eb100012abfc5,intro-trial-1,l,l,true,53786.10
5c6215140a6eb100012abfc5,intro-trial-1,m,m,true,53978.20
5c6215140a6eb100012abfc5,intro-trial-1,c,c,true,54244.50
5c6215140a6eb100012abfc5,intro-trial-1,k,k,true,54378.40
5c6215140a6eb100012abfc5,intro-trial-1, , ,true,54802.30
5c6215140a6eb100012abfc5,intro-trial-1,e,e,true,54972.20
5c6215140a6eb100012abfc5,intro-trial-1,f,r,false,55178.20
5c6215140a6eb100012abfc5,intro-trial-1,f, ,false,55410.30
5c6215140a6eb100012abfc5,intro-trial-1,f,e,false,55554.10
5c6215140a6eb100012abfc5,intro-trial-1,f,r,false,55929.50
5c6215140a6eb100012abfc5,intro-trial-1,f,r,false,56370.10
5c6215140a6eb100012abfc5,intro-trial-1,f,r,false,56730.10
5c6215140a6eb100012abfc5,intro-trial-1,f,r,false,57080.80
5c6215140a6eb100012abfc5,intro-trial-1,f,r,false,58368.90
5c6215140a6eb100012abfc5,intro-trial-1,f,e,false,59216.80
5c6215140a6eb100012abfc5,intro-trial-1,f,r,false,59456.70
5c6215140a6eb100012abfc5,intro-trial-1,f, ,false,59896.80
5c6215140a6eb100012abfc5,intro-trial-1,f, ,false,60136.80
5c6215140a6eb100012abfc5,intro-trial-1,f,e,false,61840.60
5c6215140a6eb100012abfc5,intro-trial-1,f,r,false,62088.80
5c6215140a6eb100012abfc5,intro-trial-1,f,f,true,62640.80
5c6215140a6eb100012abfc5,intro-trial-1, ,f,false,62816.70
5c6215140a6eb100012abfc5,intro-trial-1, ,f,false,62992.80
5c6215140a6eb100012abfc5,intro-trial-1, , ,true,65472.70
5c6215140a6eb100012abfc5,intro-trial-1,e,e,true,65739.90
5c6215140a6eb100012abfc5,intro-trial-1,f,f,true,66097.00
5c6215140a6eb100012abfc5,intro-trial-1, , ,true,66834.10
5c6215140a6eb100012abfc5,intro-trial-1,e,e,true,67146.00
5c6215140a6eb100012abfc5,intro-trial-1,f,f,true,67554.20
5c6215140a6eb100012abfc5,intro-trial-1, , ,true,68290.20
5c6215140a6eb100012abfc5,intro-trial-1,n,n,true,69088.90
5c6215140a6eb100012abfc5,intro-trial-1,j,t,false,69506.10
5c6215140a6eb100012abfc5,intro-trial-1,j,j,true,71266.70
5c6215140a6eb100012abfc5,intro-trial-1,t,t,true,71666.00
5c6215140a6eb100012abfc5,intro-trial-1,z,z,true,72946.10
5c6215140a6eb100012abfc5,intro-trial-1,j,j,true,73133.30
5c6215140a6eb100012abfc5,intro-trial-1, , ,true,73562.20
5c6215140a6eb100012abfc5,intro-trial-1,d,d,true,74194.10
5c6215140a6eb100012abfc5,intro-trial-1,f,f,true,74464.80
5c6215140a6eb100012abfc5,intro-trial-1, , ,true,74729.90
5c6215140a6eb100012abfc5,intro-trial-1,e,e,true,74932.20
5c6215140a6eb100012abfc5,intro-trial-1,f,f,true,75546.10
5c6215140a6eb100012abfc5,intro-trial-1, , ,true,75826.10
5c6215140a6eb100012abfc5,intro-trial-1,d,d,true,76434.10
5c6215140a6eb100012abfc5,intro-trial-1,f,f,true,76659.20
5c6215140a6eb100012abfc5,intro-trial-1, , ,true,76921.00
5c6215140a6eb100012abfc5,intro-trial-1,e,e,true,77394.20
5c6215140a6eb100012abfc5,intro-trial-1,f,f,true,77610.50
5c6215140a6eb100012abfc5,intro-trial-1, , ,true,77970.10
5c6215140a6eb100012abfc5,intro-trial-1,d,d,true,78554.00
5c6215140a6eb100012abfc5,intro-trial-1,f,f,true,78738.10
5c6215140a6eb100012abfc5,intro-trial-1, , ,true,78906.10
5c6215140a6eb100012abfc5,intro-trial-1,e,d,false,79106.50
5c6215140a6eb100012abfc5,intro-trial-1,e,e,true,79482.00
5c6215140a6eb100012abfc5,intro-trial-1,f,f,true,79706.10
5c6215140a6eb100012abfc5,intro-trial-2,o,o,true,92154.30
5c6215140a6eb100012abfc5,intro-trial-2,w,w,true,92330.10
5c6215140a6eb100012abfc5,intro-trial-2,x,x,true,93410.40
5c6215140a6eb100012abfc5,intro-trial-2,h,h,true,93586.00
5c6215140a6eb100012abfc5,intro-trial-2,k,k,true,93820.60
5c6215140a6eb100012abfc5,intro-trial-2, , ,true,94218.00
5c6215140a6eb100012abfc5,intro-trial-2,q,q,true,94675.90
5c6215140a6eb100012abfc5,intro-trial-2,s,s,true,94945.80
5c6215140a6eb100012abfc5,intro-trial-2, , ,true,95153.90
5c6215140a6eb100012abfc5,intro-trial-2,q,q,true,95313.90
5c6215140a6eb100012abfc5,intro-trial-2,s,s,true,95546.00
5c6215140a6eb100012abfc5,intro-trial-2, , ,true,95740.70
5c6215140a6eb100012abfc5,intro-trial-2,q,q,true,95930.00
5c6215140a6eb100012abfc5,intro-trial-2,s,s,true,96153.90
5c6215140a6eb100012abfc5,intro-trial-2, , ,true,96353.90
5c6215140a6eb100012abfc5,intro-trial-2,x,x,true,96794.00
5c6215140a6eb100012abfc5,intro-trial-2,r,r,true,97122.10
5c6215140a6eb100012abfc5,intro-trial-2,h,h,true,98160.90
5c6215140a6eb100012abfc5,intro-trial-2,v,v,true,98522.00
5c6215140a6eb100012abfc5,intro-trial-2,x,x,true,99570.90
5c6215140a6eb100012abfc5,intro-trial-2, , ,true,99753.90
5c6215140a6eb100012abfc5,intro-trial-2,s,s,true,100009.90
5c6215140a6eb100012abfc5,intro-trial-2,a,a,true,100242.00
5c6215140a6eb100012abfc5,intro-trial-2, , ,true,100634.20
5c6215140a6eb100012abfc5,intro-trial-2,s,s,true,100882.00
5c6215140a6eb100012abfc5,intro-trial-2,a,a,true,101081.90
5c6215140a6eb100012abfc5,intro-trial-2, , ,true,101322.10
5c6215140a6eb100012abfc5,intro-trial-2,s,s,true,101514.00
5c6215140a6eb100012abfc5,intro-trial-2,a,a,true,101737.90
5c6215140a6eb100012abfc5,intro-trial-2, , ,true,102017.40
5c6215140a6eb100012abfc5,intro-trial-2,q,q,true,102546.00
5c6215140a6eb100012abfc5,intro-trial-2,p,p,true,103200.60
5c6215140a6eb100012abfc5,intro-trial-2,z,z,true,103786.10
5c6215140a6eb100012abfc5,intro-trial-2,t,t,true,104104.90
5c6215140a6eb100012abfc5,intro-trial-2,t,t,true,104298.00
5c6215140a6eb100012abfc5,intro-trial-2, , ,true,104593.90
5c6215140a6eb100012abfc5,intro-trial-2,q,q,true,105098.00
5c6215140a6eb100012abfc5,intro-trial-2,s,s,true,105297.90
5c6215140a6eb100012abfc5,intro-trial-2, , ,true,105561.90
5c6215140a6eb100012abfc5,intro-trial-2,s,s,true,106082.10
5c6215140a6eb100012abfc5,intro-trial-2,a,a,true,106280.80
5c6215140a6eb100012abfc5,intro-trial-2, , ,true,106489.70
5c6215140a6eb100012abfc5,intro-trial-2,q,q,true,106977.70
5c6215140a6eb100012abfc5,intro-trial-2,s,s,true,107178.50
5c6215140a6eb100012abfc5,intro-trial-2, , ,true,107378.00
5c6215140a6eb100012abfc5,intro-trial-2,s,s,true,107626.10
5c6215140a6eb100012abfc5,intro-trial-2,a,a,true,107817.90
5c6215140a6eb100012abfc5,intro-trial-2, , ,true,108025.90
5c6215140a6eb100012abfc5,intro-trial-2,q,q,true,108353.90
5c6215140a6eb100012abfc5,intro-trial-2,s,s,true,108546.00
5c6215140a6eb100012abfc5,intro-trial-2, , ,true,108721.80
5c6215140a6eb100012abfc5,intro-trial-2,s,s,true,108897.90
5c6215140a6eb100012abfc5,intro-trial-2,a,a,true,109100.80
5c6215140a6eb100012abfc5,intro-trial-3,d,d,true,125275.30
5c6215140a6eb100012abfc5,intro-trial-3,b,b,true,125525.00
5c6215140a6eb100012abfc5,intro-trial-3,f,f,true,126169.90
5c6215140a6eb100012abfc5,intro-trial-3,q,q,true,126665.80
5c6215140a6eb100012abfc5,intro-trial-3,z,z,true,127387.70
5c6215140a6eb100012abfc5,intro-trial-3, , ,true,127689.90
5c6215140a6eb100012abfc5,intro-trial-3,f,f,true,128136.90
5c6215140a6eb100012abfc5,intro-trial-3,g,g,true,128370.10
5c6215140a6eb100012abfc5,intro-trial-3, , ,true,128585.70
5c6215140a6eb100012abfc5,intro-trial-3,f,f,true,128777.70
5c6215140a6eb100012abfc5,intro-trial-3,g,g,true,128985.80
5c6215140a6eb100012abfc5,intro-trial-3, , ,true,129171.40
5c6215140a6eb100012abfc5,intro-trial-3,f,f,true,129385.70
5c6215140a6eb100012abfc5,intro-trial-3,g,g,true,129576.50
5c6215140a6eb100012abfc5,intro-trial-3, , ,true,129753.80
5c6215140a6eb100012abfc5,intro-trial-3,a,a,true,129963.20
5c6215140a6eb100012abfc5,intro-trial-3,s,s,true,130257.80
5c6215140a6eb100012abfc5,intro-trial-3,i,i,true,130785.90
5c6215140a6eb100012abfc5,intro-trial-3,i,i,true,130961.60
5c6215140a6eb100012abfc5,intro-trial-3,f,f,true,131609.80
5c6215140a6eb100012abfc5,intro-trial-3, , ,true,131897.80
5c6215140a6eb100012abfc5,intro-trial-3,f,f,true,132321.80
5c6215140a6eb100012abfc5,intro-trial-3,r,r,true,132537.80
5c6215140a6eb100012abfc5,intro-trial-3, , ,true,132721.80
5c6215140a6eb100012abfc5,intro-trial-3,f,f,true,132873.70
5c6215140a6eb100012abfc5,intro-trial-3,r,r,true,133066.00
5c6215140a6eb100012abfc5,intro-trial-3, , ,true,133226.00
5c6215140a6eb100012abfc5,intro-trial-3,f,f,true,133826.00
5c6215140a6eb100012abfc5,intro-trial-3,r,r,true,134017.70
5c6215140a6eb100012abfc5,intro-trial-3, , ,true,134289.80
5c6215140a6eb100012abfc5,intro-trial-3,w,w,true,134753.80
5c6215140a6eb100012abfc5,intro-trial-3,v,v,true,135282.20
5c6215140a6eb100012abfc5,intro-trial-3,n,n,true,135841.60
5c6215140a6eb100012abfc5,intro-trial-3,w,w,true,136145.80
5c6215140a6eb100012abfc5,intro-trial-3,a,a,true,136481.80
5c6215140a6eb100012abfc5,intro-trial-3, , ,true,136705.80
5c6215140a6eb100012abfc5,intro-trial-3,f,f,true,137041.80
5c6215140a6eb100012abfc5,intro-trial-3,g,g,true,137225.00
5c6215140a6eb100012abfc5,intro-trial-3, , ,true,137424.50
5c6215140a6eb100012abfc5,intro-trial-3,f,f,true,137857.80
5c6215140a6eb100012abfc5,intro-trial-3,r,r,true,138161.90
5c6215140a6eb100012abfc5,intro-trial-3, , ,true,138425.90
5c6215140a6eb100012abfc5,intro-trial-3,f,f,true,138809.80
5c6215140a6eb100012abfc5,intro-trial-3,g,g,true,139473.70
5c6215140a6eb100012abfc5,intro-trial-3, , ,true,139659.00
5c6215140a6eb100012abfc5,intro-trial-3,f,f,true,140195.90
5c6215140a6eb100012abfc5,intro-trial-3,r,r,true,140377.80
5c6215140a6eb100012abfc5,intro-trial-3, , ,true,140576.80
5c6215140a6eb100012abfc5,intro-trial-3,f,f,true,141385.80
5c6215140a6eb100012abfc5,intro-trial-3,g,g,true,141577.70
5c6215140a6eb100012abfc5,intro-trial-3, , ,true,141817.80
5c6215140a6eb100012abfc5,intro-trial-3,f,f,true,142121.80
5c6215140a6eb100012abfc5,intro-trial-3,r,r,true,142290.10
5c6215140a6eb100012abfc5,main-trial-1,a,a,true,150089.60
5c6215140a6eb100012abfc5,main-trial-1,s,s,true,150450.00
5c6215140a6eb100012abfc5,main-trial-1,l,l,true,150889.90
5c6215140a6eb100012abfc5,main-trial-1,r,r,true,151209.40
5c6215140a6eb100012abfc5,main-trial-1,f,f,true,151561.20
5c6215140a6eb100012abfc5,main-trial-1, , ,true,151841.40
5c6215140a6eb100012abfc5,main-trial-1,s,s,true,152057.40
5c6215140a6eb100012abfc5,main-trial-1,r,r,true,153065.30
5c6215140a6eb100012abfc5,main-trial-1, , ,true,153401.30
5c6215140a6eb100012abfc5,main-trial-1,s,s,true,153600.70
5c6215140a6eb100012abfc5,main-trial-1,r,r,true,153953.30
5c6215140a6eb100012abfc5,main-trial-1, , ,true,154273.40
5c6215140a6eb100012abfc5,main-trial-1,s,s,true,154449.40
5c6215140a6eb100012abfc5,main-trial-1,r,r,true,154713.20
5c6215140a6eb100012abfc5,main-trial-1, , ,true,154977.50
5c6215140a6eb100012abfc5,main-trial-1,v,v,true,155323.70
5c6215140a6eb100012abfc5,main-trial-1,q,q,true,155833.30
5c6215140a6eb100012abfc5,main-trial-1,t,t,true,156283.40
5c6215140a6eb100012abfc5,main-trial-1,d,d,true,157027.50
5c6215140a6eb100012abfc5,main-trial-1,n,n,true,157273.40
5c6215140a6eb100012abfc5,main-trial-1, , ,true,157513.30
5c6215140a6eb100012abfc5,main-trial-1,w,w,true,158089.70
5c6215140a6eb100012abfc5,main-trial-1,f,f,true,158297.30
5c6215140a6eb100012abfc5,main-trial-1, , ,true,158513.50
5c6215140a6eb100012abfc5,main-trial-1,w,w,true,158721.30
5c6215140a6eb100012abfc5,main-trial-1,f,f,true,158947.70
5c6215140a6eb100012abfc5,main-trial-1, , ,true,159105.40
5c6215140a6eb100012abfc5,main-trial-1,w,w,true,159289.40
5c6215140a6eb100012abfc5,main-trial-1,f,f,true,159497.40
5c6215140a6eb100012abfc5,main-trial-1, , ,true,159673.50
5c6215140a6eb100012abfc5,main-trial-1,u,u,true,160080.00
5c6215140a6eb100012abfc5,main-trial-1,z,z,true,160848.00
5c6215140a6eb100012abfc5,main-trial-1,j,j,true,161289.40
5c6215140a6eb100012abfc5,main-trial-1,c,c,true,161625.40
5c6215140a6eb100012abfc5,main-trial-1,b,b,true,161787.50
5c6215140a6eb100012abfc5,main-trial-1, , ,true,162185.50
5c6215140a6eb100012abfc5,main-trial-1,s,s,true,162569.60
5c6215140a6eb100012abfc5,main-trial-1,r,r,true,162753.40
5c6215140a6eb100012abfc5,main-trial-1, , ,true,162992.40
5c6215140a6eb100012abfc5,main-trial-1,w,w,true,163472.00
5c6215140a6eb100012abfc5,main-trial-1,f,f,true,163680.00
5c6215140a6eb100012abfc5,main-trial-1, , ,true,163865.30
5c6215140a6eb100012abfc5,main-trial-1,s,s,true,164164.30
5c6215140a6eb100012abfc5,main-trial-1,r,r,true,164353.30
5c6215140a6eb100012abfc5,main-trial-1, , ,true,164505.40
5c6215140a6eb100012abfc5,main-trial-1,w,w,true,164680.70
5c6215140a6eb100012abfc5,main-trial-1,f,f,true,164865.70
5c6215140a6eb100012abfc5,main-trial-1, , ,true,165057.40
5c6215140a6eb100012abfc5,main-trial-1,s,s,true,165465.50
5c6215140a6eb100012abfc5,main-trial-1,r,r,true,165675.70
5c6215140a6eb100012abfc5,main-trial-1, , ,true,165843.00
5c6215140a6eb100012abfc5,main-trial-1,w,w,true,165978.90
5c6215140a6eb100012abfc5,main-trial-1,f,f,true,166193.40
5c6215140a6eb100012abfc5,main-trial-2,q,q,true,173865.70
5c6215140a6eb100012abfc5,main-trial-2,n,n,true,174033.00
5c6215140a6eb100012abfc5,main-trial-2,k,k,true,174241.00
5c6215140a6eb100012abfc5,main-trial-2,n,n,true,174425.20
5c6215140a6eb100012abfc5,main-trial-2,l,l,true,174625.20
5c6215140a6eb100012abfc5,main-trial-2, , ,true,174833.20
5c6215140a6eb100012abfc5,main-trial-2,x,x,true,175025.20
5c6215140a6eb100012abfc5,main-trial-2,c,c,true,175227.90
5c6215140a6eb100012abfc5,main-trial-2, , ,true,175401.20
5c6215140a6eb100012abfc5,main-trial-2,x,x,true,175553.30
5c6215140a6eb100012abfc5,main-trial-2,c,c,true,175729.00
5c6215140a6eb100012abfc5,main-trial-2, , ,true,175898.00
5c6215140a6eb100012abfc5,main-trial-2,x,x,true,176065.10
5c6215140a6eb100012abfc5,main-trial-2,c,c,true,176241.20
5c6215140a6eb100012abfc5,main-trial-2, , ,true,176433.30
5c6215140a6eb100012abfc5,main-trial-2,c,c,true,176905.20
5c6215140a6eb100012abfc5,main-trial-2,h,h,true,177073.20
5c6215140a6eb100012abfc5,main-trial-2,m,m,true,177735.80
5c6215140a6eb100012abfc5,main-trial-2,q,q,true,178136.10
5c6215140a6eb100012abfc5,main-trial-2,g,g,true,178407.90
5c6215140a6eb100012abfc5,main-trial-2, , ,true,178833.20
5c6215140a6eb100012abfc5,main-trial-2,c,c,true,179112.30
5c6215140a6eb100012abfc5,main-trial-2,e,e,true,179305.20
5c6215140a6eb100012abfc5,main-trial-2, , ,true,179465.40
5c6215140a6eb100012abfc5,main-trial-2,c,c,true,179585.10
5c6215140a6eb100012abfc5,main-trial-2,e,e,true,179769.20
5c6215140a6eb100012abfc5,main-trial-2, , ,true,179953.30
5c6215140a6eb100012abfc5,main-trial-2,c,c,true,180081.30
5c6215140a6eb100012abfc5,main-trial-2,e,e,true,180289.30
5c6215140a6eb100012abfc5,main-trial-2, , ,true,180495.90
5c6215140a6eb100012abfc5,main-trial-2,p,p,true,180879.90
5c6215140a6eb100012abfc5,main-trial-2,p,p,true,181047.80
5c6215140a6eb100012abfc5,main-trial-2,y,y,true,182105.20
5c6215140a6eb100012abfc5,main-trial-2,k,k,true,182353.10
5c6215140a6eb100012abfc5,main-trial-2,x,x,true,182889.80
5c6215140a6eb100012abfc5,main-trial-2, , ,true,183033.30
5c6215140a6eb100012abfc5,main-trial-2,x,x,true,183631.90
5c6215140a6eb100012abfc5,main-trial-2,c,c,true,183823.80
5c6215140a6eb100012abfc5,main-trial-2, , ,true,183967.70
5c6215140a6eb100012abfc5,main-trial-2,c,c,true,184103.90
5c6215140a6eb100012abfc5,main-trial-2,e,e,true,184295.80
5c6215140a6eb100012abfc5,main-trial-2, , ,true,184439.90
5c6215140a6eb100012abfc5,main-trial-2,x,x,true,184729.20
5c6215140a6eb100012abfc5,main-trial-2,c,c,true,184920.00
5c6215140a6eb100012abfc5,main-trial-2, , ,true,185041.30
5c6215140a6eb100012abfc5,main-trial-2,c,c,true,185177.10
5c6215140a6eb100012abfc5,main-trial-2,e,e,true,185402.40
5c6215140a6eb100012abfc5,main-trial-2, , ,true,185681.40
5c6215140a6eb100012abfc5,main-trial-2,x,x,true,186391.90
5c6215140a6eb100012abfc5,main-trial-2,c,c,true,186639.80
5c6215140a6eb100012abfc5,main-trial-2, , ,true,186807.90
5c6215140a6eb100012abfc5,main-trial-2,c,c,true,186959.90
5c6215140a6eb100012abfc5,main-trial-2,e,e,true,187184.20
5c6215140a6eb100012abfc5,main-trial-3,v,v,true,192841.50
5c6215140a6eb100012abfc5,main-trial-3,r,r,true,192961.20
5c6215140a6eb100012abfc5,main-trial-3,c,c,true,193193.70
5c6215140a6eb100012abfc5,main-trial-3,p,p,true,193359.90
5c6215140a6eb100012abfc5,main-trial-3,j,j,true,193585.20
5c6215140a6eb100012abfc5,main-trial-3, , ,true,193761.30
5c6215140a6eb100012abfc5,main-trial-3,e,e,true,194187.80
5c6215140a6eb100012abfc5,main-trial-3,f,f,true,194377.00
5c6215140a6eb100012abfc5,main-trial-3, , ,true,194544.40
5c6215140a6eb100012abfc5,main-trial-3,e,e,true,194663.90
5c6215140a6eb100012abfc5,main-trial-3,f,f,true,194823.90
5c6215140a6eb100012abfc5,main-trial-3, , ,true,194951.90
5c6215140a6eb100012abfc5,main-trial-3,e,e,true,195063.90
5c6215140a6eb100012abfc5,main-trial-3,f,f,true,195231.90
5c6215140a6eb100012abfc5,main-trial-3, , ,true,195377.50
5c6215140a6eb100012abfc5,main-trial-3,k,k,true,195688.00
5c6215140a6eb100012abfc5,main-trial-3,u,u,true,195897.10
5c6215140a6eb100012abfc5,main-trial-3,t,t,true,196067.00
5c6215140a6eb100012abfc5,main-trial-3,z,z,true,197241.10
5c6215140a6eb100012abfc5,main-trial-3,d,d,true,197547.30
5c6215140a6eb100012abfc5,main-trial-3, , ,true,197761.20
5c6215140a6eb100012abfc5,main-trial-3,f,f,true,198209.20
5c6215140a6eb100012abfc5,main-trial-3,e,e,true,198393.10
5c6215140a6eb100012abfc5,main-trial-3, , ,true,198529.70
5c6215140a6eb100012abfc5,main-trial-3,f,f,true,198641.20
5c6215140a6eb100012abfc5,main-trial-3,e,e,true,198817.20
5c6215140a6eb100012abfc5,main-trial-3, , ,true,198953.10
5c6215140a6eb100012abfc5,main-trial-3,f,f,true,199057.90
5c6215140a6eb100012abfc5,main-trial-3,e,e,true,199217.30
5c6215140a6eb100012abfc5,main-trial-3, , ,true,199379.20
5c6215140a6eb100012abfc5,main-trial-3,g,g,true,200073.60
5c6215140a6eb100012abfc5,main-trial-3,w,w,true,200969.30
5c6215140a6eb100012abfc5,main-trial-3,f,f,true,201408.60
5c6215140a6eb100012abfc5,main-trial-3,x,x,true,201671.80
5c6215140a6eb100012abfc5,main-trial-3,i,i,true,201833.20
5c6215140a6eb100012abfc5,main-trial-3, , ,true,202080.30
5c6215140a6eb100012abfc5,main-trial-3,e,e,true,202648.90
5c6215140a6eb100012abfc5,main-trial-3,f,f,true,202824.00
5c6215140a6eb100012abfc5,main-trial-3, , ,true,202993.10
5c6215140a6eb100012abfc5,main-trial-3,f,f,true,203481.40
5c6215140a6eb100012abfc5,main-trial-3,e,e,true,203681.20
5c6215140a6eb100012abfc5,main-trial-3, , ,true,203849.20
5c6215140a6eb100012abfc5,main-trial-3,e,e,true,204039.80
5c6215140a6eb100012abfc5,main-trial-3,f,f,true,204217.30
5c6215140a6eb100012abfc5,main-trial-3, , ,true,204369.20
5c6215140a6eb100012abfc5,main-trial-3,f,f,true,204561.00
5c6215140a6eb100012abfc5,main-trial-3,e,e,true,204761.10
5c6215140a6eb100012abfc5,main-trial-3, , ,true,204913.10
5c6215140a6eb100012abfc5,main-trial-3,e,e,true,205065.00
5c6215140a6eb100012abfc5,main-trial-3,f,f,true,205249.30
5c6215140a6eb100012abfc5,main-trial-3, , ,true,205401.20
5c6215140a6eb100012abfc5,main-trial-3,f,f,true,205705.20
5c6215140a6eb100012abfc5,main-trial-3,e,e,true,205881.20
5c6215140a6eb100012abfc5,main-trial-4,m,m,true,209625.50
5c6215140a6eb100012abfc5,main-trial-4,w,w,true,209745.30
5c6215140a6eb100012abfc5,main-trial-4,p,p,true,209881.20
5c6215140a6eb100012abfc5,main-trial-4,o,o,true,210063.80
5c6215140a6eb100012abfc5,main-trial-4,l,l,true,210223.90
5c6215140a6eb100012abfc5,main-trial-4, , ,true,210415.90
5c6215140a6eb100012abfc5,main-trial-4,f,f,true,210753.20
5c6215140a6eb100012abfc5,main-trial-4,g,g,true,210937.20
5c6215140a6eb100012abfc5,main-trial-4, , ,true,211113.20
5c6215140a6eb100012abfc5,main-trial-4,f,f,true,211273.20
5c6215140a6eb100012abfc5,main-trial-4,g,g,true,211441.10
5c6215140a6eb100012abfc5,main-trial-4, , ,true,211592.10
5c6215140a6eb100012abfc5,main-trial-4,f,f,true,211712.50
5c6215140a6eb100012abfc5,main-trial-4,g,g,true,211873.10
5c6215140a6eb100012abfc5,main-trial-4, , ,true,212041.20
5c6215140a6eb100012abfc5,main-trial-4,e,e,true,212393.60
5c6215140a6eb100012abfc5,main-trial-4,l,l,true,212537.20
5c6215140a6eb100012abfc5,main-trial-4,w,w,true,212736.30
5c6215140a6eb100012abfc5,main-trial-4,m,m,true,213487.90
5c6215140a6eb100012abfc5,main-trial-4,x,x,true,213663.90
5c6215140a6eb100012abfc5,main-trial-4, , ,true,213879.90
5c6215140a6eb100012abfc5,main-trial-4,d,d,true,214345.20
5c6215140a6eb100012abfc5,main-trial-4,f,f,true,214521.00
5c6215140a6eb100012abfc5,main-trial-4, , ,true,214713.20
5c6215140a6eb100012abfc5,main-trial-4,d,d,true,214865.20
5c6215140a6eb100012abfc5,main-trial-4,f,f,true,215041.70
5c6215140a6eb100012abfc5,main-trial-4, , ,true,215195.40
5c6215140a6eb100012abfc5,main-trial-4,d,d,true,215320.10
5c6215140a6eb100012abfc5,main-trial-4,f,f,true,215521.30
5c6215140a6eb100012abfc5,main-trial-4, , ,true,215802.90
5c6215140a6eb100012abfc5,main-trial-4,g,g,true,216879.90
5c6215140a6eb100012abfc5,main-trial-4,h,h,true,217033.10
5c6215140a6eb100012abfc5,main-trial-4,x,x,true,226264.00
5c6215140a6eb100012abfc5,main-trial-4,m,m,true,226497.10
5c6215140a6eb100012abfc5,main-trial-4,y,y,true,226673.10
5c6215140a6eb100012abfc5,main-trial-4, , ,true,227097.30
5c6215140a6eb100012abfc5,main-trial-4,f,f,true,227465.20
5c6215140a6eb100012abfc5,main-trial-4,g,g,true,227641.10
5c6215140a6eb100012abfc5,main-trial-4, , ,true,227856.90
5c6215140a6eb100012abfc5,main-trial-4,d,d,true,228321.60
5c6215140a6eb100012abfc5,main-trial-4,f,f,true,228753.20
5c6215140a6eb100012abfc5,main-trial-4, , ,true,229017.00
5c6215140a6eb100012abfc5,main-trial-4,f,f,true,229633.10
5c6215140a6eb100012abfc5,main-trial-4,g,g,true,229809.30
5c6215140a6eb100012abfc5,main-trial-4, , ,true,230001.40
5c6215140a6eb100012abfc5,main-trial-4,d,d,true,230889.20
5c6215140a6eb100012abfc5,main-trial-4,f,f,true,231073.10
5c6215140a6eb100012abfc5,main-trial-4, , ,true,231257.10
5c6215140a6eb100012abfc5,main-trial-4,f,f,true,232153.10
5c6215140a6eb100012abfc5,main-trial-4,g,g,true,232321.00
5c6215140a6eb100012abfc5,main-trial-4, , ,true,232481.30
5c6215140a6eb100012abfc5,main-trial-4,d,d,true,232945.10
5c6215140a6eb100012abfc5,main-trial-4,f,f,true,233114.20
5c6215140a6eb100012abfc5,main-trial-5,b,b,true,242928.20
5c6215140a6eb100012abfc5,main-trial-5,x,x,true,243089.10
5c6215140a6eb100012abfc5,main-trial-5,l,l,true,243249.10
5c6215140a6eb100012abfc5,main-trial-5,r,r,true,243737.10
5c6215140a6eb100012abfc5,main-trial-5,c,c,true,244049.10
5c6215140a6eb100012abfc5,main-trial-5, , ,true,244297.00
5c6215140a6eb100012abfc5,main-trial-5,s,s,true,244436.30
5c6215140a6eb100012abfc5,main-trial-5,e,e,true,244623.80
5c6215140a6eb100012abfc5,main-trial-5, , ,true,244783.80
5c6215140a6eb100012abfc5,main-trial-5,s,s,true,244871.60
5c6215140a6eb100012abfc5,main-trial-5,e,e,true,245015.70
5c6215140a6eb100012abfc5,main-trial-5, , ,true,245167.70
5c6215140a6eb100012abfc5,main-trial-5,s,s,true,245263.70
5c6215140a6eb100012abfc5,main-trial-5,e,e,true,245415.80
5c6215140a6eb100012abfc5,main-trial-5, , ,true,245599.90
5c6215140a6eb100012abfc5,main-trial-5,d,d,true,245857.00
5c6215140a6eb100012abfc5,main-trial-5,j,j,true,246153.00
5c6215140a6eb100012abfc5,main-trial-5,c,c,true,246466.40
5c6215140a6eb100012abfc5,main-trial-5,p,p,true,246593.00
5c6215140a6eb100012abfc5,main-trial-5,m,m,true,246809.10
5c6215140a6eb100012abfc5,main-trial-5, , ,true,247297.20
5c6215140a6eb100012abfc5,main-trial-5,w,w,true,247553.20
5c6215140a6eb100012abfc5,main-trial-5,d,d,true,247817.20
5c6215140a6eb100012abfc5,main-trial-5, , ,true,248017.10
5c6215140a6eb100012abfc5,main-trial-5,w,w,true,248167.90
5c6215140a6eb100012abfc5,main-trial-5,d,d,true,248353.10
5c6215140a6eb100012abfc5,main-trial-5, , ,true,248505.10
5c6215140a6eb100012abfc5,main-trial-5,w,w,true,248649.20
5c6215140a6eb100012abfc5,main-trial-5,d,d,true,248841.80
5c6215140a6eb100012abfc5,main-trial-5, , ,true,248993.10
5c6215140a6eb100012abfc5,main-trial-5,b,b,true,249412.20
5c6215140a6eb100012abfc5,main-trial-5,x,x,true,249713.10
5c6215140a6eb100012abfc5,main-trial-5,y,y,true,250521.10
5c6215140a6eb100012abfc5,main-trial-5,t,t,true,250905.40
5c6215140a6eb100012abfc5,main-trial-5,k,k,true,251049.10
5c6215140a6eb100012abfc5,main-trial-5, , ,true,251289.40
5c6215140a6eb100012abfc5,main-trial-5,s,s,true,251580.10
5c6215140a6eb100012abfc5,main-trial-5,e,e,true,251808.90
5c6215140a6eb100012abfc5,main-trial-5, , ,true,251961.10
5c6215140a6eb100012abfc5,main-trial-5,w,w,true,252088.90
5c6215140a6eb100012abfc5,main-trial-5,d,d,true,252297.10
5c6215140a6eb100012abfc5,main-trial-5, , ,true,252825.20
5c6215140a6eb100012abfc5,main-trial-5,s,s,true,252991.70
5c6215140a6eb100012abfc5,main-trial-5,e,e,true,253185.10
5c6215140a6eb100012abfc5,main-trial-5, , ,true,253369.20
5c6215140a6eb100012abfc5,main-trial-5,w,w,true,253529.10
5c6215140a6eb100012abfc5,main-trial-5,d,d,true,253881.00
5c6215140a6eb100012abfc5,main-trial-5, , ,true,254129.40
5c6215140a6eb100012abfc5,main-trial-5,s,s,true,254496.90
5c6215140a6eb100012abfc5,main-trial-5,e,e,true,254699.20
5c6215140a6eb100012abfc5,main-trial-5, , ,true,254851.00
5c6215140a6eb100012abfc5,main-trial-5,w,w,true,254945.10
5c6215140a6eb100012abfc5,main-trial-5,d,d,true,255145.10
5c6215140a6eb100012abfc5,main-trial-6,l,l,true,260281.50
5c6215140a6eb100012abfc5,main-trial-6,g,g,true,260583.70
5c6215140a6eb100012abfc5,main-trial-6,i,i,true,260785.00
5c6215140a6eb100012abfc5,main-trial-6,r,r,true,261481.20
5c6215140a6eb100012abfc5,main-trial-6,v,c,false,261961.40
5c6215140a6eb100012abfc5,main-trial-6,v, ,false,262138.70
5c6215140a6eb100012abfc5,main-trial-6,v,f,false,262417.00
5c6215140a6eb100012abfc5,main-trial-6,v,d,false,262655.70
5c6215140a6eb100012abfc5,main-trial-6,v, ,false,262895.70
5c6215140a6eb100012abfc5,main-trial-6,v,f,false,263015.70
5c6215140a6eb100012abfc5,main-trial-6,v,d,false,263321.00
5c6215140a6eb100012abfc5,main-trial-6,v,v,true,264000.20
5c6215140a6eb100012abfc5,main-trial-6, , ,true,264640.90
5c6215140a6eb100012abfc5,main-trial-6,f,f,true,264889.00
5c6215140a6eb100012abfc5,main-trial-6,d,d,true,265072.80
5c6215140a6eb100012abfc5,main-trial-6, , ,true,265232.90
5c6215140a6eb100012abfc5,main-trial-6,f,f,true,265359.50
5c6215140a6eb100012abfc5,main-trial-6,d,d,true,265527.80
5c6215140a6eb100012abfc5,main-trial-6, , ,true,265711.60
5c6215140a6eb100012abfc5,main-trial-6,f,f,true,266295.70
5c6215140a6eb100012abfc5,main-trial-6,d,d,true,266527.60
5c6215140a6eb100012abfc5,main-trial-6, , ,true,266802.50
5c6215140a6eb100012abfc5,main-trial-6,l,l,true,267743.70
5c6215140a6eb100012abfc5,main-trial-6,p,p,true,268945.40
5c6215140a6eb100012abfc5,main-trial-6,s,s,true,270345.10
5c6215140a6eb100012abfc5,main-trial-6,z,z,true,270712.70
5c6215140a6eb100012abfc5,main-trial-6,u,u,true,270897.00
5c6215140a6eb100012abfc5,main-trial-6, , ,true,271163.90
5c6215140a6eb100012abfc5,main-trial-6,d,d,true,271425.10
5c6215140a6eb100012abfc5,main-trial-6,r,r,true,271632.00
5c6215140a6eb100012abfc5,main-trial-6, ,d,false,271906.40
5c6215140a6eb100012abfc5,main-trial-6, , ,true,272304.90
5c6215140a6eb100012abfc5,main-trial-6,d,d,true,272481.00
5c6215140a6eb100012abfc5,main-trial-6,r,r,true,272705.00
5c6215140a6eb100012abfc5,main-trial-6, , ,true,272905.00
5c6215140a6eb100012abfc5,main-trial-6,d,d,true,273071.60
5c6215140a6eb100012abfc5,main-trial-6,r,r,true,273255.70
5c6215140a6eb100012abfc5,main-trial-6, , ,true,273455.50
5c6215140a6eb100012abfc5,main-trial-6,d,d,true,273783.60
5c6215140a6eb100012abfc5,main-trial-6,g,g,true,274111.70
5c6215140a6eb100012abfc5,main-trial-6,n,n,true,274385.30
5c6215140a6eb100012abfc5,main-trial-6,v,v,true,275169.00
5c6215140a6eb100012abfc5,main-trial-6,m,m,true,275297.00
5c6215140a6eb100012abfc5,main-trial-6, , ,true,275520.90
5c6215140a6eb100012abfc5,main-trial-6,f,f,true,276184.80
5c6215140a6eb100012abfc5,main-trial-6,d,d,true,276368.90
5c6215140a6eb100012abfc5,main-trial-6, , ,true,276568.00
5c6215140a6eb100012abfc5,main-trial-6,d,d,true,277055.60
5c6215140a6eb100012abfc5,main-trial-6,r,r,true,277263.60
5c6215140a6eb100012abfc5,main-trial-6, , ,true,277439.60
5c6215140a6eb100012abfc5,main-trial-6,f,f,true,277703.70
5c6215140a6eb100012abfc5,main-trial-6,d,d,true,277919.70
5c6215140a6eb100012abfc5,main-trial-6, , ,true,278079.60
5c6215140a6eb100012abfc5,main-trial-6,d,d,true,278207.90
5c6215140a6eb100012abfc5,main-trial-6,r,r,true,278399.90
5c6215140a6eb100012abfc5,main-trial-6, , ,true,278568.90
5c6215140a6eb100012abfc5,main-trial-6,f,f,true,278681.30
5c6215140a6eb100012abfc5,main-trial-6,d,d,true,278889.00
5c6215140a6eb100012abfc5,main-trial-6, , ,true,279074.20
5c6215140a6eb100012abfc5,main-trial-6,d,d,true,279551.70
5c6215140a6eb100012abfc5,main-trial-6,r,r,true,279727.50
5c6215140a6eb100012abfc5,main-trial-7,k,k,true,287715.60
5c6215140a6eb100012abfc5,main-trial-7,s,s,true,288056.90
5c6215140a6eb100012abfc5,main-trial-7,w,w,true,288321.00
5c6215140a6eb100012abfc5,main-trial-7,c,c,true,289481.10
5c6215140a6eb100012abfc5,main-trial-7,g,g,true,289800.70
5c6215140a6eb100012abfc5,main-trial-7, , ,true,290056.80
5c6215140a6eb100012abfc5,main-trial-7,v,v,true,290304.90
5c6215140a6eb100012abfc5,main-trial-7,r,r,true,290520.70
5c6215140a6eb100012abfc5,main-trial-7, , ,true,290744.70
5c6215140a6eb100012abfc5,main-trial-7,v,v,true,290880.70
5c6215140a6eb100012abfc5,main-trial-7,r,r,true,291104.80
5c6215140a6eb100012abfc5,main-trial-7, , ,true,291400.80
5c6215140a6eb100012abfc5,main-trial-7,v,v,true,291520.70
5c6215140a6eb100012abfc5,main-trial-7,r,r,true,291752.80
5c6215140a6eb100012abfc5,main-trial-7, , ,true,292080.70
5c6215140a6eb100012abfc5,main-trial-7,y,y,true,292520.80
5c6215140a6eb100012abfc5,main-trial-7,a,a,true,292648.80
5c6215140a6eb100012abfc5,main-trial-7,e,e,true,292866.80
5c6215140a6eb100012abfc5,main-trial-7,v,v,true,293928.70
5c6215140a6eb100012abfc5,main-trial-7,d,d,true,294120.70
5c6215140a6eb100012abfc5,main-trial-7, , ,true,294304.80
5c6215140a6eb100012abfc5,main-trial-7,c,c,true,294672.70
5c6215140a6eb100012abfc5,main-trial-7,r,r,true,294888.70
5c6215140a6eb100012abfc5,main-trial-7, , ,true,295120.70
5c6215140a6eb100012abfc5,main-trial-7,c,c,true,295304.20
5c6215140a6eb100012abfc5,main-trial-7,r,r,true,295496.90
5c6215140a6eb100012abfc5,main-trial-7, , ,true,295672.80
5c6215140a6eb100012abfc5,main-trial-7,c,c,true,295792.60
5c6215140a6eb100012abfc5,main-trial-7,r,r,true,295993.00
5c6215140a6eb100012abfc5,main-trial-7, , ,true,296264.80
5c6215140a6eb100012abfc5,main-trial-7,d,d,true,297225.10
5c6215140a6eb100012abfc5,main-trial-7,j,j,true,297480.10
5c6215140a6eb100012abfc5,main-trial-7,m,m,true,297752.60
5c6215140a6eb100012abfc5,main-trial-7,r,r,true,298432.70
5c6215140a6eb100012abfc5,main-trial-7,g,g,true,298667.20
5c6215140a6eb100012abfc5,main-trial-7, , ,true,299128.80
5c6215140a6eb100012abfc5,main-trial-7,v,c,false,299464.70
5c6215140a6eb100012abfc5,main-trial-7,v,v,true,299937.10
5c6215140a6eb100012abfc5,main-trial-7,r,r,true,300128.70
5c6215140a6eb100012abfc5,main-trial-7, , ,true,300344.70
5c6215140a6eb100012abfc5,main-trial-7,c,c,true,300963.80
5c6215140a6eb100012abfc5,main-trial-7,r,r,true,301168.80
5c6215140a6eb100012abfc5,main-trial-7, , ,true,301441.40
5c6215140a6eb100012abfc5,main-trial-7,v,c,false,301736.90
5c6215140a6eb100012abfc5,main-trial-7,v,v,true,302458.30
5c6215140a6eb100012abfc5,main-trial-7,r,r,true,302663.40
5c6215140a6eb100012abfc5,main-trial-7, , ,true,302839.30
5c6215140a6eb100012abfc5,main-trial-7,c,c,true,302975.40
5c6215140a6eb100012abfc5,main-trial-7,r,r,true,303207.30
5c6215140a6eb100012abfc5,main-trial-7, , ,true,303399.30
5c6215140a6eb100012abfc5,main-trial-7,v,v,true,303839.30
5c6215140a6eb100012abfc5,main-trial-7,r,r,true,304058.90
5c6215140a6eb100012abfc5,main-trial-7, , ,true,304227.00
5c6215140a6eb100012abfc5,main-trial-7,c,c,true,304384.00
5c6215140a6eb100012abfc5,main-trial-7,r,r,true,304576.70
5c6215140a6eb100012abfc5,main-trial-8,s,s,true,312752.90
5c6215140a6eb100012abfc5,main-trial-8,e,e,true,312952.70
5c6215140a6eb100012abfc5,main-trial-8,n,n,true,313129.10
5c6215140a6eb100012abfc5,main-trial-8,v,v,true,313287.40
5c6215140a6eb100012abfc5,main-trial-8,i,i,true,313447.30
5c6215140a6eb100012abfc5,main-trial-8, , ,true,313663.40
5c6215140a6eb100012abfc5,main-trial-8,f,f,true,313911.30
5c6215140a6eb100012abfc5,main-trial-8,r,r,true,314104.90
5c6215140a6eb100012abfc5,main-trial-8, , ,true,314288.70
5c6215140a6eb100012abfc5,main-trial-8,f,f,true,314424.90
5c6215140a6eb100012abfc5,main-trial-8,r,r,true,314600.70
5c6215140a6eb100012abfc5,main-trial-8, , ,true,314768.80
5c6215140a6eb100012abfc5,main-trial-8,f,f,true,314912.70
5c6215140a6eb100012abfc5,main-trial-8,r,r,true,315088.90
5c6215140a6eb100012abfc5,main-trial-8, , ,true,315280.70
5c6215140a6eb100012abfc5,main-trial-8,c,c,true,316055.20
5c6215140a6eb100012abfc5,main-trial-8,n,n,true,316223.40
5c6215140a6eb100012abfc5,main-trial-8,w,w,true,316967.30
5c6215140a6eb100012abfc5,main-trial-8,r,r,true,317312.60
5c6215140a6eb100012abfc5,main-trial-8,d,d,true,317552.60
5c6215140a6eb100012abfc5,main-trial-8, , ,true,317736.50
5c6215140a6eb100012abfc5,main-trial-8,v,v,true,318280.60
5c6215140a6eb100012abfc5,main-trial-8,r,r,true,318520.70
5c6215140a6eb100012abfc5,main-trial-8, , ,true,318688.60
5c6215140a6eb100012abfc5,main-trial-8,v,v,true,318840.60
5c6215140a6eb100012abfc5,main-trial-8,r,r,true,319023.30
5c6215140a6eb100012abfc5,main-trial-8, , ,true,319167.40
5c6215140a6eb100012abfc5,main-trial-8,v,v,true,319319.40
5c6215140a6eb100012abfc5,main-trial-8,r,r,true,319559.40
5c6215140a6eb100012abfc5,main-trial-8, , ,true,319744.60
5c6215140a6eb100012abfc5,main-trial-8,b,b,true,320139.40
5c6215140a6eb100012abfc5,main-trial-8,u,u,true,320307.20
5c6215140a6eb100012abfc5,main-trial-8,r,r,true,320409.00
5c6215140a6eb100012abfc5,main-trial-8,r,r,true,320584.60
5c6215140a6eb100012abfc5,main-trial-8,k,k,true,320752.70
5c6215140a6eb100012abfc5,main-trial-8, , ,true,320960.60
5c6215140a6eb100012abfc5,main-trial-8,f,f,true,321368.80
5c6215140a6eb100012abfc5,main-trial-8,r,r,true,321576.60
5c6215140a6eb100012abfc5,main-trial-8, , ,true,322184.70
5c6215140a6eb100012abfc5,main-trial-8,v,v,true,322448.70
5c6215140a6eb100012abfc5,main-trial-8,r,r,true,322632.90
5c6215140a6eb100012abfc5,main-trial-8, , ,true,322792.70
5c6215140a6eb100012abfc5,main-trial-8,f,f,true,322960.70
5c6215140a6eb100012abfc5,main-trial-8,r,r,true,323152.70
5c6215140a6eb100012abfc5,main-trial-8, , ,true,323336.00
5c6215140a6eb100012abfc5,main-trial-8,v,v,true,323538.10
5c6215140a6eb100012abfc5,main-trial-8,r,r,true,323728.60
5c6215140a6eb100012abfc5,main-trial-8, , ,true,323920.50
5c6215140a6eb100012abfc5,main-trial-8,f,v,false,324112.70
5c6215140a6eb100012abfc5,main-trial-8,f,f,true,324792.80
5c6215140a6eb100012abfc5,main-trial-8,r,r,true,324984.70
5c6215140a6eb100012abfc5,main-trial-8, , ,true,325144.60
5c6215140a6eb100012abfc5,main-trial-8,v,v,true,325280.50
5c6215140a6eb100012abfc5,main-trial-8,r,f,false,325568.60
5c6215140a6eb100012abfc5,main-trial-8,r,r,true,326105.40
5c6215140a6eb100012abfc5,main-trial-9,j,j,true,331849.20
5c6215140a6eb100012abfc5,main-trial-9,i,i,true,332024.70
5c6215140a6eb100012abfc5,main-trial-9,t,t,true,332160.70
5c6215140a6eb100012abfc5,main-trial-9,b,b,true,333080.80
5c6215140a6eb100012abfc5,main-trial-9,c,c,true,333288.40
5c6215140a6eb100012abfc5,main-trial-9, , ,true,333536.70
5c6215140a6eb100012abfc5,main-trial-9,f,f,true,333960.60
5c6215140a6eb100012abfc5,main-trial-9,d,d,true,334137.00
5c6215140a6eb100012abfc5,main-trial-9, , ,true,334280.60
5c6215140a6eb100012abfc5,main-trial-9,f,f,true,334400.60
5c6215140a6eb100012abfc5,main-trial-9,d,d,true,334569.80
5c6215140a6eb100012abfc5,main-trial-9, , ,true,334705.70
5c6215140a6eb100012abfc5,main-trial-9,f,f,true,334832.70
5c6215140a6eb100012abfc5,main-trial-9,d,d,true,335016.60
5c6215140a6eb100012abfc5,main-trial-9, , ,true,335320.80
5c6215140a6eb100012abfc5,main-trial-9,v,v,true,336168.60
5c6215140a6eb100012abfc5,main-trial-9,c,c,true,336408.90
5c6215140a6eb100012abfc5,main-trial-9,b,b,true,336712.60
5c6215140a6eb100012abfc5,main-trial-9,h,h,true,337376.70
5c6215140a6eb100012abfc5,main-trial-9,v,v,true,337608.70
5c6215140a6eb100012abfc5,main-trial-9, , ,true,337936.80
5c6215140a6eb100012abfc5,main-trial-9,c,c,true,338376.80
5c6215140a6eb100012abfc5,main-trial-9,e,e,true,338585.80
5c6215140a6eb100012abfc5,main-trial-9, , ,true,338792.90
5c6215140a6eb100012abfc5,main-trial-9,c,c,true,338952.60
5c6215140a6eb100012abfc5,main-trial-9,e,e,true,339160.60
5c6215140a6eb100012abfc5,main-trial-9, , ,true,339368.80
5c6215140a6eb100012abfc5,main-trial-9,c,c,true,339504.60
5c6215140a6eb100012abfc5,main-trial-9,e,e,true,339720.70
5c6215140a6eb100012abfc5,main-trial-9, , ,true,339904.50
5c6215140a6eb100012abfc5,main-trial-9,x,x,true,340265.30
5c6215140a6eb100012abfc5,main-trial-9,p,p,true,340480.50
5c6215140a6eb100012abfc5,main-trial-9,s,s,true,340776.80
5c6215140a6eb100012abfc5,main-trial-9,r,r,true,341031.30
5c6215140a6eb100012abfc5,main-trial-9,w,w,true,341378.00
5c6215140a6eb100012abfc5,main-trial-9, , ,true,341800.50
5c6215140a6eb100012abfc5,main-trial-9,f,f,true,342161.10
5c6215140a6eb100012abfc5,main-trial-9,d,d,true,342327.80
5c6215140a6eb100012abfc5,main-trial-9, , ,true,342488.60
5c6215140a6eb100012abfc5,main-trial-9,c,c,true,342736.40
5c6215140a6eb100012abfc5,main-trial-9,e,e,true,342967.30
5c6215140a6eb100012abfc5,main-trial-9, , ,true,343183.30
5c6215140a6eb100012abfc5,main-trial-9,f,f,true,343511.30
5c6215140a6eb100012abfc5,main-trial-9,d,d,true,343712.50
5c6215140a6eb100012abfc5,main-trial-9, , ,true,343912.80
5c6215140a6eb100012abfc5,main-trial-9,c,c,true,344184.70
5c6215140a6eb100012abfc5,main-trial-9,e,e,true,344392.60
5c6215140a6eb100012abfc5,main-trial-9, , ,true,344592.50
5c6215140a6eb100012abfc5,main-trial-9,f,f,true,344776.60
5c6215140a6eb100012abfc5,main-trial-9,d,d,true,345169.00
5c6215140a6eb100012abfc5,main-trial-9, , ,true,345392.60
5c6215140a6eb100012abfc5,main-trial-9,c,c,true,345544.70
5c6215140a6eb100012abfc5,main-trial-9,e,e,true,345760.90
5c6215140a6eb100012abfc5,main-trial-10,g,g,true,352729.50
5c6215140a6eb100012abfc5,main-trial-10,p,p,true,352896.50
5c6215140a6eb100012abfc5,main-trial-10,h,h,true,353472.70
5c6215140a6eb100012abfc5,main-trial-10,t,t,true,353608.50
5c6215140a6eb100012abfc5,main-trial-10,a,a,true,353832.50
5c6215140a6eb100012abfc5,main-trial-10, , ,true,354040.80
5c6215140a6eb100012abfc5,main-trial-10,c,c,true,354296.70
5c6215140a6eb100012abfc5,main-trial-10,r,r,true,354496.60
5c6215140a6eb100012abfc5,main-trial-10, , ,true,354688.80
5c6215140a6eb100012abfc5,main-trial-10,c,c,true,354856.50
5c6215140a6eb100012abfc5,main-trial-10,r,r,true,355048.80
5c6215140a6eb100012abfc5,main-trial-10, , ,true,355184.50
5c6215140a6eb100012abfc5,main-trial-10,c,c,true,355320.50
5c6215140a6eb100012abfc5,main-trial-10,r,r,true,355568.90
5c6215140a6eb100012abfc5,main-trial-10, , ,true,356383.20
5c6215140a6eb100012abfc5,main-trial-10,w,w,true,356688.40
5c6215140a6eb100012abfc5,main-trial-10,s,s,true,356912.50
5c6215140a6eb100012abfc5,main-trial-10,f,f,true,357504.50
5c6215140a6eb100012abfc5,main-trial-10,y,y,true,357745.40
5c6215140a6eb100012abfc5,main-trial-10,h,h,true,357971.20
5c6215140a6eb100012abfc5,main-trial-10, , ,true,358296.90
5c6215140a6eb100012abfc5,main-trial-10,v,v,true,358752.80
5c6215140a6eb100012abfc5,main-trial-10,r,r,true,359400.50
5c6215140a6eb100012abfc5,main-trial-10, , ,true,359633.50
5c6215140a6eb100012abfc5,main-trial-10,v,v,true,359760.60
5c6215140a6eb100012abfc5,main-trial-10,r,r,true,359960.70
5c6215140a6eb100012abfc5,main-trial-10, , ,true,360112.50
5c6215140a6eb100012abfc5,main-trial-10,v,v,true,360239.50
5c6215140a6eb100012abfc5,main-trial-10,r,r,true,360448.50
5c6215140a6eb100012abfc5,main-trial-10, , ,true,360759.30
5c6215140a6eb100012abfc5,main-trial-10,w,w,true,361144.80
5c6215140a6eb100012abfc5,main-trial-10,r,r,true,361688.40
5c6215140a6eb100012abfc5,main-trial-10,f,f,true,362120.60
5c6215140a6eb100012abfc5,main-trial-10,l,l,true,362968.70
5c6215140a6eb100012abfc5,main-trial-10,h,h,true,363255.40
5c6215140a6eb100012abfc5,main-trial-10, , ,true,363456.80
5c6215140a6eb100012abfc5,main-trial-10,c,c,true,364079.30
5c6215140a6eb100012abfc5,main-trial-10,r,r,true,364375.20
5c6215140a6eb100012abfc5,main-trial-10, , ,true,364647.30
5c6215140a6eb100012abfc5,main-trial-10,v,v,true,365251.80
5c6215140a6eb100012abfc5,main-trial-10,r,r,true,365448.30
5c6215140a6eb100012abfc5,main-trial-10, , ,true,365688.50
5c6215140a6eb100012abfc5,main-trial-10,c,c,true,366088.60
5c6215140a6eb100012abfc5,main-trial-10,r,r,true,366328.70
5c6215140a6eb100012abfc5,main-trial-10, , ,true,366504.60
5c6215140a6eb100012abfc5,main-trial-10,v,v,true,366672.40
5c6215140a6eb100012abfc5,main-trial-10,r,r,true,366887.20
5c6215140a6eb100012abfc5,main-trial-10, , ,true,367111.20
5c6215140a6eb100012abfc5,main-trial-10,c,c,true,368192.40
5c6215140a6eb100012abfc5,main-trial-10,r,r,true,368393.20
5c6215140a6eb100012abfc5,main-trial-10, , ,true,368544.60
5c6215140a6eb100012abfc5,main-trial-10,v,v,true,368664.60
5c6215140a6eb100012abfc5,main-trial-10,r,r,true,368848.40
5c6215140a6eb100012abfc5,main-trial-11,y,y,true,376080.60
5c6215140a6eb100012abfc5,main-trial-11,b,b,true,376408.60
5c6215140a6eb100012abfc5,main-trial-11,w,w,true,376600.50
5c6215140a6eb100012abfc5,main-trial-11,n,n,true,376768.40
5c6215140a6eb100012abfc5,main-trial-11,o,o,true,376976.40
5c6215140a6eb100012abfc5,main-trial-11, , ,true,377184.80
5c6215140a6eb100012abfc5,main-trial-11,e,e,true,377312.30
5c6215140a6eb100012abfc5,main-trial-11,f,f,true,377528.50
5c6215140a6eb100012abfc5,main-trial-11, , ,true,377672.40
5c6215140a6eb100012abfc5,main-trial-11,e,e,true,377792.40
5c6215140a6eb100012abfc5,main-trial-11,f,f,true,377976.60
5c6215140a6eb100012abfc5,main-trial-11, , ,true,378104.90
5c6215140a6eb100012abfc5,main-trial-11,e,e,true,378224.40
5c6215140a6eb100012abfc5,main-trial-11,f,f,true,378408.30
5c6215140a6eb100012abfc5,main-trial-11, , ,true,378583.90
5c6215140a6eb100012abfc5,main-trial-11,u,u,true,378979.00
5c6215140a6eb100012abfc5,main-trial-11,w,w,true,379240.30
5c6215140a6eb100012abfc5,main-trial-11,d,d,true,380306.70
5c6215140a6eb100012abfc5,main-trial-11,g,g,true,380440.80
5c6215140a6eb100012abfc5,main-trial-11,t,t,true,380584.40
5c6215140a6eb100012abfc5,main-trial-11, , ,true,380776.40
5c6215140a6eb100012abfc5,main-trial-11,d,d,true,381232.30
5c6215140a6eb100012abfc5,main-trial-11,r,r,true,381408.30
5c6215140a6eb100012abfc5,main-trial-11, , ,true,381520.40
5c6215140a6eb100012abfc5,main-trial-11,d,d,true,381633.90
5c6215140a6eb100012abfc5,main-trial-11,r,r,true,381800.40
5c6215140a6eb100012abfc5,main-trial-11, , ,true,381960.30
5c6215140a6eb100012abfc5,main-trial-11,d,d,true,382104.40
5c6215140a6eb100012abfc5,main-trial-11,r,r,true,382311.70
5c6215140a6eb100012abfc5,main-trial-11, , ,true,382520.60
5c6215140a6eb100012abfc5,main-trial-11,z,x,false,383288.40
5c6215140a6eb100012abfc5,main-trial-11,z,z,true,383800.40
5c6215140a6eb100012abfc5,main-trial-11,k,k,true,383947.10
5c6215140a6eb100012abfc5,main-trial-11,i,i,true,384144.10
5c6215140a6eb100012abfc5,main-trial-11,d,d,true,384722.90
5c6215140a6eb100012abfc5,main-trial-11,e,e,true,384905.00
5c6215140a6eb100012abfc5,main-trial-11, , ,true,385089.10
5c6215140a6eb100012abfc5,main-trial-11,e,e,true,385304.40
5c6215140a6eb100012abfc5,main-trial-11,f,f,true,385536.40
5c6215140a6eb100012abfc5,main-trial-11, , ,true,385800.40
5c6215140a6eb100012abfc5,main-trial-11,d,d,true,386000.50
5c6215140a6eb100012abfc5,main-trial-11,r,r,true,386200.60
5c6215140a6eb100012abfc5,main-trial-11, , ,true,386359.60
5c6215140a6eb100012abfc5,main-trial-11,e,e,true,386488.60
5c6215140a6eb100012abfc5,main-trial-11,f,f,true,386736.30
5c6215140a6eb100012abfc5,main-trial-11, , ,true,387088.40
5c6215140a6eb100012abfc5,main-trial-11,d,d,true,387280.30
5c6215140a6eb100012abfc5,main-trial-11,r,r,true,387496.60
5c6215140a6eb100012abfc5,main-trial-11, , ,true,387672.30
5c6215140a6eb100012abfc5,main-trial-11,e,e,true,387936.60
5c6215140a6eb100012abfc5,main-trial-11,f,f,true,388143.00
5c6215140a6eb100012abfc5,main-trial-11, , ,true,388288.40
5c6215140a6eb100012abfc5,main-trial-11,d,d,true,388424.30
5c6215140a6eb100012abfc5,main-trial-11,r,r,true,388592.10
5c6215140a6eb100012abfc5,main-trial-12,m,m,true,394809.30
5c6215140a6eb100012abfc5,main-trial-12,r,r,true,394920.50
5c6215140a6eb100012abfc5,main-trial-12,c,c,true,395127.40
5c6215140a6eb100012abfc5,main-trial-12,t,t,true,395728.30
5c6215140a6eb100012abfc5,main-trial-12,b,b,true,396243.20
5c6215140a6eb100012abfc5,main-trial-12, , ,true,396408.50
5c6215140a6eb100012abfc5,main-trial-12,z,z,true,397231.10
5c6215140a6eb100012abfc5,main-trial-12,x,x,true,397440.20
5c6215140a6eb100012abfc5,main-trial-12, , ,true,397593.60
5c6215140a6eb100012abfc5,main-trial-12,z,z,true,397760.40
5c6215140a6eb100012abfc5,main-trial-12,x,x,true,397936.20
5c6215140a6eb100012abfc5,main-trial-12, , ,true,398056.40
5c6215140a6eb100012abfc5,main-trial-12,z,z,true,398176.30
5c6215140a6eb100012abfc5,main-trial-12,x,x,true,398335.40
5c6215140a6eb100012abfc5,main-trial-12, , ,true,398480.30
5c6215140a6eb100012abfc5,main-trial-12,t,t,true,398920.30
5c6215140a6eb100012abfc5,main-trial-12,k,k,true,399058.10
5c6215140a6eb100012abfc5,main-trial-12,y,y,true,399168.30
5c6215140a6eb100012abfc5,main-trial-12,n,n,true,400103.90
5c6215140a6eb100012abfc5,main-trial-12,v,v,true,400320.10
5c6215140a6eb100012abfc5,main-trial-12, , ,true,400584.40
5c6215140a6eb100012abfc5,main-trial-12,z,z,true,401096.40
5c6215140a6eb100012abfc5,main-trial-12,e,e,true,401322.30
5c6215140a6eb100012abfc5,main-trial-12, , ,true,401520.40
5c6215140a6eb100012abfc5,main-trial-12,z,z,true,401632.60
5c6215140a6eb100012abfc5,main-trial-12,e,e,true,401872.40
5c6215140a6eb100012abfc5,main-trial-12, , ,true,402056.40
5c6215140a6eb100012abfc5,main-trial-12,z,z,true,402184.30
5c6215140a6eb100012abfc5,main-trial-12,e,e,true,402400.40
5c6215140a6eb100012abfc5,main-trial-12, , ,true,402566.90
5c6215140a6eb100012abfc5,main-trial-12,e,e,true,402719.10
5c6215140a6eb100012abfc5,main-trial-12,l,l,true,402871.40
5c6215140a6eb100012abfc5,main-trial-12,o,o,true,403039.20
5c6215140a6eb100012abfc5,main-trial-12,w,w,true,403175.10
5c6215140a6eb100012abfc5,main-trial-12,f,f,true,403424.00
5c6215140a6eb100012abfc5,main-trial-12, , ,true,404032.40
5c6215140a6eb100012abfc5,main-trial-12,z,z,true,404464.70
5c6215140a6eb100012abfc5,main-trial-12,x,x,true,404672.20
5c6215140a6eb100012abfc5,main-trial-12, , ,true,404833.10
5c6215140a6eb100012abfc5,main-trial-12,z,z,true,405040.40
5c6215140a6eb100012abfc5,main-trial-12,e,e,true,405303.00
5c6215140a6eb100012abfc5,main-trial-12, , ,true,405536.40
5c6215140a6eb100012abfc5,main-trial-12,z,z,true,405680.40
5c6215140a6eb100012abfc5,main-trial-12,x,x,true,405896.40
5c6215140a6eb100012abfc5,main-trial-12, , ,true,406096.30
5c6215140a6eb100012abfc5,main-trial-12,z,z,true,406336.40
5c6215140a6eb100012abfc5,main-trial-12,e,e,true,406575.80
5c6215140a6eb100012abfc5,main-trial-12, , ,true,406792.30
5c6215140a6eb100012abfc5,main-trial-12,z,z,true,406960.40
5c6215140a6eb100012abfc5,main-trial-12,x,x,true,407192.30
5c6215140a6eb100012abfc5,main-trial-12, , ,true,407344.60
5c6215140a6eb100012abfc5,main-trial-12,z,z,true,407448.40
5c6215140a6eb100012abfc5,main-trial-12,e,e,true,407680.40
5c6215140a6eb100012abfc5,main-trial-13,h,h,true,414783.00
5c6215140a6eb100012abfc5,main-trial-13,o,o,true,414919.00
5c6215140a6eb100012abfc5,main-trial-13,l,l,true,415086.80
5c6215140a6eb100012abfc5,main-trial-13,w,w,true,415206.90
5c6215140a6eb100012abfc5,main-trial-13,k,k,true,415374.90
5c6215140a6eb100012abfc5,main-trial-13, , ,true,415623.00
5c6215140a6eb100012abfc5,main-trial-13,f,f,true,415871.00
5c6215140a6eb100012abfc5,main-trial-13,f,f,true,416041.60
5c6215140a6eb100012abfc5,main-trial-13, ,f,false,416216.40
5c6215140a6eb100012abfc5,main-trial-13, , ,true,416768.10
5c6215140a6eb100012abfc5,main-trial-13,f,f,true,416944.30
5c6215140a6eb100012abfc5,main-trial-13,f,f,true,417104.40
5c6215140a6eb100012abfc5,main-trial-13, , ,true,417296.20
5c6215140a6eb100012abfc5,main-trial-13,f,f,true,417448.20
5c6215140a6eb100012abfc5,main-trial-13,f,f,true,417600.30
5c6215140a6eb100012abfc5,main-trial-13, , ,true,417776.70
5c6215140a6eb100012abfc5,main-trial-13,v,v,true,418423.00
5c6215140a6eb100012abfc5,main-trial-13,k,k,true,418567.00
5c6215140a6eb100012abfc5,main-trial-13,t,t,true,418696.20
5c6215140a6eb100012abfc5,main-trial-13,k,j,false,419688.20
5c6215140a6eb100012abfc5,main-trial-13,k,m,false,419864.50
5c6215140a6eb100012abfc5,main-trial-13,k, ,false,420072.60
5c6215140a6eb100012abfc5,main-trial-13,k,a,false,420248.20
5c6215140a6eb100012abfc5,main-trial-13,k,s,false,420480.20
5c6215140a6eb100012abfc5,main-trial-13,k,k,true,421398.90
5c6215140a6eb100012abfc5,main-trial-13,m,m,true,421622.90
5c6215140a6eb100012abfc5,main-trial-13, , ,true,421960.20
5c6215140a6eb100012abfc5,main-trial-13,a,a,true,422128.00
5c6215140a6eb100012abfc5,main-trial-13,a,a,true,422368.20
5c6215140a6eb100012abfc5,main-trial-13, , ,true,422576.00
5c6215140a6eb100012abfc5,main-trial-13,a,a,true,422696.60
5c6215140a6eb100012abfc5,main-trial-13,a,a,true,422896.80
5c6215140a6eb100012abfc5,main-trial-13, , ,true,423096.20
5c6215140a6eb100012abfc5,main-trial-13,a,a,true,423286.90
5c6215140a6eb100012abfc5,main-trial-13,a,a,true,423463.90
5c6215140a6eb100012abfc5,main-trial-13, , ,true,423648.20
5c6215140a6eb100012abfc5,main-trial-13,l,l,true,424616.00
5c6215140a6eb100012abfc5,main-trial-13,p,p,true,424798.90
5c6215140a6eb100012abfc5,main-trial-13,s,s,true,425111.00
5c6215140a6eb100012abfc5,main-trial-13,u,u,true,425246.90
5c6215140a6eb100012abfc5,main-trial-13,g,g,true,425952.20
5c6215140a6eb100012abfc5,main-trial-13, , ,true,426110.80
5c6215140a6eb100012abfc5,main-trial-13,f,f,true,426678.90
5c6215140a6eb100012abfc5,main-trial-13,f,f,true,426887.00
5c6215140a6eb100012abfc5,main-trial-13, , ,true,427014.90
5c6215140a6eb100012abfc5,main-trial-13,a,a,true,427166.80
5c6215140a6eb100012abfc5,main-trial-13,a,a,true,427353.50
5c6215140a6eb100012abfc5,main-trial-13, , ,true,427528.30
5c6215140a6eb100012abfc5,main-trial-13,f,f,true,427712.00
5c6215140a6eb100012abfc5,main-trial-13,f,f,true,427863.00
5c6215140a6eb100012abfc5,main-trial-13, , ,true,428038.70
5c6215140a6eb100012abfc5,main-trial-13,a,a,true,428215.00
5c6215140a6eb100012abfc5,main-trial-13,a,a,true,428391.00
5c6215140a6eb100012abfc5,main-trial-13, , ,true,428598.90
5c6215140a6eb100012abfc5,main-trial-13,f,f,true,428759.00
5c6215140a6eb100012abfc5,main-trial-13,f,f,true,428904.20
5c6215140a6eb100012abfc5,main-trial-13, , ,true,429111.30
5c6215140a6eb100012abfc5,main-trial-13,a,a,true,429294.90
5c6215140a6eb100012abfc5,main-trial-13,a,a,true,429454.90
5c6215140a6eb100012abfc5,main-trial-14,z,z,true,433976.50
5c6215140a6eb100012abfc5,main-trial-14,o,o,true,434400.10
5c6215140a6eb100012abfc5,main-trial-14,s,s,true,434640.20
5c6215140a6eb100012abfc5,main-trial-14,v,v,true,435064.40
5c6215140a6eb100012abfc5,main-trial-14,v,v,true,435264.40
5c6215140a6eb100012abfc5,main-trial-14, , ,true,435464.30
5c6215140a6eb100012abfc5,main-trial-14,v,v,true,435744.20
5c6215140a6eb100012abfc5,main-trial-14,r,r,true,435960.20
5c6215140a6eb100012abfc5,main-trial-14, , ,true,436168.10
5c6215140a6eb100012abfc5,main-trial-14,v,v,true,436344.50
5c6215140a6eb100012abfc5,main-trial-14,r,r,true,436528.20
5c6215140a6eb100012abfc5,main-trial-14, , ,true,436712.20
5c6215140a6eb100012abfc5,main-trial-14,v,v,true,436840.30
5c6215140a6eb100012abfc5,main-trial-14,r,r,true,437056.20
5c6215140a6eb100012abfc5,main-trial-14, , ,true,437224.40
5c6215140a6eb100012abfc5,main-trial-14,k,k,true,437464.20
5c6215140a6eb100012abfc5,main-trial-14,x,x,true,437800.20
5c6215140a6eb100012abfc5,main-trial-14,w,w,true,439032.20
5c6215140a6eb100012abfc5,main-trial-14,y,y,true,439200.30
5c6215140a6eb100012abfc5,main-trial-14,o,o,true,439616.80
5c6215140a6eb100012abfc5,main-trial-14, , ,true,439920.30
5c6215140a6eb100012abfc5,main-trial-14,f,f,true,440160.20
5c6215140a6eb100012abfc5,main-trial-14,r,r,true,440336.20
5c6215140a6eb100012abfc5,main-trial-14, , ,true,440496.10
5c6215140a6eb100012abfc5,main-trial-14,f,f,true,440594.60
5c6215140a6eb100012abfc5,main-trial-14,r,r,true,440760.60
5c6215140a6eb100012abfc5,main-trial-14, , ,true,440912.20
5c6215140a6eb100012abfc5,main-trial-14,f,f,true,441048.20
5c6215140a6eb100012abfc5,main-trial-14,r,r,true,441216.30
5c6215140a6eb100012abfc5,main-trial-14, , ,true,441416.10
5c6215140a6eb100012abfc5,main-trial-14,y,y,true,442256.20
5c6215140a6eb100012abfc5,main-trial-14,q,q,true,442490.60
5c6215140a6eb100012abfc5,main-trial-14,d,d,true,443600.10
5c6215140a6eb100012abfc5,main-trial-14,r,r,true,443799.30
5c6215140a6eb100012abfc5,main-trial-14,n,n,true,443976.00
5c6215140a6eb100012abfc5,main-trial-14, , ,true,444176.00
5c6215140a6eb100012abfc5,main-trial-14,v,c,false,444504.10
5c6215140a6eb100012abfc5,main-trial-14,v,r,false,444743.30
5c6215140a6eb100012abfc5,main-trial-14,v, ,false,444896.10
5c6215140a6eb100012abfc5,main-trial-14,v,f,false,445616.80
5c6215140a6eb100012abfc5,main-trial-14,v,r,false,445880.40
5c6215140a6eb100012abfc5,main-trial-14,v, ,false,446048.30
5c6215140a6eb100012abfc5,main-trial-14,v,v,true,446416.30
5c6215140a6eb100012abfc5,main-trial-14,r,r,true,446640.20
5c6215140a6eb100012abfc5,main-trial-14, , ,true,446832.10
5c6215140a6eb100012abfc5,main-trial-14,f,f,true,447352.10
5c6215140a6eb100012abfc5,main-trial-14,r,r,true,447527.10
5c6215140a6eb100012abfc5,main-trial-14, , ,true,447744.00
5c6215140a6eb100012abfc5,main-trial-14,v,v,true,448272.20
5c6215140a6eb100012abfc5,main-trial-14,r,r,true,448576.10
5c6215140a6eb100012abfc5,main-trial-14, , ,true,448823.20
5c6215140a6eb100012abfc5,main-trial-14,f,f,true,449264.30
5c6215140a6eb100012abfc5,main-trial-14,r,r,true,449431.40
5c6215140a6eb100012abfc5,main-trial-14, , ,true,449608.10
5c6215140a6eb100012abfc5,main-trial-14,v,v,true,450554.40
5c6215140a6eb100012abfc5,main-trial-14,r,r,true,450754.30
5c6215140a6eb100012abfc5,main-trial-14, , ,true,450952.10
5c6215140a6eb100012abfc5,main-trial-14,f,f,true,451264.10
5c6215140a6eb100012abfc5,main-trial-14,r,r,true,451426.00
5c6215140a6eb100012abfc5,main-trial-15,r,r,true,456060.00
5c6215140a6eb100012abfc5,main-trial-15,i,i,true,456210.60
5c6215140a6eb100012abfc5,main-trial-15,b,b,true,456976.10
5c6215140a6eb100012abfc5,main-trial-15,n,n,true,457544.20
5c6215140a6eb100012abfc5,main-trial-15,j,j,true,457696.10
5c6215140a6eb100012abfc5,main-trial-15, , ,true,457936.30
5c6215140a6eb100012abfc5,main-trial-15,s,s,true,458128.20
5c6215140a6eb100012abfc5,main-trial-15,f,f,true,458400.20
5c6215140a6eb100012abfc5,main-trial-15, , ,true,458672.20
5c6215140a6eb100012abfc5,main-trial-15,s,s,true,458887.00
5c6215140a6eb100012abfc5,main-trial-15,f,f,true,459048.30
5c6215140a6eb100012abfc5,main-trial-15, , ,true,459200.20
5c6215140a6eb100012abfc5,main-trial-15,s,s,true,459319.60
5c6215140a6eb100012abfc5,main-trial-15,f,f,true,459489.30
5c6215140a6eb100012abfc5,main-trial-15, , ,true,459640.60
5c6215140a6eb100012abfc5,main-trial-15,u,u,true,460184.20
5c6215140a6eb100012abfc5,main-trial-15,d,d,true,460416.10
5c6215140a6eb100012abfc5,main-trial-15,b,b,true,461064.30
5c6215140a6eb100012abfc5,main-trial-15,d,d,true,461320.40
5c6215140a6eb100012abfc5,main-trial-15,b,b,true,461480.10
5c6215140a6eb100012abfc5,main-trial-15, , ,true,461921.60
5c6215140a6eb100012abfc5,main-trial-15,b,b,true,462176.10
5c6215140a6eb100012abfc5,main-trial-15,e,e,true,462288.20
5c6215140a6eb100012abfc5,main-trial-15, , ,true,462432.10
5c6215140a6eb100012abfc5,main-trial-15,b,b,true,462624.20
5c6215140a6eb100012abfc5,main-trial-15,e,e,true,462760.10
5c6215140a6eb100012abfc5,main-trial-15, , ,true,462967.20
5c6215140a6eb100012abfc5,main-trial-15,b,b,true,463198.80
5c6215140a6eb100012abfc5,main-trial-15,e,e,true,463350.90
5c6215140a6eb100012abfc5,main-trial-15, , ,true,463582.80
5c6215140a6eb100012abfc5,main-trial-15,g,g,true,464313.10
5c6215140a6eb100012abfc5,main-trial-15,l,l,true,464824.00
5c6215140a6eb100012abfc5,main-trial-15,k,k,true,465056.10
5c6215140a6eb100012abfc5,main-trial-15,s,s,true,465688.20
5c6215140a6eb100012abfc5,main-trial-15,g,g,true,465891.20
5c6215140a6eb100012abfc5,main-trial-15, , ,true,466128.50
5c6215140a6eb100012abfc5,main-trial-15,s,s,true,466322.20
5c6215140a6eb100012abfc5,main-trial-15,f,f,true,466736.30
5c6215140a6eb100012abfc5,main-trial-15, , ,true,467057.00
5c6215140a6eb100012abfc5,main-trial-15,b,b,true,467280.20
5c6215140a6eb100012abfc5,main-trial-15,e,e,true,467504.30
5c6215140a6eb100012abfc5,main-trial-15, , ,true,467656.20
5c6215140a6eb100012abfc5,main-trial-15,s,s,true,468568.90
5c6215140a6eb100012abfc5,main-trial-15,f,f,true,468744.10
5c6215140a6eb100012abfc5,main-trial-15, , ,true,468886.90
5c6215140a6eb100012abfc5,main-trial-15,b,b,true,468990.80
5c6215140a6eb100012abfc5,main-trial-15,e,e,true,469184.30
5c6215140a6eb100012abfc5,main-trial-15, , ,true,469336.10
5c6215140a6eb100012abfc5,main-trial-15,s,s,true,469488.10
5c6215140a6eb100012abfc5,main-trial-15,f,f,true,469656.10
5c6215140a6eb100012abfc5,main-trial-15, , ,true,469803.00
5c6215140a6eb100012abfc5,main-trial-15,b,b,true,469944.00
5c6215140a6eb100012abfc5,main-trial-15,e,e,true,470496.20
5c6215140a6eb100012abfc5,main-trial-16,f,f,true,481848.20
5c6215140a6eb100012abfc5,main-trial-16,s,s,true,482160.10
5c6215140a6eb100012abfc5,main-trial-16,t,t,true,482496.10
5c6215140a6eb100012abfc5,main-trial-16,l,l,true,482720.10
5c6215140a6eb100012abfc5,main-trial-16,k,k,true,482896.20
5c6215140a6eb100012abfc5,main-trial-16, , ,true,483136.30
5c6215140a6eb100012abfc5,main-trial-16,w,w,true,483271.90
5c6215140a6eb100012abfc5,main-trial-16,d,d,true,483568.30
5c6215140a6eb100012abfc5,main-trial-16, , ,true,483720.20
5c6215140a6eb100012abfc5,main-trial-16,w,w,true,483864.30
5c6215140a6eb100012abfc5,main-trial-16,d,d,true,484055.30
5c6215140a6eb100012abfc5,main-trial-16, , ,true,484208.00
5c6215140a6eb100012abfc5,main-trial-16,w,w,true,484336.00
5c6215140a6eb100012abfc5,main-trial-16,d,d,true,484552.10
5c6215140a6eb100012abfc5,main-trial-16, , ,true,484712.10
5c6215140a6eb100012abfc5,main-trial-16,d,d,true,485264.60
5c6215140a6eb100012abfc5,main-trial-16,z,z,true,485751.90
5c6215140a6eb100012abfc5,main-trial-16,b,b,true,486246.80
5c6215140a6eb100012abfc5,main-trial-16,i,i,true,486614.90
5c6215140a6eb100012abfc5,main-trial-16,x,x,true,486870.80
5c6215140a6eb100012abfc5,main-trial-16, , ,true,487122.70
5c6215140a6eb100012abfc5,main-trial-16,d,d,true,487664.20
5c6215140a6eb100012abfc5,main-trial-16,s,s,true,487864.10
5c6215140a6eb100012abfc5,main-trial-16, , ,true,488072.40
5c6215140a6eb100012abfc5,main-trial-16,d,d,true,488256.00
5c6215140a6eb100012abfc5,main-trial-16,s,s,true,488424.10
5c6215140a6eb100012abfc5,main-trial-16, , ,true,488576.00
5c6215140a6eb100012abfc5,main-trial-16,d,d,true,488696.30
5c6215140a6eb100012abfc5,main-trial-16,s,s,true,489030.80
5c6215140a6eb100012abfc5,main-trial-16, , ,true,489374.80
5c6215140a6eb100012abfc5,main-trial-16,r,r,true,489945.90
5c6215140a6eb100012abfc5,main-trial-16,p,p,true,490152.20
5c6215140a6eb100012abfc5,main-trial-16,o,o,true,490376.10
5c6215140a6eb100012abfc5,main-trial-16,f,f,true,490968.00
5c6215140a6eb100012abfc5,main-trial-16,b,b,true,491176.10
5c6215140a6eb100012abfc5,main-trial-16, , ,true,491392.00
5c6215140a6eb100012abfc5,main-trial-16,w,w,true,491776.00
5c6215140a6eb100012abfc5,main-trial-16,d,d,true,491984.10
5c6215140a6eb100012abfc5,main-trial-16, , ,true,492136.20
5c6215140a6eb100012abfc5,main-trial-16,d,d,true,492760.20
5c6215140a6eb100012abfc5,main-trial-16,s,s,true,492936.10
5c6215140a6eb100012abfc5,main-trial-16, , ,true,493088.20
5c6215140a6eb100012abfc5,main-trial-16,w,w,true,493256.20
5c6215140a6eb100012abfc5,main-trial-16,d,d,true,494752.10
5c6215140a6eb100012abfc5,main-trial-16, , ,true,495400.10
5c6215140a6eb100012abfc5,main-trial-16,d,d,true,495656.40
5c6215140a6eb100012abfc5,main-trial-16,s,s,true,495824.20
5c6215140a6eb100012abfc5,main-trial-16, , ,true,495976.10
5c6215140a6eb100012abfc5,main-trial-16,w,w,true,496128.20
5c6215140a6eb100012abfc5,main-trial-16,d,d,true,496312.10
5c6215140a6eb100012abfc5,main-trial-16, , ,true,496448.40
5c6215140a6eb100012abfc5,main-trial-16,d,d,true,496902.80
5c6215140a6eb100012abfc5,main-trial-16,s,s,true,497096.20
5c6215140a6eb100012abfc5,main-trial-17,a,a,true,500862.70
5c6215140a6eb100012abfc5,main-trial-17,c,c,true,501110.70
5c6215140a6eb100012abfc5,main-trial-17,l,l,true,501262.70
5c6215140a6eb100012abfc5,main-trial-17,i,i,true,501406.70
5c6215140a6eb100012abfc5,main-trial-17,t,t,true,501510.70
5c6215140a6eb100012abfc5,main-trial-17, , ,true,501832.10
5c6215140a6eb100012abfc5,main-trial-17,f,f,true,502176.10
5c6215140a6eb100012abfc5,main-trial-17,d,d,true,502336.20
5c6215140a6eb100012abfc5,main-trial-17, , ,true,502512.30
5c6215140a6eb100012abfc5,main-trial-17,f,f,true,503030.70
5c6215140a6eb100012abfc5,main-trial-17,d,d,true,503198.80
5c6215140a6eb100012abfc5,main-trial-17, , ,true,503392.10
5c6215140a6eb100012abfc5,main-trial-17,f,f,true,503585.40
5c6215140a6eb100012abfc5,main-trial-17,d,d,true,503753.00
5c6215140a6eb100012abfc5,main-trial-17, , ,true,503936.40
5c6215140a6eb100012abfc5,main-trial-17,o,o,true,504576.10
5c6215140a6eb100012abfc5,main-trial-17,y,x,false,504794.70
5c6215140a6eb100012abfc5,main-trial-17,y,y,true,505424.20
5c6215140a6eb100012abfc5,main-trial-17,x,x,true,505808.60
5c6215140a6eb100012abfc5,main-trial-17,y,y,true,506024.20
5c6215140a6eb100012abfc5,main-trial-17,t,t,true,506344.10
5c6215140a6eb100012abfc5,main-trial-17, , ,true,506584.10
5c6215140a6eb100012abfc5,main-trial-17,f,f,true,506842.00
5c6215140a6eb100012abfc5,main-trial-17,r,r,true,507087.90
5c6215140a6eb100012abfc5,main-trial-17, , ,true,507361.80
5c6215140a6eb100012abfc5,main-trial-17,f,f,true,507686.80
5c6215140a6eb100012abfc5,main-trial-17,r,r,true,507870.70
5c6215140a6eb100012abfc5,main-trial-17, , ,true,508030.90
5c6215140a6eb100012abfc5,main-trial-17,f,f,true,508176.10
5c6215140a6eb100012abfc5,main-trial-17,r,r,true,508352.00
5c6215140a6eb100012abfc5,main-trial-17, , ,true,508544.50
5c6215140a6eb100012abfc5,main-trial-17,v,v,true,509008.10
5c6215140a6eb100012abfc5,main-trial-17,u,u,true,509230.80
5c6215140a6eb100012abfc5,main-trial-17,u,u,true,509872.20
5c6215140a6eb100012abfc5,main-trial-17,x,x,true,510390.80
5c6215140a6eb100012abfc5,main-trial-17,a,a,true,510646.70
5c6215140a6eb100012abfc5,main-trial-17, , ,true,510952.20
5c6215140a6eb100012abfc5,main-trial-17,f,f,true,511304.40
5c6215140a6eb100012abfc5,main-trial-17,d,d,true,511488.20
5c6215140a6eb100012abfc5,main-trial-17, , ,true,511646.80
5c6215140a6eb100012abfc5,main-trial-17,f,f,true,512048.00
5c6215140a6eb100012abfc5,main-trial-17,r,r,true,512248.10
5c6215140a6eb100012abfc5,main-trial-17, , ,true,512440.70
5c6215140a6eb100012abfc5,main-trial-17,f,f,true,512791.90
5c6215140a6eb100012abfc5,main-trial-17,d,d,true,512966.80
5c6215140a6eb100012abfc5,main-trial-17, , ,true,513270.80
5c6215140a6eb100012abfc5,main-trial-17,f,f,true,513598.80
5c6215140a6eb100012abfc5,main-trial-17,r,r,true,513774.70
5c6215140a6eb100012abfc5,main-trial-17, , ,true,513942.70
5c6215140a6eb100012abfc5,main-trial-17,f,f,true,514335.30
5c6215140a6eb100012abfc5,main-trial-17,d,d,true,514496.20
5c6215140a6eb100012abfc5,main-trial-17, , ,true,514680.00
5c6215140a6eb100012abfc5,main-trial-17,f,f,true,514928.10
5c6215140a6eb100012abfc5,main-trial-17,r,r,true,515113.70
5c6215140a6eb100012abfc5,main-trial-18,i,i,true,521880.00
5c6215140a6eb100012abfc5,main-trial-18,o,o,true,522081.10
5c6215140a6eb100012abfc5,main-trial-18,n,n,true,522294.80
5c6215140a6eb100012abfc5,main-trial-18,f,f,true,522902.90
5c6215140a6eb100012abfc5,main-trial-18,w,w,true,523088.30
5c6215140a6eb100012abfc5,main-trial-18, , ,true,523272.10
5c6215140a6eb100012abfc5,main-trial-18,a,a,true,523456.10
5c6215140a6eb100012abfc5,main-trial-18,a,a,true,523656.00
5c6215140a6eb100012abfc5,main-trial-18, , ,true,523856.20
5c6215140a6eb100012abfc5,main-trial-18,a,a,true,524016.50
5c6215140a6eb100012abfc5,main-trial-18,a,a,true,524208.00
5c6215140a6eb100012abfc5,main-trial-18, , ,true,524375.30
5c6215140a6eb100012abfc5,main-trial-18,a,a,true,524528.00
5c6215140a6eb100012abfc5,main-trial-18,a,a,true,524735.90
5c6215140a6eb100012abfc5,main-trial-18, , ,true,524934.80
5c6215140a6eb100012abfc5,main-trial-18,p,p,true,525376.70
5c6215140a6eb100012abfc5,main-trial-18,a,l,false,525600.00
5c6215140a6eb100012abfc5,main-trial-18,a,a,true,526593.10
5c6215140a6eb100012abfc5,main-trial-18,l,l,true,526984.10
5c6215140a6eb100012abfc5,main-trial-18,a,a,true,527352.20
5c6215140a6eb100012abfc5,main-trial-18,j,j,true,527624.00
5c6215140a6eb100012abfc5,main-trial-18, , ,true,527919.80
5c6215140a6eb100012abfc5,main-trial-18,f,f,true,528232.10
5c6215140a6eb100012abfc5,main-trial-18,f,f,true,528410.30
5c6215140a6eb100012abfc5,main-trial-18, , ,true,528608.10
5c6215140a6eb100012abfc5,main-trial-18,f,f,true,528816.00
5c6215140a6eb100012abfc5,main-trial-18,f,f,true,528992.00
5c6215140a6eb100012abfc5,main-trial-18, , ,true,529144.20
5c6215140a6eb100012abfc5,main-trial-18,f,f,true,529304.10
5c6215140a6eb100012abfc5,main-trial-18,f,f,true,529480.30
5c6215140a6eb100012abfc5,main-trial-18, , ,true,529648.10
5c6215140a6eb100012abfc5,main-trial-18,k,k,true,530128.40
5c6215140a6eb100012abfc5,main-trial-18,h,h,true,530648.20
5c6215140a6eb100012abfc5,main-trial-18,t,t,true,531344.80
5c6215140a6eb100012abfc5,main-trial-18,j,j,true,531528.10
5c6215140a6eb100012abfc5,main-trial-18,d,d,true,531912.00
5c6215140a6eb100012abfc5,main-trial-18, , ,true,532200.30
5c6215140a6eb100012abfc5,main-trial-18,a,a,true,532383.90
5c6215140a6eb100012abfc5,main-trial-18,a,a,true,532632.10
5c6215140a6eb100012abfc5,main-trial-18, , ,true,532792.10
5c6215140a6eb100012abfc5,main-trial-18,f,f,true,532999.80
5c6215140a6eb100012abfc5,main-trial-18,f,f,true,533145.60
5c6215140a6eb100012abfc5,main-trial-18, , ,true,533272.20
5c6215140a6eb100012abfc5,main-trial-18,a,a,true,533424.70
5c6215140a6eb100012abfc5,main-trial-18,a,a,true,533608.10
5c6215140a6eb100012abfc5,main-trial-18, , ,true,533768.60
5c6215140a6eb100012abfc5,main-trial-18,f,f,true,533920.10
5c6215140a6eb100012abfc5,main-trial-18,f,f,true,534089.10
5c6215140a6eb100012abfc5,main-trial-18, , ,true,534240.00
5c6215140a6eb100012abfc5,main-trial-18,a,a,true,534375.80
5c6215140a6eb100012abfc5,main-trial-18,a,a,true,534560.00
5c6215140a6eb100012abfc5,main-trial-18, , ,true,534712.50
5c6215140a6eb100012abfc5,main-trial-18,f,f,true,534863.90
5c6215140a6eb100012abfc5,main-trial-18,f,f,true,535028.80
5c6215140a6eb100012abfc5,main-trial-19,h,h,true,541456.60
5c6215140a6eb100012abfc5,main-trial-19,c,c,true,541601.00
5c6215140a6eb100012abfc5,main-trial-19,m,m,true,541776.30
5c6215140a6eb100012abfc5,main-trial-19,s,s,true,541928.00
5c6215140a6eb100012abfc5,main-trial-19,h, ,false,542312.20
5c6215140a6eb100012abfc5,main-trial-19,h,h,true,543112.50
5c6215140a6eb100012abfc5,main-trial-19, , ,true,543512.30
5c6215140a6eb100012abfc5,main-trial-19,w,w,true,544101.10
5c6215140a6eb100012abfc5,main-trial-19,d,d,true,544352.50
5c6215140a6eb100012abfc5,main-trial-19, , ,true,544520.10
5c6215140a6eb100012abfc5,main-trial-19,w,w,true,544648.00
5c6215140a6eb100012abfc5,main-trial-19,d,d,true,544846.70
5c6215140a6eb100012abfc5,main-trial-19, , ,true,544975.90
5c6215140a6eb100012abfc5,main-trial-19,w,w,true,545105.30
5c6215140a6eb100012abfc5,main-trial-19,d,d,true,545304.10
5c6215140a6eb100012abfc5,main-trial-19, , ,true,545496.10
5c6215140a6eb100012abfc5,main-trial-19,g,g,true,546752.50
5c6215140a6eb100012abfc5,main-trial-19,k,k,true,546903.80
5c6215140a6eb100012abfc5,main-trial-19,n,n,true,547566.70
5c6215140a6eb100012abfc5,main-trial-19,l,l,true,547814.70
5c6215140a6eb100012abfc5,main-trial-19,h,h,true,548522.40
5c6215140a6eb100012abfc5,main-trial-19, , ,true,548656.00
5c6215140a6eb100012abfc5,main-trial-19,s,s,true,548792.10
5c6215140a6eb100012abfc5,main-trial-19,e,e,true,548984.10
5c6215140a6eb100012abfc5,main-trial-19, , ,true,549184.10
5c6215140a6eb100012abfc5,main-trial-19,s,s,true,549368.00
5c6215140a6eb100012abfc5,main-trial-19,e,e,true,549518.60
5c6215140a6eb100012abfc5,main-trial-19, , ,true,549679.90
5c6215140a6eb100012abfc5,main-trial-19,s,s,true,549848.30
5c6215140a6eb100012abfc5,main-trial-19,e,e,true,549990.60
5c6215140a6eb100012abfc5,main-trial-19, , ,true,550198.70
5c6215140a6eb100012abfc5,main-trial-19,h,h,true,551120.20
5c6215140a6eb100012abfc5,main-trial-19,h,h,true,551347.00
5c6215140a6eb100012abfc5,main-trial-19,t,t,true,551608.40
5c6215140a6eb100012abfc5,main-trial-19,c,c,true,552071.90
5c6215140a6eb100012abfc5,main-trial-19,x,x,true,552281.90
5c6215140a6eb100012abfc5,main-trial-19, , ,true,552466.20
5c6215140a6eb100012abfc5,main-trial-19,w,w,true,552928.00
5c6215140a6eb100012abfc5,main-trial-19,d,d,true,553144.10
5c6215140a6eb100012abfc5,main-trial-19, , ,true,553320.10
5c6215140a6eb100012abfc5,main-trial-19,s,s,true,553600.00
5c6215140a6eb100012abfc5,main-trial-19,e,e,true,553792.10
5c6215140a6eb100012abfc5,main-trial-19, , ,true,554000.00
5c6215140a6eb100012abfc5,main-trial-19,w,w,true,554136.30
5c6215140a6eb100012abfc5,main-trial-19,d,d,true,554360.20
5c6215140a6eb100012abfc5,main-trial-19, , ,true,554559.80
5c6215140a6eb100012abfc5,main-trial-19,s,s,true,554823.90
5c6215140a6eb100012abfc5,main-trial-19,e,e,true,555006.60
5c6215140a6eb100012abfc5,main-trial-19, , ,true,555206.70
5c6215140a6eb100012abfc5,main-trial-19,w,w,true,555478.70
5c6215140a6eb100012abfc5,main-trial-19,d,w,false,555887.70
5c6215140a6eb100012abfc5,main-trial-19,d,d,true,556184.30
5c6215140a6eb100012abfc5,main-trial-19, , ,true,556472.00
5c6215140a6eb100012abfc5,main-trial-19,s,s,true,556632.10
5c6215140a6eb100012abfc5,main-trial-19,e,e,true,556839.90
5c6215140a6eb100012abfc5,main-trial-20,c,c,true,560168.20
5c6215140a6eb100012abfc5,main-trial-20,a,a,true,560320.00
5c6215140a6eb100012abfc5,main-trial-20,w,w,true,560519.80
5c6215140a6eb100012abfc5,main-trial-20,k,k,true,560672.20
5c6215140a6eb100012abfc5,main-trial-20,q,q,true,561328.00
5c6215140a6eb100012abfc5,main-trial-20, , ,true,561744.40
5c6215140a6eb100012abfc5,main-trial-20,d,d,true,561895.80
5c6215140a6eb100012abfc5,main-trial-20,f,f,true,562095.80
5c6215140a6eb100012abfc5,main-trial-20, , ,true,562288.30
5c6215140a6eb100012abfc5,main-trial-20,d,d,true,562424.00
5c6215140a6eb100012abfc5,main-trial-20,f,f,true,562600.20
5c6215140a6eb100012abfc5,main-trial-20, , ,true,562751.90
5c6215140a6eb100012abfc5,main-trial-20,d,d,true,562895.90
5c6215140a6eb100012abfc5,main-trial-20,f,f,true,563072.00
5c6215140a6eb100012abfc5,main-trial-20, , ,true,563231.90
5c6215140a6eb100012abfc5,main-trial-20,y,y,true,563856.10
5c6215140a6eb100012abfc5,main-trial-20,j,j,true,564102.50
5c6215140a6eb100012abfc5,main-trial-20,a,a,true,564383.90
5c6215140a6eb100012abfc5,main-trial-20,v,v,true,564983.90
5c6215140a6eb100012abfc5,main-trial-20,x,x,true,565248.10
5c6215140a6eb100012abfc5,main-trial-20, , ,true,565464.00
5c6215140a6eb100012abfc5,main-trial-20,f,d,false,565823.90
5c6215140a6eb100012abfc5,main-trial-20,f,f,true,566264.30
5c6215140a6eb100012abfc5,main-trial-20,g,g,true,566471.90
5c6215140a6eb100012abfc5,main-trial-20, , ,true,566663.90
5c6215140a6eb100012abfc5,main-trial-20,f,f,true,566815.90
5c6215140a6eb100012abfc5,main-trial-20,g,g,true,566992.00
5c6215140a6eb100012abfc5,main-trial-20, , ,true,567128.30
5c6215140a6eb100012abfc5,main-trial-20,f,f,true,567271.90
5c6215140a6eb100012abfc5,main-trial-20,g,g,true,567464.00
5c6215140a6eb100012abfc5,main-trial-20, , ,true,567672.00
5c6215140a6eb100012abfc5,main-trial-20,o,o,true,567911.30
5c6215140a6eb100012abfc5,main-trial-20,n,n,true,568136.50
5c6215140a6eb100012abfc5,main-trial-20,s,s,true,568431.90
5c6215140a6eb100012abfc5,main-trial-20,c,c,true,568679.90
5c6215140a6eb100012abfc5,main-trial-20,a,a,true,568823.90
5c6215140a6eb100012abfc5,main-trial-20, , ,true,569015.90
5c6215140a6eb100012abfc5,main-trial-20,d,d,true,569559.90
5c6215140a6eb100012abfc5,main-trial-20,f,f,true,569743.90
5c6215140a6eb100012abfc5,main-trial-20, , ,true,569911.70
5c6215140a6eb100012abfc5,main-trial-20,f,f,true,570830.90
5c6215140a6eb100012abfc5,main-trial-20,g,g,true,571016.50
5c6215140a6eb100012abfc5,main-trial-20, , ,true,571247.90
5c6215140a6eb100012abfc5,main-trial-20,d,d,true,571750.50
5c6215140a6eb100012abfc5,main-trial-20,f,f,true,572112.20
5c6215140a6eb100012abfc5,main-trial-20, , ,true,572328.00
5c6215140a6eb100012abfc5,main-trial-20,f,g,false,573079.80
5c6215140a6eb100012abfc5,main-trial-20,f,f,true,573535.20
5c6215140a6eb100012abfc5,main-trial-20,g,g,true,573943.00
5c6215140a6eb100012abfc5,main-trial-20, , ,true,574264.00
5c6215140a6eb100012abfc5,main-trial-20,d,d,true,574767.60
5c6215140a6eb100012abfc5,main-trial-20,f,f,true,575007.80
5c6215140a6eb100012abfc5,main-trial-20, , ,true,575167.90
5c6215140a6eb100012abfc5,main-trial-20,f,f,true,575815.90
5c6215140a6eb100012abfc5,main-trial-20,g,g,true,575990.90
5c6215140a6eb100012abfc5,main-trial-21,y,y,true,580696.00
5c6215140a6eb100012abfc5,main-trial-21,q,q,true,580815.90
5c6215140a6eb100012abfc5,main-trial-21,c,c,true,581895.80
5c6215140a6eb100012abfc5,main-trial-21,g,g,true,582055.80
5c6215140a6eb100012abfc5,main-trial-21,f,f,true,582199.70
5c6215140a6eb100012abfc5,main-trial-21, , ,true,582391.80
5c6215140a6eb100012abfc5,main-trial-21,f,f,true,582639.80
5c6215140a6eb100012abfc5,main-trial-21,e,e,true,582824.00
5c6215140a6eb100012abfc5,main-trial-21, , ,true,582958.80
5c6215140a6eb100012abfc5,main-trial-21,f,f,true,583094.60
5c6215140a6eb100012abfc5,main-trial-21,e,e,true,583262.60
5c6215140a6eb100012abfc5,main-trial-21, , ,true,583430.50
5c6215140a6eb100012abfc5,main-trial-21,f,f,true,583574.60
5c6215140a6eb100012abfc5,main-trial-21,e,e,true,583759.80
5c6215140a6eb100012abfc5,main-trial-21, , ,true,583926.80
5c6215140a6eb100012abfc5,main-trial-21,g,g,true,584270.50
5c6215140a6eb100012abfc5,main-trial-21,g,g,true,584422.50
5c6215140a6eb100012abfc5,main-trial-21,a,a,true,584542.50
5c6215140a6eb100012abfc5,main-trial-21,f,f,true,585430.50
5c6215140a6eb100012abfc5,main-trial-21,v,v,true,585662.50
5c6215140a6eb100012abfc5,main-trial-21, , ,true,585854.50
5c6215140a6eb100012abfc5,main-trial-21,e,e,true,586150.50
5c6215140a6eb100012abfc5,main-trial-21,f,f,true,586358.50
5c6215140a6eb100012abfc5,main-trial-21, , ,true,586513.10
5c6215140a6eb100012abfc5,main-trial-21,e,e,true,586791.70
5c6215140a6eb100012abfc5,main-trial-21,f,f,true,586967.10
5c6215140a6eb100012abfc5,main-trial-21, , ,true,587094.70
5c6215140a6eb100012abfc5,main-trial-21,e,e,true,587218.20
5c6215140a6eb100012abfc5,main-trial-21,f,f,true,587391.80
5c6215140a6eb100012abfc5,main-trial-21, , ,true,587575.80
5c6215140a6eb100012abfc5,main-trial-21,c,c,true,588015.90
5c6215140a6eb100012abfc5,main-trial-21,l,l,true,588176.00
5c6215140a6eb100012abfc5,main-trial-21,w,w,true,589648.60
5c6215140a6eb100012abfc5,main-trial-21,u,u,true,589873.00
5c6215140a6eb100012abfc5,main-trial-21,q,q,true,590271.90
5c6215140a6eb100012abfc5,main-trial-21, , ,true,590439.10
5c6215140a6eb100012abfc5,main-trial-21,f,f,true,590623.70
5c6215140a6eb100012abfc5,main-trial-21,e,e,true,590937.50
5c6215140a6eb100012abfc5,main-trial-21, , ,true,591135.80
5c6215140a6eb100012abfc5,main-trial-21,e,e,true,591414.70
5c6215140a6eb100012abfc5,main-trial-21,f,f,true,591639.80
5c6215140a6eb100012abfc5,main-trial-21, , ,true,591807.90
5c6215140a6eb100012abfc5,main-trial-21,f,f,true,592047.80
5c6215140a6eb100012abfc5,main-trial-21,e,e,true,592248.30
5c6215140a6eb100012abfc5,main-trial-21, , ,true,592407.90
5c6215140a6eb100012abfc5,main-trial-21,e,e,true,593207.90
5c6215140a6eb100012abfc5,main-trial-21,f,f,true,593407.90
5c6215140a6eb100012abfc5,main-trial-21, , ,true,593551.00
5c6215140a6eb100012abfc5,main-trial-21,f,f,true,593722.50
5c6215140a6eb100012abfc5,main-trial-21,e,e,true,593903.90
5c6215140a6eb100012abfc5,main-trial-21, , ,true,594055.80
5c6215140a6eb100012abfc5,main-trial-21,e,e,true,594175.80
5c6215140a6eb100012abfc5,main-trial-21,f,f,true,594360.00
5c6215140a6eb100012abfc5,main-trial-22,l,l,true,600936.00
5c6215140a6eb100012abfc5,main-trial-22,l,l,true,601143.80
5c6215140a6eb100012abfc5,main-trial-22,s,s,true,601359.80
5c6215140a6eb100012abfc5,main-trial-22,u,u,true,601544.10
5c6215140a6eb100012abfc5,main-trial-22,j,h,false,601799.90
5c6215140a6eb100012abfc5,main-trial-22,j, ,false,602088.00
5c6215140a6eb100012abfc5,main-trial-22,j,d,false,602223.80
5c6215140a6eb100012abfc5,main-trial-22,j,r,false,602400.40
5c6215140a6eb100012abfc5,main-trial-22,j, ,false,602536.20
5c6215140a6eb100012abfc5,main-trial-22,j,d,false,602655.90
5c6215140a6eb100012abfc5,main-trial-22,j,r,false,602823.80
5c6215140a6eb100012abfc5,main-trial-22,j, ,false,602975.90
5c6215140a6eb100012abfc5,main-trial-22,j,j,true,603719.90
5c6215140a6eb100012abfc5,main-trial-22, , ,true,604144.30
5c6215140a6eb100012abfc5,main-trial-22,d,d,true,604315.00
5c6215140a6eb100012abfc5,main-trial-22,r,r,true,604519.90
5c6215140a6eb100012abfc5,main-trial-22, , ,true,604663.90
5c6215140a6eb100012abfc5,main-trial-22,d,d,true,604816.50
5c6215140a6eb100012abfc5,main-trial-22,r,r,true,604999.80
5c6215140a6eb100012abfc5,main-trial-22, , ,true,605135.80
5c6215140a6eb100012abfc5,main-trial-22,d,d,true,605279.80
5c6215140a6eb100012abfc5,main-trial-22,r,r,true,605455.90
5c6215140a6eb100012abfc5,main-trial-22, , ,true,605623.90
5c6215140a6eb100012abfc5,main-trial-22,h,h,true,606080.40
5c6215140a6eb100012abfc5,main-trial-22,r,r,true,606192.10
5c6215140a6eb100012abfc5,main-trial-22,a,a,true,606335.80
5c6215140a6eb100012abfc5,main-trial-22,c,c,true,606551.80
5c6215140a6eb100012abfc5,main-trial-22,y,y,true,606687.90
5c6215140a6eb100012abfc5,main-trial-22, , ,true,607087.90
5c6215140a6eb100012abfc5,main-trial-22,f,f,true,607511.80
5c6215140a6eb100012abfc5,main-trial-22,d,d,true,607722.30
5c6215140a6eb100012abfc5,main-trial-22, , ,true,607895.80
5c6215140a6eb100012abfc5,main-trial-22,f,f,true,608142.50
5c6215140a6eb100012abfc5,main-trial-22,d,d,true,608310.50
5c6215140a6eb100012abfc5,main-trial-22, , ,true,608470.50
5c6215140a6eb100012abfc5,main-trial-22,f,f,true,608622.60
5c6215140a6eb100012abfc5,main-trial-22,d,d,true,608790.60
5c6215140a6eb100012abfc5,main-trial-22, , ,true,608966.50
5c6215140a6eb100012abfc5,main-trial-22,m,m,true,609326.50
5c6215140a6eb100012abfc5,main-trial-22,m,m,true,609535.00
5c6215140a6eb100012abfc5,main-trial-22,y,y,true,610299.20
5c6215140a6eb100012abfc5,main-trial-22,y,y,true,610503.80
5c6215140a6eb100012abfc5,main-trial-22,y,y,true,610791.60
5c6215140a6eb100012abfc5,main-trial-22, , ,true,611150.50
5c6215140a6eb100012abfc5,main-trial-22,d,d,true,611750.50
5c6215140a6eb100012abfc5,main-trial-22,r,r,true,611942.50
5c6215140a6eb100012abfc5,main-trial-22, , ,true,612118.50
5c6215140a6eb100012abfc5,main-trial-22,f,f,true,612310.40
5c6215140a6eb100012abfc5,main-trial-22,d,d,true,612526.70
5c6215140a6eb100012abfc5,main-trial-22, , ,true,612783.80
5c6215140a6eb100012abfc5,main-trial-22,d,d,true,613071.60
5c6215140a6eb100012abfc5,main-trial-22,r,r,true,613262.70
5c6215140a6eb100012abfc5,main-trial-22, , ,true,613446.50
5c6215140a6eb100012abfc5,main-trial-22,f,f,true,613598.60
5c6215140a6eb100012abfc5,main-trial-22,d,d,true,614022.60
5c6215140a6eb100012abfc5,main-trial-22, , ,true,614247.50
5c6215140a6eb100012abfc5,main-trial-22,d,d,true,614831.70
5c6215140a6eb100012abfc5,main-trial-22,r,r,true,615103.90
5c6215140a6eb100012abfc5,main-trial-22, , ,true,615263.80
5c6215140a6eb100012abfc5,main-trial-22,f,f,true,615440.00
5c6215140a6eb100012abfc5,main-trial-22,d,d,true,616208.30
5c6215140a6eb100012abfc5,main-trial-23,s,s,true,620256.20
5c6215140a6eb100012abfc5,main-trial-23,r,r,true,620439.80
5c6215140a6eb100012abfc5,main-trial-23,j,j,true,621183.90
5c6215140a6eb100012abfc5,main-trial-23,g,g,true,621367.70
5c6215140a6eb100012abfc5,main-trial-23,m,m,true,621527.70
5c6215140a6eb100012abfc5,main-trial-23, , ,true,621751.80
5c6215140a6eb100012abfc5,main-trial-23,d,d,true,621999.70
5c6215140a6eb100012abfc5,main-trial-23,r,r,true,622178.30
5c6215140a6eb100012abfc5,main-trial-23, , ,true,622361.40
5c6215140a6eb100012abfc5,main-trial-23,d,d,true,622479.70
5c6215140a6eb100012abfc5,main-trial-23,r,r,true,622663.70
5c6215140a6eb100012abfc5,main-trial-23, , ,true,622839.70
5c6215140a6eb100012abfc5,main-trial-23,d,d,true,622975.70
5c6215140a6eb100012abfc5,main-trial-23,r,r,true,623159.70
5c6215140a6eb100012abfc5,main-trial-23, , ,true,623368.70
5c6215140a6eb100012abfc5,main-trial-23,d,d,true,623679.80
5c6215140a6eb100012abfc5,main-trial-23,f,f,true,624030.40
5c6215140a6eb100012abfc5,main-trial-23,a,a,true,624607.80
5c6215140a6eb100012abfc5,main-trial-23,l,l,true,624799.70
5c6215140a6eb100012abfc5,main-trial-23,z,z,true,625159.60
5c6215140a6eb100012abfc5,main-trial-23, , ,true,625375.80
5c6215140a6eb100012abfc5,main-trial-23,e,e,true,625791.70
5c6215140a6eb100012abfc5,main-trial-23,f,f,true,625991.70
5c6215140a6eb100012abfc5,main-trial-23, , ,true,626159.70
5c6215140a6eb100012abfc5,main-trial-23,e,e,true,626439.70
5c6215140a6eb100012abfc5,main-trial-23,f,f,true,626632.20
5c6215140a6eb100012abfc5,main-trial-23, , ,true,626815.80
5c6215140a6eb100012abfc5,main-trial-23,e,e,true,626943.60
5c6215140a6eb100012abfc5,main-trial-23,f,f,true,627138.00
5c6215140a6eb100012abfc5,main-trial-23, , ,true,627311.50
5c6215140a6eb100012abfc5,main-trial-23,f,f,true,627870.80
5c6215140a6eb100012abfc5,main-trial-23,j,j,true,628095.90
5c6215140a6eb100012abfc5,main-trial-23,i,i,true,628672.00
5c6215140a6eb100012abfc5,main-trial-23,x,x,true,629143.70
5c6215140a6eb100012abfc5,main-trial-23,r,r,true,629367.70
5c6215140a6eb100012abfc5,main-trial-23, , ,true,629647.70
5c6215140a6eb100012abfc5,main-trial-23,d,d,true,630055.90
5c6215140a6eb100012abfc5,main-trial-23,r,r,true,630230.30
5c6215140a6eb100012abfc5,main-trial-23, , ,true,630431.80
5c6215140a6eb100012abfc5,main-trial-23,e,e,true,630663.70
5c6215140a6eb100012abfc5,main-trial-23,f,f,true,630879.80
5c6215140a6eb100012abfc5,main-trial-23, , ,true,631047.70
5c6215140a6eb100012abfc5,main-trial-23,d,d,true,631199.70
5c6215140a6eb100012abfc5,main-trial-23,r,r,true,631391.80
5c6215140a6eb100012abfc5,main-trial-23, , ,true,631559.80
5c6215140a6eb100012abfc5,main-trial-23,e,e,true,631687.50
5c6215140a6eb100012abfc5,main-trial-23,f,f,true,631911.50
5c6215140a6eb100012abfc5,main-trial-23, , ,true,632447.90
5c6215140a6eb100012abfc5,main-trial-23,d,d,true,632655.70
5c6215140a6eb100012abfc5,main-trial-23,r,r,true,632840.00
5c6215140a6eb100012abfc5,main-trial-23, , ,true,632999.80
5c6215140a6eb100012abfc5,main-trial-23,e,e,true,633120.90
5c6215140a6eb100012abfc5,main-trial-23,f,f,true,633328.20
5c6215140a6eb100012abfc5,main-trial-24,q,q,true,641199.80
5c6215140a6eb100012abfc5,main-trial-24,b,b,true,641431.70
5c6215140a6eb100012abfc5,main-trial-24,k,k,true,641671.90
5c6215140a6eb100012abfc5,main-trial-24,m,m,true,641879.70
5c6215140a6eb100012abfc5,main-trial-24,h,h,true,642151.80
5c6215140a6eb100012abfc5,main-trial-24, , ,true,642366.80
5c6215140a6eb100012abfc5,main-trial-24,c,c,true,642904.40
5c6215140a6eb100012abfc5,main-trial-24,v,v,true,643087.90
5c6215140a6eb100012abfc5,main-trial-24, , ,true,643239.90
5c6215140a6eb100012abfc5,main-trial-24,c,c,true,643367.80
5c6215140a6eb100012abfc5,main-trial-24,v,v,true,643887.70
5c6215140a6eb100012abfc5,main-trial-24, , ,true,644095.70
5c6215140a6eb100012abfc5,main-trial-24,c,c,true,644255.60
5c6215140a6eb100012abfc5,main-trial-24,v,v,true,644455.60
5c6215140a6eb100012abfc5,main-trial-24, , ,true,644655.90
5c6215140a6eb100012abfc5,main-trial-24,v,v,true,645225.30
5c6215140a6eb100012abfc5,main-trial-24,r,r,true,645409.80
5c6215140a6eb100012abfc5,main-trial-24,p,p,true,645959.70
5c6215140a6eb100012abfc5,main-trial-24,q,q,true,646255.70
5c6215140a6eb100012abfc5,main-trial-24,t,t,true,646479.70
5c6215140a6eb100012abfc5,main-trial-24, , ,true,646663.80
5c6215140a6eb100012abfc5,main-trial-24,c,c,true,647247.60
5c6215140a6eb100012abfc5,main-trial-24,r,r,true,647439.60
5c6215140a6eb100012abfc5,main-trial-24, , ,true,647959.50
5c6215140a6eb100012abfc5,main-trial-24,c,c,true,648119.70
5c6215140a6eb100012abfc5,main-trial-24,r,r,true,648327.70
5c6215140a6eb100012abfc5,main-trial-24, , ,true,648463.80
5c6215140a6eb100012abfc5,main-trial-24,c,c,true,648585.20
5c6215140a6eb100012abfc5,main-trial-24,r,r,true,648783.70
5c6215140a6eb100012abfc5,main-trial-24, , ,true,648954.30
5c6215140a6eb100012abfc5,main-trial-24,z,z,true,649687.70
5c6215140a6eb100012abfc5,main-trial-24,j,j,true,649983.80
5c6215140a6eb100012abfc5,main-trial-24,l,l,true,650751.70
5c6215140a6eb100012abfc5,main-trial-24,t,t,true,651079.70
5c6215140a6eb100012abfc5,main-trial-24,p,p,true,651255.60
5c6215140a6eb100012abfc5,main-trial-24, , ,true,651567.60
5c6215140a6eb100012abfc5,main-trial-24,c,c,true,652023.60
5c6215140a6eb100012abfc5,main-trial-24,v,v,true,652223.60
5c6215140a6eb100012abfc5,main-trial-24, , ,true,652407.60
5c6215140a6eb100012abfc5,main-trial-24,c,c,true,652543.80
5c6215140a6eb100012abfc5,main-trial-24,r,v,false,652735.80
5c6215140a6eb100012abfc5,main-trial-24,r, ,false,652911.60
5c6215140a6eb100012abfc5,main-trial-24,r,c,false,653104.10
5c6215140a6eb100012abfc5,main-trial-24,r,v,false,653327.90
5c6215140a6eb100012abfc5,main-trial-24,r,c,false,654743.70
5c6215140a6eb100012abfc5,main-trial-24,r,r,true,654959.60
5c6215140a6eb100012abfc5,main-trial-24, , ,true,655391.70
5c6215140a6eb100012abfc5,main-trial-24,c,c,true,655559.60
5c6215140a6eb100012abfc5,main-trial-24,v,v,true,655767.70
5c6215140a6eb100012abfc5,main-trial-24, , ,true,655911.80
5c6215140a6eb100012abfc5,main-trial-24,c,c,true,656031.80
5c6215140a6eb100012abfc5,main-trial-24,r,r,true,656223.50
5c6215140a6eb100012abfc5,main-trial-24, , ,true,656383.70
5c6215140a6eb100012abfc5,main-trial-24,c,c,true,656503.70
5c6215140a6eb100012abfc5,main-trial-24,v,v,true,656711.60
5c6215140a6eb100012abfc5,main-trial-24, , ,true,656895.60
5c6215140a6eb100012abfc5,main-trial-24,c,c,true,657023.70
5c6215140a6eb100012abfc5,main-trial-24,r,r,true,657246.50
5c6215140a6eb100012abfc5,main-trial-25,g,g,true,664591.70
5c6215140a6eb100012abfc5,main-trial-25,m,m,true,664759.90
5c6215140a6eb100012abfc5,main-trial-25,y,y,true,664886.90
5c6215140a6eb100012abfc5,main-trial-25,k,k,true,665743.80
5c6215140a6eb100012abfc5,main-trial-25,h,h,true,665935.70
5c6215140a6eb100012abfc5,main-trial-25, , ,true,666159.70
5c6215140a6eb100012abfc5,main-trial-25,w,w,true,666535.60
5c6215140a6eb100012abfc5,main-trial-25,f,f,true,666750.30
5c6215140a6eb100012abfc5,main-trial-25, , ,true,666918.40
5c6215140a6eb100012abfc5,main-trial-25,w,w,true,667030.40
5c6215140a6eb100012abfc5,main-trial-25,f,f,true,667230.40
5c6215140a6eb100012abfc5,main-trial-25, , ,true,667383.60
5c6215140a6eb100012abfc5,main-trial-25,w,w,true,667503.70
5c6215140a6eb100012abfc5,main-trial-25,f,f,true,667695.10
5c6215140a6eb100012abfc5,main-trial-25, , ,true,667871.60
5c6215140a6eb100012abfc5,main-trial-25,i,i,true,668159.70
5c6215140a6eb100012abfc5,main-trial-25,f,f,true,668407.00
5c6215140a6eb100012abfc5,main-trial-25,u,u,true,668631.70
5c6215140a6eb100012abfc5,main-trial-25,z,z,true,669438.30
5c6215140a6eb100012abfc5,main-trial-25,l,l,true,669606.30
5c6215140a6eb100012abfc5,main-trial-25, , ,true,669838.20
5c6215140a6eb100012abfc5,main-trial-25,s,s,true,670078.20
5c6215140a6eb100012abfc5,main-trial-25,r,r,true,670294.30
5c6215140a6eb100012abfc5,main-trial-25, , ,true,670463.50
5c6215140a6eb100012abfc5,main-trial-25,s,s,true,670583.60
5c6215140a6eb100012abfc5,main-trial-25,r,r,true,670767.60
5c6215140a6eb100012abfc5,main-trial-25, , ,true,670919.60
5c6215140a6eb100012abfc5,main-trial-25,s,s,true,671039.70
5c6215140a6eb100012abfc5,main-trial-25,r,r,true,671223.70
5c6215140a6eb100012abfc5,main-trial-25, , ,true,671383.70
5c6215140a6eb100012abfc5,main-trial-25,p,p,true,671711.60
5c6215140a6eb100012abfc5,main-trial-25,b,b,true,672278.30
5c6215140a6eb100012abfc5,main-trial-25,i,i,true,673200.20
5c6215140a6eb100012abfc5,main-trial-25,a,a,true,673391.80
5c6215140a6eb100012abfc5,main-trial-25,j,j,true,673543.70
5c6215140a6eb100012abfc5,main-trial-25, , ,true,673918.60
5c6215140a6eb100012abfc5,main-trial-25,w,w,true,674062.30
5c6215140a6eb100012abfc5,main-trial-25,f,f,true,674281.50
5c6215140a6eb100012abfc5,main-trial-25, , ,true,674447.60
5c6215140a6eb100012abfc5,main-trial-25,s,s,true,674871.50
5c6215140a6eb100012abfc5,main-trial-25,r,r,true,675967.60
5c6215140a6eb100012abfc5,main-trial-25, , ,true,676327.90
5c6215140a6eb100012abfc5,main-trial-25,w,w,true,676543.50
5c6215140a6eb100012abfc5,main-trial-25,f,f,true,676775.70
5c6215140a6eb100012abfc5,main-trial-25, , ,true,676967.70
5c6215140a6eb100012abfc5,main-trial-25,s,s,true,677199.70
5c6215140a6eb100012abfc5,main-trial-25,r,r,true,677367.60
5c6215140a6eb100012abfc5,main-trial-25, , ,true,677535.80
5c6215140a6eb100012abfc5,main-trial-25,w,w,true,677663.60
5c6215140a6eb100012abfc5,main-trial-25,f,f,true,677943.60
5c6215140a6eb100012abfc5,main-trial-25, , ,true,678121.40
5c6215140a6eb100012abfc5,main-trial-25,s,s,true,678455.80
5c6215140a6eb100012abfc5,main-trial-25,r,r,true,678679.70
5c6215140a6eb100012abfc5,main-trial-26,k,k,true,685439.80
5c6215140a6eb100012abfc5,main-trial-26,v,v,true,685671.50
5c6215140a6eb100012abfc5,main-trial-26,s,s,true,686063.80
5c6215140a6eb100012abfc5,main-trial-26,a,a,true,686271.70
5c6215140a6eb100012abfc5,main-trial-26,e,e,true,686479.70
5c6215140a6eb100012abfc5,main-trial-26, , ,true,686743.60
5c6215140a6eb100012abfc5,main-trial-26,f,f,true,686943.60
5c6215140a6eb100012abfc5,main-trial-26,r,r,true,687136.10
5c6215140a6eb100012abfc5,main-trial-26, , ,true,687279.70
5c6215140a6eb100012abfc5,main-trial-26,f,f,true,687402.30
5c6215140a6eb100012abfc5,main-trial-26,r,r,true,687569.30
5c6215140a6eb100012abfc5,main-trial-26, , ,true,687743.60
5c6215140a6eb100012abfc5,main-trial-26,f,f,true,687863.50
5c6215140a6eb100012abfc5,main-trial-26,r,r,true,688031.70
5c6215140a6eb100012abfc5,main-trial-26, , ,true,688208.60
5c6215140a6eb100012abfc5,main-trial-26,e,e,true,688335.70
5c6215140a6eb100012abfc5,main-trial-26,n,n,true,688487.60
5c6215140a6eb100012abfc5,main-trial-26,y,y,true,688672.00
5c6215140a6eb100012abfc5,main-trial-26,b,b,true,689478.50
5c6215140a6eb100012abfc5,main-trial-26,u,u,true,689655.70
5c6215140a6eb100012abfc5,main-trial-26, , ,true,689895.60
5c6215140a6eb100012abfc5,main-trial-26,f,d,false,690440.40
5c6215140a6eb100012abfc5,main-trial-26,f,f,true,690623.80
5c6215140a6eb100012abfc5,main-trial-26,d,f,false,691074.80
5c6215140a6eb100012abfc5,main-trial-26,d,d,true,691399.60
5c6215140a6eb100012abfc5,main-trial-26, , ,true,691823.40
5c6215140a6eb100012abfc5,main-trial-26,f,f,true,691967.60
5c6215140a6eb100012abfc5,main-trial-26,d,d,true,692159.70
5c6215140a6eb100012abfc5,main-trial-26, , ,true,692287.60
5c6215140a6eb100012abfc5,main-trial-26,f,f,true,692431.70
5c6215140a6eb100012abfc5,main-trial-26,d,d,true,692599.60
5c6215140a6eb100012abfc5,main-trial-26, , ,true,692751.70
5c6215140a6eb100012abfc5,main-trial-26,r,r,true,693015.80
5c6215140a6eb100012abfc5,main-trial-26,v,v,true,693271.50
5c6215140a6eb100012abfc5,main-trial-26,t,t,true,693487.60
5c6215140a6eb100012abfc5,main-trial-26,i,i,true,694455.90
5c6215140a6eb100012abfc5,main-trial-26,j,j,true,694639.60
5c6215140a6eb100012abfc5,main-trial-26, , ,true,694887.70
5c6215140a6eb100012abfc5,main-trial-26,f,f,true,695527.70
5c6215140a6eb100012abfc5,main-trial-26,r,r,true,695711.60
5c6215140a6eb100012abfc5,main-trial-26, , ,true,695905.00
5c6215140a6eb100012abfc5,main-trial-26,f,f,true,696807.70
5c6215140a6eb100012abfc5,main-trial-26,d,d,true,696983.60
5c6215140a6eb100012abfc5,main-trial-26, , ,true,697127.60
5c6215140a6eb100012abfc5,main-trial-26,f,f,true,697295.70
5c6215140a6eb100012abfc5,main-trial-26,r,r,true,697471.50
5c6215140a6eb100012abfc5,main-trial-26, , ,true,697631.70
5c6215140a6eb100012abfc5,main-trial-26,f,f,true,697807.60
5c6215140a6eb100012abfc5,main-trial-26,d,d,true,698007.70
5c6215140a6eb100012abfc5,main-trial-26, , ,true,698175.60
5c6215140a6eb100012abfc5,main-trial-26,f,f,true,698375.70
5c6215140a6eb100012abfc5,main-trial-26,r,r,true,698647.60
5c6215140a6eb100012abfc5,main-trial-26, , ,true,698911.40
5c6215140a6eb100012abfc5,main-trial-26,f,f,true,699079.60
5c6215140a6eb100012abfc5,main-trial-26,d,d,true,699271.60
5c6215140a6eb100012abfc5,main-trial-27,n,n,true,706095.80
5c6215140a6eb100012abfc5,main-trial-27,m,m,true,706296.10
5c6215140a6eb100012abfc5,main-trial-27,w,w,true,706463.70
5c6215140a6eb100012abfc5,main-trial-27,x,x,true,707031.50
5c6215140a6eb100012abfc5,main-trial-27,l,l,true,707175.40
5c6215140a6eb100012abfc5,main-trial-27, , ,true,707438.50
5c6215140a6eb100012abfc5,main-trial-27,d,d,true,707815.50
5c6215140a6eb100012abfc5,main-trial-27,s,s,true,707967.60
5c6215140a6eb100012abfc5,main-trial-27, , ,true,708119.40
5c6215140a6eb100012abfc5,main-trial-27,d,d,true,708249.60
5c6215140a6eb100012abfc5,main-trial-27,s,s,true,708388.00
5c6215140a6eb100012abfc5,main-trial-27, , ,true,708543.50
5c6215140a6eb100012abfc5,main-trial-27,d,d,true,708679.60
5c6215140a6eb100012abfc5,main-trial-27,s,s,true,708831.50
5c6215140a6eb100012abfc5,main-trial-27, , ,true,709031.60
5c6215140a6eb100012abfc5,main-trial-27,j,k,false,709486.50
5c6215140a6eb100012abfc5,main-trial-27,j,r,false,709647.50
5c6215140a6eb100012abfc5,main-trial-27,j,m,false,709831.50
5c6215140a6eb100012abfc5,main-trial-27,j,t,false,710279.40
5c6215140a6eb100012abfc5,main-trial-27,j,d,false,712591.50
5c6215140a6eb100012abfc5,main-trial-27,j, ,false,713112.70
5c6215140a6eb100012abfc5,main-trial-27,j,w,false,713225.50
5c6215140a6eb100012abfc5,main-trial-27,j,d,false,715494.30
5c6215140a6eb100012abfc5,main-trial-27,j,s,false,715742.20
5c6215140a6eb100012abfc5,main-trial-27,j,k,false,716696.00
5c6215140a6eb100012abfc5,main-trial-27,j,k,false,717150.70
5c6215140a6eb100012abfc5,main-trial-27,j, ,false,717451.20
5c6215140a6eb100012abfc5,main-trial-27,j,k,false,717663.50
5c6215140a6eb100012abfc5,main-trial-27,j,t,false,718007.50
5c6215140a6eb100012abfc5,main-trial-27,j,k,false,720199.70
5c6215140a6eb100012abfc5,main-trial-27,j,k,false,720399.50
5c6215140a6eb100012abfc5,main-trial-27,j,k,false,720583.60
5c6215140a6eb100012abfc5,main-trial-27,j,k,false,720799.40
5c6215140a6eb100012abfc5,main-trial-27,j,s,false,721239.50
5c6215140a6eb100012abfc5,main-trial-27,j,d,false,721455.50
5c6215140a6eb100012abfc5,main-trial-27,j,d,false,722607.60
5c6215140a6eb100012abfc5,main-trial-27,j,d,false,722775.60
5c6215140a6eb100012abfc5,main-trial-27,j,d,false,723631.60
5c6215140a6eb100012abfc5,main-trial-27,j,s,false,723799.50
5c6215140a6eb100012abfc5,main-trial-27,j, ,false,723991.40
5c6215140a6eb100012abfc5,main-trial-27,j,d,false,724105.60
5c6215140a6eb100012abfc5,main-trial-27,j,s,false,724271.50
5c6215140a6eb100012abfc5,main-trial-27,j, ,false,724423.50
5c6215140a6eb100012abfc5,main-trial-27,j,k,false,724935.50
5c6215140a6eb100012abfc5,main-trial-27,j,r,false,725055.50
5c6215140a6eb100012abfc5,main-trial-27,j,m,false,725182.40
5c6215140a6eb100012abfc5,main-trial-27,j,t,false,725558.90
5c6215140a6eb100012abfc5,main-trial-27,j,d,false,725975.50
5c6215140a6eb100012abfc5,main-trial-27,j,n,false,731190.20
5c6215140a6eb100012abfc5,main-trial-27,j,m,false,731495.50
5c6215140a6eb100012abfc5,main-trial-27,j,w,false,731823.40
5c6215140a6eb100012abfc5,main-trial-27,j,x,false,732191.40
5c6215140a6eb100012abfc5,main-trial-27,j,l,false,732463.40
5c6215140a6eb100012abfc5,main-trial-27,j, ,false,732743.40
5c6215140a6eb100012abfc5,main-trial-27,j,d,false,732888.00
5c6215140a6eb100012abfc5,main-trial-27,j,s,false,733118.20
5c6215140a6eb100012abfc5,main-trial-27,j, ,false,733286.10
5c6215140a6eb100012abfc5,main-trial-27,j,d,false,733414.10
5c6215140a6eb100012abfc5,main-trial-27,j,s,false,733614.10
5c6215140a6eb100012abfc5,main-trial-27,j, ,false,733814.20
5c6215140a6eb100012abfc5,main-trial-27,j,d,false,733966.20
5c6215140a6eb100012abfc5,main-trial-27,j,s,false,734167.80
5c6215140a6eb100012abfc5,main-trial-27,j, ,false,734343.40
5c6215140a6eb100012abfc5,main-trial-27,j,k,false,734833.70
5c6215140a6eb100012abfc5,main-trial-27,j,j,true,735527.50
5c6215140a6eb100012abfc5,main-trial-27,r,r,true,736239.80
5c6215140a6eb100012abfc5,main-trial-27,m,m,true,736607.40
5c6215140a6eb100012abfc5,main-trial-27,t,t,true,737127.40
5c6215140a6eb100012abfc5,main-trial-27,d,d,true,737383.50
5c6215140a6eb100012abfc5,main-trial-27, , ,true,737751.50
5c6215140a6eb100012abfc5,main-trial-27,w,w,true,738039.40
5c6215140a6eb100012abfc5,main-trial-27,d,d,true,738303.40
5c6215140a6eb100012abfc5,main-trial-27, , ,true,738543.50
5c6215140a6eb100012abfc5,main-trial-27,w,w,true,738665.20
5c6215140a6eb100012abfc5,main-trial-27,d,d,true,738879.50
5c6215140a6eb100012abfc5,main-trial-27, , ,true,739023.50
5c6215140a6eb100012abfc5,main-trial-27,w,w,true,739167.70
5c6215140a6eb100012abfc5,main-trial-27,d,d,true,739391.50
5c6215140a6eb100012abfc5,main-trial-27, , ,true,739520.80
5c6215140a6eb100012abfc5,main-trial-27,t,t,true,740041.40
5c6215140a6eb100012abfc5,main-trial-27,e,e,true,740271.40
5c6215140a6eb100012abfc5,main-trial-27,z,z,true,742351.40
5c6215140a6eb100012abfc5,main-trial-27,s,s,true,742575.90
5c6215140a6eb100012abfc5,main-trial-27,x,x,true,742810.10
5c6215140a6eb100012abfc5,main-trial-27, , ,true,743063.50
5c6215140a6eb100012abfc5,main-trial-27,d,d,true,743399.50
5c6215140a6eb100012abfc5,main-trial-27,s,s,true,743607.30
5c6215140a6eb100012abfc5,main-trial-27, , ,true,743775.50
5c6215140a6eb100012abfc5,main-trial-27,w,w,true,744231.50
5c6215140a6eb100012abfc5,main-trial-27,d,d,true,744447.50
5c6215140a6eb100012abfc5,main-trial-27, , ,true,744624.40
5c6215140a6eb100012abfc5,main-trial-27,d,d,true,744935.40
5c6215140a6eb100012abfc5,main-trial-27,s,s,true,745135.40
5c6215140a6eb100012abfc5,main-trial-27, , ,true,745311.30
5c6215140a6eb100012abfc5,main-trial-27,w,w,true,745519.40
5c6215140a6eb100012abfc5,main-trial-27,d,d,true,745711.70
5c6215140a6eb100012abfc5,main-trial-27, , ,true,745879.50
5c6215140a6eb100012abfc5,main-trial-27,d,d,true,746063.90
5c6215140a6eb100012abfc5,main-trial-27,s,s,true,746287.80
5c6215140a6eb100012abfc5,main-trial-27, , ,true,746479.30
5c6215140a6eb100012abfc5,main-trial-27,w,w,true,746607.50
5c6215140a6eb100012abfc5,main-trial-27,d,d,true,746799.30
