user_id,trialId,expectedKey,typedKey,isCorrect,keydownTime
unknown,intro-trial-1,b,b,true,203598.00
unknown,intro-trial-1, , ,true,203769.00
unknown,intro-trial-1,f,f,true,204021.00
unknown,intro-trial-1,r,r,true,204223.00
unknown,intro-trial-1, , ,true,204371.00
unknown,intro-trial-1,f,f,true,204555.00
unknown,intro-trial-1,r,r,true,204737.00
unknown,intro-trial-1, , ,true,204852.00
unknown,intro-trial-1,n,n,true,205075.00
unknown,intro-trial-1, , ,true,205230.00
unknown,intro-trial-1,v,v,true,205397.00
unknown,intro-trial-1,r,t,false,205704.00
unknown,intro-trial-1,r,r,true,206283.00
unknown,intro-trial-1, , ,true,206456.00
unknown,intro-trial-1,v,v,true,207114.00
unknown,intro-trial-1,r,r,true,207322.00
unknown,intro-trial-1, , ,true,207502.00
unknown,intro-trial-1,f,f,true,208024.00
unknown,intro-trial-1, , ,true,208170.00
unknown,intro-trial-1,f,f,true,208361.00
unknown,intro-trial-1,r,r,true,208597.00
unknown,intro-trial-1, , ,true,208759.00
unknown,intro-trial-1,v,v,true,209244.00
unknown,intro-trial-1,r,r,true,209455.00
unknown,intro-trial-1, , ,true,209628.00
unknown,intro-trial-1,f,f,true,210033.00
unknown,intro-trial-1,r,r,true,210720.00
unknown,intro-trial-1, , ,true,210900.00
unknown,intro-trial-1,v,v,true,211515.00
unknown,intro-trial-1,r,r,true,211705.00
unknown,main-trial-1,n,n,true,265268.00
unknown,main-trial-1, , ,true,265507.00
unknown,main-trial-1,d,d,true,265923.00
unknown,main-trial-1,v,v,true,266147.00
unknown,main-trial-1, , ,true,266394.00
unknown,main-trial-1,d,d,true,266568.00
unknown,main-trial-1,v,v,true,266708.00
unknown,main-trial-1, , ,true,266870.00
unknown,main-trial-1,a,a,true,267050.00
unknown,main-trial-1, , ,true,267282.00
unknown,main-trial-1,a,a,true,267575.00
unknown,main-trial-1,r,r,true,267820.00
unknown,main-trial-1, , ,true,268041.00
unknown,main-trial-1,a,a,true,268674.00
unknown,main-trial-1,r,r,true,269082.00
unknown,main-trial-1, , ,true,269232.00
unknown,main-trial-1,k,k,true,270146.00
unknown,main-trial-1, , ,true,270568.00
unknown,main-trial-1,d,d,true,270864.00
unknown,main-trial-1,v,v,true,271042.00
unknown,main-trial-1, , ,true,271208.00
unknown,main-trial-1,a,a,true,271651.00
unknown,main-trial-1,r,r,true,271896.00
unknown,main-trial-1, , ,true,272106.00
unknown,main-trial-1,d,d,true,272600.00
unknown,main-trial-1,v,v,true,272759.00
unknown,main-trial-1, , ,true,273084.00
unknown,main-trial-1,a,a,true,273521.00
unknown,main-trial-1,r,r,true,273717.00
unknown,main-trial-2,n,n,true,307309.00
unknown,main-trial-2, , ,true,307467.00
unknown,main-trial-2,e,e,true,307927.00
unknown,main-trial-2,d,d,true,308129.00
unknown,main-trial-2, , ,true,308350.00
unknown,main-trial-2,e,e,true,308791.00
unknown,main-trial-2,d,d,true,308969.00
unknown,main-trial-2, , ,true,309119.00
unknown,main-trial-2,l,;,false,309747.00
unknown,main-trial-2,l, ,false,310055.00
unknown,main-trial-2,l,w,false,311084.00
unknown,main-trial-2,l,f,false,311911.00
unknown,main-trial-2,l,l,true,314742.00
unknown,main-trial-2, , ,true,315375.00
unknown,main-trial-2,w,w,true,315931.00
unknown,main-trial-2,f,f,true,316198.00
unknown,main-trial-2, , ,true,316452.00
unknown,main-trial-2,w,w,true,316835.00
unknown,main-trial-2,f,f,true,316976.00
unknown,main-trial-2, , ,true,317114.00
unknown,main-trial-2,z,z,true,318560.00
unknown,main-trial-2, , ,true,318896.00
unknown,main-trial-2,e,e,true,319296.00
unknown,main-trial-2,d,d,true,319504.00
unknown,main-trial-2, , ,true,319634.00
unknown,main-trial-2,w,w,true,320036.00
unknown,main-trial-2,f,f,true,320213.00
unknown,main-trial-2, , ,true,320379.00
unknown,main-trial-2,e,e,true,320572.00
unknown,main-trial-2,d,d,true,320783.00
unknown,main-trial-2, , ,true,320907.00
unknown,main-trial-2,w,w,true,321099.00
unknown,main-trial-2,f,f,true,321331.00
unknown,main-trial-3,r,r,true,360256.00
unknown,main-trial-3, , ,true,360726.00
unknown,main-trial-3,e,e,true,360976.00
unknown,main-trial-3,r,r,true,361122.00
unknown,main-trial-3, , ,true,361262.00
unknown,main-trial-3,e,e,true,361477.00
unknown,main-trial-3,r,r,true,361581.00
unknown,main-trial-3, , ,true,361756.00
unknown,main-trial-3,t,t,true,362405.00
unknown,main-trial-3, , ,true,362560.00
unknown,main-trial-3,s,s,true,363082.00
unknown,main-trial-3,f,f,true,363640.00
unknown,main-trial-3, , ,true,363818.00
unknown,main-trial-3,s,s,true,364821.00
unknown,main-trial-3,f,f,true,364951.00
unknown,main-trial-3, ,f,false,365087.00
unknown,main-trial-3, , ,true,365405.00
unknown,main-trial-3,j,j,true,366083.00
unknown,main-trial-3, , ,true,366385.00
unknown,main-trial-3,e,e,true,366728.00
unknown,main-trial-3,r,r,true,366892.00
unknown,main-trial-3, , ,true,367034.00
unknown,main-trial-3,s,s,true,367194.00
unknown,main-trial-3,f,f,true,367364.00
unknown,main-trial-3, , ,true,367520.00
unknown,main-trial-3,e,e,true,367959.00
unknown,main-trial-3,r,r,true,368119.00
unknown,main-trial-3, , ,true,368340.00
unknown,main-trial-3,s,s,true,368591.00
unknown,main-trial-3,f,f,true,368809.00
unknown,main-trial-4,k,k,true,393812.00
unknown,main-trial-4, , ,true,394257.00
unknown,main-trial-4,r,r,true,394461.00
unknown,main-trial-4,e,e,true,394612.00
unknown,main-trial-4, , ,true,394906.00
unknown,main-trial-4,r,r,true,395129.00
unknown,main-trial-4,e,e,true,395280.00
unknown,main-trial-4, , ,true,395491.00
unknown,main-trial-4,c,c,true,395982.00
unknown,main-trial-4, , ,true,396187.00
unknown,main-trial-4,f,f,true,396571.00
unknown,main-trial-4,s,s,true,396732.00
unknown,main-trial-4, , ,true,397056.00
unknown,main-trial-4,f,f,true,397246.00
unknown,main-trial-4,s,s,true,397388.00
unknown,main-trial-4, , ,true,397535.00
unknown,main-trial-4,s,s,true,397884.00
unknown,main-trial-4, , ,true,398072.00
unknown,main-trial-4,r,r,true,398371.00
unknown,main-trial-4,e,e,true,398528.00
unknown,main-trial-4, , ,true,398691.00
unknown,main-trial-4,f,f,true,398937.00
unknown,main-trial-4,s,s,true,399114.00
unknown,main-trial-4, , ,true,399279.00
unknown,main-trial-4,r,r,true,399574.00
unknown,main-trial-4,e,e,true,399760.00
unknown,main-trial-4, , ,true,399902.00
unknown,main-trial-4,f,f,true,400083.00
unknown,main-trial-4,s,s,true,400228.00
unknown,main-trial-5,s,s,true,419276.00
unknown,main-trial-5, ,w,false,420045.00
unknown,main-trial-5, , ,true,420608.00
unknown,main-trial-5,w,w,true,420943.00
unknown,main-trial-5,f,f,true,421096.00
unknown,main-trial-5, , ,true,421379.00
unknown,main-trial-5,w,w,true,421594.00
unknown,main-trial-5,f,f,true,421749.00
unknown,main-trial-5, , ,true,421879.00
unknown,main-trial-5,v,v,true,422696.00
unknown,main-trial-5, , ,true,423107.00
unknown,main-trial-5,e,e,true,423303.00
unknown,main-trial-5,d,d,true,423512.00
unknown,main-trial-5, , ,true,423670.00
unknown,main-trial-5,e,e,true,423916.00
unknown,main-trial-5,d,d,true,424114.00
unknown,main-trial-5, , ,true,424249.00
unknown,main-trial-5,d,d,true,424452.00
unknown,main-trial-5, , ,true,424638.00
unknown,main-trial-5,w,w,true,424901.00
unknown,main-trial-5,f,f,true,425104.00
unknown,main-trial-5, , ,true,425558.00
unknown,main-trial-5,e,e,true,425724.00
unknown,main-trial-5,d,d,true,425903.00
unknown,main-trial-5, , ,true,426060.00
unknown,main-trial-5,w,w,true,426230.00
unknown,main-trial-5,f,f,true,426402.00
unknown,main-trial-5, , ,true,426554.00
unknown,main-trial-5,e,e,true,426754.00
unknown,main-trial-5,d,d,true,426950.00
unknown,main-trial-6,c,c,true,460698.00
unknown,main-trial-6, , ,true,460990.00
unknown,main-trial-6,w,w,true,461219.00
unknown,main-trial-6,e,e,true,461370.00
unknown,main-trial-6, , ,true,461540.00
unknown,main-trial-6,w,w,true,461754.00
unknown,main-trial-6,e,e,true,461876.00
unknown,main-trial-6, , ,true,462078.00
unknown,main-trial-6,t,t,true,462544.00
unknown,main-trial-6, , ,true,462691.00
unknown,main-trial-6,e,e,true,462896.00
unknown,main-trial-6,f,f,true,463045.00
unknown,main-trial-6, , ,true,463206.00
unknown,main-trial-6,e,e,true,463422.00
unknown,main-trial-6,f,f,true,463549.00
unknown,main-trial-6, , ,true,463702.00
unknown,main-trial-6,o,o,true,464167.00
unknown,main-trial-6, , ,true,464512.00
unknown,main-trial-6,w,w,true,465009.00
unknown,main-trial-6,e,e,true,465144.00
unknown,main-trial-6, , ,true,465381.00
unknown,main-trial-6,e,e,true,465603.00
unknown,main-trial-6,f,f,true,465739.00
unknown,main-trial-6, , ,true,465919.00
unknown,main-trial-6,w,w,true,466467.00
unknown,main-trial-6,e,e,true,466574.00
unknown,main-trial-6, , ,true,466731.00
unknown,main-trial-6,e,e,true,466922.00
unknown,main-trial-6,f,f,true,467052.00
unknown,main-trial-7,g,g,true,498232.00
unknown,main-trial-7, , ,true,499187.00
unknown,main-trial-7,d,d,true,499350.00
unknown,main-trial-7,e,e,true,499537.00
unknown,main-trial-7, , ,true,499721.00
unknown,main-trial-7,d,d,true,499869.00
unknown,main-trial-7,e,e,true,500055.00
unknown,main-trial-7, , ,true,500174.00
unknown,main-trial-7,m,m,true,500469.00
unknown,main-trial-7, , ,true,500857.00
unknown,main-trial-7,f,f,true,501113.00
unknown,main-trial-7,r,r,true,501317.00
unknown,main-trial-7, , ,true,501521.00
unknown,main-trial-7,f,f,true,501860.00
unknown,main-trial-7,r,r,true,502077.00
unknown,main-trial-7, , ,true,502283.00
unknown,main-trial-7,l,l,true,503435.00
unknown,main-trial-7, , ,true,503945.00
unknown,main-trial-7,d,d,true,504115.00
unknown,main-trial-7,e,e,true,504320.00
unknown,main-trial-7, , ,true,504456.00
unknown,main-trial-7,f,f,true,504870.00
unknown,main-trial-7,r,r,true,505087.00
unknown,main-trial-7, , ,true,505348.00
unknown,main-trial-7,d,d,true,505714.00
unknown,main-trial-7,e,e,true,505934.00
unknown,main-trial-7, , ,true,506053.00
unknown,main-trial-7,f,f,true,506247.00
unknown,main-trial-7,r,r,true,506453.00
unknown,main-trial-8,s,s,true,523324.00
unknown,main-trial-8, , ,true,523513.00
unknown,main-trial-8,f,f,true,523723.00
unknown,main-trial-8,s,s,true,523878.00
unknown,main-trial-8, , ,true,524034.00
unknown,main-trial-8,f,f,true,524227.00
unknown,main-trial-8,s,s,true,524393.00
unknown,main-trial-8, , ,true,524539.00
unknown,main-trial-8,t,t,true,525018.00
unknown,main-trial-8, , ,true,525172.00
unknown,main-trial-8,r,r,true,525499.00
unknown,main-trial-8,e,e,true,525655.00
unknown,main-trial-8, , ,true,525831.00
unknown,main-trial-8,r,r,true,525998.00
unknown,main-trial-8,e,e,true,526155.00
unknown,main-trial-8, , ,true,526326.00
unknown,main-trial-8,p,p,true,527238.00
unknown,main-trial-8, , ,true,527730.00
unknown,main-trial-8,f,f,true,527978.00
unknown,main-trial-8,s,s,true,528701.00
unknown,main-trial-8, , ,true,528945.00
unknown,main-trial-8,r,r,true,529693.00
unknown,main-trial-8,e,e,true,529865.00
unknown,main-trial-8, , ,true,530015.00
unknown,main-trial-8,f,f,true,530193.00
unknown,main-trial-8,s,s,true,530342.00
unknown,main-trial-8, , ,true,530514.00
unknown,main-trial-8,r,r,true,530734.00
unknown,main-trial-8,e,e,true,530896.00
unknown,main-trial-9,o,o,true,560580.00
unknown,main-trial-9, , ,true,560874.00
unknown,main-trial-9,q,q,true,561213.00
unknown,main-trial-9,e,e,true,561434.00
unknown,main-trial-9, , ,true,561643.00
unknown,main-trial-9,q,q,true,561868.00
unknown,main-trial-9,e,e,true,562056.00
unknown,main-trial-9, , ,true,562234.00
unknown,main-trial-9,i,i,true,562946.00
unknown,main-trial-9, , ,true,563178.00
unknown,main-trial-9,e,e,true,563742.00
unknown,main-trial-9,w,w,true,563929.00
unknown,main-trial-9, , ,true,564276.00
unknown,main-trial-9,e,e,true,564421.00
unknown,main-trial-9,w,w,true,564598.00
unknown,main-trial-9, , ,true,564790.00
unknown,main-trial-9,s,s,true,565015.00
unknown,main-trial-9, , ,true,565183.00
unknown,main-trial-9,q,q,true,565638.00
unknown,main-trial-9,e,e,true,565849.00
unknown,main-trial-9, , ,true,566144.00
unknown,main-trial-9,e,e,true,566714.00
unknown,main-trial-9,w,w,true,566893.00
unknown,main-trial-9, , ,true,567255.00
unknown,main-trial-9,q,q,true,567810.00
unknown,main-trial-9,e,e,true,568034.00
unknown,main-trial-9, , ,true,568484.00
unknown,main-trial-9,e,e,true,568946.00
unknown,main-trial-9,w,w,true,569127.00
unknown,main-trial-10,k,k,true,584306.00
unknown,main-trial-10, , ,true,584529.00
unknown,main-trial-10,e,e,true,584878.00
unknown,main-trial-10,f,f,true,585034.00
unknown,main-trial-10, , ,true,585179.00
unknown,main-trial-10,e,e,true,585343.00
unknown,main-trial-10,f,f,true,585480.00
unknown,main-trial-10, , ,true,585626.00
unknown,main-trial-10,j,j,true,586370.00
unknown,main-trial-10, , ,true,586637.00
unknown,main-trial-10,d,d,true,586955.00
unknown,main-trial-10,s,s,true,587117.00
unknown,main-trial-10, , ,true,587329.00
unknown,main-trial-10,d,d,true,587544.00
unknown,main-trial-10,s,s,true,587735.00
unknown,main-trial-10, , ,true,587930.00
unknown,main-trial-10,b,b,true,588654.00
unknown,main-trial-10, , ,true,588820.00
unknown,main-trial-10,e,e,true,589626.00
unknown,main-trial-10,f,f,true,589756.00
unknown,main-trial-10, , ,true,589908.00
unknown,main-trial-10,d,d,true,590436.00
unknown,main-trial-10,s,s,true,590576.00
unknown,main-trial-10, , ,true,590751.00
unknown,main-trial-10,e,e,true,590870.00
unknown,main-trial-10,f,f,true,590992.00
unknown,main-trial-10, , ,true,591148.00
unknown,main-trial-10,d,d,true,591293.00
unknown,main-trial-10,s,s,true,591459.00
unknown,main-trial-11,t,t,true,612741.00
unknown,main-trial-11, , ,true,613085.00
unknown,main-trial-11,f,f,true,613782.00
unknown,main-trial-11,a,a,true,613943.00
unknown,main-trial-11, , ,true,614131.00
unknown,main-trial-11,f,f,true,614397.00
unknown,main-trial-11,a,a,true,614548.00
unknown,main-trial-11, , ,true,614716.00
unknown,main-trial-11,i,i,true,614967.00
unknown,main-trial-11, , ,true,615120.00
unknown,main-trial-11,r,r,true,615305.00
unknown,main-trial-11,e,e,true,615432.00
unknown,main-trial-11, , ,true,615607.00
unknown,main-trial-11,r,r,true,615788.00
unknown,main-trial-11,e,e,true,615916.00
unknown,main-trial-11, , ,true,616083.00
unknown,main-trial-11,g,g,true,616577.00
unknown,main-trial-11, , ,true,616713.00
unknown,main-trial-11,f,f,true,616953.00
unknown,main-trial-11,a,a,true,617110.00
unknown,main-trial-11, , ,true,617269.00
unknown,main-trial-11,r,r,true,617493.00
unknown,main-trial-11,e,e,true,617656.00
unknown,main-trial-11, , ,true,617832.00
unknown,main-trial-11,f,f,true,618009.00
unknown,main-trial-11,a,a,true,618207.00
unknown,main-trial-11, , ,true,618367.00
unknown,main-trial-11,r,r,true,618522.00
unknown,main-trial-11,e,e,true,618649.00
unknown,main-trial-12,i,i,true,642854.00
unknown,main-trial-12, , ,true,643093.00
unknown,main-trial-12,e,e,true,643279.00
unknown,main-trial-12,w,w,true,643461.00
unknown,main-trial-12, , ,true,643655.00
unknown,main-trial-12,e,e,true,643829.00
unknown,main-trial-12,w,w,true,643982.00
unknown,main-trial-12, , ,true,644158.00
unknown,main-trial-12,k,k,true,644901.00
unknown,main-trial-12, , ,true,645486.00
unknown,main-trial-12,f,f,true,646009.00
unknown,main-trial-12,v,v,true,646207.00
unknown,main-trial-12, , ,true,646476.00
unknown,main-trial-12,f,f,true,646681.00
unknown,main-trial-12,v,v,true,646875.00
unknown,main-trial-12, , ,true,647006.00
unknown,main-trial-12,g,g,true,647606.00
unknown,main-trial-12, , ,true,647727.00
unknown,main-trial-12,e,e,true,647921.00
unknown,main-trial-12,w,w,true,648104.00
unknown,main-trial-12, , ,true,648275.00
unknown,main-trial-12,f,f,true,648948.00
unknown,main-trial-12,v,v,true,649130.00
unknown,main-trial-12, , ,true,649376.00
unknown,main-trial-12,e,e,true,650023.00
unknown,main-trial-12,w,w,true,650169.00
unknown,main-trial-12, , ,true,650337.00
unknown,main-trial-12,f,f,true,650777.00
unknown,main-trial-12,v,v,true,650977.00
unknown,main-trial-13,c,c,true,667544.00
unknown,main-trial-13, , ,true,668095.00
unknown,main-trial-13,f,f,true,668352.00
unknown,main-trial-13,r,r,true,668572.00
unknown,main-trial-13, , ,true,668767.00
unknown,main-trial-13,f,f,true,668904.00
unknown,main-trial-13,r,r,true,669084.00
unknown,main-trial-13, , ,true,669231.00
unknown,main-trial-13,s,s,true,669416.00
unknown,main-trial-13, , ,true,669580.00
unknown,main-trial-13,w,w,true,669771.00
unknown,main-trial-13,d,d,true,670012.00
unknown,main-trial-13, , ,true,670216.00
unknown,main-trial-13,w,w,true,670396.00
unknown,main-trial-13,d,d,true,670536.00
unknown,main-trial-13, , ,true,670744.00
unknown,main-trial-13,f,f,true,671024.00
unknown,main-trial-13, , ,true,671251.00
unknown,main-trial-13,f,f,true,671605.00
unknown,main-trial-13,r,r,true,671802.00
unknown,main-trial-13, , ,true,672112.00
unknown,main-trial-13,w,w,true,672302.00
unknown,main-trial-13,d,d,true,672486.00
unknown,main-trial-13, , ,true,672686.00
unknown,main-trial-13,f,f,true,672863.00
unknown,main-trial-13,r,r,true,673055.00
unknown,main-trial-13, , ,true,673205.00
unknown,main-trial-13,w,w,true,673350.00
unknown,main-trial-13,d,d,true,673521.00
unknown,main-trial-14,o,o,true,701436.00
unknown,main-trial-14, , ,true,701697.00
unknown,main-trial-14,w,w,true,702162.00
unknown,main-trial-14,f,f,true,702329.00
unknown,main-trial-14, , ,true,702563.00
unknown,main-trial-14,w,w,true,702715.00
unknown,main-trial-14,f,f,true,702849.00
unknown,main-trial-14, , ,true,702990.00
unknown,main-trial-14,z,z,true,704077.00
unknown,main-trial-14, , ,true,704378.00
unknown,main-trial-14,s,s,true,704827.00
unknown,main-trial-14,e,e,true,705021.00
unknown,main-trial-14, , ,true,705205.00
unknown,main-trial-14,s,s,true,705560.00
unknown,main-trial-14,e,e,true,705702.00
unknown,main-trial-14, , ,true,705886.00
unknown,main-trial-14,i,i,true,706115.00
unknown,main-trial-14, , ,true,706366.00
unknown,main-trial-14,w,w,true,706522.00
unknown,main-trial-14,f,f,true,706999.00
unknown,main-trial-14, , ,true,707117.00
unknown,main-trial-14,s,s,true,707691.00
unknown,main-trial-14,e,e,true,707825.00
unknown,main-trial-14, , ,true,708027.00
unknown,main-trial-14,w,w,true,708553.00
unknown,main-trial-14,f,f,true,708705.00
unknown,main-trial-14, , ,true,708916.00
unknown,main-trial-14,s,s,true,709230.00
unknown,main-trial-14,e,e,true,709401.00
unknown,main-trial-15,s,s,true,745187.00
unknown,main-trial-15, , ,true,745359.00
unknown,main-trial-15,f,f,true,745560.00
unknown,main-trial-15,f,f,true,745715.00
unknown,main-trial-15, , ,true,745862.00
unknown,main-trial-15,f,f,true,746085.00
unknown,main-trial-15,f,f,true,746224.00
unknown,main-trial-15, , ,true,746406.00
unknown,main-trial-15,m,m,true,746618.00
unknown,main-trial-15, , ,true,746778.00
unknown,main-trial-15,a,a,true,747043.00
unknown,main-trial-15,a,a,true,747215.00
unknown,main-trial-15, , ,true,747507.00
unknown,main-trial-15,a,a,true,747671.00
unknown,main-trial-15,a,a,true,747842.00
unknown,main-trial-15, , ,true,747973.00
unknown,main-trial-15,h,h,true,748427.00
unknown,main-trial-15, , ,true,748556.00
unknown,main-trial-15,f,f,true,748746.00
unknown,main-trial-15,f,f,true,748888.00
unknown,main-trial-15, , ,true,749076.00
unknown,main-trial-15,a,a,true,749244.00
unknown,main-trial-15,a,a,true,749417.00
unknown,main-trial-15, , ,true,749557.00
unknown,main-trial-15,f,f,true,749715.00
unknown,main-trial-15,f,f,true,749855.00
unknown,main-trial-15, , ,true,750042.00
unknown,main-trial-15,a,a,true,750196.00
unknown,main-trial-15,a,a,true,750328.00
unknown,main-trial-16,c,c,true,766007.00
unknown,main-trial-16, , ,true,766195.00
unknown,main-trial-16,v,v,true,766621.00
unknown,main-trial-16,v,v,true,766764.00
unknown,main-trial-16, , ,true,766913.00
unknown,main-trial-16,v,v,true,767126.00
unknown,main-trial-16,v,v,true,767274.00
unknown,main-trial-16, , ,true,767443.00
unknown,main-trial-16,v,v,true,767782.00
unknown,main-trial-16, , ,true,767959.00
unknown,main-trial-16,s,s,true,768313.00
unknown,main-trial-16,s,s,true,768482.00
unknown,main-trial-16, , ,true,768661.00
unknown,main-trial-16,s,s,true,768865.00
unknown,main-trial-16,s,s,true,769019.00
unknown,main-trial-16, , ,true,769177.00
unknown,main-trial-16,w,w,true,769746.00
unknown,main-trial-16, , ,true,769986.00
unknown,main-trial-16,v,v,true,770458.00
unknown,main-trial-16,v,v,true,770620.00
unknown,main-trial-16, , ,true,770743.00
unknown,main-trial-16,s,s,true,770949.00
unknown,main-trial-16,s,s,true,771126.00
unknown,main-trial-16, , ,true,771309.00
unknown,main-trial-16,v,v,true,771652.00
unknown,main-trial-16,v,v,true,771783.00
unknown,main-trial-16, , ,true,771998.00
unknown,main-trial-16,s,s,true,772175.00
unknown,main-trial-16,s,s,true,772692.00
unknown,main-trial-17,e,e,true,785522.00
unknown,main-trial-17, , ,true,785742.00
unknown,main-trial-17,d,d,true,786340.00
unknown,main-trial-17,r,r,true,786578.00
unknown,main-trial-17, , ,true,786786.00
unknown,main-trial-17,d,d,true,786966.00
unknown,main-trial-17,r,r,true,787184.00
unknown,main-trial-17, , ,true,787334.00
unknown,main-trial-17,l,l,true,788257.00
unknown,main-trial-17, , ,true,788459.00
unknown,main-trial-17,w,w,true,788689.00
unknown,main-trial-17,d,d,true,788863.00
unknown,main-trial-17, , ,true,789012.00
unknown,main-trial-17,w,w,true,789176.00
unknown,main-trial-17,d,d,true,789295.00
unknown,main-trial-17, , ,true,789533.00
unknown,main-trial-17,l,l,true,789711.00
unknown,main-trial-17, , ,true,789866.00
unknown,main-trial-17,d,d,true,790020.00
unknown,main-trial-17,r,r,true,790242.00
unknown,main-trial-17, , ,true,790377.00
unknown,main-trial-17,w,w,true,790636.00
unknown,main-trial-17,d,d,true,790830.00
unknown,main-trial-17, , ,true,790961.00
unknown,main-trial-17,d,d,true,791140.00
unknown,main-trial-17,r,r,true,791297.00
unknown,main-trial-17, , ,true,791458.00
unknown,main-trial-17,w,w,true,791606.00
unknown,main-trial-17,d,d,true,791745.00
unknown,main-trial-18,y,y,true,816975.00
unknown,main-trial-18, , ,true,817731.00
unknown,main-trial-18,w,w,true,817911.00
unknown,main-trial-18,r,r,true,818129.00
unknown,main-trial-18, , ,true,818267.00
unknown,main-trial-18,w,w,true,818455.00
unknown,main-trial-18,r,r,true,818584.00
unknown,main-trial-18, , ,true,818753.00
unknown,main-trial-18,i,i,true,819130.00
unknown,main-trial-18, , ,true,819326.00
unknown,main-trial-18,s,s,true,820149.00
unknown,main-trial-18,a,a,true,820309.00
unknown,main-trial-18, , ,true,820531.00
unknown,main-trial-18,s,s,true,820705.00
unknown,main-trial-18,a,a,true,820875.00
unknown,main-trial-18, , ,true,821053.00
unknown,main-trial-18,k,k,true,821232.00
unknown,main-trial-18, , ,true,821378.00
unknown,main-trial-18,w,w,true,821568.00
unknown,main-trial-18,r,r,true,822019.00
unknown,main-trial-18, , ,true,822148.00
unknown,main-trial-18,s,s,true,822388.00
unknown,main-trial-18,a,a,true,822590.00
unknown,main-trial-18, , ,true,822760.00
unknown,main-trial-18,w,w,true,822946.00
unknown,main-trial-18,r,r,true,823183.00
unknown,main-trial-18, , ,true,823622.00
unknown,main-trial-18,s,s,true,823852.00
unknown,main-trial-18,a,a,true,824027.00
unknown,main-trial-19,p,p,true,839596.00
unknown,main-trial-19, , ,true,839817.00
unknown,main-trial-19,a,a,true,840068.00
unknown,main-trial-19,s,s,true,840296.00
unknown,main-trial-19, , ,true,840508.00
unknown,main-trial-19,a,a,true,840715.00
unknown,main-trial-19,s,s,true,840919.00
unknown,main-trial-19, , ,true,841209.00
unknown,main-trial-19,h,h,true,841589.00
unknown,main-trial-19, , ,true,841820.00
unknown,main-trial-19,f,f,true,842346.00
unknown,main-trial-19,s,s,true,842895.00
unknown,main-trial-19, , ,true,843177.00
unknown,main-trial-19,f,f,true,843383.00
unknown,main-trial-19,s,s,true,843545.00
unknown,main-trial-19, , ,true,843753.00
unknown,main-trial-19,g,g,true,844183.00
unknown,main-trial-19, , ,true,844395.00
unknown,main-trial-19,a,a,true,844893.00
unknown,main-trial-19,s,s,true,845089.00
unknown,main-trial-19, , ,true,845317.00
unknown,main-trial-19,f,f,true,845801.00
unknown,main-trial-19,s,s,true,845945.00
unknown,main-trial-19, , ,true,846191.00
unknown,main-trial-19,a,a,true,846439.00
unknown,main-trial-19,s,s,true,846611.00
unknown,main-trial-19, , ,true,846897.00
unknown,main-trial-19,f,f,true,847306.00
unknown,main-trial-19,s,s,true,847468.00
unknown,main-trial-20,b,b,true,858769.00
unknown,main-trial-20, , ,true,859137.00
unknown,main-trial-20,e,e,true,859545.00
unknown,main-trial-20,e,e,true,859706.00
unknown,main-trial-20, , ,true,859893.00
unknown,main-trial-20,e,e,true,860099.00
unknown,main-trial-20,e,e,true,860263.00
unknown,main-trial-20, , ,true,860459.00
unknown,main-trial-20,h,h,true,860706.00
unknown,main-trial-20, , ,true,860852.00
unknown,main-trial-20,r,r,true,861128.00
unknown,main-trial-20,r,r,true,861274.00
unknown,main-trial-20, , ,true,861482.00
unknown,main-trial-20,r,r,true,861675.00
unknown,main-trial-20,r,r,true,861789.00
unknown,main-trial-20, , ,true,861983.00
unknown,main-trial-20,b,b,true,862476.00
unknown,main-trial-20, , ,true,862638.00
unknown,main-trial-20,e,e,true,862844.00
unknown,main-trial-20,e,e,true,862981.00
unknown,main-trial-20, , ,true,863124.00
unknown,main-trial-20,r,r,true,863385.00
unknown,main-trial-20,r,r,true,863506.00
unknown,main-trial-20, , ,true,863740.00
unknown,main-trial-20,e,e,true,863958.00
unknown,main-trial-20,e,e,true,864108.00
unknown,main-trial-20, , ,true,864282.00
unknown,main-trial-20,r,r,true,864483.00
unknown,main-trial-20,r,r,true,864610.00
unknown,main-trial-21,m,m,true,880832.00
unknown,main-trial-21, , ,true,881157.00
unknown,main-trial-21,v,v,true,881438.00
unknown,main-trial-21,v,v,true,881615.00
unknown,main-trial-21, , ,true,881758.00
unknown,main-trial-21,v,v,true,881963.00
unknown,main-trial-21,v,v,true,882109.00
unknown,main-trial-21, , ,true,882267.00
unknown,main-trial-21,q,q,true,882910.00
unknown,main-trial-21, , ,true,883250.00
unknown,main-trial-21,e,e,true,883626.00
unknown,main-trial-21,e,e,true,883800.00
unknown,main-trial-21, , ,true,883952.00
unknown,main-trial-21,e,e,true,884150.00
unknown,main-trial-21,e,e,true,884276.00
unknown,main-trial-21, , ,true,884429.00
unknown,main-trial-21,j,j,true,884668.00
unknown,main-trial-21, , ,true,884834.00
unknown,main-trial-21,v,v,true,885139.00
unknown,main-trial-21,v,v,true,885289.00
unknown,main-trial-21, , ,true,885481.00
unknown,main-trial-21,e,e,true,885678.00
unknown,main-trial-21,e,e,true,885808.00
unknown,main-trial-21, , ,true,886006.00
unknown,main-trial-21,v,v,true,886147.00
unknown,main-trial-21,v,v,true,886283.00
unknown,main-trial-21, , ,true,886532.00
unknown,main-trial-21,e,e,true,886705.00
unknown,main-trial-21,e,e,true,886819.00
unknown,main-trial-22,k,k,true,914682.00
unknown,main-trial-22, , ,true,914891.00
unknown,main-trial-22,f,f,true,915055.00
unknown,main-trial-22,v,v,true,915252.00
unknown,main-trial-22, , ,true,915405.00
unknown,main-trial-22,f,f,true,915562.00
unknown,main-trial-22,v,v,true,915751.00
unknown,main-trial-22, , ,true,915882.00
unknown,main-trial-22,s,s,true,916071.00
unknown,main-trial-22, , ,true,916651.00
unknown,main-trial-22,v,v,true,917315.00
unknown,main-trial-22,f,f,true,917869.00
unknown,main-trial-22, , ,true,918035.00
unknown,main-trial-22,v,v,true,918210.00
unknown,main-trial-22,f,f,true,918415.00
unknown,main-trial-22, , ,true,918599.00
unknown,main-trial-22,l,l,true,918878.00
unknown,main-trial-22, , ,true,919063.00
unknown,main-trial-22,f,f,true,919687.00
unknown,main-trial-22,v,v,true,919882.00
unknown,main-trial-22, , ,true,920030.00
unknown,main-trial-22,v,v,true,920355.00
unknown,main-trial-22,f,f,true,920550.00
unknown,main-trial-22, , ,true,920724.00
unknown,main-trial-22,f,f,true,921226.00
unknown,main-trial-22,v,v,true,921425.00
unknown,main-trial-22, , ,true,921748.00
unknown,main-trial-22,v,v,true,922020.00
unknown,main-trial-22,f,f,true,922227.00
unknown,main-trial-23,f,f,true,933696.00
unknown,main-trial-23, , ,true,933858.00
unknown,main-trial-23,d,d,true,933969.00
unknown,main-trial-23,e,e,true,934167.00
unknown,main-trial-23, , ,true,934713.00
unknown,main-trial-23,d,d,true,934850.00
unknown,main-trial-23,e,e,true,935036.00
unknown,main-trial-23, , ,true,935209.00
unknown,main-trial-23,p,p,true,935951.00
unknown,main-trial-23, , ,true,936233.00
unknown,main-trial-23,v,v,true,937092.00
unknown,main-trial-23,f,f,true,937295.00
unknown,main-trial-23, , ,true,937585.00
unknown,main-trial-23,v,v,true,937765.00
unknown,main-trial-23,f,f,true,937955.00
unknown,main-trial-23, , ,true,938118.00
unknown,main-trial-23,i,i,true,938335.00
unknown,main-trial-23, , ,true,938470.00
unknown,main-trial-23,d,d,true,938600.00
unknown,main-trial-23,e,e,true,938816.00
unknown,main-trial-23, , ,true,938984.00
unknown,main-trial-23,v,v,true,939171.00
unknown,main-trial-23,f,f,true,939403.00
unknown,main-trial-23, , ,true,939580.00
unknown,main-trial-23,d,d,true,939775.00
unknown,main-trial-23,e,e,true,939971.00
unknown,main-trial-23, , ,true,940104.00
unknown,main-trial-23,v,v,true,940671.00
unknown,main-trial-23,f,f,true,940859.00
unknown,main-trial-24,x,x,true,967354.00
unknown,main-trial-24, , ,true,967784.00
unknown,main-trial-24,e,e,true,968032.00
unknown,main-trial-24,e,e,true,968193.00
unknown,main-trial-24, , ,true,968332.00
unknown,main-trial-24,e,e,true,968540.00
unknown,main-trial-24,e,e,true,968689.00
unknown,main-trial-24, , ,true,968829.00
unknown,main-trial-24,r,r,true,969039.00
unknown,main-trial-24, , ,true,969213.00
unknown,main-trial-24,v,v,true,969707.00
unknown,main-trial-24,v,v,true,969847.00
unknown,main-trial-24, , ,true,970060.00
unknown,main-trial-24,v,v,true,970276.00
unknown,main-trial-24,v,v,true,970421.00
unknown,main-trial-24, , ,true,970588.00
unknown,main-trial-24,d,d,true,970795.00
unknown,main-trial-24, , ,true,971045.00
unknown,main-trial-24,e,e,true,971265.00
unknown,main-trial-24,e,e,true,971424.00
unknown,main-trial-24, , ,true,971574.00
unknown,main-trial-24,v,v,true,971811.00
unknown,main-trial-24,v, ,false,972199.00
unknown,main-trial-24,v,v,true,972642.00
unknown,main-trial-24, , ,true,973137.00
unknown,main-trial-24,e,e,true,973331.00
unknown,main-trial-24,e,e,true,973474.00
unknown,main-trial-24, , ,true,973702.00
unknown,main-trial-24,v,v,true,973984.00
unknown,main-trial-24,v,v,true,974133.00
unknown,main-trial-25,o,o,true,984947.00
unknown,main-trial-25, , ,true,985153.00
unknown,main-trial-25,e,e,true,985329.00
unknown,main-trial-25,r,r,true,985509.00
unknown,main-trial-25, , ,true,985660.00
unknown,main-trial-25,e,e,true,985841.00
unknown,main-trial-25,r,r,true,985949.00
unknown,main-trial-25, , ,true,986106.00
unknown,main-trial-25,i,i,true,986497.00
unknown,main-trial-25, , ,true,986742.00
unknown,main-trial-25,a,a,true,987353.00
unknown,main-trial-25,f,f,true,987558.00
unknown,main-trial-25, , ,true,987812.00
unknown,main-trial-25,a,a,true,988035.00
unknown,main-trial-25,f,f,true,988180.00
unknown,main-trial-25, , ,true,988331.00
unknown,main-trial-25,h,h,true,988783.00
unknown,main-trial-25, , ,true,988941.00
unknown,main-trial-25,e,e,true,989215.00
unknown,main-trial-25,r,r,true,989367.00
unknown,main-trial-25, , ,true,989519.00
unknown,main-trial-25,a,a,true,989693.00
unknown,main-trial-25,f,f,true,989945.00
unknown,main-trial-25, , ,true,990109.00
unknown,main-trial-25,e,e,true,990348.00
unknown,main-trial-25,r,r,true,990486.00
unknown,main-trial-25, , ,true,990649.00
unknown,main-trial-25,a,a,true,990823.00
unknown,main-trial-25,f,f,true,991024.00
unknown,main-trial-26,m,m,true,1004330.00
unknown,main-trial-26, , ,true,1004576.00
unknown,main-trial-26,f,f,true,1004738.00
unknown,main-trial-26,r,r,true,1004948.00
unknown,main-trial-26, , ,true,1005106.00
unknown,main-trial-26,f,f,true,1005223.00
unknown,main-trial-26,r,r,true,1005418.00
unknown,main-trial-26, , ,true,1005553.00
unknown,main-trial-26,u,u,true,1005845.00
unknown,main-trial-26, , ,true,1006047.00
unknown,main-trial-26,d,d,true,1006195.00
unknown,main-trial-26,e,e,true,1006379.00
unknown,main-trial-26, , ,true,1006504.00
unknown,main-trial-26,d,d,true,1006619.00
unknown,main-trial-26,e,e,true,1006805.00
unknown,main-trial-26, , ,true,1006916.00
unknown,main-trial-26,u,u,true,1007223.00
unknown,main-trial-26, , ,true,1007416.00
unknown,main-trial-26,f,f,true,1007571.00
unknown,main-trial-26,r,r,true,1007775.00
unknown,main-trial-26, , ,true,1007932.00
unknown,main-trial-26,d,d,true,1008177.00
unknown,main-trial-26,e,e,true,1008387.00
unknown,main-trial-26, , ,true,1008507.00
unknown,main-trial-26,f,f,true,1008672.00
unknown,main-trial-26,r,r,true,1008875.00
unknown,main-trial-26, , ,true,1009232.00
unknown,main-trial-26,d,d,true,1009350.00
unknown,main-trial-26,e,e,true,1009542.00
unknown,main-trial-27,u,u,true,1025840.00
unknown,main-trial-27, , ,true,1026080.00
unknown,main-trial-27,a,a,true,1026316.00
unknown,main-trial-27,r,r,true,1026544.00
unknown,main-trial-27, , ,true,1026677.00
unknown,main-trial-27,a,a,true,1026884.00
unknown,main-trial-27,r,r,true,1027056.00
unknown,main-trial-27, , ,true,1027219.00
unknown,main-trial-27,k,k,true,1027443.00
unknown,main-trial-27, , ,true,1027594.00
unknown,main-trial-27,d,d,true,1027703.00
unknown,main-trial-27,v,v,true,1028343.00
unknown,main-trial-27, , ,true,1028592.00
unknown,main-trial-27,d,d,true,1028941.00
unknown,main-trial-27,v,v,true,1029101.00
unknown,main-trial-27, , ,true,1029268.00
unknown,main-trial-27,x,x,true,1029895.00
unknown,main-trial-27, , ,true,1030189.00
unknown,main-trial-27,a,e,false,1030651.00
unknown,main-trial-27,a,r,false,1030836.00
unknown,main-trial-27,a, ,false,1031040.00
unknown,main-trial-27,a,a,true,1032630.00
unknown,main-trial-27,r,r,true,1032835.00
unknown,main-trial-27, , ,true,1033031.00
unknown,main-trial-27,d,d,true,1033602.00
unknown,main-trial-27,v,v,true,1033801.00
unknown,main-trial-27, , ,true,1034124.00
unknown,main-trial-27,a,a,true,1034403.00
unknown,main-trial-27,r,r,true,1034772.00
unknown,main-trial-27, , ,true,1034978.00
unknown,main-trial-27,d,d,true,1035189.00
unknown,main-trial-27,v,v,true,1035375.00
unknown,main-trial-28,w,w,true,1100500.00
unknown,main-trial-28, , ,true,1100764.00
unknown,main-trial-28,f,f,true,1100992.00
unknown,main-trial-28,v,v,true,1101185.00
unknown,main-trial-28, , ,true,1101318.00
unknown,main-trial-28,f,f,true,1101461.00
unknown,main-trial-28,v,v,true,1101638.00
unknown,main-trial-28, , ,true,1101766.00
unknown,main-trial-28,r,r,true,1102028.00
unknown,main-trial-28, , ,true,1102181.00
unknown,main-trial-28,e,e,true,1102358.00
unknown,main-trial-28,w,w,true,1102544.00
unknown,main-trial-28, , ,true,1102717.00
unknown,main-trial-28,e,e,true,1102856.00
unknown,main-trial-28,w,w,true,1102999.00
unknown,main-trial-28, , ,true,1103183.00
unknown,main-trial-28,z,z,true,1104008.00
unknown,main-trial-28, , ,true,1104312.00
unknown,main-trial-28,f,f,true,1105152.00
unknown,main-trial-28,v,v,true,1105345.00
unknown,main-trial-28, , ,true,1105691.00
unknown,main-trial-28,e,e,true,1106233.00
unknown,main-trial-28,w,w,true,1106385.00
unknown,main-trial-28, , ,true,1106589.00
unknown,main-trial-28,f,f,true,1107206.00
unknown,main-trial-28,v,v,true,1107386.00
unknown,main-trial-28, , ,true,1107581.00
unknown,main-trial-28,e,e,true,1107763.00
unknown,main-trial-28,w,w,true,1107905.00
unknown,main-trial-29,k,k,true,1123363.00
unknown,main-trial-29, , ,true,1123552.00
unknown,main-trial-29,r,r,true,1123810.00
unknown,main-trial-29,r,r,true,1123959.00
unknown,main-trial-29, , ,true,1124116.00
unknown,main-trial-29,r,r,true,1124326.00
unknown,main-trial-29,r,r,true,1124473.00
unknown,main-trial-29, , ,true,1124665.00
unknown,main-trial-29,l,l,true,1124894.00
unknown,main-trial-29, , ,true,1125071.00
unknown,main-trial-29,a,a,true,1125355.00
unknown,main-trial-29,a,a,true,1125516.00
unknown,main-trial-29, , ,true,1125721.00
unknown,main-trial-29,a,a,true,1125897.00
unknown,main-trial-29,a,a,true,1126060.00
unknown,main-trial-29, , ,true,1126245.00
unknown,main-trial-29,i,i,true,1126658.00
unknown,main-trial-29, , ,true,1126822.00
unknown,main-trial-29,r,r,true,1127774.00
unknown,main-trial-29,r,r,true,1127921.00
unknown,main-trial-29, , ,true,1128091.00
unknown,main-trial-29,a,a,true,1128334.00
unknown,main-trial-29,a,a,true,1128487.00
unknown,main-trial-29, , ,true,1128687.00
unknown,main-trial-29,r,r,true,1128887.00
unknown,main-trial-29,r,r,true,1129022.00
unknown,main-trial-29, , ,true,1129235.00
unknown,main-trial-29,a,a,true,1129412.00
unknown,main-trial-29,a,a,true,1129563.00
unknown,main-trial-30,w,w,true,1142167.00
unknown,main-trial-30, , ,true,1142409.00
unknown,main-trial-30,a,a,true,1142747.00
unknown,main-trial-30,a,a,true,1142904.00
unknown,main-trial-30, , ,true,1143070.00
unknown,main-trial-30,a,a,true,1143307.00
unknown,main-trial-30,a,a,true,1143472.00
unknown,main-trial-30, , ,true,1143710.00
unknown,main-trial-30,v,v,true,1143969.00
unknown,main-trial-30, , ,true,1144152.00
unknown,main-trial-30,r,r,true,1144451.00
unknown,main-trial-30,r,r,true,1144584.00
unknown,main-trial-30, , ,true,1144748.00
unknown,main-trial-30,r,r,true,1144930.00
unknown,main-trial-30,r,r,true,1145063.00
unknown,main-trial-30, , ,true,1145237.00
unknown,main-trial-30,q,q,true,1145796.00
unknown,main-trial-30, , ,true,1145995.00
unknown,main-trial-30,a,a,true,1146353.00
unknown,main-trial-30,a,a,true,1146485.00
unknown,main-trial-30, , ,true,1146665.00
unknown,main-trial-30,r,r,true,1147064.00
unknown,main-trial-30,r, ,false,1147399.00
unknown,main-trial-30,r,a,false,1147597.00
unknown,main-trial-30,r,a,false,1147745.00
unknown,main-trial-30,r,r,true,1148538.00
unknown,main-trial-30, , ,true,1148847.00
unknown,main-trial-30,a,a,true,1149150.00
unknown,main-trial-30,a,a,true,1149288.00
unknown,main-trial-30, ,r,false,1149540.00
unknown,main-trial-30, , ,true,1150015.00
unknown,main-trial-30,r,r,true,1150274.00
unknown,main-trial-30,r,r,true,1150401.00
unknown,main-trial-31,j,j,true,1171812.00
unknown,main-trial-31, , ,true,1172025.00
unknown,main-trial-31,a,a,true,1172300.00
unknown,main-trial-31,f,f,true,1172476.00
unknown,main-trial-31, , ,true,1172617.00
unknown,main-trial-31,a,a,true,1172829.00
unknown,main-trial-31,f,f,true,1173014.00
unknown,main-trial-31, , ,true,1173154.00
unknown,main-trial-31,w,w,true,1173473.00
unknown,main-trial-31, , ,true,1173665.00
unknown,main-trial-31,e,e,true,1173896.00
unknown,main-trial-31,r,r,true,1174074.00
unknown,main-trial-31, , ,true,1174215.00
unknown,main-trial-31,e,e,true,1174418.00
unknown,main-trial-31,r,r,true,1174547.00
unknown,main-trial-31, , ,true,1174752.00
unknown,main-trial-31,g,g,true,1175192.00
unknown,main-trial-31, , ,true,1175352.00
unknown,main-trial-31,a,a,true,1175891.00
unknown,main-trial-31,f,f,true,1176225.00
unknown,main-trial-31, , ,true,1176410.00
unknown,main-trial-31,e,e,true,1176943.00
unknown,main-trial-31,r,r,true,1177108.00
unknown,main-trial-31, , ,true,1177260.00
unknown,main-trial-31,a,a,true,1177445.00
unknown,main-trial-31,f,f,true,1177597.00
unknown,main-trial-31, , ,true,1177745.00
unknown,main-trial-31,e,e,true,1177981.00
unknown,main-trial-31,r,r,true,1178111.00
unknown,main-trial-32,g,g,true,1186722.00
unknown,main-trial-32, , ,true,1187352.00
unknown,main-trial-32,v,v,true,1188008.00
unknown,main-trial-32,f,f,true,1188244.00
unknown,main-trial-32, , ,true,1188494.00
unknown,main-trial-32,v,v,true,1188625.00
unknown,main-trial-32,f,f,true,1188835.00
unknown,main-trial-32, , ,true,1189008.00
unknown,main-trial-32,k,k,true,1189241.00
unknown,main-trial-32, , ,true,1189435.00
unknown,main-trial-32,f,f,true,1189665.00
unknown,main-trial-32,v,v,true,1189885.00
unknown,main-trial-32, , ,true,1190048.00
unknown,main-trial-32,f,f,true,1190272.00
unknown,main-trial-32,v,v,true,1190474.00
unknown,main-trial-32, , ,true,1190641.00
unknown,main-trial-32,e,e,true,1191049.00
unknown,main-trial-32, , ,true,1191292.00
unknown,main-trial-32,v,v,true,1191572.00
unknown,main-trial-32,f,f,true,1191788.00
unknown,main-trial-32, , ,true,1191988.00
unknown,main-trial-32,f,f,true,1192484.00
unknown,main-trial-32,v,v,true,1192700.00
unknown,main-trial-32, , ,true,1192902.00
unknown,main-trial-32,v,v,true,1193181.00
unknown,main-trial-32,f,f,true,1193391.00
unknown,main-trial-32, , ,true,1193588.00
unknown,main-trial-32,f,f,true,1193800.00
unknown,main-trial-32,v,v,true,1193987.00
unknown,main-trial-33,p,p,true,1207206.00
unknown,main-trial-33, , ,true,1207740.00
unknown,main-trial-33,f,f,true,1208069.00
unknown,main-trial-33,d,d,true,1208275.00
unknown,main-trial-33, , ,true,1208476.00
unknown,main-trial-33,f,f,true,1208645.00
unknown,main-trial-33,d,d,true,1208807.00
unknown,main-trial-33, , ,true,1208989.00
unknown,main-trial-33,q,q,true,1209410.00
unknown,main-trial-33, , ,true,1209646.00
unknown,main-trial-33,a,a,true,1210360.00
unknown,main-trial-33,d,d,true,1210568.00
unknown,main-trial-33, , ,true,1210884.00
unknown,main-trial-33,a,a,true,1211218.00
unknown,main-trial-33,d,d,true,1211367.00
unknown,main-trial-33, , ,true,1211556.00
unknown,main-trial-33,j,j,true,1211865.00
unknown,main-trial-33, , ,true,1212087.00
unknown,main-trial-33,f,f,true,1212293.00
unknown,main-trial-33,d,d,true,1212446.00
unknown,main-trial-33, , ,true,1212637.00
unknown,main-trial-33,a,a,true,1212823.00
unknown,main-trial-33,d,d,true,1212986.00
unknown,main-trial-33, , ,true,1213147.00
unknown,main-trial-33,f,f,true,1213340.00
unknown,main-trial-33,d,d,true,1213498.00
unknown,main-trial-33, , ,true,1213672.00
unknown,main-trial-33,a,a,true,1213860.00
unknown,main-trial-33,d,d,true,1214006.00
unknown,main-trial-34,t,t,true,1226455.00
unknown,main-trial-34, , ,true,1226724.00
unknown,main-trial-34,d,d,true,1226890.00
unknown,main-trial-34,a,a,true,1227067.00
unknown,main-trial-34, , ,true,1227272.00
unknown,main-trial-34,d,d,true,1227426.00
unknown,main-trial-34,a,a,true,1227580.00
unknown,main-trial-34, , ,true,1227741.00
unknown,main-trial-34,e,e,true,1228087.00
unknown,main-trial-34, , ,true,1228296.00
unknown,main-trial-34,w,w,true,1228801.00
unknown,main-trial-34,r,r,true,1228982.00
unknown,main-trial-34, , ,true,1229150.00
unknown,main-trial-34,w,w,true,1229417.00
unknown,main-trial-34,r,r,true,1229553.00
unknown,main-trial-34, , ,true,1229696.00
unknown,main-trial-34,k,k,true,1229927.00
unknown,main-trial-34, , ,true,1230092.00
unknown,main-trial-34,d,d,true,1230226.00
unknown,main-trial-34,a,a,true,1230394.00
unknown,main-trial-34, , ,true,1230524.00
unknown,main-trial-34,w,w,true,1230734.00
unknown,main-trial-34,r,r,true,1230989.00
unknown,main-trial-34, , ,true,1231187.00
unknown,main-trial-34,d,d,true,1231477.00
unknown,main-trial-34,a,a,true,1231620.00
unknown,main-trial-34, , ,true,1231775.00
unknown,main-trial-34,w,w,true,1231944.00
unknown,main-trial-34,r,r,true,1232342.00
unknown,main-trial-35,t,t,true,1253134.00
unknown,main-trial-35, , ,true,1253695.00
unknown,main-trial-35,s,s,true,1253944.00
unknown,main-trial-35,e,e,true,1254113.00
unknown,main-trial-35, , ,true,1254290.00
unknown,main-trial-35,s,s,true,1254471.00
unknown,main-trial-35,e,e,true,1254634.00
unknown,main-trial-35, , ,true,1254809.00
unknown,main-trial-35,m,m,true,1255083.00
unknown,main-trial-35, , ,true,1255193.00
unknown,main-trial-35,a,a,true,1255400.00
unknown,main-trial-35,r,r,true,1255640.00
unknown,main-trial-35, , ,true,1255843.00
unknown,main-trial-35,a,a,true,1256039.00
unknown,main-trial-35,r,r,true,1256151.00
unknown,main-trial-35, , ,true,1256326.00
unknown,main-trial-35,e,e,true,1256851.00
unknown,main-trial-35, , ,true,1256999.00
unknown,main-trial-35,s,s,true,1257701.00
unknown,main-trial-35,e,e,true,1257853.00
unknown,main-trial-35, , ,true,1258027.00
unknown,main-trial-35,a,a,true,1258495.00
unknown,main-trial-35,r,r,true,1258990.00
unknown,main-trial-35, , ,true,1259137.00
unknown,main-trial-35,s,s,true,1259311.00
unknown,main-trial-35,e,e,true,1259488.00
unknown,main-trial-35, , ,true,1259634.00
unknown,main-trial-35,a,a,true,1259778.00
unknown,main-trial-35,r,r,true,1259931.00
unknown,main-trial-36,j,j,true,1269570.00
unknown,main-trial-36, , ,true,1269783.00
unknown,main-trial-36,f,f,true,1270072.00
unknown,main-trial-36,d,d,true,1270206.00
unknown,main-trial-36, , ,true,1270389.00
unknown,main-trial-36,f,f,true,1270594.00
unknown,main-trial-36,d,d,true,1270728.00
unknown,main-trial-36, , ,true,1270900.00
unknown,main-trial-36,m,m,true,1271142.00
unknown,main-trial-36, , ,true,1271278.00
unknown,main-trial-36,s,s,true,1271545.00
unknown,main-trial-36,d,d,true,1271718.00
unknown,main-trial-36, , ,true,1271842.00
unknown,main-trial-36,s,s,true,1271995.00
unknown,main-trial-36,d,d,true,1272117.00
unknown,main-trial-36, , ,true,1272290.00
unknown,main-trial-36,u,u,true,1272745.00
unknown,main-trial-36, , ,true,1272952.00
unknown,main-trial-36,f,f,true,1273600.00
unknown,main-trial-36,d,d,true,1273730.00
unknown,main-trial-36, , ,true,1273967.00
unknown,main-trial-36,s,s,true,1274213.00
unknown,main-trial-36,d,d,true,1274366.00
unknown,main-trial-36, , ,true,1274536.00
unknown,main-trial-36,f,f,true,1275089.00
unknown,main-trial-36,d,d,true,1275235.00
unknown,main-trial-36, , ,true,1275428.00
unknown,main-trial-36,s,s,true,1275633.00
unknown,main-trial-36,d,d,true,1275753.00
unknown,main-trial-37,n,n,true,1297138.00
unknown,main-trial-37, , ,true,1297427.00
unknown,main-trial-37,r,r,true,1297985.00
unknown,main-trial-37,r,r,true,1298119.00
unknown,main-trial-37, , ,true,1298510.00
unknown,main-trial-37,r,r,true,1298724.00
unknown,main-trial-37,r,r,true,1298867.00
unknown,main-trial-37, , ,true,1299047.00
unknown,main-trial-37,y,y,true,1299395.00
unknown,main-trial-37, , ,true,1299610.00
unknown,main-trial-37,s,s,true,1299861.00
unknown,main-trial-37,s,s,true,1299998.00
unknown,main-trial-37, , ,true,1300149.00
unknown,main-trial-37,s,s,true,1300344.00
unknown,main-trial-37,s,s,true,1300480.00
unknown,main-trial-37, , ,true,1300663.00
unknown,main-trial-37,v,v,true,1300951.00
unknown,main-trial-37, , ,true,1301122.00
unknown,main-trial-37,r,r,true,1301540.00
unknown,main-trial-37,r,r,true,1301686.00
unknown,main-trial-37, , ,true,1301827.00
unknown,main-trial-37,s,s,true,1302004.00
unknown,main-trial-37,s,s,true,1302168.00
unknown,main-trial-37, , ,true,1302370.00
unknown,main-trial-37,r,r,true,1302596.00
unknown,main-trial-37,r,r,true,1302729.00
unknown,main-trial-37, , ,true,1302906.00
unknown,main-trial-37,s,s,true,1303115.00
unknown,main-trial-37,s,s,true,1303279.00
unknown,main-trial-38,w,w,true,1313721.00
unknown,main-trial-38, , ,true,1313924.00
unknown,main-trial-38,s,s,true,1314186.00
unknown,main-trial-38,s,s,true,1314331.00
unknown,main-trial-38, , ,true,1314502.00
unknown,main-trial-38,s,s,true,1314732.00
unknown,main-trial-38,s,s,true,1314892.00
unknown,main-trial-38, , ,true,1315026.00
unknown,main-trial-38,w,w,true,1315267.00
unknown,main-trial-38, , ,true,1315467.00
unknown,main-trial-38,v,v,true,1315939.00
unknown,main-trial-38,v,v,true,1316092.00
unknown,main-trial-38, , ,true,1316252.00
unknown,main-trial-38,v,v,true,1316446.00
unknown,main-trial-38,v,v,true,1316602.00
unknown,main-trial-38, , ,true,1316741.00
unknown,main-trial-38,q,q,true,1317895.00
unknown,main-trial-38, , ,true,1318210.00
unknown,main-trial-38,s,s,true,1318568.00
unknown,main-trial-38,s,s,true,1318728.00
unknown,main-trial-38, , ,true,1319658.00
unknown,main-trial-38,v,v,true,1319943.00
unknown,main-trial-38,v,v,true,1320086.00
unknown,main-trial-38, , ,true,1320272.00
unknown,main-trial-38,s,s,true,1320469.00
unknown,main-trial-38,s,s,true,1320626.00
unknown,main-trial-38, , ,true,1320829.00
unknown,main-trial-38,v,v,true,1320978.00
unknown,main-trial-38,v,v,true,1321118.00
unknown,main-trial-39,s,s,true,1331893.00
unknown,main-trial-39, , ,true,1332139.00
unknown,main-trial-39,d,d,true,1332652.00
unknown,main-trial-39,f,f,true,1332829.00
unknown,main-trial-39, , ,true,1333009.00
unknown,main-trial-39,d,d,true,1333368.00
unknown,main-trial-39,f,f,true,1333517.00
unknown,main-trial-39, , ,true,1333653.00
unknown,main-trial-39,k,k,true,1334236.00
unknown,main-trial-39, , ,true,1334420.00
unknown,main-trial-39,s,s,true,1334748.00
unknown,main-trial-39,f,f,true,1334919.00
unknown,main-trial-39, , ,true,1335105.00
unknown,main-trial-39,s,s,true,1335340.00
unknown,main-trial-39,f,f,true,1335498.00
unknown,main-trial-39, , ,true,1335661.00
unknown,main-trial-39,d,d,true,1335839.00
unknown,main-trial-39, , ,true,1336023.00
unknown,main-trial-39,d,d,true,1336224.00
unknown,main-trial-39,f,f,true,1336359.00
unknown,main-trial-39, , ,true,1336543.00
unknown,main-trial-39,s,s,true,1336820.00
unknown,main-trial-39,f,f,true,1336996.00
unknown,main-trial-39, , ,true,1337167.00
unknown,main-trial-39,d,d,true,1337375.00
unknown,main-trial-39,f,f,true,1337546.00
unknown,main-trial-39, , ,true,1337694.00
unknown,main-trial-39,s,s,true,1337860.00
unknown,main-trial-39,f,f,true,1338025.00
unknown,main-trial-40,g,g,true,1349194.00
unknown,main-trial-40, , ,true,1349821.00
unknown,main-trial-40,a,a,true,1350308.00
unknown,main-trial-40,a,a,true,1350489.00
unknown,main-trial-40, , ,true,1350659.00
unknown,main-trial-40,a,a,true,1350877.00
unknown,main-trial-40,a,a,true,1351050.00
unknown,main-trial-40, , ,true,1351302.00
unknown,main-trial-40,y,y,true,1351582.00
unknown,main-trial-40, , ,true,1351774.00
unknown,main-trial-40,w,w,true,1352422.00
unknown,main-trial-40,w,w,true,1352578.00
unknown,main-trial-40, , ,true,1352752.00
unknown,main-trial-40,w,w,true,1353063.00
unknown,main-trial-40,w,w,true,1353198.00
unknown,main-trial-40, , ,true,1353387.00
unknown,main-trial-40,g,g,true,1353692.00
unknown,main-trial-40, , ,true,1353871.00
unknown,main-trial-40,a,a,true,1354497.00
unknown,main-trial-40,a,a,true,1354661.00
unknown,main-trial-40, , ,true,1354833.00
unknown,main-trial-40,w,w,true,1355033.00
unknown,main-trial-40,w,w,true,1355184.00
unknown,main-trial-40, , ,true,1355332.00
unknown,main-trial-40,a,a,true,1355525.00
unknown,main-trial-40,a,a,true,1355695.00
unknown,main-trial-40, , ,true,1355865.00
unknown,main-trial-40,w,w,true,1356056.00
unknown,main-trial-40,w,w,true,1356190.00
unknown,main-trial-41,n,n,true,1367231.00
unknown,main-trial-41, , ,true,1367438.00
unknown,main-trial-41,f,f,true,1367903.00
unknown,main-trial-41,a,a,true,1368051.00
unknown,main-trial-41, , ,true,1368202.00
unknown,main-trial-41,f,f,true,1368383.00
unknown,main-trial-41,a,a,true,1368533.00
unknown,main-trial-41, , ,true,1368696.00
unknown,main-trial-41,i,i,true,1368961.00
unknown,main-trial-41, , ,true,1369100.00
unknown,main-trial-41,d,d,true,1369247.00
unknown,main-trial-41,s,s,true,1369429.00
unknown,main-trial-41, , ,true,1369592.00
unknown,main-trial-41,d,d,true,1369750.00
unknown,main-trial-41,s,s,true,1369918.00
unknown,main-trial-41, , ,true,1370091.00
unknown,main-trial-41,v,v,true,1370370.00
unknown,main-trial-41, , ,true,1370529.00
unknown,main-trial-41,f,f,true,1371186.00
unknown,main-trial-41,a,a,true,1371340.00
unknown,main-trial-41, , ,true,1371522.00
unknown,main-trial-41,d,d,true,1371938.00
unknown,main-trial-41,s,s,true,1372099.00
unknown,main-trial-41, , ,true,1372255.00
unknown,main-trial-41,f,f,true,1372399.00
unknown,main-trial-41,a,a,true,1372588.00
unknown,main-trial-41, , ,true,1372877.00
unknown,main-trial-41,d,d,true,1373064.00
unknown,main-trial-41,s,s,true,1373215.00
unknown,main-trial-42,d,d,true,1383070.00
unknown,main-trial-42, , ,true,1383242.00
unknown,main-trial-42,d,d,true,1383501.00
unknown,main-trial-42,r,r,true,1383753.00
unknown,main-trial-42, , ,true,1383898.00
unknown,main-trial-42,d,d,true,1384125.00
unknown,main-trial-42,r,r,true,1384296.00
unknown,main-trial-42, , ,true,1384428.00
unknown,main-trial-42,w,w,true,1384778.00
unknown,main-trial-42, , ,true,1384949.00
unknown,main-trial-42,f,f,true,1385315.00
unknown,main-trial-42,e,e,true,1385459.00
unknown,main-trial-42, , ,true,1385652.00
unknown,main-trial-42,f,f,true,1385909.00
unknown,main-trial-42,e,e,true,1386035.00
unknown,main-trial-42, , ,true,1386223.00
unknown,main-trial-42,d,d,true,1386386.00
unknown,main-trial-42, , ,true,1386575.00
unknown,main-trial-42,d,d,true,1386761.00
unknown,main-trial-42,r,r,true,1386973.00
unknown,main-trial-42, , ,true,1387145.00
unknown,main-trial-42,f,f,true,1387289.00
unknown,main-trial-42,e,e,true,1388141.00
unknown,main-trial-42, , ,true,1388332.00
unknown,main-trial-42,d,d,true,1388733.00
unknown,main-trial-42,r,r,true,1388933.00
unknown,main-trial-42, , ,true,1389088.00
unknown,main-trial-42,f,f,true,1389253.00
unknown,main-trial-42,e,e,true,1389436.00
unknown,main-trial-43,s,s,true,1396867.00
unknown,main-trial-43, , ,true,1397195.00
unknown,main-trial-43,w,w,true,1397481.00
unknown,main-trial-43,r,r,true,1397743.00
unknown,main-trial-43, , ,true,1397941.00
unknown,main-trial-43,w,w,true,1398183.00
unknown,main-trial-43,r,r,true,1398330.00
unknown,main-trial-43, , ,true,1398481.00
unknown,main-trial-43,u,u,true,1398894.00
unknown,main-trial-43, , ,true,1399106.00
unknown,main-trial-43,d,d,true,1399276.00
unknown,main-trial-43,a,a,true,1399428.00
unknown,main-trial-43, , ,true,1399593.00
unknown,main-trial-43,d,d,true,1399729.00
unknown,main-trial-43,a,a,true,1399874.00
unknown,main-trial-43, , ,true,1400049.00
unknown,main-trial-43,y,y,true,1400695.00
unknown,main-trial-43, , ,true,1400869.00
unknown,main-trial-43,w,w,true,1401324.00
unknown,main-trial-43,r,r,true,1401526.00
unknown,main-trial-43, , ,true,1401690.00
unknown,main-trial-43,d,d,true,1401910.00
unknown,main-trial-43,a,a,true,1402065.00
unknown,main-trial-43, , ,true,1402182.00
unknown,main-trial-43,w,w,true,1402358.00
unknown,main-trial-43,r,r,true,1402635.00
unknown,main-trial-43, , ,true,1402840.00
unknown,main-trial-43,d,d,true,1403057.00
unknown,main-trial-43,a,a,true,1403206.00
unknown,main-trial-44,f,f,true,1410613.00
unknown,main-trial-44, , ,true,1410776.00
unknown,main-trial-44,d,d,true,1410940.00
unknown,main-trial-44,s,s,true,1411106.00
unknown,main-trial-44, , ,true,1411276.00
unknown,main-trial-44,d,d,true,1411440.00
unknown,main-trial-44,s,s,true,1411645.00
unknown,main-trial-44, , ,true,1411856.00
unknown,main-trial-44,l,l,true,1412314.00
unknown,main-trial-44, , ,true,1412527.00
unknown,main-trial-44,e,e,true,1412968.00
unknown,main-trial-44,f,f,true,1413106.00
unknown,main-trial-44, , ,true,1413236.00
unknown,main-trial-44,e,e,true,1413426.00
unknown,main-trial-44,f,f,true,1413568.00
unknown,main-trial-44, , ,true,1413711.00
unknown,main-trial-44,e,e,true,1414584.00
unknown,main-trial-44, , ,true,1414756.00
unknown,main-trial-44,d,f,false,1415013.00
unknown,main-trial-44,d,d,true,1415173.00
unknown,main-trial-44,s,s,true,1416035.00
unknown,main-trial-44, , ,true,1416322.00
unknown,main-trial-44,e,e,true,1416777.00
unknown,main-trial-44,f,f,true,1416921.00
unknown,main-trial-44, , ,true,1417063.00
unknown,main-trial-44,d,d,true,1417570.00
unknown,main-trial-44,s,s,true,1417748.00
unknown,main-trial-44, , ,true,1418094.00
unknown,main-trial-44,e,e,true,1418317.00
unknown,main-trial-44,f,f,true,1418436.00
unknown,main-trial-45,c,c,true,1428646.00
unknown,main-trial-45, , ,true,1428982.00
unknown,main-trial-45,a,a,true,1429129.00
unknown,main-trial-45,d,d,true,1429308.00
unknown,main-trial-45, , ,true,1429414.00
unknown,main-trial-45,a,a,true,1429708.00
unknown,main-trial-45,d,d,true,1429868.00
unknown,main-trial-45, , ,true,1429984.00
unknown,main-trial-45,v,v,true,1430238.00
unknown,main-trial-45, , ,true,1430427.00
unknown,main-trial-45,a,a,true,1430683.00
unknown,main-trial-45,s,s,true,1430882.00
unknown,main-trial-45, , ,true,1431084.00
unknown,main-trial-45,a,a,true,1431257.00
unknown,main-trial-45,s,s,true,1431416.00
unknown,main-trial-45, , ,true,1431617.00
unknown,main-trial-45,e,e,true,1431821.00
unknown,main-trial-45, , ,true,1432005.00
unknown,main-trial-45,a,a,true,1432435.00
unknown,main-trial-45,d,d,true,1433379.00
unknown,main-trial-45, , ,true,1433579.00
unknown,main-trial-45,a,a,true,1434153.00
unknown,main-trial-45,s,s,true,1434360.00
unknown,main-trial-45, , ,true,1434605.00
unknown,main-trial-45,a,a,true,1434805.00
unknown,main-trial-45,d,d,true,1435125.00
unknown,main-trial-45, , ,true,1435326.00
unknown,main-trial-45,a,a,true,1435825.00
unknown,main-trial-45,s,s,true,1435969.00
unknown,main-trial-46,p,p,true,1446909.00
unknown,main-trial-46, , ,true,1447176.00
unknown,main-trial-46,r,r,true,1447505.00
unknown,main-trial-46,r,r,true,1447658.00
unknown,main-trial-46, , ,true,1447846.00
unknown,main-trial-46,r,r,true,1448446.00
unknown,main-trial-46,r,r,true,1448623.00
unknown,main-trial-46, , ,true,1448920.00
unknown,main-trial-46,f,f,true,1449274.00
unknown,main-trial-46, , ,true,1449456.00
unknown,main-trial-46,e,e,true,1449660.00
unknown,main-trial-46,e,e,true,1449821.00
unknown,main-trial-46, , ,true,1449979.00
unknown,main-trial-46,e,e,true,1450188.00
unknown,main-trial-46,e,e,true,1450338.00
unknown,main-trial-46, , ,true,1450487.00
unknown,main-trial-46,r,r,true,1450788.00
unknown,main-trial-46, , ,true,1450979.00
unknown,main-trial-46,r,r,true,1451216.00
unknown,main-trial-46,r,r,true,1451358.00
unknown,main-trial-46, , ,true,1451489.00
unknown,main-trial-46,e,e,true,1451690.00
unknown,main-trial-46,e,e,true,1451839.00
unknown,main-trial-46, , ,true,1452094.00
unknown,main-trial-46,r,r,true,1452268.00
unknown,main-trial-46,r,r,true,1452425.00
unknown,main-trial-46, , ,true,1452765.00
unknown,main-trial-46,e,e,true,1452970.00
unknown,main-trial-46,e,e,true,1453196.00
unknown,main-trial-47,z,z,true,1462040.00
unknown,main-trial-47, , ,true,1462405.00
unknown,main-trial-47,v,v,true,1462672.00
unknown,main-trial-47,f,f,true,1462889.00
unknown,main-trial-47, , ,true,1463175.00
unknown,main-trial-47,v,v,true,1463345.00
unknown,main-trial-47,f,f,true,1463561.00
unknown,main-trial-47, , ,true,1463755.00
unknown,main-trial-47,j,j,true,1464367.00
unknown,main-trial-47, , ,true,1464633.00
unknown,main-trial-47,d,d,true,1464961.00
unknown,main-trial-47,e,e,true,1465167.00
unknown,main-trial-47, , ,true,1465674.00
unknown,main-trial-47,d,d,true,1465829.00
unknown,main-trial-47,e,e,true,1466012.00
unknown,main-trial-47, , ,true,1466196.00
unknown,main-trial-47,o,o,true,1466611.00
unknown,main-trial-47, , ,true,1466911.00
unknown,main-trial-47,v,v,true,1467434.00
unknown,main-trial-47,f,f,true,1468248.00
unknown,main-trial-47, , ,true,1468683.00
unknown,main-trial-47,d,d,true,1469000.00
unknown,main-trial-47,e,e,true,1469198.00
unknown,main-trial-47, , ,true,1469361.00
unknown,main-trial-47,v,v,true,1469506.00
unknown,main-trial-47,f,f,true,1469715.00
unknown,main-trial-47, , ,true,1469914.00
unknown,main-trial-47,d,d,true,1470056.00
unknown,main-trial-47,e,e,true,1470245.00
unknown,main-trial-48,l,l,true,1480132.00
unknown,main-trial-48, , ,true,1480338.00
unknown,main-trial-48,w,w,true,1480522.00
unknown,main-trial-48,d,d,true,1480723.00
unknown,main-trial-48, , ,true,1480848.00
unknown,main-trial-48,w,w,true,1481025.00
unknown,main-trial-48,d,d,true,1481195.00
unknown,main-trial-48, , ,true,1481341.00
unknown,main-trial-48,i,i,true,1481569.00
unknown,main-trial-48, , ,true,1481715.00
unknown,main-trial-48,f,f,true,1481827.00
unknown,main-trial-48,r,r,true,1482057.00
unknown,main-trial-48, , ,true,1482240.00
unknown,main-trial-48,f,f,true,1482416.00
unknown,main-trial-48,r,r,true,1482615.00
unknown,main-trial-48, , ,true,1482789.00
unknown,main-trial-48,t,t,true,1483073.00
unknown,main-trial-48, , ,true,1483273.00
unknown,main-trial-48,w,w,true,1483490.00
unknown,main-trial-48,d,d,true,1483659.00
unknown,main-trial-48, , ,true,1483799.00
unknown,main-trial-48,f,f,true,1483984.00
unknown,main-trial-48,r,r,true,1484177.00
unknown,main-trial-48, , ,true,1484351.00
unknown,main-trial-48,w,w,true,1484582.00
unknown,main-trial-48,d,d,true,1485168.00
unknown,main-trial-48, , ,true,1485301.00
unknown,main-trial-48,f,f,true,1485461.00
unknown,main-trial-48,r,r,true,1485645.00
unknown,main-trial-49,r,r,true,1500586.00
unknown,main-trial-49, , ,true,1500827.00
unknown,main-trial-49,s,s,true,1501023.00
unknown,main-trial-49,d,d,true,1501189.00
unknown,main-trial-49, , ,true,1501322.00
unknown,main-trial-49,s,s,true,1501469.00
unknown,main-trial-49,d,d,true,1501628.00
unknown,main-trial-49, , ,true,1501797.00
unknown,main-trial-49,c,c,true,1502310.00
unknown,main-trial-49, , ,true,1502701.00
unknown,main-trial-49,a,a,true,1502983.00
unknown,main-trial-49,f,f,true,1503203.00
unknown,main-trial-49, , ,true,1503453.00
unknown,main-trial-49,a,a,true,1503863.00
unknown,main-trial-49,f,f,true,1504031.00
unknown,main-trial-49, , ,true,1504226.00
unknown,main-trial-49,f,f,true,1504466.00
unknown,main-trial-49, , ,true,1504612.00
unknown,main-trial-49,s,s,true,1504831.00
unknown,main-trial-49,d,d,true,1504999.00
unknown,main-trial-49, , ,true,1505133.00
unknown,main-trial-49,a,a,true,1505486.00
unknown,main-trial-49,f,f,true,1505631.00
unknown,main-trial-49, , ,true,1505822.00
unknown,main-trial-49,s,s,true,1506017.00
unknown,main-trial-49,d,d,true,1506173.00
unknown,main-trial-49, , ,true,1506326.00
unknown,main-trial-49,a,a,true,1506609.00
unknown,main-trial-49,f,f,true,1506885.00
unknown,main-trial-50,x,x,true,1514282.00
unknown,main-trial-50, , ,true,1514979.00
unknown,main-trial-50,s,s,true,1515198.00
unknown,main-trial-50,f,f,true,1515347.00
unknown,main-trial-50, , ,true,1515510.00
unknown,main-trial-50,s,s,true,1515684.00
unknown,main-trial-50,f,f,true,1515861.00
unknown,main-trial-50, , ,true,1516012.00
unknown,main-trial-50,p,p,true,1516519.00
unknown,main-trial-50, , ,true,1516721.00
unknown,main-trial-50,d,d,true,1517161.00
unknown,main-trial-50,f,f,true,1517345.00
unknown,main-trial-50, , ,true,1517704.00
unknown,main-trial-50,d,d,true,1517946.00
unknown,main-trial-50,f,f,true,1518096.00
unknown,main-trial-50, , ,true,1518286.00
unknown,main-trial-50,x,x,true,1518966.00
unknown,main-trial-50, , ,true,1519147.00
unknown,main-trial-50,s,s,true,1519805.00
unknown,main-trial-50,f,f,true,1520166.00
unknown,main-trial-50, , ,true,1520413.00
unknown,main-trial-50,d,d,true,1520876.00
unknown,main-trial-50,f,f,true,1521003.00
unknown,main-trial-50, , ,true,1521240.00
unknown,main-trial-50,s,s,true,1521448.00
unknown,main-trial-50,f,f,true,1521604.00
unknown,main-trial-50, , ,true,1521813.00
unknown,main-trial-50,d,d,true,1522008.00
unknown,main-trial-50,f,f,true,1522156.00
unknown,main-trial-51,c,c,true,1606777.00
unknown,main-trial-51, , ,true,1607121.00
unknown,main-trial-51,w,w,true,1607635.00
unknown,main-trial-51,w,w,true,1607779.00
unknown,main-trial-51, , ,true,1607941.00
unknown,main-trial-51,w,w,true,1608145.00
unknown,main-trial-51,w,w,true,1608278.00
unknown,main-trial-51, , ,true,1608460.00
unknown,main-trial-51,h,h,true,1608951.00
unknown,main-trial-51, , ,true,1609223.00
unknown,main-trial-51,a,a,true,1609510.00
unknown,main-trial-51,a,a,true,1609679.00
unknown,main-trial-51, , ,true,1609898.00
unknown,main-trial-51,a,a,true,1610062.00
unknown,main-trial-51,a,a,true,1610212.00
unknown,main-trial-51, , ,true,1610490.00
unknown,main-trial-51,t,t,true,1610820.00
unknown,main-trial-51, , ,true,1611010.00
unknown,main-trial-51,w,w,true,1611222.00
unknown,main-trial-51,w,w,true,1611370.00
unknown,main-trial-51, , ,true,1611607.00
unknown,main-trial-51,a,a,true,1611766.00
unknown,main-trial-51,a,a,true,1611914.00
unknown,main-trial-51, , ,true,1612199.00
unknown,main-trial-51,w,w,true,1612348.00
unknown,main-trial-51,w,w,true,1612494.00
unknown,main-trial-51, , ,true,1612691.00
unknown,main-trial-51,a,a,true,1612926.00
unknown,main-trial-51,a,a,true,1613087.00
unknown,main-trial-52,v,v,true,1618946.00
unknown,main-trial-52, , ,true,1619125.00
unknown,main-trial-52,a,a,true,1619473.00
unknown,main-trial-52,a,a,true,1619617.00
unknown,main-trial-52, , ,true,1619820.00
unknown,main-trial-52,a,a,true,1620014.00
unknown,main-trial-52,a,a,true,1620175.00
unknown,main-trial-52, , ,true,1620416.00
unknown,main-trial-52,z,z,true,1621306.00
unknown,main-trial-52, , ,true,1621643.00
unknown,main-trial-52,v,v,true,1622321.00
unknown,main-trial-52,v,v,true,1622460.00
unknown,main-trial-52, , ,true,1622650.00
unknown,main-trial-52,v,v,true,1622891.00
unknown,main-trial-52,v,v,true,1623036.00
unknown,main-trial-52, , ,true,1623189.00
unknown,main-trial-52,d,d,true,1623365.00
unknown,main-trial-52, , ,true,1623600.00
unknown,main-trial-52,a,a,true,1623944.00
unknown,main-trial-52,a,a,true,1624112.00
unknown,main-trial-52, , ,true,1624296.00
unknown,main-trial-52,v,v,true,1624491.00
unknown,main-trial-52,v,v,true,1624626.00
unknown,main-trial-52, , ,true,1624938.00
unknown,main-trial-52,a,a,true,1625144.00
unknown,main-trial-52,a,a,true,1625293.00
unknown,main-trial-52, , ,true,1625548.00
unknown,main-trial-52,v,v,true,1625694.00
unknown,main-trial-52,v,v,true,1626190.00
unknown,main-trial-53,m,m,true,1635279.00
unknown,main-trial-53, , ,true,1635410.00
unknown,main-trial-53,e,e,true,1635744.00
unknown,main-trial-53,w,w,true,1635888.00
unknown,main-trial-53, , ,true,1636081.00
unknown,main-trial-53,e,e,true,1636248.00
unknown,main-trial-53,w,w,true,1636394.00
unknown,main-trial-53, , ,true,1636582.00
unknown,main-trial-53,f,f,true,1636803.00
unknown,main-trial-53, , ,true,1636965.00
unknown,main-trial-53,q,q,true,1637552.00
unknown,main-trial-53,e,e,true,1637736.00
unknown,main-trial-53, , ,true,1637943.00
unknown,main-trial-53,q,q,true,1638127.00
unknown,main-trial-53,e,e,true,1638297.00
unknown,main-trial-53, , ,true,1638507.00
unknown,main-trial-53,r,r,true,1638918.00
unknown,main-trial-53, , ,true,1639076.00
unknown,main-trial-53,e,e,true,1639639.00
unknown,main-trial-53,w,w,true,1639777.00
unknown,main-trial-53, , ,true,1639963.00
unknown,main-trial-53,q,q,true,1640523.00
unknown,main-trial-53,e,e,true,1641045.00
unknown,main-trial-53, , ,true,1641209.00
unknown,main-trial-53,e,w,false,1641867.00
unknown,main-trial-53,e,e,true,1642248.00
unknown,main-trial-53,w,w,true,1642384.00
unknown,main-trial-53, , ,true,1642601.00
unknown,main-trial-53,q,q,true,1642956.00
unknown,main-trial-53,e,e,true,1643109.00
unknown,main-trial-54,e,e,true,1656507.00
unknown,main-trial-54, , ,true,1656730.00
unknown,main-trial-54,s,s,true,1657086.00
unknown,main-trial-54,e,e,true,1657250.00
unknown,main-trial-54, , ,true,1657457.00
unknown,main-trial-54,s,s,true,1657653.00
unknown,main-trial-54,e,e,true,1657802.00
unknown,main-trial-54, , ,true,1657980.00
unknown,main-trial-54,o,o,true,1658322.00
unknown,main-trial-54, , ,true,1658507.00
unknown,main-trial-54,w,w,true,1658713.00
unknown,main-trial-54,f,f,true,1658893.00
unknown,main-trial-54, , ,true,1659024.00
unknown,main-trial-54,w,w,true,1659200.00
unknown,main-trial-54,f,f,true,1659388.00
unknown,main-trial-54, , ,true,1659542.00
unknown,main-trial-54,c,c,true,1660050.00
unknown,main-trial-54, , ,true,1660259.00
unknown,main-trial-54,s,s,true,1660509.00
unknown,main-trial-54,e,e,true,1660697.00
unknown,main-trial-54, , ,true,1660832.00
unknown,main-trial-54,w,w,true,1660986.00
unknown,main-trial-54,f,f,true,1661157.00
unknown,main-trial-54, , ,true,1661304.00
unknown,main-trial-54,s,s,true,1661501.00
unknown,main-trial-54,e,e,true,1661682.00
unknown,main-trial-54, , ,true,1661841.00
unknown,main-trial-54,w,w,true,1661984.00
unknown,main-trial-54,f,f,true,1662146.00
unknown,main-trial-55,d,d,true,1674976.00
unknown,main-trial-55, , ,true,1675301.00
unknown,main-trial-55,f,f,true,1675514.00
unknown,main-trial-55,e,e,true,1675665.00
unknown,main-trial-55, , ,true,1675843.00
unknown,main-trial-55,f,f,true,1675985.00
unknown,main-trial-55,e,e,true,1676143.00
unknown,main-trial-55, , ,true,1676345.00
unknown,main-trial-55,s,s,true,1676512.00
unknown,main-trial-55, , ,true,1676764.00
unknown,main-trial-55,e,e,true,1676942.00
unknown,main-trial-55,d,f,false,1677138.00
unknown,main-trial-55,d,d,true,1677559.00
unknown,main-trial-55, , ,true,1677779.00
unknown,main-trial-55,e,e,true,1677993.00
unknown,main-trial-55,d,d,true,1678175.00
unknown,main-trial-55, , ,true,1678310.00
unknown,main-trial-55,r,r,true,1678558.00
unknown,main-trial-55, , ,true,1678724.00
unknown,main-trial-55,f,f,true,1678883.00
unknown,main-trial-55,e,e,true,1679051.00
unknown,main-trial-55, , ,true,1679224.00
unknown,main-trial-55,e,e,true,1679421.00
unknown,main-trial-55,d,d,true,1679614.00
unknown,main-trial-55, , ,true,1679720.00
unknown,main-trial-55,f,f,true,1679899.00
unknown,main-trial-55,e,e,true,1680052.00
unknown,main-trial-55, , ,true,1680198.00
unknown,main-trial-55,e,e,true,1680388.00
unknown,main-trial-55,d,d,true,1680566.00
unknown,main-trial-56,m,m,true,1693228.00
unknown,main-trial-56, , ,true,1693541.00
unknown,main-trial-56,s,s,true,1693793.00
unknown,main-trial-56,d,d,true,1693922.00
unknown,main-trial-56, , ,true,1694092.00
unknown,main-trial-56,s,s,true,1694276.00
unknown,main-trial-56,d,d,true,1694426.00
unknown,main-trial-56, , ,true,1694610.00
unknown,main-trial-56,n,n,true,1694819.00
unknown,main-trial-56, , ,true,1694921.00
unknown,main-trial-56,f,f,true,1695105.00
unknown,main-trial-56,d,e,false,1695268.00
unknown,main-trial-56,d, ,false,1695452.00
unknown,main-trial-56,d,d,true,1695929.00
unknown,main-trial-56, , ,true,1696241.00
unknown,main-trial-56,f,f,true,1696443.00
unknown,main-trial-56,d,d,true,1696583.00
unknown,main-trial-56, , ,true,1696746.00
unknown,main-trial-56,c,c,true,1697508.00
unknown,main-trial-56, , ,true,1697687.00
unknown,main-trial-56,s,s,true,1698191.00
unknown,main-trial-56,d,d,true,1698339.00
unknown,main-trial-56, , ,true,1698578.00
unknown,main-trial-56,f,s,false,1698762.00
unknown,main-trial-56,f,f,true,1699200.00
unknown,main-trial-56,d,d,true,1699424.00
unknown,main-trial-56, , ,true,1699821.00
unknown,main-trial-56,s,s,true,1700042.00
unknown,main-trial-56,d,d,true,1700168.00
unknown,main-trial-56, , ,true,1700344.00
unknown,main-trial-56,f,f,true,1700527.00
unknown,main-trial-56,d,d,true,1700651.00
unknown,main-trial-57,f,f,true,1713725.00
unknown,main-trial-57, , ,true,1713891.00
unknown,main-trial-57,w,w,true,1714127.00
unknown,main-trial-57,e,e,true,1714288.00
unknown,main-trial-57, , ,true,1714436.00
unknown,main-trial-57,w,w,true,1714643.00
unknown,main-trial-57,e,e,true,1714764.00
unknown,main-trial-57, , ,true,1714988.00
unknown,main-trial-57,y,y,true,1715319.00
unknown,main-trial-57, , ,true,1715517.00
unknown,main-trial-57,d,d,true,1716016.00
unknown,main-trial-57,a,a,true,1716197.00
unknown,main-trial-57, , ,true,1716401.00
unknown,main-trial-57,d,d,true,1716746.00
unknown,main-trial-57,a,a,true,1716903.00
unknown,main-trial-57, , ,true,1717078.00
unknown,main-trial-57,b,b,true,1717403.00
unknown,main-trial-57, , ,true,1717596.00
unknown,main-trial-57,w,w,true,1717833.00
unknown,main-trial-57,e,e,true,1717959.00
unknown,main-trial-57, , ,true,1718146.00
unknown,main-trial-57,d,d,true,1718288.00
unknown,main-trial-57,a,a,true,1718439.00
unknown,main-trial-57, , ,true,1718595.00
unknown,main-trial-57,w,w,true,1718775.00
unknown,main-trial-57,e,e,true,1718892.00
unknown,main-trial-57, , ,true,1719139.00
unknown,main-trial-57,d,d,true,1719426.00
unknown,main-trial-57,a,a,true,1719555.00
unknown,main-trial-58,e,e,true,1726715.00
unknown,main-trial-58, , ,true,1726930.00
unknown,main-trial-58,s,s,true,1727116.00
unknown,main-trial-58,a,a,true,1727261.00
unknown,main-trial-58, , ,true,1727466.00
unknown,main-trial-58,s,s,true,1727613.00
unknown,main-trial-58,a,a,true,1727780.00
unknown,main-trial-58, , ,true,1727967.00
unknown,main-trial-58,n,n,true,1728192.00
unknown,main-trial-58, , ,true,1728319.00
unknown,main-trial-58,w,w,true,1728538.00
unknown,main-trial-58,r,r,true,1728929.00
unknown,main-trial-58, , ,true,1729123.00
unknown,main-trial-58,w,w,true,1729373.00
unknown,main-trial-58,r,r,true,1729516.00
unknown,main-trial-58, , ,true,1729690.00
unknown,main-trial-58,z,z,true,1730534.00
unknown,main-trial-58, , ,true,1730820.00
unknown,main-trial-58,s,s,true,1731736.00
unknown,main-trial-58,a,a,true,1731867.00
unknown,main-trial-58, , ,true,1732088.00
unknown,main-trial-58,w,w,true,1732535.00
unknown,main-trial-58,r,r,true,1732766.00
unknown,main-trial-58, , ,true,1732998.00
unknown,main-trial-58,s,s,true,1733273.00
unknown,main-trial-58,a,a,true,1733436.00
unknown,main-trial-58, , ,true,1733628.00
unknown,main-trial-58,w,w,true,1733782.00
unknown,main-trial-58,r,r,true,1733956.00
unknown,main-trial-59,u,u,true,1743436.00
unknown,main-trial-59, , ,true,1743733.00
unknown,main-trial-59,a,a,true,1743959.00
unknown,main-trial-59,a,a,true,1744132.00
unknown,main-trial-59, , ,true,1744298.00
unknown,main-trial-59,a,a,true,1744509.00
unknown,main-trial-59,a,a,true,1744650.00
unknown,main-trial-59, , ,true,1744841.00
unknown,main-trial-59,q,q,true,1745402.00
unknown,main-trial-59, , ,true,1745712.00
unknown,main-trial-59,f,f,true,1746075.00
unknown,main-trial-59,f,f,true,1746218.00
unknown,main-trial-59, , ,true,1746376.00
unknown,main-trial-59,f,f,true,1746531.00
unknown,main-trial-59,f,f,true,1746678.00
unknown,main-trial-59, , ,true,1746886.00
unknown,main-trial-59,j,j,true,1747119.00
unknown,main-trial-59, , ,true,1747316.00
unknown,main-trial-59,a,a,true,1747633.00
unknown,main-trial-59,a,a,true,1747789.00
unknown,main-trial-59, , ,true,1748033.00
unknown,main-trial-59,f,f,true,1748219.00
unknown,main-trial-59,f,f,true,1748354.00
unknown,main-trial-59, , ,true,1748579.00
unknown,main-trial-59,a,a,true,1748776.00
unknown,main-trial-59,a,a,true,1748929.00
unknown,main-trial-59, , ,true,1749178.00
unknown,main-trial-59,f,f,true,1749349.00
unknown,main-trial-59,f,f,true,1749507.00
unknown,main-trial-60,j,j,true,1757417.00
unknown,main-trial-60, , ,true,1757684.00
unknown,main-trial-60,s,s,true,1757926.00
unknown,main-trial-60,a,a,true,1758072.00
unknown,main-trial-60, , ,true,1758258.00
unknown,main-trial-60,s,s,true,1758394.00
unknown,main-trial-60,a,a,true,1758557.00
unknown,main-trial-60, , ,true,1758829.00
unknown,main-trial-60,u,u,true,1759232.00
unknown,main-trial-60, , ,true,1759516.00
unknown,main-trial-60,d,d,true,1759786.00
unknown,main-trial-60,v,v,true,1759953.00
unknown,main-trial-60, , ,true,1760153.00
unknown,main-trial-60,d,d,true,1760362.00
unknown,main-trial-60,v,v,true,1760487.00
unknown,main-trial-60, , ,true,1760649.00
unknown,main-trial-60,b,b,true,1760984.00
unknown,main-trial-60, , ,true,1761156.00
unknown,main-trial-60,s,s,true,1761506.00
unknown,main-trial-60,a,a,true,1761641.00
unknown,main-trial-60, , ,true,1761849.00
unknown,main-trial-60,d,d,true,1762225.00
unknown,main-trial-60,v,v,true,1762392.00
unknown,main-trial-60, , ,true,1762595.00
unknown,main-trial-60,s,d,false,1762817.00
unknown,main-trial-60,s,s,true,1763133.00
unknown,main-trial-60,a,a,true,1763286.00
unknown,main-trial-60, , ,true,1763616.00
unknown,main-trial-60,d,d,true,1763994.00
unknown,main-trial-60,v,v,true,1764141.00
unknown,main-trial-61,g,g,true,1783425.00
unknown,main-trial-61, , ,true,1783954.00
unknown,main-trial-61,f,f,true,1784143.00
unknown,main-trial-61,e,e,true,1784265.00
unknown,main-trial-61, , ,true,1784509.00
unknown,main-trial-61,f,f,true,1784635.00
unknown,main-trial-61,e,e,true,1784792.00
unknown,main-trial-61, , ,true,1784977.00
unknown,main-trial-61,i,i,true,1785178.00
unknown,main-trial-61, , ,true,1785322.00
unknown,main-trial-61,d,d,true,1785435.00
unknown,main-trial-61,r,r,true,1785689.00
unknown,main-trial-61, , ,true,1785867.00
unknown,main-trial-61,d,d,true,1786006.00
unknown,main-trial-61,r,r,true,1786201.00
unknown,main-trial-61, , ,true,1786355.00
unknown,main-trial-61,v,v,true,1786734.00
unknown,main-trial-61, , ,true,1786903.00
unknown,main-trial-61,f,f,true,1787710.00
unknown,main-trial-61,e,e,true,1787852.00
unknown,main-trial-61, , ,true,1788024.00
unknown,main-trial-61,d,d,true,1788496.00
unknown,main-trial-61,r,r,true,1788713.00
unknown,main-trial-61, , ,true,1788896.00
unknown,main-trial-61,f,f,true,1789030.00
unknown,main-trial-61,e,e,true,1789179.00
unknown,main-trial-61, , ,true,1789354.00
unknown,main-trial-61,d,d,true,1789486.00
unknown,main-trial-61,r,r,true,1789632.00
unknown,main-trial-62,g,g,true,1807618.00
unknown,main-trial-62, , ,true,1807818.00
unknown,main-trial-62,d,d,true,1807981.00
unknown,main-trial-62,s,s,true,1808134.00
unknown,main-trial-62, , ,true,1808317.00
unknown,main-trial-62,d,d,true,1808457.00
unknown,main-trial-62,s,s,true,1808602.00
unknown,main-trial-62, , ,true,1808817.00
unknown,main-trial-62,h,h,true,1809039.00
unknown,main-trial-62, , ,true,1809271.00
unknown,main-trial-62,f,f,true,1809614.00
unknown,main-trial-62,a,a,true,1809771.00
unknown,main-trial-62, , ,true,1809967.00
unknown,main-trial-62,f,f,true,1810130.00
unknown,main-trial-62,a,a,true,1810272.00
unknown,main-trial-62, , ,true,1810429.00
unknown,main-trial-62,i,i,true,1811008.00
unknown,main-trial-62, , ,true,1811207.00
unknown,main-trial-62,d,d,true,1811573.00
unknown,main-trial-62,s,s,true,1811713.00
unknown,main-trial-62, , ,true,1811859.00
unknown,main-trial-62,f,f,true,1812212.00
unknown,main-trial-62,a,a,true,1812359.00
unknown,main-trial-62, , ,true,1812541.00
unknown,main-trial-62,d,d,true,1812695.00
unknown,main-trial-62,s,s,true,1812838.00
unknown,main-trial-62, , ,true,1812994.00
unknown,main-trial-62,f,f,true,1813145.00
unknown,main-trial-62,a,a,true,1813301.00
unknown,main-trial-63,r,r,true,1820606.00
unknown,main-trial-63, , ,true,1820826.00
unknown,main-trial-63,s,s,true,1821068.00
unknown,main-trial-63,s,s,true,1821206.00
unknown,main-trial-63, , ,true,1821381.00
unknown,main-trial-63,s,s,true,1821560.00
unknown,main-trial-63,s,s,true,1821699.00
unknown,main-trial-63, , ,true,1821941.00
unknown,main-trial-63,w,w,true,1822138.00
unknown,main-trial-63, , ,true,1822341.00
unknown,main-trial-63,r,r,true,1822840.00
unknown,main-trial-63,r,r,true,1822960.00
unknown,main-trial-63, , ,true,1823180.00
unknown,main-trial-63,r,r,true,1823353.00
unknown,main-trial-63,r,r,true,1823470.00
unknown,main-trial-63, , ,true,1823658.00
unknown,main-trial-63,j,j,true,1823880.00
unknown,main-trial-63, , ,true,1824055.00
unknown,main-trial-63,s,s,true,1824298.00
unknown,main-trial-63,s,s,true,1824446.00
unknown,main-trial-63, , ,true,1824611.00
unknown,main-trial-63,r,r,true,1824925.00
unknown,main-trial-63,r,r,true,1825076.00
unknown,main-trial-63, , ,true,1825251.00
unknown,main-trial-63,s,s,true,1825414.00
unknown,main-trial-63,s,s,true,1825559.00
unknown,main-trial-63, , ,true,1825781.00
unknown,main-trial-63,r,r,true,1825968.00
unknown,main-trial-63,r,r,true,1826091.00
unknown,main-trial-63,, ,false,1826324.00
unknown,main-trial-64,g,g,true,1834938.00
unknown,main-trial-64, , ,true,1835154.00
unknown,main-trial-64,a,a,true,1835382.00
unknown,main-trial-64,r,r,true,1835547.00
unknown,main-trial-64, , ,true,1835688.00
unknown,main-trial-64,a,a,true,1835969.00
unknown,main-trial-64,r,r,true,1836121.00
unknown,main-trial-64, , ,true,1836303.00
unknown,main-trial-64,y,y,true,1836668.00
unknown,main-trial-64, , ,true,1836914.00
unknown,main-trial-64,s,s,true,1837154.00
unknown,main-trial-64,e,e,true,1837328.00
unknown,main-trial-64, , ,true,1837489.00
unknown,main-trial-64,s,s,true,1837617.00
unknown,main-trial-64,e,e,true,1837735.00
unknown,main-trial-64, , ,true,1837917.00
unknown,main-trial-64,p,p,true,1838273.00
unknown,main-trial-64, , ,true,1838454.00
unknown,main-trial-64,a,a,true,1838625.00
unknown,main-trial-64,r,r,true,1838846.00
unknown,main-trial-64, , ,true,1839006.00
unknown,main-trial-64,s,s,true,1839138.00
unknown,main-trial-64,e,e,true,1839282.00
unknown,main-trial-64, , ,true,1839440.00
unknown,main-trial-64,a,a,true,1839569.00
unknown,main-trial-64,r,r,true,1839734.00
unknown,main-trial-64, , ,true,1839890.00
unknown,main-trial-64,s,s,true,1840007.00
unknown,main-trial-64,e,e,true,1840187.00
unknown,main-trial-65,x,x,true,1849271.00
unknown,main-trial-65, , ,true,1849493.00
unknown,main-trial-65,e,e,true,1849666.00
unknown,main-trial-65,d,d,true,1849864.00
unknown,main-trial-65, , ,true,1849951.00
unknown,main-trial-65,e,e,true,1850160.00
unknown,main-trial-65,d,d,true,1850323.00
unknown,main-trial-65, , ,true,1850418.00
unknown,main-trial-65,k,k,true,1850647.00
unknown,main-trial-65, , ,true,1850861.00
unknown,main-trial-65,f,f,true,1851002.00
unknown,main-trial-65,e,e,true,1851171.00
unknown,main-trial-65, , ,true,1851413.00
unknown,main-trial-65,f,f,true,1851624.00
unknown,main-trial-65,e,e,true,1851768.00
unknown,main-trial-65, , ,true,1851941.00
unknown,main-trial-65,y,y,true,1852288.00
unknown,main-trial-65, , ,true,1852510.00
unknown,main-trial-65,e,e,true,1852760.00
unknown,main-trial-65,d,d,true,1852949.00
unknown,main-trial-65, , ,true,1853039.00
unknown,main-trial-65,f,f,true,1853217.00
unknown,main-trial-65,e,e,true,1853375.00
unknown,main-trial-65, , ,true,1853518.00
unknown,main-trial-65,e,e,true,1853690.00
unknown,main-trial-65,d,d,true,1853867.00
unknown,main-trial-65, , ,true,1853956.00
unknown,main-trial-65,f,f,true,1854117.00
unknown,main-trial-65,e,e,true,1854257.00
unknown,main-trial-66,z,z,true,1870465.00
unknown,main-trial-66, , ,true,1870804.00
unknown,main-trial-66,d,d,true,1871098.00
unknown,main-trial-66,v,v,true,1871361.00
unknown,main-trial-66, , ,true,1871523.00
unknown,main-trial-66,d,d,true,1871712.00
unknown,main-trial-66,v,v,true,1871877.00
unknown,main-trial-66, , ,true,1872013.00
unknown,main-trial-66,f,f,true,1872257.00
unknown,main-trial-66, , ,true,1872458.00
unknown,main-trial-66,s,s,true,1872660.00
unknown,main-trial-66,a,a,true,1872877.00
unknown,main-trial-66, , ,true,1873072.00
unknown,main-trial-66,s,s,true,1873421.00
unknown,main-trial-66,a,a,true,1873592.00
unknown,main-trial-66, , ,true,1873794.00
unknown,main-trial-66,a,a,true,1874331.00
unknown,main-trial-66, , ,true,1874847.00
unknown,main-trial-66,d,d,true,1875293.00
unknown,main-trial-66,v,v,true,1875454.00
unknown,main-trial-66, , ,true,1875636.00
unknown,main-trial-66,s,s,true,1876396.00
unknown,main-trial-66,a,a,true,1876543.00
unknown,main-trial-66, , ,true,1876716.00
unknown,main-trial-66,d,d,true,1877194.00
unknown,main-trial-66,v,v,true,1877335.00
unknown,main-trial-66, , ,true,1877488.00
unknown,main-trial-66,s,s,true,1877845.00
unknown,main-trial-66,a,a,true,1877989.00
unknown,main-trial-67,j,j,true,1885742.00
unknown,main-trial-67, , ,true,1885975.00
unknown,main-trial-67,s,s,true,1886388.00
unknown,main-trial-67,f,f,true,1886572.00
unknown,main-trial-67, , ,true,1886757.00
unknown,main-trial-67,s,s,true,1886940.00
unknown,main-trial-67,f,f,true,1887109.00
unknown,main-trial-67, , ,true,1887239.00
unknown,main-trial-67,e,e,true,1887431.00
unknown,main-trial-67, , ,true,1887600.00
unknown,main-trial-67,e,e,true,1887925.00
unknown,main-trial-67,r,r,true,1888114.00
unknown,main-trial-67, , ,true,1888273.00
unknown,main-trial-67,e,e,true,1888438.00
unknown,main-trial-67,r,r,true,1888533.00
unknown,main-trial-67, , ,true,1888675.00
unknown,main-trial-67,v,v,true,1889078.00
unknown,main-trial-67, , ,true,1889239.00
unknown,main-trial-67,s,s,true,1889392.00
unknown,main-trial-67,f,d,false,1889516.00
unknown,main-trial-67,f, ,false,1889680.00
unknown,main-trial-67,f,e,false,1889861.00
unknown,main-trial-67,f,r,false,1890011.00
unknown,main-trial-67,f,f,true,1890715.00
unknown,main-trial-67, , ,true,1891168.00
unknown,main-trial-67,e,e,true,1891685.00
unknown,main-trial-67,r,r,true,1891833.00
unknown,main-trial-67, , ,true,1891976.00
unknown,main-trial-67,s,s,true,1892434.00
unknown,main-trial-67,f,f,true,1892565.00
unknown,main-trial-67, , ,true,1892876.00
unknown,main-trial-67,e,e,true,1893219.00
unknown,main-trial-67,r,r,true,1893347.00
unknown,main-trial-68,w,w,true,1911505.00
unknown,main-trial-68, , ,true,1911716.00
unknown,main-trial-68,a,a,true,1911882.00
unknown,main-trial-68,s,s,true,1912040.00
unknown,main-trial-68, , ,true,1912203.00
unknown,main-trial-68,a,a,true,1912397.00
unknown,main-trial-68,s,s,true,1912507.00
unknown,main-trial-68, , ,true,1912698.00
unknown,main-trial-68,k,k,true,1912900.00
unknown,main-trial-68, , ,true,1913045.00
unknown,main-trial-68,a,a,true,1913407.00
unknown,main-trial-68,d,d,true,1913550.00
unknown,main-trial-68, , ,true,1913706.00
unknown,main-trial-68,a,a,true,1913856.00
unknown,main-trial-68,d,d,true,1913962.00
unknown,main-trial-68, , ,true,1914142.00
unknown,main-trial-68,k,k,true,1914315.00
unknown,main-trial-68, , ,true,1914453.00
unknown,main-trial-68,a,a,true,1914612.00
unknown,main-trial-68,s,s,true,1914725.00
unknown,main-trial-68, , ,true,1914916.00
unknown,main-trial-68,a,a,true,1915070.00
unknown,main-trial-68,d,d,true,1915416.00
unknown,main-trial-68, , ,true,1915587.00
unknown,main-trial-68,a,a,true,1915793.00
unknown,main-trial-68,s,s,true,1915898.00
unknown,main-trial-68, , ,true,1916115.00
unknown,main-trial-68,a,a,true,1916279.00
unknown,main-trial-68,d,d,true,1916563.00
unknown,main-trial-69,v,v,true,1927581.00
unknown,main-trial-69, , ,true,1927757.00
unknown,main-trial-69,d,d,true,1927923.00
unknown,main-trial-69,a,a,true,1928073.00
unknown,main-trial-69, , ,true,1928242.00
unknown,main-trial-69,d,d,true,1928403.00
unknown,main-trial-69,a,a,true,1928556.00
unknown,main-trial-69, , ,true,1928703.00
unknown,main-trial-69,b,b,true,1929154.00
unknown,main-trial-69, , ,true,1929365.00
unknown,main-trial-69,w,w,true,1929888.00
unknown,main-trial-69,e,e,true,1930040.00
unknown,main-trial-69, , ,true,1930180.00
unknown,main-trial-69,w,w,true,1930386.00
unknown,main-trial-69,e,e,true,1930472.00
unknown,main-trial-69, , ,true,1930696.00
unknown,main-trial-69,h,h,true,1930953.00
unknown,main-trial-69, , ,true,1931115.00
unknown,main-trial-69,d,d,true,1931263.00
unknown,main-trial-69,a,a,true,1931399.00
unknown,main-trial-69, , ,true,1931538.00
unknown,main-trial-69,w,w,true,1931723.00
unknown,main-trial-69,e,e,true,1931841.00
unknown,main-trial-69, , ,true,1932005.00
unknown,main-trial-69,d,d,true,1932325.00
unknown,main-trial-69,a,a,true,1932467.00
unknown,main-trial-69, , ,true,1932598.00
unknown,main-trial-69,w,w,true,1932770.00
unknown,main-trial-69,e,e,true,1932863.00
unknown,main-trial-70,r,r,true,1941380.00
unknown,main-trial-70, , ,true,1941560.00
unknown,main-trial-70,a,a,true,1942071.00
unknown,main-trial-70,f,f,true,1942215.00
unknown,main-trial-70, , ,true,1942353.00
unknown,main-trial-70,a,a,true,1942541.00
unknown,main-trial-70,f,f,true,1942664.00
unknown,main-trial-70, , ,true,1942825.00
unknown,main-trial-70,x,x,true,1943383.00
unknown,main-trial-70, , ,true,1943567.00
unknown,main-trial-70,s,s,true,1943972.00
unknown,main-trial-70,d,d,true,1944109.00
unknown,main-trial-70, , ,true,1944240.00
unknown,main-trial-70,s,s,true,1944397.00
unknown,main-trial-70,d,d,true,1944484.00
unknown,main-trial-70, , ,true,1944636.00
unknown,main-trial-70,r,r,true,1944899.00
unknown,main-trial-70, , ,true,1945043.00
unknown,main-trial-70,a,s,false,1945242.00
unknown,main-trial-70,a,a,true,1945632.00
unknown,main-trial-70,f,d,false,1945765.00
unknown,main-trial-70,f,f,true,1946157.00
unknown,main-trial-70, , ,true,1946466.00
unknown,main-trial-70,s,s,true,1946786.00
unknown,main-trial-70,d,d,true,1946916.00
unknown,main-trial-70, , ,true,1947045.00
unknown,main-trial-70,a,a,true,1947437.00
unknown,main-trial-70,f,f,true,1947602.00
unknown,main-trial-70, , ,true,1947804.00
unknown,main-trial-70,s,s,true,1948471.00
unknown,main-trial-70,d,d,true,1948599.00
unknown,main-trial-71,w,w,true,1962094.00
unknown,main-trial-71, , ,true,1962421.00
unknown,main-trial-71,v,v,true,1962712.00
unknown,main-trial-71,v,v,true,1962867.00
unknown,main-trial-71, , ,true,1963014.00
unknown,main-trial-71,v,v,true,1963181.00
unknown,main-trial-71,v,v,true,1963344.00
unknown,main-trial-71, , ,true,1963495.00
unknown,main-trial-71,s,s,true,1963825.00
unknown,main-trial-71, , ,true,1964054.00
unknown,main-trial-71,a,a,true,1964225.00
unknown,main-trial-71,a,a,true,1964441.00
unknown,main-trial-71, , ,true,1964603.00
unknown,main-trial-71,a,a,true,1964771.00
unknown,main-trial-71,a,a,true,1964915.00
unknown,main-trial-71, , ,true,1965178.00
unknown,main-trial-71,w,w,true,1965438.00
unknown,main-trial-71, , ,true,1965681.00
unknown,main-trial-71,v,v,true,1966247.00
unknown,main-trial-71,v,v,true,1966407.00
unknown,main-trial-71, , ,true,1966564.00
unknown,main-trial-71,a,a,true,1966826.00
unknown,main-trial-71,a,a,true,1966952.00
unknown,main-trial-71, , ,true,1967374.00
unknown,main-trial-71,v,v,true,1967549.00
unknown,main-trial-71,v,v,true,1967704.00
unknown,main-trial-71, , ,true,1968089.00
unknown,main-trial-71,a,a,true,1968302.00
unknown,main-trial-71,a,a,true,1968454.00
unknown,main-trial-72,t,t,true,1974097.00
unknown,main-trial-72, , ,true,1974321.00
unknown,main-trial-72,w,w,true,1974663.00
unknown,main-trial-72,d,d,true,1974868.00
unknown,main-trial-72, , ,true,1975027.00
unknown,main-trial-72,w,w,true,1975246.00
unknown,main-trial-72,d,d,true,1975402.00
unknown,main-trial-72, , ,true,1975565.00
unknown,main-trial-72,s,s,true,1975813.00
unknown,main-trial-72, , ,true,1976005.00
unknown,main-trial-72,d,d,true,1976283.00
unknown,main-trial-72,r,r,true,1976537.00
unknown,main-trial-72, , ,true,1976770.00
unknown,main-trial-72,d,d,true,1976927.00
unknown,main-trial-72,r,r,true,1977086.00
unknown,main-trial-72, ,d,false,1977091.00
unknown,main-trial-72, , ,true,1977238.00
unknown,main-trial-72,h,h,true,1977497.00
unknown,main-trial-72, , ,true,1977678.00
unknown,main-trial-72,w,w,true,1977851.00
unknown,main-trial-72,d,d,true,1977995.00
unknown,main-trial-72, , ,true,1978125.00
unknown,main-trial-72,d,d,true,1978334.00
unknown,main-trial-72,r,r,true,1978548.00
unknown,main-trial-72, , ,true,1978692.00
unknown,main-trial-72,w,w,true,1978861.00
unknown,main-trial-72,d,d,true,1979037.00
unknown,main-trial-72, , ,true,1979191.00
unknown,main-trial-72,d,d,true,1979372.00
unknown,main-trial-72,r,r,true,1979563.00
unknown,main-trial-73,x,x,true,1985190.00
unknown,main-trial-73, , ,true,1985421.00
unknown,main-trial-73,r,r,true,1985670.00
unknown,main-trial-73,e,e,true,1985827.00
unknown,main-trial-73, , ,true,1985982.00
unknown,main-trial-73,r,r,true,1986201.00
unknown,main-trial-73,e,e,true,1986341.00
unknown,main-trial-73, , ,true,1986489.00
unknown,main-trial-73,o,o,true,1986729.00
unknown,main-trial-73, , ,true,1986908.00
unknown,main-trial-73,f,f,true,1987064.00
unknown,main-trial-73,a,a,true,1987253.00
unknown,main-trial-73, , ,true,1987435.00
unknown,main-trial-73,f,f,true,1987604.00
unknown,main-trial-73,a,a,true,1987754.00
unknown,main-trial-73, , ,true,1987901.00
unknown,main-trial-73,q,q,true,1988460.00
unknown,main-trial-73, , ,true,1988688.00
unknown,main-trial-73,r,r,true,1989140.00
unknown,main-trial-73,e,e,true,1989287.00
unknown,main-trial-73, , ,true,1989441.00
unknown,main-trial-73,f,f,true,1989815.00
unknown,main-trial-73,a,a,true,1989962.00
unknown,main-trial-73, , ,true,1990123.00
unknown,main-trial-73,r,r,true,1990303.00
unknown,main-trial-73,e,e,true,1990444.00
unknown,main-trial-73, , ,true,1990620.00
unknown,main-trial-73,f,f,true,1990814.00
unknown,main-trial-73,a,a,true,1990956.00
unknown,main-trial-74,v,v,true,2003920.00
unknown,main-trial-74, , ,true,2004060.00
unknown,main-trial-74,e,e,true,2004301.00
unknown,main-trial-74,f,f,true,2004453.00
unknown,main-trial-74, , ,true,2004590.00
unknown,main-trial-74,e,e,true,2004763.00
unknown,main-trial-74,f,f,true,2004878.00
unknown,main-trial-74, , ,true,2005017.00
unknown,main-trial-74,r,r,true,2005209.00
unknown,main-trial-74, , ,true,2005361.00
unknown,main-trial-74,w,w,true,2005575.00
unknown,main-trial-74,e,e,true,2005714.00
unknown,main-trial-74, , ,true,2005863.00
unknown,main-trial-74,w,w,true,2006030.00
unknown,main-trial-74,e,e,true,2006112.00
unknown,main-trial-74, , ,true,2006291.00
unknown,main-trial-74,s,s,true,2006878.00
unknown,main-trial-74, , ,true,2007097.00
unknown,main-trial-74,e,e,true,2007314.00
unknown,main-trial-74,f,f,true,2007504.00
unknown,main-trial-74, , ,true,2007633.00
unknown,main-trial-74,w,w,true,2007831.00
unknown,main-trial-74,e,e,true,2007972.00
unknown,main-trial-74, , ,true,2008145.00
unknown,main-trial-74,e,e,true,2008410.00
unknown,main-trial-74,f,f,true,2008544.00
unknown,main-trial-74, , ,true,2008733.00
unknown,main-trial-74,w,w,true,2009251.00
unknown,main-trial-74,e,e,true,2009387.00
unknown,main-trial-75,w,w,true,2015858.00
unknown,main-trial-75, , ,true,2016070.00
unknown,main-trial-75,a,a,true,2016265.00
unknown,main-trial-75,d,d,true,2016409.00
unknown,main-trial-75, , ,true,2016541.00
unknown,main-trial-75,a,a,true,2016712.00
unknown,main-trial-75,d,d,true,2016840.00
unknown,main-trial-75, , ,true,2017005.00
unknown,main-trial-75,p,p,true,2017448.00
unknown,main-trial-75, , ,true,2017624.00
unknown,main-trial-75,f,f,true,2017949.00
unknown,main-trial-75,d,d,true,2018079.00
unknown,main-trial-75, , ,true,2018263.00
unknown,main-trial-75,f,f,true,2018410.00
unknown,main-trial-75,d,d,true,2018531.00
unknown,main-trial-75, , ,true,2018691.00
unknown,main-trial-75,o,o,true,2019214.00
unknown,main-trial-75, , ,true,2019361.00
unknown,main-trial-75,a,a,true,2019547.00
unknown,main-trial-75,d,d,true,2019734.00
unknown,main-trial-75, , ,true,2019867.00
unknown,main-trial-75,f,f,true,2020398.00
unknown,main-trial-75,d,d,true,2020509.00
unknown,main-trial-75, , ,true,2020691.00
unknown,main-trial-75,a,a,true,2020854.00
unknown,main-trial-75,d,d,true,2020995.00
unknown,main-trial-75, , ,true,2021178.00
unknown,main-trial-75,f,f,true,2021348.00
unknown,main-trial-75,d,d,true,2021472.00
unknown,main-trial-76,u,u,true,2032132.00
unknown,main-trial-76, , ,true,2032345.00
unknown,main-trial-76,f,f,true,2033073.00
unknown,main-trial-76,s,s,true,2033262.00
unknown,main-trial-76, , ,true,2033445.00
unknown,main-trial-76,f,f,true,2033639.00
unknown,main-trial-76,s,s,true,2033783.00
unknown,main-trial-76, , ,true,2033939.00
unknown,main-trial-76,c,c,true,2034683.00
unknown,main-trial-76, , ,true,2034809.00
unknown,main-trial-76,a,a,true,2035218.00
unknown,main-trial-76,s,d,false,2035383.00
unknown,main-trial-76,s, ,false,2035555.00
unknown,main-trial-76,s,s,true,2035926.00
unknown,main-trial-76, , ,true,2036233.00
unknown,main-trial-76,a,a,true,2036437.00
unknown,main-trial-76,s,s,true,2036570.00
unknown,main-trial-76, , ,true,2036814.00
unknown,main-trial-76,c,c,true,2037336.00
unknown,main-trial-76, , ,true,2037586.00
unknown,main-trial-76,f,f,true,2038397.00
unknown,main-trial-76,s,s,true,2038554.00
unknown,main-trial-76, , ,true,2038940.00
unknown,main-trial-76,a,a,true,2039245.00
unknown,main-trial-76,s,s,true,2039449.00
unknown,main-trial-76, , ,true,2039684.00
unknown,main-trial-76,f,f,true,2039920.00
unknown,main-trial-76,s,s,true,2040047.00
unknown,main-trial-76, , ,true,2040296.00
unknown,main-trial-76,a,a,true,2040581.00
unknown,main-trial-76,s,s,true,2040690.00
