key_pair,distance_setup,distance_interval,distance_return,distance_total
'',19.0,0.0,19.0,38.0
"',",19.0,21.470910553583888,40.47091055358389,80.94182110716778
'.,19.0,21.470910553583888,40.47091055358389,80.94182110716778
'/,19.0,21.02379604162864,21.470910553583888,61.494706595212534
';,19.0,19.0,0.0,38.0
'A,19.0,0.0,19.0,38.0
'B,19.0,34.66987164671943,53.66987164671943,107.33974329343886
'C,19.0,21.470910553583888,40.47091055358389,80.94182110716778
'D,19.0,0.0,19.0,38.0
'E,19.0,19.6468827043885,38.6468827043885,77.293765408777
'F,19.0,0.0,19.0,38.0
'G,19.0,19.0,38.0,76.0
'H,19.0,19.0,38.0,76.0
'I,19.0,19.6468827043885,38.6468827043885,77.293765408777
'J,19.0,0.0,19.0,38.0
'K,19.0,0.0,19.0,38.0
'L,19.0,0.0,19.0,38.0
'M,19.0,21.470910553583888,40.47091055358389,80.94182110716778
'N,19.0,21.02379604162864,40.02379604162864,80.04759208325729
'O,19.0,19.6468827043885,38.6468827043885,77.293765408777
'P,19.0,30.610455730027933,19.6468827043885,69.25733843441644
'Q,19.0,19.6468827043885,38.6468827043885,77.293765408777
'R,19.0,19.6468827043885,38.6468827043885,77.293765408777
'S,19.0,0.0,19.0,38.0
'T,19.0,23.600847442411894,42.60084744241189,85.20169488482378
'U,19.0,19.6468827043885,38.6468827043885,77.293765408777
'V,19.0,21.470910553583888,40.47091055358389,80.94182110716778
'W,19.0,19.6468827043885,38.6468827043885,77.293765408777
'X,19.0,21.470910553583888,40.47091055358389,80.94182110716778
'Y,19.0,30.610455730027933,49.61045573002794,99.22091146005587
'Z,19.0,21.470910553583888,40.47091055358389,80.94182110716778
'[,19.0,19.6468827043885,23.600847442411894,62.24773014680039
",'",21.470910553583888,19.0,40.47091055358389,80.94182110716778
",,",21.470910553583888,0.0,21.470910553583888,42.941821107167776
",.",21.470910553583888,21.470910553583888,42.941821107167776,85.88364221433555
",/",21.470910553583888,21.470910553583888,42.941821107167776,85.88364221433555
",;",21.470910553583888,0.0,21.470910553583888,42.941821107167776
",A",21.470910553583888,0.0,21.470910553583888,42.941821107167776
",B",21.470910553583888,34.66987164671943,56.14078220030332,112.28156440060664
",C",21.470910553583888,21.470910553583888,42.941821107167776,85.88364221433555
",D",21.470910553583888,0.0,21.470910553583888,42.941821107167776
",E",21.470910553583888,19.6468827043885,41.11779325797239,82.23558651594477
",F",21.470910553583888,0.0,21.470910553583888,42.941821107167776
",G",21.470910553583888,19.0,40.47091055358389,80.94182110716778
",H",21.470910553583888,19.0,40.47091055358389,80.94182110716778
",I",21.470910553583888,40.85339643163099,19.6468827043885,81.97118968960338
",J",21.470910553583888,0.0,21.470910553583888,42.941821107167776
",K",21.470910553583888,21.470910553583888,0.0,42.941821107167776
",L",21.470910553583888,0.0,21.470910553583888,42.941821107167776
",M",21.470910553583888,21.470910553583888,42.941821107167776,85.88364221433555
",N",21.470910553583888,21.02379604162864,42.49470659521253,84.98941319042505
",O",21.470910553583888,19.6468827043885,41.11779325797239,82.23558651594477
",P",21.470910553583888,19.6468827043885,41.11779325797239,82.23558651594477
",Q",21.470910553583888,19.6468827043885,41.11779325797239,82.23558651594477
",R",21.470910553583888,19.6468827043885,41.11779325797239,82.23558651594477
",S",21.470910553583888,0.0,21.470910553583888,42.941821107167776
",T",21.470910553583888,23.600847442411894,45.07175799599578,90.14351599199156
",U",21.470910553583888,19.6468827043885,41.11779325797239,82.23558651594477
",V",21.470910553583888,21.470910553583888,42.941821107167776,85.88364221433555
",W",21.470910553583888,19.6468827043885,41.11779325797239,82.23558651594477
",X",21.470910553583888,21.470910553583888,42.941821107167776,85.88364221433555
",Y",21.470910553583888,30.610455730027933,52.08136628361182,104.16273256722364
",Z",21.470910553583888,21.470910553583888,42.941821107167776,85.88364221433555
",[",21.470910553583888,23.600847442411894,45.07175799599578,90.14351599199156
.',21.470910553583888,19.0,40.47091055358389,80.94182110716778
".,",21.470910553583888,21.470910553583888,42.941821107167776,85.88364221433555
..,21.470910553583888,0.0,21.470910553583888,42.941821107167776
./,21.470910553583888,21.470910553583888,42.941821107167776,85.88364221433555
.;,21.470910553583888,0.0,21.470910553583888,42.941821107167776
.A,21.470910553583888,0.0,21.470910553583888,42.941821107167776
.B,21.470910553583888,34.66987164671943,56.14078220030332,112.28156440060664
.C,21.470910553583888,21.470910553583888,42.941821107167776,85.88364221433555
.D,21.470910553583888,0.0,21.470910553583888,42.941821107167776
.E,21.470910553583888,19.6468827043885,41.11779325797239,82.23558651594477
.F,21.470910553583888,0.0,21.470910553583888,42.941821107167776
.G,21.470910553583888,19.0,40.47091055358389,80.94182110716778
.H,21.470910553583888,19.0,40.47091055358389,80.94182110716778
.I,21.470910553583888,19.6468827043885,41.11779325797239,82.23558651594477
.J,21.470910553583888,0.0,21.470910553583888,42.941821107167776
.K,21.470910553583888,0.0,21.470910553583888,42.941821107167776
.L,21.470910553583888,21.470910553583888,0.0,42.941821107167776
.M,21.470910553583888,21.470910553583888,42.941821107167776,85.88364221433555
.N,21.470910553583888,21.02379604162864,42.49470659521253,84.98941319042505
.O,21.470910553583888,40.85339643163099,19.6468827043885,81.97118968960338
.P,21.470910553583888,19.6468827043885,41.11779325797239,82.23558651594477
.Q,21.470910553583888,19.6468827043885,41.11779325797239,82.23558651594477
.R,21.470910553583888,19.6468827043885,41.11779325797239,82.23558651594477
.S,21.470910553583888,0.0,21.470910553583888,42.941821107167776
.T,21.470910553583888,23.600847442411894,45.07175799599578,90.14351599199156
.U,21.470910553583888,19.6468827043885,41.11779325797239,82.23558651594477
.V,21.470910553583888,21.470910553583888,42.941821107167776,85.88364221433555
.W,21.470910553583888,19.6468827043885,41.11779325797239,82.23558651594477
.X,21.470910553583888,21.470910553583888,42.941821107167776,85.88364221433555
.Y,21.470910553583888,30.610455730027933,52.08136628361182,104.16273256722364
.Z,21.470910553583888,21.470910553583888,42.941821107167776,85.88364221433555
.[,21.470910553583888,23.600847442411894,45.07175799599578,90.14351599199156
/',21.470910553583888,21.02379604162864,19.0,61.49470659521253
"/,",21.470910553583888,21.470910553583888,42.941821107167776,85.88364221433555
/.,21.470910553583888,21.470910553583888,42.941821107167776,85.88364221433555
//,21.470910553583888,0.0,21.470910553583888,42.941821107167776
/;,21.470910553583888,21.470910553583888,0.0,42.941821107167776
/A,21.470910553583888,0.0,21.470910553583888,42.941821107167776
/B,21.470910553583888,34.66987164671943,56.14078220030332,112.28156440060664
/C,21.470910553583888,21.470910553583888,42.941821107167776,85.88364221433555
/D,21.470910553583888,0.0,21.470910553583888,42.941821107167776
/E,21.470910553583888,19.6468827043885,41.11779325797239,82.23558651594477
/F,21.470910553583888,0.0,21.470910553583888,42.941821107167776
/G,21.470910553583888,19.0,40.47091055358389,80.94182110716778
/H,21.470910553583888,19.0,40.47091055358389,80.94182110716778
/I,21.470910553583888,19.6468827043885,41.11779325797239,82.23558651594477
/J,21.470910553583888,0.0,21.470910553583888,42.941821107167776
/K,21.470910553583888,0.0,21.470910553583888,42.941821107167776
/L,21.470910553583888,0.0,21.470910553583888,42.941821107167776
/M,21.470910553583888,21.470910553583888,42.941821107167776,85.88364221433555
/N,21.470910553583888,21.02379604162864,42.49470659521253,84.98941319042505
/O,21.470910553583888,19.6468827043885,41.11779325797239,82.23558651594477
/P,21.470910553583888,40.85339643163099,19.6468827043885,81.97118968960338
/Q,21.470910553583888,19.6468827043885,41.11779325797239,82.23558651594477
/R,21.470910553583888,19.6468827043885,41.11779325797239,82.23558651594477
/S,21.470910553583888,0.0,21.470910553583888,42.941821107167776
/T,21.470910553583888,23.600847442411894,45.07175799599578,90.14351599199156
/U,21.470910553583888,19.6468827043885,41.11779325797239,82.23558651594477
/V,21.470910553583888,21.470910553583888,42.941821107167776,85.88364221433555
/W,21.470910553583888,19.6468827043885,41.11779325797239,82.23558651594477
/X,21.470910553583888,21.470910553583888,42.941821107167776,85.88364221433555
/Y,21.470910553583888,30.610455730027933,52.08136628361182,104.16273256722364
/Z,21.470910553583888,21.470910553583888,42.941821107167776,85.88364221433555
/[,21.470910553583888,38.2099463490856,23.600847442411894,83.28170434508138
;',0.0,19.0,19.0,38.0
";,",0.0,21.470910553583888,21.470910553583888,42.941821107167776
;.,0.0,21.470910553583888,21.470910553583888,42.941821107167776
;/,0.0,21.470910553583888,21.470910553583888,42.941821107167776
;;,0.0,0.0,0.0,0.0
;A,0.0,0.0,0.0,0.0
;B,0.0,34.66987164671943,34.66987164671943,69.33974329343886
;C,0.0,21.470910553583888,21.470910553583888,42.941821107167776
;D,0.0,0.0,0.0,0.0
;E,0.0,19.6468827043885,19.6468827043885,39.293765408777
;F,0.0,0.0,0.0,0.0
;G,0.0,19.0,19.0,38.0
;H,0.0,19.0,19.0,38.0
;I,0.0,19.6468827043885,19.6468827043885,39.293765408777
;J,0.0,0.0,0.0,0.0
;K,0.0,0.0,0.0,0.0
;L,0.0,0.0,0.0,0.0
;M,0.0,21.470910553583888,21.470910553583888,42.941821107167776
;N,0.0,21.02379604162864,21.02379604162864,42.04759208325728
;O,0.0,19.6468827043885,19.6468827043885,39.293765408777
;P,0.0,19.6468827043885,19.6468827043885,39.293765408777
;Q,0.0,19.6468827043885,19.6468827043885,39.293765408777
;R,0.0,19.6468827043885,19.6468827043885,39.293765408777
;S,0.0,0.0,0.0,0.0
;T,0.0,23.600847442411894,23.600847442411894,47.20169488482379
;U,0.0,19.6468827043885,19.6468827043885,39.293765408777
;V,0.0,21.470910553583888,21.470910553583888,42.941821107167776
;W,0.0,19.6468827043885,19.6468827043885,39.293765408777
;X,0.0,21.470910553583888,21.470910553583888,42.941821107167776
;Y,0.0,30.610455730027933,30.610455730027933,61.220911460055866
;Z,0.0,21.470910553583888,21.470910553583888,42.941821107167776
;[,0.0,23.600847442411894,23.600847442411894,47.20169488482379
A',0.0,19.0,19.0,38.0
"A,",0.0,21.470910553583888,21.470910553583888,42.941821107167776
A.,0.0,21.470910553583888,21.470910553583888,42.941821107167776
A/,0.0,21.470910553583888,21.470910553583888,42.941821107167776
A;,0.0,0.0,0.0,0.0
AA,0.0,0.0,0.0,0.0
AB,0.0,34.66987164671943,34.66987164671943,69.33974329343886
AC,0.0,21.470910553583888,21.470910553583888,42.941821107167776
AD,0.0,0.0,0.0,0.0
AE,0.0,19.6468827043885,19.6468827043885,39.293765408777
AF,0.0,0.0,0.0,0.0
AG,0.0,19.0,19.0,38.0
AH,0.0,19.0,19.0,38.0
AI,0.0,19.6468827043885,19.6468827043885,39.293765408777
AJ,0.0,0.0,0.0,0.0
AK,0.0,0.0,0.0,0.0
AL,0.0,0.0,0.0,0.0
AM,0.0,21.470910553583888,21.470910553583888,42.941821107167776
AN,0.0,21.02379604162864,21.02379604162864,42.04759208325728
AO,0.0,19.6468827043885,19.6468827043885,39.293765408777
AP,0.0,19.6468827043885,19.6468827043885,39.293765408777
AQ,0.0,19.6468827043885,19.6468827043885,39.293765408777
AR,0.0,19.6468827043885,19.6468827043885,39.293765408777
AS,0.0,0.0,0.0,0.0
AT,0.0,23.600847442411894,23.600847442411894,47.20169488482379
AU,0.0,19.6468827043885,19.6468827043885,39.293765408777
AV,0.0,21.470910553583888,21.470910553583888,42.941821107167776
AW,0.0,19.6468827043885,19.6468827043885,39.293765408777
AX,0.0,21.470910553583888,21.470910553583888,42.941821107167776
AY,0.0,30.610455730027933,30.610455730027933,61.220911460055866
AZ,0.0,21.470910553583888,21.470910553583888,42.941821107167776
A[,0.0,23.600847442411894,23.600847442411894,47.20169488482379
B',34.66987164671943,19.0,53.66987164671943,107.33974329343886
"B,",34.66987164671943,21.470910553583888,56.14078220030332,112.28156440060664
B.,34.66987164671943,21.470910553583888,56.14078220030332,112.28156440060664
B/,34.66987164671943,21.470910553583888,56.14078220030332,112.28156440060664
B;,34.66987164671943,0.0,34.66987164671943,69.33974329343886
BA,34.66987164671943,0.0,34.66987164671943,69.33974329343886
BB,34.66987164671943,0.0,34.66987164671943,69.33974329343886
BC,34.66987164671943,21.470910553583888,56.14078220030332,112.28156440060664
BD,34.66987164671943,0.0,34.66987164671943,69.33974329343886
BE,34.66987164671943,19.6468827043885,54.31675435110793,108.63350870221586
BF,34.66987164671943,34.66987164671943,0.0,69.33974329343886
BG,34.66987164671943,21.470910553583888,19.0,75.14078220030332
BH,34.66987164671943,19.0,53.66987164671943,107.33974329343886
BI,34.66987164671943,19.6468827043885,54.31675435110793,108.63350870221586
BJ,34.66987164671943,0.0,34.66987164671943,69.33974329343886
BK,34.66987164671943,0.0,34.66987164671943,69.33974329343886
BL,34.66987164671943,0.0,34.66987164671943,69.33974329343886
BM,34.66987164671943,21.470910553583888,56.14078220030332,112.28156440060664
BN,34.66987164671943,21.02379604162864,55.69366768834807,111.38733537669614
BO,34.66987164671943,19.6468827043885,54.31675435110793,108.63350870221586
BP,34.66987164671943,19.6468827043885,54.31675435110793,108.63350870221586
BQ,34.66987164671943,19.6468827043885,54.31675435110793,108.63350870221586
BR,34.66987164671943,50.99019513592785,19.6468827043885,105.30694948703578
BS,34.66987164671943,0.0,34.66987164671943,69.33974329343886
BT,34.66987164671943,40.85339643163099,23.600847442411894,99.1241155207623
BU,34.66987164671943,19.6468827043885,54.31675435110793,108.63350870221586
BV,34.66987164671943,19.0,21.470910553583888,75.14078220030332
BW,34.66987164671943,19.6468827043885,54.31675435110793,108.63350870221586
BX,34.66987164671943,21.470910553583888,56.14078220030332,112.28156440060664
BY,34.66987164671943,30.610455730027933,65.28032737674737,130.56065475349473
BZ,34.66987164671943,21.470910553583888,56.14078220030332,112.28156440060664
B[,34.66987164671943,23.600847442411894,58.27071908913132,116.54143817826264
C',21.470910553583888,19.0,40.47091055358389,80.94182110716778
"C,",21.470910553583888,21.470910553583888,42.941821107167776,85.88364221433555
C.,21.470910553583888,21.470910553583888,42.941821107167776,85.88364221433555
C/,21.470910553583888,21.470910553583888,42.941821107167776,85.88364221433555
C;,21.470910553583888,0.0,21.470910553583888,42.941821107167776
CA,21.470910553583888,0.0,21.470910553583888,42.941821107167776
CB,21.470910553583888,34.66987164671943,56.14078220030332,112.28156440060664
CC,21.470910553583888,0.0,21.470910553583888,42.941821107167776
CD,21.470910553583888,21.470910553583888,0.0,42.941821107167776
CE,21.470910553583888,40.85339643163099,19.6468827043885,81.97118968960338
CF,21.470910553583888,0.0,21.470910553583888,42.941821107167776
CG,21.470910553583888,19.0,40.47091055358389,80.94182110716778
CH,21.470910553583888,19.0,40.47091055358389,80.94182110716778
CI,21.470910553583888,19.6468827043885,41.11779325797239,82.23558651594477
CJ,21.470910553583888,0.0,21.470910553583888,42.941821107167776
CK,21.470910553583888,0.0,21.470910553583888,42.941821107167776
CL,21.470910553583888,0.0,21.470910553583888,42.941821107167776
CM,21.470910553583888,21.470910553583888,42.941821107167776,85.88364221433555
CN,21.470910553583888,21.02379604162864,42.49470659521253,84.98941319042505
CO,21.470910553583888,19.6468827043885,41.11779325797239,82.23558651594477
CP,21.470910553583888,19.6468827043885,41.11779325797239,82.23558651594477
CQ,21.470910553583888,19.6468827043885,41.11779325797239,82.23558651594477
CR,21.470910553583888,19.6468827043885,41.11779325797239,82.23558651594477
CS,21.470910553583888,0.0,21.470910553583888,42.941821107167776
CT,21.470910553583888,23.600847442411894,45.07175799599578,90.14351599199156
CU,21.470910553583888,19.6468827043885,41.11779325797239,82.23558651594477
CV,21.470910553583888,21.470910553583888,42.941821107167776,85.88364221433555
CW,21.470910553583888,19.6468827043885,41.11779325797239,82.23558651594477
CX,21.470910553583888,21.470910553583888,42.941821107167776,85.88364221433555
CY,21.470910553583888,30.610455730027933,52.08136628361182,104.16273256722364
CZ,21.470910553583888,21.470910553583888,42.941821107167776,85.88364221433555
C[,21.470910553583888,23.600847442411894,45.07175799599578,90.14351599199156
D',0.0,19.0,19.0,38.0
"D,",0.0,21.470910553583888,21.470910553583888,42.941821107167776
D.,0.0,21.470910553583888,21.470910553583888,42.941821107167776
D/,0.0,21.470910553583888,21.470910553583888,42.941821107167776
D;,0.0,0.0,0.0,0.0
DA,0.0,0.0,0.0,0.0
DB,0.0,34.66987164671943,34.66987164671943,69.33974329343886
DC,0.0,21.470910553583888,21.470910553583888,42.941821107167776
DD,0.0,0.0,0.0,0.0
DE,0.0,19.6468827043885,19.6468827043885,39.293765408777
DF,0.0,0.0,0.0,0.0
DG,0.0,19.0,19.0,38.0
DH,0.0,19.0,19.0,38.0
DI,0.0,19.6468827043885,19.6468827043885,39.293765408777
DJ,0.0,0.0,0.0,0.0
DK,0.0,0.0,0.0,0.0
DL,0.0,0.0,0.0,0.0
DM,0.0,21.470910553583888,21.470910553583888,42.941821107167776
DN,0.0,21.02379604162864,21.02379604162864,42.04759208325728
DO,0.0,19.6468827043885,19.6468827043885,39.293765408777
DP,0.0,19.6468827043885,19.6468827043885,39.293765408777
DQ,0.0,19.6468827043885,19.6468827043885,39.293765408777
DR,0.0,19.6468827043885,19.6468827043885,39.293765408777
DS,0.0,0.0,0.0,0.0
DT,0.0,23.600847442411894,23.600847442411894,47.20169488482379
DU,0.0,19.6468827043885,19.6468827043885,39.293765408777
DV,0.0,21.470910553583888,21.470910553583888,42.941821107167776
DW,0.0,19.6468827043885,19.6468827043885,39.293765408777
DX,0.0,21.470910553583888,21.470910553583888,42.941821107167776
DY,0.0,30.610455730027933,30.610455730027933,61.220911460055866
DZ,0.0,21.470910553583888,21.470910553583888,42.941821107167776
D[,0.0,23.600847442411894,23.600847442411894,47.20169488482379
E',19.6468827043885,19.0,38.6468827043885,77.293765408777
"E,",19.6468827043885,21.470910553583888,41.11779325797239,82.23558651594477
E.,19.6468827043885,21.470910553583888,41.11779325797239,82.23558651594477
E/,19.6468827043885,21.470910553583888,41.11779325797239,82.23558651594477
E;,19.6468827043885,0.0,19.6468827043885,39.293765408777
EA,19.6468827043885,0.0,19.6468827043885,39.293765408777
EB,19.6468827043885,34.66987164671943,54.31675435110793,108.63350870221586
EC,19.6468827043885,40.85339643163099,21.470910553583888,81.97118968960338
ED,19.6468827043885,19.6468827043885,0.0,39.293765408777
EE,19.6468827043885,0.0,19.6468827043885,39.293765408777
EF,19.6468827043885,0.0,19.6468827043885,39.293765408777
EG,19.6468827043885,19.0,38.6468827043885,77.293765408777
EH,19.6468827043885,19.0,38.6468827043885,77.293765408777
EI,19.6468827043885,19.6468827043885,39.293765408777,78.587530817554
EJ,19.6468827043885,0.0,19.6468827043885,39.293765408777
EK,19.6468827043885,0.0,19.6468827043885,39.293765408777
EL,19.6468827043885,0.0,19.6468827043885,39.293765408777
EM,19.6468827043885,21.470910553583888,41.11779325797239,82.23558651594477
EN,19.6468827043885,21.02379604162864,40.67067874601714,81.34135749203428
EO,19.6468827043885,19.6468827043885,39.293765408777,78.587530817554
EP,19.6468827043885,19.6468827043885,39.293765408777,78.587530817554
EQ,19.6468827043885,19.6468827043885,39.293765408777,78.587530817554
ER,19.6468827043885,19.6468827043885,39.293765408777,78.587530817554
ES,19.6468827043885,0.0,19.6468827043885,39.293765408777
ET,19.6468827043885,23.600847442411894,43.24773014680039,86.49546029360079
EU,19.6468827043885,19.6468827043885,39.293765408777,78.587530817554
EV,19.6468827043885,21.470910553583888,41.11779325797239,82.23558651594477
EW,19.6468827043885,19.6468827043885,39.293765408777,78.587530817554
EX,19.6468827043885,21.470910553583888,41.11779325797239,82.23558651594477
EY,19.6468827043885,30.610455730027933,50.25733843441643,100.51467686883286
EZ,19.6468827043885,21.470910553583888,41.11779325797239,82.23558651594477
E[,19.6468827043885,23.600847442411894,43.24773014680039,86.49546029360079
F',0.0,19.0,19.0,38.0
"F,",0.0,21.470910553583888,21.470910553583888,42.941821107167776
F.,0.0,21.470910553583888,21.470910553583888,42.941821107167776
F/,0.0,21.470910553583888,21.470910553583888,42.941821107167776
F;,0.0,0.0,0.0,0.0
FA,0.0,0.0,0.0,0.0
FB,0.0,34.66987164671943,34.66987164671943,69.33974329343886
FC,0.0,21.470910553583888,21.470910553583888,42.941821107167776
FD,0.0,0.0,0.0,0.0
FE,0.0,19.6468827043885,19.6468827043885,39.293765408777
FF,0.0,0.0,0.0,0.0
FG,0.0,19.0,19.0,38.0
FH,0.0,19.0,19.0,38.0
FI,0.0,19.6468827043885,19.6468827043885,39.293765408777
FJ,0.0,0.0,0.0,0.0
FK,0.0,0.0,0.0,0.0
FL,0.0,0.0,0.0,0.0
FM,0.0,21.470910553583888,21.470910553583888,42.941821107167776
FN,0.0,21.02379604162864,21.02379604162864,42.04759208325728
FO,0.0,19.6468827043885,19.6468827043885,39.293765408777
FP,0.0,19.6468827043885,19.6468827043885,39.293765408777
FQ,0.0,19.6468827043885,19.6468827043885,39.293765408777
FR,0.0,19.6468827043885,19.6468827043885,39.293765408777
FS,0.0,0.0,0.0,0.0
FT,0.0,23.600847442411894,23.600847442411894,47.20169488482379
FU,0.0,19.6468827043885,19.6468827043885,39.293765408777
FV,0.0,21.470910553583888,21.470910553583888,42.941821107167776
FW,0.0,19.6468827043885,19.6468827043885,39.293765408777
FX,0.0,21.470910553583888,21.470910553583888,42.941821107167776
FY,0.0,30.610455730027933,30.610455730027933,61.220911460055866
FZ,0.0,21.470910553583888,21.470910553583888,42.941821107167776
F[,0.0,23.600847442411894,23.600847442411894,47.20169488482379
G',19.0,19.0,38.0,76.0
"G,",19.0,21.470910553583888,40.47091055358389,80.94182110716778
G.,19.0,21.470910553583888,40.47091055358389,80.94182110716778
G/,19.0,21.470910553583888,40.47091055358389,80.94182110716778
G;,19.0,0.0,19.0,38.0
GA,19.0,0.0,19.0,38.0
GB,19.0,21.470910553583888,34.66987164671943,75.14078220030332
GC,19.0,21.470910553583888,40.47091055358389,80.94182110716778
GD,19.0,0.0,19.0,38.0
GE,19.0,19.6468827043885,38.6468827043885,77.293765408777
GF,19.0,19.0,0.0,38.0
GG,19.0,0.0,19.0,38.0
GH,19.0,19.0,38.0,76.0
GI,19.0,19.6468827043885,38.6468827043885,77.293765408777
GJ,19.0,0.0,19.0,38.0
GK,19.0,0.0,19.0,38.0
GL,19.0,0.0,19.0,38.0
GM,19.0,21.470910553583888,40.47091055358389,80.94182110716778
GN,19.0,21.02379604162864,40.02379604162864,80.04759208325729
GO,19.0,19.6468827043885,38.6468827043885,77.293765408777
GP,19.0,19.6468827043885,38.6468827043885,77.293765408777
GQ,19.0,19.6468827043885,38.6468827043885,77.293765408777
GR,19.0,30.610455730027933,19.6468827043885,69.25733843441644
GS,19.0,0.0,19.0,38.0
GT,19.0,19.6468827043885,23.600847442411894,62.24773014680039
GU,19.0,19.6468827043885,38.6468827043885,77.293765408777
GV,19.0,21.02379604162864,21.470910553583888,61.494706595212534
GW,19.0,19.6468827043885,38.6468827043885,77.293765408777
GX,19.0,21.470910553583888,40.47091055358389,80.94182110716778
GY,19.0,30.610455730027933,49.61045573002794,99.22091146005587
GZ,19.0,21.470910553583888,40.47091055358389,80.94182110716778
G[,19.0,23.600847442411894,42.60084744241189,85.20169488482378
H',19.0,19.0,38.0,76.0
"H,",19.0,21.470910553583888,40.47091055358389,80.94182110716778
H.,19.0,21.470910553583888,40.47091055358389,80.94182110716778
H/,19.0,21.470910553583888,40.47091055358389,80.94182110716778
H;,19.0,0.0,19.0,38.0
HA,19.0,0.0,19.0,38.0
HB,19.0,34.66987164671943,53.66987164671943,107.33974329343886
HC,19.0,21.470910553583888,40.47091055358389,80.94182110716778
HD,19.0,0.0,19.0,38.0
HE,19.0,19.6468827043885,38.6468827043885,77.293765408777
HF,19.0,0.0,19.0,38.0
HG,19.0,19.0,38.0,76.0
HH,19.0,0.0,19.0,38.0
HI,19.0,19.6468827043885,38.6468827043885,77.293765408777
HJ,19.0,19.0,0.0,38.0
HK,19.0,0.0,19.0,38.0
HL,19.0,0.0,19.0,38.0
HM,19.0,34.66987164671943,21.470910553583888,75.14078220030332
HN,19.0,21.470910553583888,21.02379604162864,61.494706595212534
HO,19.0,19.6468827043885,38.6468827043885,77.293765408777
HP,19.0,19.6468827043885,38.6468827043885,77.293765408777
HQ,19.0,19.6468827043885,38.6468827043885,77.293765408777
HR,19.0,19.6468827043885,38.6468827043885,77.293765408777
HS,19.0,0.0,19.0,38.0
HT,19.0,23.600847442411894,42.60084744241189,85.20169488482378
HU,19.0,23.600847442411894,19.6468827043885,62.24773014680039
HV,19.0,21.470910553583888,40.47091055358389,80.94182110716778
HW,19.0,19.6468827043885,38.6468827043885,77.293765408777
HX,19.0,21.470910553583888,40.47091055358389,80.94182110716778
HY,19.0,19.6468827043885,30.610455730027933,69.25733843441644
HZ,19.0,21.470910553583888,40.47091055358389,80.94182110716778
H[,19.0,23.600847442411894,42.60084744241189,85.20169488482378
I',19.6468827043885,19.0,38.6468827043885,77.293765408777
"I,",19.6468827043885,40.85339643163099,21.470910553583888,81.97118968960338
I.,19.6468827043885,21.470910553583888,41.11779325797239,82.23558651594477
I/,19.6468827043885,21.470910553583888,41.11779325797239,82.23558651594477
I;,19.6468827043885,0.0,19.6468827043885,39.293765408777
IA,19.6468827043885,0.0,19.6468827043885,39.293765408777
IB,19.6468827043885,34.66987164671943,54.31675435110793,108.63350870221586
IC,19.6468827043885,21.470910553583888,41.11779325797239,82.23558651594477
ID,19.6468827043885,0.0,19.6468827043885,39.293765408777
IE,19.6468827043885,19.6468827043885,39.293765408777,78.587530817554
IF,19.6468827043885,0.0,19.6468827043885,39.293765408777
IG,19.6468827043885,19.0,38.6468827043885,77.293765408777
IH,19.6468827043885,19.0,38.6468827043885,77.293765408777
II,19.6468827043885,0.0,19.6468827043885,39.293765408777
IJ,19.6468827043885,0.0,19.6468827043885,39.293765408777
IK,19.6468827043885,19.6468827043885,0.0,39.293765408777
IL,19.6468827043885,0.0,19.6468827043885,39.293765408777
IM,19.6468827043885,21.470910553583888,41.11779325797239,82.23558651594477
IN,19.6468827043885,21.02379604162864,40.67067874601714,81.34135749203428
IO,19.6468827043885,19.6468827043885,39.293765408777,78.587530817554
IP,19.6468827043885,19.6468827043885,39.293765408777,78.587530817554
IQ,19.6468827043885,19.6468827043885,39.293765408777,78.587530817554
IR,19.6468827043885,19.6468827043885,39.293765408777,78.587530817554
IS,19.6468827043885,0.0,19.6468827043885,39.293765408777
IT,19.6468827043885,23.600847442411894,43.24773014680039,86.49546029360079
IU,19.6468827043885,19.6468827043885,39.293765408777,78.587530817554
IV,19.6468827043885,21.470910553583888,41.11779325797239,82.23558651594477
IW,19.6468827043885,19.6468827043885,39.293765408777,78.587530817554
IX,19.6468827043885,21.470910553583888,41.11779325797239,82.23558651594477
IY,19.6468827043885,30.610455730027933,50.25733843441643,100.51467686883286
IZ,19.6468827043885,21.470910553583888,41.11779325797239,82.23558651594477
I[,19.6468827043885,23.600847442411894,43.24773014680039,86.49546029360079
J',0.0,19.0,19.0,38.0
"J,",0.0,21.470910553583888,21.470910553583888,42.941821107167776
J.,0.0,21.470910553583888,21.470910553583888,42.941821107167776
J/,0.0,21.470910553583888,21.470910553583888,42.941821107167776
J;,0.0,0.0,0.0,0.0
JA,0.0,0.0,0.0,0.0
JB,0.0,34.66987164671943,34.66987164671943,69.33974329343886
JC,0.0,21.470910553583888,21.470910553583888,42.941821107167776
JD,0.0,0.0,0.0,0.0
JE,0.0,19.6468827043885,19.6468827043885,39.293765408777
JF,0.0,0.0,0.0,0.0
JG,0.0,19.0,19.0,38.0
JH,0.0,19.0,19.0,38.0
JI,0.0,19.6468827043885,19.6468827043885,39.293765408777
JJ,0.0,0.0,0.0,0.0
JK,0.0,0.0,0.0,0.0
JL,0.0,0.0,0.0,0.0
JM,0.0,21.470910553583888,21.470910553583888,42.941821107167776
JN,0.0,21.02379604162864,21.02379604162864,42.04759208325728
JO,0.0,19.6468827043885,19.6468827043885,39.293765408777
JP,0.0,19.6468827043885,19.6468827043885,39.293765408777
JQ,0.0,19.6468827043885,19.6468827043885,39.293765408777
JR,0.0,19.6468827043885,19.6468827043885,39.293765408777
JS,0.0,0.0,0.0,0.0
JT,0.0,23.600847442411894,23.600847442411894,47.20169488482379
JU,0.0,19.6468827043885,19.6468827043885,39.293765408777
JV,0.0,21.470910553583888,21.470910553583888,42.941821107167776
JW,0.0,19.6468827043885,19.6468827043885,39.293765408777
JX,0.0,21.470910553583888,21.470910553583888,42.941821107167776
JY,0.0,30.610455730027933,30.610455730027933,61.220911460055866
JZ,0.0,21.470910553583888,21.470910553583888,42.941821107167776
J[,0.0,23.600847442411894,23.600847442411894,47.20169488482379
K',0.0,19.0,19.0,38.0
"K,",0.0,21.470910553583888,21.470910553583888,42.941821107167776
K.,0.0,21.470910553583888,21.470910553583888,42.941821107167776
K/,0.0,21.470910553583888,21.470910553583888,42.941821107167776
K;,0.0,0.0,0.0,0.0
KA,0.0,0.0,0.0,0.0
KB,0.0,34.66987164671943,34.66987164671943,69.33974329343886
KC,0.0,21.470910553583888,21.470910553583888,42.941821107167776
KD,0.0,0.0,0.0,0.0
KE,0.0,19.6468827043885,19.6468827043885,39.293765408777
KF,0.0,0.0,0.0,0.0
KG,0.0,19.0,19.0,38.0
KH,0.0,19.0,19.0,38.0
KI,0.0,19.6468827043885,19.6468827043885,39.293765408777
KJ,0.0,0.0,0.0,0.0
KK,0.0,0.0,0.0,0.0
KL,0.0,0.0,0.0,0.0
KM,0.0,21.470910553583888,21.470910553583888,42.941821107167776
KN,0.0,21.02379604162864,21.02379604162864,42.04759208325728
KO,0.0,19.6468827043885,19.6468827043885,39.293765408777
KP,0.0,19.6468827043885,19.6468827043885,39.293765408777
KQ,0.0,19.6468827043885,19.6468827043885,39.293765408777
KR,0.0,19.6468827043885,19.6468827043885,39.293765408777
KS,0.0,0.0,0.0,0.0
KT,0.0,23.600847442411894,23.600847442411894,47.20169488482379
KU,0.0,19.6468827043885,19.6468827043885,39.293765408777
KV,0.0,21.470910553583888,21.470910553583888,42.941821107167776
KW,0.0,19.6468827043885,19.6468827043885,39.293765408777
KX,0.0,21.470910553583888,21.470910553583888,42.941821107167776
KY,0.0,30.610455730027933,30.610455730027933,61.220911460055866
KZ,0.0,21.470910553583888,21.470910553583888,42.941821107167776
K[,0.0,23.600847442411894,23.600847442411894,47.20169488482379
L',0.0,19.0,19.0,38.0
"L,",0.0,21.470910553583888,21.470910553583888,42.941821107167776
L.,0.0,21.470910553583888,21.470910553583888,42.941821107167776
L/,0.0,21.470910553583888,21.470910553583888,42.941821107167776
L;,0.0,0.0,0.0,0.0
LA,0.0,0.0,0.0,0.0
LB,0.0,34.66987164671943,34.66987164671943,69.33974329343886
LC,0.0,21.470910553583888,21.470910553583888,42.941821107167776
LD,0.0,0.0,0.0,0.0
LE,0.0,19.6468827043885,19.6468827043885,39.293765408777
LF,0.0,0.0,0.0,0.0
LG,0.0,19.0,19.0,38.0
LH,0.0,19.0,19.0,38.0
LI,0.0,19.6468827043885,19.6468827043885,39.293765408777
LJ,0.0,0.0,0.0,0.0
LK,0.0,0.0,0.0,0.0
LL,0.0,0.0,0.0,0.0
LM,0.0,21.470910553583888,21.470910553583888,42.941821107167776
LN,0.0,21.02379604162864,21.02379604162864,42.04759208325728
LO,0.0,19.6468827043885,19.6468827043885,39.293765408777
LP,0.0,19.6468827043885,19.6468827043885,39.293765408777
LQ,0.0,19.6468827043885,19.6468827043885,39.293765408777
LR,0.0,19.6468827043885,19.6468827043885,39.293765408777
LS,0.0,0.0,0.0,0.0
LT,0.0,23.600847442411894,23.600847442411894,47.20169488482379
LU,0.0,19.6468827043885,19.6468827043885,39.293765408777
LV,0.0,21.470910553583888,21.470910553583888,42.941821107167776
LW,0.0,19.6468827043885,19.6468827043885,39.293765408777
LX,0.0,21.470910553583888,21.470910553583888,42.941821107167776
LY,0.0,30.610455730027933,30.610455730027933,61.220911460055866
LZ,0.0,21.470910553583888,21.470910553583888,42.941821107167776
L[,0.0,23.600847442411894,23.600847442411894,47.20169488482379
M',21.470910553583888,19.0,40.47091055358389,80.94182110716778
"M,",21.470910553583888,21.470910553583888,42.941821107167776,85.88364221433555
M.,21.470910553583888,21.470910553583888,42.941821107167776,85.88364221433555
M/,21.470910553583888,21.470910553583888,42.941821107167776,85.88364221433555
M;,21.470910553583888,0.0,21.470910553583888,42.941821107167776
MA,21.470910553583888,0.0,21.470910553583888,42.941821107167776
MB,21.470910553583888,34.66987164671943,56.14078220030332,112.28156440060664
MC,21.470910553583888,21.470910553583888,42.941821107167776,85.88364221433555
MD,21.470910553583888,0.0,21.470910553583888,42.941821107167776
ME,21.470910553583888,19.6468827043885,41.11779325797239,82.23558651594477
MF,21.470910553583888,0.0,21.470910553583888,42.941821107167776
MG,21.470910553583888,19.0,40.47091055358389,80.94182110716778
MH,21.470910553583888,34.66987164671943,19.0,75.14078220030332
MI,21.470910553583888,19.6468827043885,41.11779325797239,82.23558651594477
MJ,21.470910553583888,21.470910553583888,0.0,42.941821107167776
MK,21.470910553583888,0.0,21.470910553583888,42.941821107167776
ML,21.470910553583888,0.0,21.470910553583888,42.941821107167776
MM,21.470910553583888,0.0,21.470910553583888,42.941821107167776
MN,21.470910553583888,19.0,21.02379604162864,61.494706595212534
MO,21.470910553583888,19.6468827043885,41.11779325797239,82.23558651594477
MP,21.470910553583888,19.6468827043885,41.11779325797239,82.23558651594477
MQ,21.470910553583888,19.6468827043885,41.11779325797239,82.23558651594477
MR,21.470910553583888,19.6468827043885,41.11779325797239,82.23558651594477
MS,21.470910553583888,0.0,21.470910553583888,42.941821107167776
MT,21.470910553583888,23.600847442411894,45.07175799599578,90.14351599199156
MU,21.470910553583888,40.85339643163099,19.6468827043885,81.97118968960338
MV,21.470910553583888,21.470910553583888,42.941821107167776,85.88364221433555
MW,21.470910553583888,19.6468827043885,41.11779325797239,82.23558651594477
MX,21.470910553583888,21.470910553583888,42.941821107167776,85.88364221433555
MY,21.470910553583888,50.99019513592785,30.610455730027933,103.07156141953968
MZ,21.470910553583888,21.470910553583888,42.941821107167776,85.88364221433555
M[,21.470910553583888,23.600847442411894,45.07175799599578,90.14351599199156
N',21.02379604162864,19.0,40.02379604162864,80.04759208325729
"N,",21.02379604162864,21.470910553583888,42.49470659521253,84.98941319042505
N.,21.02379604162864,21.470910553583888,42.49470659521253,84.98941319042505
N/,21.02379604162864,21.470910553583888,42.49470659521253,84.98941319042505
N;,21.02379604162864,0.0,21.02379604162864,42.04759208325728
NA,21.02379604162864,0.0,21.02379604162864,42.04759208325728
NB,21.02379604162864,34.66987164671943,55.69366768834807,111.38733537669614
NC,21.02379604162864,21.470910553583888,42.49470659521253,84.98941319042505
ND,21.02379604162864,0.0,21.02379604162864,42.04759208325728
NE,21.02379604162864,19.6468827043885,40.67067874601714,81.34135749203428
NF,21.02379604162864,0.0,21.02379604162864,42.04759208325728
NG,21.02379604162864,19.0,40.02379604162864,80.04759208325729
NH,21.02379604162864,21.470910553583888,19.0,61.49470659521253
NI,21.02379604162864,19.6468827043885,40.67067874601714,81.34135749203428
NJ,21.02379604162864,21.02379604162864,0.0,42.04759208325728
NK,21.02379604162864,0.0,21.02379604162864,42.04759208325728
NL,21.02379604162864,0.0,21.02379604162864,42.04759208325728
NM,21.02379604162864,19.0,21.470910553583888,61.494706595212534
NN,21.02379604162864,0.0,21.02379604162864,42.04759208325728
NO,21.02379604162864,19.6468827043885,40.67067874601714,81.34135749203428
NP,21.02379604162864,19.6468827043885,40.67067874601714,81.34135749203428
NQ,21.02379604162864,19.6468827043885,40.67067874601714,81.34135749203428
NR,21.02379604162864,19.6468827043885,40.67067874601714,81.34135749203428
NS,21.02379604162864,0.0,21.02379604162864,42.04759208325728
NT,21.02379604162864,23.600847442411894,44.62464348404053,89.24928696808107
NU,21.02379604162864,38.2099463490856,19.6468827043885,78.88062509510274
NV,21.02379604162864,21.470910553583888,42.49470659521253,84.98941319042505
NW,21.02379604162864,19.6468827043885,40.67067874601714,81.34135749203428
NX,21.02379604162864,21.470910553583888,42.49470659521253,84.98941319042505
NY,21.02379604162864,40.85339643163099,30.610455730027933,92.48764820328756
NZ,21.02379604162864,21.470910553583888,42.49470659521253,84.98941319042505
N[,21.02379604162864,23.600847442411894,44.62464348404053,89.24928696808107
O',19.6468827043885,19.0,38.6468827043885,77.293765408777
"O,",19.6468827043885,21.470910553583888,41.11779325797239,82.23558651594477
O.,19.6468827043885,40.85339643163099,21.470910553583888,81.97118968960338
O/,19.6468827043885,21.470910553583888,41.11779325797239,82.23558651594477
O;,19.6468827043885,0.0,19.6468827043885,39.293765408777
OA,19.6468827043885,0.0,19.6468827043885,39.293765408777
OB,19.6468827043885,34.66987164671943,54.31675435110793,108.63350870221586
OC,19.6468827043885,21.470910553583888,41.11779325797239,82.23558651594477
OD,19.6468827043885,0.0,19.6468827043885,39.293765408777
OE,19.6468827043885,19.6468827043885,39.293765408777,78.587530817554
OF,19.6468827043885,0.0,19.6468827043885,39.293765408777
OG,19.6468827043885,19.0,38.6468827043885,77.293765408777
OH,19.6468827043885,19.0,38.6468827043885,77.293765408777
OI,19.6468827043885,19.6468827043885,39.293765408777,78.587530817554
OJ,19.6468827043885,0.0,19.6468827043885,39.293765408777
OK,19.6468827043885,0.0,19.6468827043885,39.293765408777
OL,19.6468827043885,19.6468827043885,0.0,39.293765408777
OM,19.6468827043885,21.470910553583888,41.11779325797239,82.23558651594477
ON,19.6468827043885,21.02379604162864,40.67067874601714,81.34135749203428
OO,19.6468827043885,0.0,19.6468827043885,39.293765408777
OP,19.6468827043885,19.6468827043885,39.293765408777,78.587530817554
OQ,19.6468827043885,19.6468827043885,39.293765408777,78.587530817554
OR,19.6468827043885,19.6468827043885,39.293765408777,78.587530817554
OS,19.6468827043885,0.0,19.6468827043885,39.293765408777
OT,19.6468827043885,23.600847442411894,43.24773014680039,86.49546029360079
OU,19.6468827043885,19.6468827043885,39.293765408777,78.587530817554
OV,19.6468827043885,21.470910553583888,41.11779325797239,82.23558651594477
OW,19.6468827043885,19.6468827043885,39.293765408777,78.587530817554
OX,19.6468827043885,21.470910553583888,41.11779325797239,82.23558651594477
OY,19.6468827043885,30.610455730027933,50.25733843441643,100.51467686883286
OZ,19.6468827043885,21.470910553583888,41.11779325797239,82.23558651594477
O[,19.6468827043885,23.600847442411894,43.24773014680039,86.49546029360079
P',19.6468827043885,30.610455730027933,19.0,69.25733843441643
"P,",19.6468827043885,21.470910553583888,41.11779325797239,82.23558651594477
P.,19.6468827043885,21.470910553583888,41.11779325797239,82.23558651594477
P/,19.6468827043885,40.85339643163099,21.470910553583888,81.97118968960338
P;,19.6468827043885,19.6468827043885,0.0,39.293765408777
PA,19.6468827043885,0.0,19.6468827043885,39.293765408777
PB,19.6468827043885,34.66987164671943,54.31675435110793,108.63350870221586
PC,19.6468827043885,21.470910553583888,41.11779325797239,82.23558651594477
PD,19.6468827043885,0.0,19.6468827043885,39.293765408777
PE,19.6468827043885,19.6468827043885,39.293765408777,78.587530817554
PF,19.6468827043885,0.0,19.6468827043885,39.293765408777
PG,19.6468827043885,19.0,38.6468827043885,77.293765408777
PH,19.6468827043885,19.0,38.6468827043885,77.293765408777
PI,19.6468827043885,19.6468827043885,39.293765408777,78.587530817554
PJ,19.6468827043885,0.0,19.6468827043885,39.293765408777
PK,19.6468827043885,0.0,19.6468827043885,39.293765408777
PL,19.6468827043885,0.0,19.6468827043885,39.293765408777
PM,19.6468827043885,21.470910553583888,41.11779325797239,82.23558651594477
PN,19.6468827043885,21.02379604162864,40.67067874601714,81.34135749203428
PO,19.6468827043885,19.6468827043885,39.293765408777,78.587530817554
PP,19.6468827043885,0.0,19.6468827043885,39.293765408777
PQ,19.6468827043885,19.6468827043885,39.293765408777,78.587530817554
PR,19.6468827043885,19.6468827043885,39.293765408777,78.587530817554
PS,19.6468827043885,0.0,19.6468827043885,39.293765408777
PT,19.6468827043885,23.600847442411894,43.24773014680039,86.49546029360079
PU,19.6468827043885,19.6468827043885,39.293765408777,78.587530817554
PV,19.6468827043885,21.470910553583888,41.11779325797239,82.23558651594477
PW,19.6468827043885,19.6468827043885,39.293765408777,78.587530817554
PX,19.6468827043885,21.470910553583888,41.11779325797239,82.23558651594477
PY,19.6468827043885,30.610455730027933,50.25733843441643,100.51467686883286
PZ,19.6468827043885,21.470910553583888,41.11779325797239,82.23558651594477
P[,19.6468827043885,19.0,23.600847442411894,62.24773014680039
Q',19.6468827043885,19.0,38.6468827043885,77.293765408777
"Q,",19.6468827043885,21.470910553583888,41.11779325797239,82.23558651594477
Q.,19.6468827043885,21.470910553583888,41.11779325797239,82.23558651594477
Q/,19.6468827043885,21.470910553583888,41.11779325797239,82.23558651594477
Q;,19.6468827043885,0.0,19.6468827043885,39.293765408777
QA,19.6468827043885,19.6468827043885,0.0,39.293765408777
QB,19.6468827043885,34.66987164671943,54.31675435110793,108.63350870221586
QC,19.6468827043885,21.470910553583888,41.11779325797239,82.23558651594477
QD,19.6468827043885,0.0,19.6468827043885,39.293765408777
QE,19.6468827043885,19.6468827043885,39.293765408777,78.587530817554
QF,19.6468827043885,0.0,19.6468827043885,39.293765408777
QG,19.6468827043885,19.0,38.6468827043885,77.293765408777
QH,19.6468827043885,19.0,38.6468827043885,77.293765408777
QI,19.6468827043885,19.6468827043885,39.293765408777,78.587530817554
QJ,19.6468827043885,0.0,19.6468827043885,39.293765408777
QK,19.6468827043885,0.0,19.6468827043885,39.293765408777
QL,19.6468827043885,0.0,19.6468827043885,39.293765408777
QM,19.6468827043885,21.470910553583888,41.11779325797239,82.23558651594477
QN,19.6468827043885,21.02379604162864,40.67067874601714,81.34135749203428
QO,19.6468827043885,19.6468827043885,39.293765408777,78.587530817554
QP,19.6468827043885,19.6468827043885,39.293765408777,78.587530817554
QQ,19.6468827043885,0.0,19.6468827043885,39.293765408777
QR,19.6468827043885,19.6468827043885,39.293765408777,78.587530817554
QS,19.6468827043885,0.0,19.6468827043885,39.293765408777
QT,19.6468827043885,23.600847442411894,43.24773014680039,86.49546029360079
QU,19.6468827043885,19.6468827043885,39.293765408777,78.587530817554
QV,19.6468827043885,21.470910553583888,41.11779325797239,82.23558651594477
QW,19.6468827043885,19.6468827043885,39.293765408777,78.587530817554
QX,19.6468827043885,21.470910553583888,41.11779325797239,82.23558651594477
QY,19.6468827043885,30.610455730027933,50.25733843441643,100.51467686883286
QZ,19.6468827043885,40.85339643163099,21.470910553583888,81.97118968960338
Q[,19.6468827043885,23.600847442411894,43.24773014680039,86.49546029360079
R',19.6468827043885,19.0,38.6468827043885,77.293765408777
"R,",19.6468827043885,21.470910553583888,41.11779325797239,82.23558651594477
R.,19.6468827043885,21.470910553583888,41.11779325797239,82.23558651594477
R/,19.6468827043885,21.470910553583888,41.11779325797239,82.23558651594477
R;,19.6468827043885,0.0,19.6468827043885,39.293765408777
RA,19.6468827043885,0.0,19.6468827043885,39.293765408777
RB,19.6468827043885,50.99019513592785,34.66987164671943,105.30694948703578
RC,19.6468827043885,21.470910553583888,41.11779325797239,82.23558651594477
RD,19.6468827043885,0.0,19.6468827043885,39.293765408777
RE,19.6468827043885,19.6468827043885,39.293765408777,78.587530817554
RF,19.6468827043885,19.6468827043885,0.0,39.293765408777
RG,19.6468827043885,30.610455730027933,19.0,69.25733843441643
RH,19.6468827043885,19.0,38.6468827043885,77.293765408777
RI,19.6468827043885,19.6468827043885,39.293765408777,78.587530817554
RJ,19.6468827043885,0.0,19.6468827043885,39.293765408777
RK,19.6468827043885,0.0,19.6468827043885,39.293765408777
RL,19.6468827043885,0.0,19.6468827043885,39.293765408777
RM,19.6468827043885,21.470910553583888,41.11779325797239,82.23558651594477
RN,19.6468827043885,21.02379604162864,40.67067874601714,81.34135749203428
RO,19.6468827043885,19.6468827043885,39.293765408777,78.587530817554
RP,19.6468827043885,19.6468827043885,39.293765408777,78.587530817554
RQ,19.6468827043885,19.6468827043885,39.293765408777,78.587530817554
RR,19.6468827043885,0.0,19.6468827043885,39.293765408777
RS,19.6468827043885,0.0,19.6468827043885,39.293765408777
RT,19.6468827043885,19.0,23.600847442411894,62.24773014680039
RU,19.6468827043885,19.6468827043885,39.293765408777,78.587530817554
RV,19.6468827043885,40.85339643163099,21.470910553583888,81.97118968960338
RW,19.6468827043885,19.6468827043885,39.293765408777,78.587530817554
RX,19.6468827043885,21.470910553583888,41.11779325797239,82.23558651594477
RY,19.6468827043885,30.610455730027933,50.25733843441643,100.51467686883286
RZ,19.6468827043885,21.470910553583888,41.11779325797239,82.23558651594477
R[,19.6468827043885,23.600847442411894,43.24773014680039,86.49546029360079
S',0.0,19.0,19.0,38.0
"S,",0.0,21.470910553583888,21.470910553583888,42.941821107167776
S.,0.0,21.470910553583888,21.470910553583888,42.941821107167776
S/,0.0,21.470910553583888,21.470910553583888,42.941821107167776
S;,0.0,0.0,0.0,0.0
SA,0.0,0.0,0.0,0.0
SB,0.0,34.66987164671943,34.66987164671943,69.33974329343886
SC,0.0,21.470910553583888,21.470910553583888,42.941821107167776
SD,0.0,0.0,0.0,0.0
SE,0.0,19.6468827043885,19.6468827043885,39.293765408777
SF,0.0,0.0,0.0,0.0
SG,0.0,19.0,19.0,38.0
SH,0.0,19.0,19.0,38.0
SI,0.0,19.6468827043885,19.6468827043885,39.293765408777
SJ,0.0,0.0,0.0,0.0
SK,0.0,0.0,0.0,0.0
SL,0.0,0.0,0.0,0.0
SM,0.0,21.470910553583888,21.470910553583888,42.941821107167776
SN,0.0,21.02379604162864,21.02379604162864,42.04759208325728
SO,0.0,19.6468827043885,19.6468827043885,39.293765408777
SP,0.0,19.6468827043885,19.6468827043885,39.293765408777
SQ,0.0,19.6468827043885,19.6468827043885,39.293765408777
SR,0.0,19.6468827043885,19.6468827043885,39.293765408777
SS,0.0,0.0,0.0,0.0
ST,0.0,23.600847442411894,23.600847442411894,47.20169488482379
SU,0.0,19.6468827043885,19.6468827043885,39.293765408777
SV,0.0,21.470910553583888,21.470910553583888,42.941821107167776
SW,0.0,19.6468827043885,19.6468827043885,39.293765408777
SX,0.0,21.470910553583888,21.470910553583888,42.941821107167776
SY,0.0,30.610455730027933,30.610455730027933,61.220911460055866
SZ,0.0,21.470910553583888,21.470910553583888,42.941821107167776
S[,0.0,23.600847442411894,23.600847442411894,47.20169488482379
T',23.600847442411894,19.0,42.60084744241189,85.20169488482378
"T,",23.600847442411894,21.470910553583888,45.07175799599578,90.14351599199156
T.,23.600847442411894,21.470910553583888,45.07175799599578,90.14351599199156
T/,23.600847442411894,21.470910553583888,45.07175799599578,90.14351599199156
T;,23.600847442411894,0.0,23.600847442411894,47.20169488482379
TA,23.600847442411894,0.0,23.600847442411894,47.20169488482379
TB,23.600847442411894,40.85339643163099,34.66987164671943,99.12411552076232
TC,23.600847442411894,21.470910553583888,45.07175799599578,90.14351599199156
TD,23.600847442411894,0.0,23.600847442411894,47.20169488482379
TE,23.600847442411894,19.6468827043885,43.24773014680039,86.49546029360079
TF,23.600847442411894,23.600847442411894,0.0,47.20169488482379
TG,23.600847442411894,19.6468827043885,19.0,62.24773014680039
TH,23.600847442411894,19.0,42.60084744241189,85.20169488482378
TI,23.600847442411894,19.6468827043885,43.24773014680039,86.49546029360079
TJ,23.600847442411894,0.0,23.600847442411894,47.20169488482379
TK,23.600847442411894,0.0,23.600847442411894,47.20169488482379
TL,23.600847442411894,0.0,23.600847442411894,47.20169488482379
TM,23.600847442411894,21.470910553583888,45.07175799599578,90.14351599199156
TN,23.600847442411894,21.02379604162864,44.62464348404053,89.24928696808107
TO,23.600847442411894,19.6468827043885,43.24773014680039,86.49546029360079
TP,23.600847442411894,19.6468827043885,43.24773014680039,86.49546029360079
TQ,23.600847442411894,19.6468827043885,43.24773014680039,86.49546029360079
TR,23.600847442411894,19.0,19.6468827043885,62.24773014680039
TS,23.600847442411894,0.0,23.600847442411894,47.20169488482379
TT,23.600847442411894,0.0,23.600847442411894,47.20169488482379
TU,23.600847442411894,19.6468827043885,43.24773014680039,86.49546029360079
TV,23.600847442411894,38.2099463490856,21.470910553583888,83.28170434508138
TW,23.600847442411894,19.6468827043885,43.24773014680039,86.49546029360079
TX,23.600847442411894,21.470910553583888,45.07175799599578,90.14351599199156
TY,23.600847442411894,30.610455730027933,54.21130317243983,108.42260634487965
TZ,23.600847442411894,21.470910553583888,45.07175799599578,90.14351599199156
T[,23.600847442411894,23.600847442411894,47.20169488482379,94.40338976964757
U',19.6468827043885,19.0,38.6468827043885,77.293765408777
"U,",19.6468827043885,21.470910553583888,41.11779325797239,82.23558651594477
U.,19.6468827043885,21.470910553583888,41.11779325797239,82.23558651594477
U/,19.6468827043885,21.470910553583888,41.11779325797239,82.23558651594477
U;,19.6468827043885,0.0,19.6468827043885,39.293765408777
UA,19.6468827043885,0.0,19.6468827043885,39.293765408777
UB,19.6468827043885,34.66987164671943,54.31675435110793,108.63350870221586
UC,19.6468827043885,21.470910553583888,41.11779325797239,82.23558651594477
UD,19.6468827043885,0.0,19.6468827043885,39.293765408777
UE,19.6468827043885,19.6468827043885,39.293765408777,78.587530817554
UF,19.6468827043885,0.0,19.6468827043885,39.293765408777
UG,19.6468827043885,19.0,38.6468827043885,77.293765408777
UH,19.6468827043885,23.600847442411894,19.0,62.24773014680039
UI,19.6468827043885,19.6468827043885,39.293765408777,78.587530817554
UJ,19.6468827043885,19.6468827043885,0.0,39.293765408777
UK,19.6468827043885,0.0,19.6468827043885,39.293765408777
UL,19.6468827043885,0.0,19.6468827043885,39.293765408777
UM,19.6468827043885,40.85339643163099,21.470910553583888,81.97118968960338
UN,19.6468827043885,38.2099463490856,21.02379604162864,78.88062509510274
UO,19.6468827043885,19.6468827043885,39.293765408777,78.587530817554
UP,19.6468827043885,19.6468827043885,39.293765408777,78.587530817554
UQ,19.6468827043885,19.6468827043885,39.293765408777,78.587530817554
UR,19.6468827043885,19.6468827043885,39.293765408777,78.587530817554
US,19.6468827043885,0.0,19.6468827043885,39.293765408777
UT,19.6468827043885,23.600847442411894,43.24773014680039,86.49546029360079
UU,19.6468827043885,0.0,19.6468827043885,39.293765408777
UV,19.6468827043885,21.470910553583888,41.11779325797239,82.23558651594477
UW,19.6468827043885,19.6468827043885,39.293765408777,78.587530817554
UX,19.6468827043885,21.470910553583888,41.11779325797239,82.23558651594477
UY,19.6468827043885,19.0,30.610455730027933,69.25733843441644
UZ,19.6468827043885,21.470910553583888,41.11779325797239,82.23558651594477
U[,19.6468827043885,23.600847442411894,43.24773014680039,86.49546029360079
V',21.470910553583888,19.0,40.47091055358389,80.94182110716778
"V,",21.470910553583888,21.470910553583888,42.941821107167776,85.88364221433555
V.,21.470910553583888,21.470910553583888,42.941821107167776,85.88364221433555
V/,21.470910553583888,21.470910553583888,42.941821107167776,85.88364221433555
V;,21.470910553583888,0.0,21.470910553583888,42.941821107167776
VA,21.470910553583888,0.0,21.470910553583888,42.941821107167776
VB,21.470910553583888,19.0,34.66987164671943,75.14078220030332
VC,21.470910553583888,21.470910553583888,42.941821107167776,85.88364221433555
VD,21.470910553583888,0.0,21.470910553583888,42.941821107167776
VE,21.470910553583888,19.6468827043885,41.11779325797239,82.23558651594477
VF,21.470910553583888,21.470910553583888,0.0,42.941821107167776
VG,21.470910553583888,21.02379604162864,19.0,61.49470659521253
VH,21.470910553583888,19.0,40.47091055358389,80.94182110716778
VI,21.470910553583888,19.6468827043885,41.11779325797239,82.23558651594477
VJ,21.470910553583888,0.0,21.470910553583888,42.941821107167776
VK,21.470910553583888,0.0,21.470910553583888,42.941821107167776
VL,21.470910553583888,0.0,21.470910553583888,42.941821107167776
VM,21.470910553583888,21.470910553583888,42.941821107167776,85.88364221433555
VN,21.470910553583888,21.02379604162864,42.49470659521253,84.98941319042505
VO,21.470910553583888,19.6468827043885,41.11779325797239,82.23558651594477
VP,21.470910553583888,19.6468827043885,41.11779325797239,82.23558651594477
VQ,21.470910553583888,19.6468827043885,41.11779325797239,82.23558651594477
VR,21.470910553583888,40.85339643163099,19.6468827043885,81.97118968960338
VS,21.470910553583888,0.0,21.470910553583888,42.941821107167776
VT,21.470910553583888,38.2099463490856,23.600847442411894,83.28170434508138
VU,21.470910553583888,19.6468827043885,41.11779325797239,82.23558651594477
VV,21.470910553583888,0.0,21.470910553583888,42.941821107167776
VW,21.470910553583888,19.6468827043885,41.11779325797239,82.23558651594477
VX,21.470910553583888,21.470910553583888,42.941821107167776,85.88364221433555
VY,21.470910553583888,30.610455730027933,52.08136628361182,104.16273256722364
VZ,21.470910553583888,21.470910553583888,42.941821107167776,85.88364221433555
V[,21.470910553583888,23.600847442411894,45.07175799599578,90.14351599199156
W',19.6468827043885,19.0,38.6468827043885,77.293765408777
"W,",19.6468827043885,21.470910553583888,41.11779325797239,82.23558651594477
W.,19.6468827043885,21.470910553583888,41.11779325797239,82.23558651594477
W/,19.6468827043885,21.470910553583888,41.11779325797239,82.23558651594477
W;,19.6468827043885,0.0,19.6468827043885,39.293765408777
WA,19.6468827043885,0.0,19.6468827043885,39.293765408777
WB,19.6468827043885,34.66987164671943,54.31675435110793,108.63350870221586
WC,19.6468827043885,21.470910553583888,41.11779325797239,82.23558651594477
WD,19.6468827043885,0.0,19.6468827043885,39.293765408777
WE,19.6468827043885,19.6468827043885,39.293765408777,78.587530817554
WF,19.6468827043885,0.0,19.6468827043885,39.293765408777
WG,19.6468827043885,19.0,38.6468827043885,77.293765408777
WH,19.6468827043885,19.0,38.6468827043885,77.293765408777
WI,19.6468827043885,19.6468827043885,39.293765408777,78.587530817554
WJ,19.6468827043885,0.0,19.6468827043885,39.293765408777
WK,19.6468827043885,0.0,19.6468827043885,39.293765408777
WL,19.6468827043885,0.0,19.6468827043885,39.293765408777
WM,19.6468827043885,21.470910553583888,41.11779325797239,82.23558651594477
WN,19.6468827043885,21.02379604162864,40.67067874601714,81.34135749203428
WO,19.6468827043885,19.6468827043885,39.293765408777,78.587530817554
WP,19.6468827043885,19.6468827043885,39.293765408777,78.587530817554
WQ,19.6468827043885,19.6468827043885,39.293765408777,78.587530817554
WR,19.6468827043885,19.6468827043885,39.293765408777,78.587530817554
WS,19.6468827043885,19.6468827043885,0.0,39.293765408777
WT,19.6468827043885,23.600847442411894,43.24773014680039,86.49546029360079
WU,19.6468827043885,19.6468827043885,39.293765408777,78.587530817554
WV,19.6468827043885,21.470910553583888,41.11779325797239,82.23558651594477
WW,19.6468827043885,0.0,19.6468827043885,39.293765408777
WX,19.6468827043885,40.85339643163099,21.470910553583888,81.97118968960338
WY,19.6468827043885,30.610455730027933,50.25733843441643,100.51467686883286
WZ,19.6468827043885,21.470910553583888,41.11779325797239,82.23558651594477
W[,19.6468827043885,23.600847442411894,43.24773014680039,86.49546029360079
X',21.470910553583888,19.0,40.47091055358389,80.94182110716778
"X,",21.470910553583888,21.470910553583888,42.941821107167776,85.88364221433555
X.,21.470910553583888,21.470910553583888,42.941821107167776,85.88364221433555
X/,21.470910553583888,21.470910553583888,42.941821107167776,85.88364221433555
X;,21.470910553583888,0.0,21.470910553583888,42.941821107167776
XA,21.470910553583888,0.0,21.470910553583888,42.941821107167776
XB,21.470910553583888,34.66987164671943,56.14078220030332,112.28156440060664
XC,21.470910553583888,21.470910553583888,42.941821107167776,85.88364221433555
XD,21.470910553583888,0.0,21.470910553583888,42.941821107167776
XE,21.470910553583888,19.6468827043885,41.11779325797239,82.23558651594477
XF,21.470910553583888,0.0,21.470910553583888,42.941821107167776
XG,21.470910553583888,19.0,40.47091055358389,80.94182110716778
XH,21.470910553583888,19.0,40.47091055358389,80.94182110716778
XI,21.470910553583888,19.6468827043885,41.11779325797239,82.23558651594477
XJ,21.470910553583888,0.0,21.470910553583888,42.941821107167776
XK,21.470910553583888,0.0,21.470910553583888,42.941821107167776
XL,21.470910553583888,0.0,21.470910553583888,42.941821107167776
XM,21.470910553583888,21.470910553583888,42.941821107167776,85.88364221433555
XN,21.470910553583888,21.02379604162864,42.49470659521253,84.98941319042505
XO,21.470910553583888,19.6468827043885,41.11779325797239,82.23558651594477
XP,21.470910553583888,19.6468827043885,41.11779325797239,82.23558651594477
XQ,21.470910553583888,19.6468827043885,41.11779325797239,82.23558651594477
XR,21.470910553583888,19.6468827043885,41.11779325797239,82.23558651594477
XS,21.470910553583888,21.470910553583888,0.0,42.941821107167776
XT,21.470910553583888,23.600847442411894,45.07175799599578,90.14351599199156
XU,21.470910553583888,19.6468827043885,41.11779325797239,82.23558651594477
XV,21.470910553583888,21.470910553583888,42.941821107167776,85.88364221433555
XW,21.470910553583888,40.85339643163099,19.6468827043885,81.97118968960338
XX,21.470910553583888,0.0,21.470910553583888,42.941821107167776
XY,21.470910553583888,30.610455730027933,52.08136628361182,104.16273256722364
XZ,21.470910553583888,21.470910553583888,42.941821107167776,85.88364221433555
X[,21.470910553583888,23.600847442411894,45.07175799599578,90.14351599199156
Y',30.610455730027933,19.0,49.61045573002794,99.22091146005587
"Y,",30.610455730027933,21.470910553583888,52.08136628361182,104.16273256722364
Y.,30.610455730027933,21.470910553583888,52.08136628361182,104.16273256722364
Y/,30.610455730027933,21.470910553583888,52.08136628361182,104.16273256722364
Y;,30.610455730027933,0.0,30.610455730027933,61.220911460055866
YA,30.610455730027933,0.0,30.610455730027933,61.220911460055866
YB,30.610455730027933,34.66987164671943,65.28032737674737,130.56065475349473
YC,30.610455730027933,21.470910553583888,52.08136628361182,104.16273256722364
YD,30.610455730027933,0.0,30.610455730027933,61.220911460055866
YE,30.610455730027933,19.6468827043885,50.25733843441643,100.51467686883286
YF,30.610455730027933,0.0,30.610455730027933,61.220911460055866
YG,30.610455730027933,19.0,49.61045573002794,99.22091146005587
YH,30.610455730027933,19.6468827043885,19.0,69.25733843441643
YI,30.610455730027933,19.6468827043885,50.25733843441643,100.51467686883286
YJ,30.610455730027933,30.610455730027933,0.0,61.220911460055866
YK,30.610455730027933,0.0,30.610455730027933,61.220911460055866
YL,30.610455730027933,0.0,30.610455730027933,61.220911460055866
YM,30.610455730027933,50.99019513592785,21.470910553583888,103.07156141953968
YN,30.610455730027933,40.85339643163099,21.02379604162864,92.48764820328756
YO,30.610455730027933,19.6468827043885,50.25733843441643,100.51467686883286
YP,30.610455730027933,19.6468827043885,50.25733843441643,100.51467686883286
YQ,30.610455730027933,19.6468827043885,50.25733843441643,100.51467686883286
YR,30.610455730027933,19.6468827043885,50.25733843441643,100.51467686883286
YS,30.610455730027933,0.0,30.610455730027933,61.220911460055866
YT,30.610455730027933,23.600847442411894,54.21130317243983,108.42260634487965
YU,30.610455730027933,19.0,19.6468827043885,69.25733843441644
YV,30.610455730027933,21.470910553583888,52.08136628361182,104.16273256722364
YW,30.610455730027933,19.6468827043885,50.25733843441643,100.51467686883286
YX,30.610455730027933,21.470910553583888,52.08136628361182,104.16273256722364
YY,30.610455730027933,0.0,30.610455730027933,61.220911460055866
YZ,30.610455730027933,21.470910553583888,52.08136628361182,104.16273256722364
Y[,30.610455730027933,23.600847442411894,54.21130317243983,108.42260634487965
Z',21.470910553583888,19.0,40.47091055358389,80.94182110716778
"Z,",21.470910553583888,21.470910553583888,42.941821107167776,85.88364221433555
Z.,21.470910553583888,21.470910553583888,42.941821107167776,85.88364221433555
Z/,21.470910553583888,21.470910553583888,42.941821107167776,85.88364221433555
Z;,21.470910553583888,0.0,21.470910553583888,42.941821107167776
ZA,21.470910553583888,21.470910553583888,0.0,42.941821107167776
ZB,21.470910553583888,34.66987164671943,56.14078220030332,112.28156440060664
ZC,21.470910553583888,21.470910553583888,42.941821107167776,85.88364221433555
ZD,21.470910553583888,0.0,21.470910553583888,42.941821107167776
ZE,21.470910553583888,19.6468827043885,41.11779325797239,82.23558651594477
ZF,21.470910553583888,0.0,21.470910553583888,42.941821107167776
ZG,21.470910553583888,19.0,40.47091055358389,80.94182110716778
ZH,21.470910553583888,19.0,40.47091055358389,80.94182110716778
ZI,21.470910553583888,19.6468827043885,41.11779325797239,82.23558651594477
ZJ,21.470910553583888,0.0,21.470910553583888,42.941821107167776
ZK,21.470910553583888,0.0,21.470910553583888,42.941821107167776
ZL,21.470910553583888,0.0,21.470910553583888,42.941821107167776
ZM,21.470910553583888,21.470910553583888,42.941821107167776,85.88364221433555
ZN,21.470910553583888,21.02379604162864,42.49470659521253,84.98941319042505
ZO,21.470910553583888,19.6468827043885,41.11779325797239,82.23558651594477
ZP,21.470910553583888,19.6468827043885,41.11779325797239,82.23558651594477
ZQ,21.470910553583888,40.85339643163099,19.6468827043885,81.97118968960338
ZR,21.470910553583888,19.6468827043885,41.11779325797239,82.23558651594477
ZS,21.470910553583888,0.0,21.470910553583888,42.941821107167776
ZT,21.470910553583888,23.600847442411894,45.07175799599578,90.14351599199156
ZU,21.470910553583888,19.6468827043885,41.11779325797239,82.23558651594477
ZV,21.470910553583888,21.470910553583888,42.941821107167776,85.88364221433555
ZW,21.470910553583888,19.6468827043885,41.11779325797239,82.23558651594477
ZX,21.470910553583888,21.470910553583888,42.941821107167776,85.88364221433555
ZY,21.470910553583888,30.610455730027933,52.08136628361182,104.16273256722364
ZZ,21.470910553583888,0.0,21.470910553583888,42.941821107167776
Z[,21.470910553583888,23.600847442411894,45.07175799599578,90.14351599199156
[',23.600847442411894,19.6468827043885,19.0,62.24773014680039
"[,",23.600847442411894,21.470910553583888,45.07175799599578,90.14351599199156
[.,23.600847442411894,21.470910553583888,45.07175799599578,90.14351599199156
[/,23.600847442411894,38.2099463490856,21.470910553583888,83.28170434508138
[;,23.600847442411894,23.600847442411894,0.0,47.20169488482379
[A,23.600847442411894,0.0,23.600847442411894,47.20169488482379
[B,23.600847442411894,34.66987164671943,58.27071908913132,116.54143817826264
[C,23.600847442411894,21.470910553583888,45.07175799599578,90.14351599199156
[D,23.600847442411894,0.0,23.600847442411894,47.20169488482379
[E,23.600847442411894,19.6468827043885,43.24773014680039,86.49546029360079
[F,23.600847442411894,0.0,23.600847442411894,47.20169488482379
[G,23.600847442411894,19.0,42.60084744241189,85.20169488482378
[H,23.600847442411894,19.0,42.60084744241189,85.20169488482378
[I,23.600847442411894,19.6468827043885,43.24773014680039,86.49546029360079
[J,23.600847442411894,0.0,23.600847442411894,47.20169488482379
[K,23.600847442411894,0.0,23.600847442411894,47.20169488482379
[L,23.600847442411894,0.0,23.600847442411894,47.20169488482379
[M,23.600847442411894,21.470910553583888,45.07175799599578,90.14351599199156
[N,23.600847442411894,21.02379604162864,44.62464348404053,89.24928696808107
[O,23.600847442411894,19.6468827043885,43.24773014680039,86.49546029360079
[P,23.600847442411894,19.0,19.6468827043885,62.24773014680039
[Q,23.600847442411894,19.6468827043885,43.24773014680039,86.49546029360079
[R,23.600847442411894,19.6468827043885,43.24773014680039,86.49546029360079
[S,23.600847442411894,0.0,23.600847442411894,47.20169488482379
[T,23.600847442411894,23.600847442411894,47.20169488482379,94.40338976964757
[U,23.600847442411894,19.6468827043885,43.24773014680039,86.49546029360079
[V,23.600847442411894,21.470910553583888,45.07175799599578,90.14351599199156
[W,23.600847442411894,19.6468827043885,43.24773014680039,86.49546029360079
[X,23.600847442411894,21.470910553583888,45.07175799599578,90.14351599199156
[Y,23.600847442411894,30.610455730027933,54.21130317243983,108.42260634487965
[Z,23.600847442411894,21.470910553583888,45.07175799599578,90.14351599199156
[[,23.600847442411894,0.0,23.600847442411894,47.20169488482379
