key_pair,comfort_score,distance_score,dvorak7_score,engram7_score,time_score,comfort_score_normalized,distance_score_normalized,dvorak7_score_normalized,engram7_score_normalized,time_score_normalized
'',-1.442261,38.0,0.285714,0.142857,859.5,0.038493,0.281481,0.040816,0.020408,0.425735
"',",-1.309704,80.941821,0.642857,0.5,859.5,0.126864,0.599569,0.091837,0.071429,0.425735
'.,-1.363758,80.941821,0.428571,0.321429,859.5,0.090828,0.599569,0.061224,0.045918,0.425735
'/,-1.428568,61.494707,0.214286,0.178571,1059.5,0.047621,0.455516,0.030612,0.02551,0.719853
';,-1.108615,38.0,0.357143,0.285714,859.5,0.260923,0.281481,0.05102,0.040816,0.425735
'A,-0.586998,38.0,0.785714,0.714286,859.5,0.608668,0.281481,0.112245,0.102041,0.425735
'B,-0.836557,107.339743,0.714286,0.642857,945.7,0.442295,0.795109,0.102041,0.091837,0.5525
'C,-0.793852,80.941821,0.785714,0.714286,859.5,0.470765,0.599569,0.112245,0.102041,0.425735
'D,-0.521334,38.0,0.857143,0.785714,865.9,0.652444,0.281481,0.122449,0.112245,0.435147
'E,-0.589028,77.293765,0.785714,0.75,871.0,0.607315,0.572546,0.112245,0.107143,0.442647
'F,-0.448844,38.0,0.857143,0.785714,904.0,0.700771,0.281481,0.122449,0.112245,0.491176
'G,-0.836557,76.0,0.785714,0.642857,859.5,0.442295,0.562963,0.112245,0.091837,0.425735
'H,-1.442261,76.0,0.714286,0.5,859.5,0.038493,0.562963,0.102041,0.071429,0.425735
'I,-1.25098,77.293765,0.642857,0.535714,871.0,0.166014,0.572546,0.091837,0.076531,0.442647
'J,-0.836557,38.0,0.785714,0.642857,904.0,0.442295,0.281481,0.112245,0.091837,0.491176
'K,-0.953484,38.0,0.785714,0.642857,865.9,0.364344,0.281481,0.112245,0.091837,0.435147
'L,-1.030731,38.0,0.571429,0.571429,871.0,0.312846,0.281481,0.081633,0.081633,0.442647
'M,-1.095099,80.941821,0.642857,0.535714,894.1,0.269934,0.599569,0.091837,0.076531,0.476618
'N,-1.442261,80.047592,0.571429,0.428571,886.9,0.038493,0.592945,0.081633,0.061224,0.466029
'O,-1.306993,77.293765,0.428571,0.321429,892.6,0.128671,0.572546,0.061224,0.045918,0.474412
'P,-1.442261,69.257338,0.214286,0.142857,859.5,0.038493,0.513017,0.030612,0.020408,0.425735
'Q,-0.776742,77.293765,0.714286,0.642857,877.9,0.482172,0.572546,0.102041,0.091837,0.452794
'R,-0.589028,77.293765,0.785714,0.714286,873.1,0.607315,0.572546,0.112245,0.102041,0.445735
'S,-0.555098,38.0,0.785714,0.714286,871.0,0.629935,0.281481,0.112245,0.102041,0.442647
'T,-0.836557,85.201695,0.714286,0.642857,859.5,0.442295,0.631124,0.102041,0.091837,0.425735
'U,-1.242302,77.293765,0.642857,0.5,873.1,0.171799,0.572546,0.091837,0.071429,0.445735
'V,-0.685918,80.941821,0.785714,0.75,894.1,0.542721,0.599569,0.112245,0.107143,0.476618
'W,-0.689815,77.293765,0.714286,0.678571,892.6,0.540123,0.572546,0.102041,0.096939,0.474412
'X,-0.828168,80.941821,0.714286,0.678571,859.5,0.447888,0.599569,0.102041,0.096939,0.425735
'Y,-1.442261,99.220911,0.571429,0.428571,859.5,0.038493,0.73497,0.081633,0.061224,0.425735
'Z,-0.803329,80.941821,0.714286,0.678571,1059.5,0.464448,0.599569,0.102041,0.096939,0.719853
'[,-1.442261,62.24773,0.142857,0.071429,859.5,0.038493,0.461094,0.020408,0.010204,0.425735
",'",-1.401832,80.941821,0.5,0.5,861.9,0.065445,0.599569,0.071429,0.071429,0.429265
",,",-0.832472,42.941821,0.428571,0.428571,664.677475,0.445018,0.318088,0.061224,0.061224,0.139232
",.",-1.093728,85.883642,0.428571,0.678571,863.033916,0.270848,0.636175,0.061224,0.096939,0.430932
",/",-1.079011,85.883642,0.571429,0.535714,1069.759676,0.280659,0.636175,0.081633,0.076531,0.734941
",;",-0.995078,42.941821,0.571429,0.642857,861.9,0.336615,0.318088,0.081633,0.091837,0.429265
",A",-0.544293,42.941821,0.857143,0.857143,861.9,0.637138,0.318088,0.122449,0.122449,0.429265
",B",-0.793852,112.281564,0.785714,0.785714,948.1,0.470765,0.831715,0.112245,0.112245,0.556029
",C",-0.751148,85.883642,0.857143,0.857143,861.9,0.499235,0.636175,0.122449,0.122449,0.429265
",D",-0.478629,42.941821,0.928571,0.928571,640.803453,0.680914,0.318088,0.132653,0.132653,0.104123
",E",-0.546323,82.235587,0.857143,0.892857,720.009953,0.635785,0.609152,0.122449,0.127551,0.220603
",F",-0.406139,42.941821,0.928571,0.928571,908.998934,0.729241,0.318088,0.132653,0.132653,0.498528
",G",-0.793852,80.941821,0.857143,0.785714,775.663924,0.470765,0.599569,0.122449,0.112245,0.302447
",H",-1.401832,80.941821,0.714286,0.428571,870.615959,0.065445,0.599569,0.102041,0.061224,0.442082
",I",-1.079536,81.97119,0.285714,0.321429,845.807335,0.28031,0.607194,0.040816,0.045918,0.405599
",J",-0.815792,42.941821,0.785714,0.571429,733.549637,0.456139,0.318088,0.112245,0.081633,0.240514
",K",-0.892973,42.941821,0.428571,0.428571,882.493094,0.404685,0.318088,0.061224,0.061224,0.459549
",L",-0.938654,42.941821,0.428571,0.5,638.646059,0.374231,0.318088,0.061224,0.071429,0.10095
",M",-0.751148,85.883642,0.785714,0.892857,900.408824,0.499235,0.636175,0.112245,0.127551,0.485895
",N",-1.401832,84.989413,0.714286,0.642857,889.3,0.065445,0.629551,0.102041,0.091837,0.469559
",O",-1.221264,82.235587,0.285714,0.392857,895.0,0.185824,0.609152,0.040816,0.056122,0.477941
",P",-1.401832,82.235587,0.428571,0.5,861.9,0.065445,0.609152,0.061224,0.071429,0.429265
",Q",-0.734038,82.235587,0.785714,0.785714,880.3,0.510642,0.609152,0.112245,0.112245,0.456324
",R",-0.546323,82.235587,0.857143,0.857143,702.303185,0.635785,0.609152,0.122449,0.122449,0.194564
",S",-0.512393,42.941821,0.857143,0.857143,676.800338,0.658405,0.318088,0.122449,0.122449,0.157059
",T",-0.793852,90.143516,0.785714,0.785714,861.9,0.470765,0.66773,0.112245,0.112245,0.429265
",U",-1.185696,82.235587,0.642857,0.428571,758.480688,0.209536,0.609152,0.091837,0.061224,0.277177
",V",-0.643213,85.883642,0.857143,0.892857,663.5,0.571191,0.636175,0.122449,0.127551,0.1375
",W",-0.64711,82.235587,0.785714,0.821429,837.7043,0.568593,0.609152,0.112245,0.117347,0.393683
",X",-0.785464,85.883642,0.785714,0.821429,861.9,0.476358,0.636175,0.112245,0.117347,0.429265
",Y",-1.401832,104.162733,0.571429,0.357143,861.9,0.065445,0.771576,0.081633,0.05102,0.429265
",Z",-0.760624,85.883642,0.785714,0.821429,1061.9,0.492917,0.636175,0.112245,0.117347,0.723382
",[",-1.401832,90.143516,0.357143,0.428571,872.652291,0.065445,0.66773,0.05102,0.061224,0.445077
.',-1.442261,80.941821,0.285714,0.321429,1048.0,0.038493,0.599569,0.040816,0.045918,0.702941
".,",-0.969863,85.883642,0.571429,0.785714,883.380029,0.353424,0.636175,0.081633,0.112245,0.460853
..,-0.977061,42.941821,0.285714,0.357143,1063.986673,0.348626,0.318088,0.040816,0.05102,0.726451
./,-1.147859,85.883642,0.357143,0.642857,1248.075636,0.234761,0.636175,0.05102,0.091837,0.99717
.;,-1.075631,42.941821,0.357143,0.464286,1048.0,0.282913,0.318088,0.05102,0.066327,0.702941
.A,-0.578609,42.941821,0.785714,0.821429,1048.0,0.614261,0.318088,0.112245,0.117347,0.702941
.B,-0.828168,112.281564,0.714286,0.75,1134.2,0.447888,0.831715,0.102041,0.107143,0.829706
.C,-0.785464,85.883642,0.785714,0.785714,1048.0,0.476358,0.636175,0.112245,0.112245,0.702941
.D,-0.512945,42.941821,0.857143,0.892857,1054.4,0.658037,0.318088,0.122449,0.127551,0.712353
.E,-0.580639,82.235587,0.785714,0.857143,838.026863,0.612907,0.609152,0.112245,0.122449,0.394157
.F,-0.440455,42.941821,0.857143,0.892857,1093.220488,0.706363,0.318088,0.122449,0.127551,0.769442
.G,-0.828168,80.941821,0.785714,0.75,1067.633136,0.447888,0.599569,0.112245,0.107143,0.731813
.H,-1.442261,80.941821,0.642857,0.535714,1048.760971,0.038493,0.599569,0.091837,0.076531,0.70406
.I,-1.25098,82.235587,0.428571,0.428571,881.16673,0.166014,0.609152,0.061224,0.061224,0.457598
.J,-0.836557,42.941821,0.714286,0.678571,1105.396844,0.442295,0.318088,0.102041,0.096939,0.787348
.K,-0.953484,42.941821,0.571429,0.535714,1054.551641,0.364344,0.318088,0.081633,0.076531,0.712576
.L,-1.030731,42.941821,0.285714,0.321429,1059.5,0.312846,0.318088,0.040816,0.045918,0.719853
.M,-0.81978,85.883642,0.714286,0.714286,1095.841039,0.45348,0.636175,0.102041,0.102041,0.773296
.N,-1.442261,84.989413,0.642857,0.607143,1075.4,0.038493,0.629551,0.091837,0.086735,0.743235
.O,-1.274007,81.97119,0.142857,0.214286,1081.1,0.150662,0.607194,0.020408,0.030612,0.751618
.P,-1.442261,82.235587,0.214286,0.285714,1048.0,0.038493,0.609152,0.030612,0.040816,0.702941
.Q,-0.768354,82.235587,0.714286,0.714286,840.448964,0.487764,0.609152,0.102041,0.102041,0.397719
.R,-0.580639,82.235587,0.785714,0.785714,868.13971,0.612907,0.609152,0.112245,0.112245,0.438441
.S,-0.546709,42.941821,0.785714,0.821429,806.521626,0.635527,0.318088,0.112245,0.117347,0.347826
.T,-0.828168,90.143516,0.714286,0.75,1048.0,0.447888,0.66773,0.102041,0.107143,0.702941
.U,-1.242302,82.235587,0.571429,0.5,1061.6,0.171799,0.609152,0.081633,0.071429,0.722941
.V,-0.677529,85.883642,0.785714,0.857143,1082.6,0.548314,0.636175,0.112245,0.122449,0.753824
.W,-0.681426,82.235587,0.714286,0.785714,1096.771791,0.545716,0.609152,0.102041,0.112245,0.774664
.X,-0.81978,85.883642,0.714286,0.785714,1048.0,0.45348,0.636175,0.102041,0.112245,0.702941
.Y,-1.442261,104.162733,0.5,0.464286,1048.0,0.038493,0.771576,0.071429,0.066327,0.702941
.Z,-0.79494,85.883642,0.714286,0.785714,1248.0,0.47004,0.636175,0.102041,0.112245,0.997059
.[,-1.442261,90.143516,0.142857,0.25,840.448964,0.038493,0.66773,0.020408,0.035714,0.397719
/',-1.411593,61.494707,0.214286,0.178571,859.5,0.058938,0.455516,0.030612,0.02551,0.425735
"/,",-0.957513,85.883642,0.714286,0.642857,859.5,0.361658,0.636175,0.102041,0.091837,0.425735
/.,-1.026304,85.883642,0.5,0.785714,859.5,0.315798,0.636175,0.071429,0.112245,0.425735
//,-0.947762,42.941821,0.285714,0.357143,1063.555315,0.368159,0.318088,0.040816,0.05102,0.725817
/;,-1.082689,42.941821,0.285714,0.321429,859.5,0.278207,0.318088,0.040816,0.045918,0.425735
/A,-0.553769,42.941821,0.785714,0.821429,859.5,0.63082,0.318088,0.112245,0.117347,0.425735
/B,-0.803329,112.281564,0.714286,0.75,945.7,0.464448,0.831715,0.102041,0.107143,0.5525
/C,-0.760624,85.883642,0.785714,0.785714,859.5,0.492917,0.636175,0.112245,0.112245,0.425735
/D,-0.488106,42.941821,0.857143,0.892857,865.9,0.674596,0.318088,0.122449,0.127551,0.435147
/E,-0.555799,82.235587,0.785714,0.857143,885.294905,0.629467,0.609152,0.112245,0.122449,0.463669
/F,-0.415615,42.941821,0.857143,0.892857,904.0,0.722923,0.318088,0.122449,0.127551,0.491176
/G,-0.803329,80.941821,0.785714,0.75,702.5,0.464448,0.599569,0.112245,0.107143,0.194853
/H,-1.411593,80.941821,0.642857,0.535714,859.5,0.058938,0.599569,0.091837,0.076531,0.425735
/I,-1.208647,82.235587,0.571429,0.571429,704.797259,0.194235,0.609152,0.081633,0.081633,0.198231
/J,-0.7701,42.941821,0.714286,0.678571,904.0,0.4866,0.318088,0.102041,0.096939,0.491176
/K,-0.890843,42.941821,0.714286,0.678571,859.5,0.406104,0.318088,0.102041,0.096939,0.425735
/L,-1.007587,42.941821,0.5,0.464286,871.0,0.328276,0.318088,0.071429,0.066327,0.442647
/M,-0.80528,85.883642,0.714286,0.714286,885.998089,0.463147,0.636175,0.102041,0.102041,0.464703
/N,-1.411593,84.989413,0.642857,0.607143,886.9,0.058938,0.629551,0.091837,0.086735,0.466029
/O,-1.306993,82.235587,0.357143,0.357143,892.6,0.128671,0.609152,0.05102,0.05102,0.474412
/P,-1.411593,81.97119,0.142857,0.142857,859.5,0.058938,0.607194,0.020408,0.020408,0.425735
/Q,-0.743514,82.235587,0.714286,0.714286,877.9,0.504324,0.609152,0.102041,0.102041,0.452794
/R,-0.555799,82.235587,0.785714,0.785714,875.530298,0.629467,0.609152,0.112245,0.112245,0.449309
/S,-0.521869,42.941821,0.785714,0.821429,870.002613,0.652087,0.318088,0.112245,0.117347,0.44118
/T,-0.803329,90.143516,0.714286,0.75,859.5,0.464448,0.66773,0.102041,0.107143,0.425735
/U,-1.156305,82.235587,0.571429,0.5,873.1,0.22913,0.609152,0.081633,0.071429,0.445735
/V,-0.652689,85.883642,0.785714,0.857143,894.1,0.564874,0.636175,0.112245,0.122449,0.476618
/W,-0.656586,82.235587,0.714286,0.785714,710.551498,0.562276,0.609152,0.102041,0.112245,0.206693
/X,-0.79494,85.883642,0.714286,0.785714,859.5,0.47004,0.636175,0.102041,0.112245,0.425735
/Y,-1.411593,104.162733,0.5,0.464286,859.5,0.058938,0.771576,0.071429,0.066327,0.425735
/Z,-0.7701,85.883642,0.714286,0.785714,1059.5,0.4866,0.636175,0.102041,0.112245,0.719853
/[,-1.411593,83.281704,0.071429,0.107143,859.5,0.058938,0.616902,0.010204,0.015306,0.425735
;',-1.108432,38.0,0.357143,0.285714,859.5,0.261045,0.281481,0.05102,0.040816,0.425735
";,",-0.881421,42.941821,0.714286,0.571429,859.5,0.412386,0.318088,0.102041,0.081633,0.425735
;.,-0.955016,42.941821,0.5,0.464286,859.5,0.363323,0.318088,0.071429,0.066327,0.425735
;/,-1.083828,42.941821,0.285714,0.321429,1059.5,0.277448,0.318088,0.040816,0.045918,0.719853
;;,-0.486375,0.0,0.428571,0.428571,859.5,0.67575,0.0,0.061224,0.061224,0.425735
;A,-0.337438,0.0,0.857143,0.857143,859.5,0.775041,0.0,0.122449,0.122449,0.425735
;B,-0.586998,69.339743,0.785714,0.785714,945.7,0.608668,0.513628,0.112245,0.112245,0.5525
;C,-0.544293,42.941821,0.857143,0.785714,859.5,0.637138,0.318088,0.122449,0.112245,0.425735
;D,-0.271775,0.0,0.928571,0.928571,865.9,0.818817,0.0,0.132653,0.132653,0.435147
;E,-0.339469,39.293765,0.857143,0.892857,871.0,0.773688,0.291065,0.122449,0.127551,0.442647
;F,-0.199284,0.0,0.928571,0.928571,904.0,0.867144,0.0,0.132653,0.132653,0.491176
;G,-0.586998,38.0,0.857143,0.785714,859.5,0.608668,0.281481,0.122449,0.112245,0.425735
;H,-1.108432,38.0,0.785714,0.642857,859.5,0.261045,0.281481,0.112245,0.091837,0.425735
;I,-0.756339,39.293765,0.714286,0.678571,871.0,0.495774,0.291065,0.102041,0.096939,0.442647
;J,-0.337438,0.0,0.857143,0.785714,904.0,0.775041,0.0,0.122449,0.112245,0.491176
;K,-0.380555,0.0,0.857143,0.785714,865.9,0.746297,0.0,0.122449,0.112245,0.435147
;L,-0.405374,0.0,0.642857,0.857143,871.0,0.729751,0.0,0.091837,0.122449,0.442647
;M,-0.725767,42.941821,0.714286,0.678571,894.1,0.516155,0.318088,0.102041,0.096939,0.476618
;N,-1.108432,42.047592,0.642857,0.571429,886.9,0.261045,0.311464,0.091837,0.081633,0.466029
;O,-0.839825,39.293765,0.5,0.464286,892.6,0.440117,0.291065,0.071429,0.066327,0.474412
;P,-1.108432,39.293765,0.285714,0.214286,859.5,0.261045,0.291065,0.040816,0.030612,0.425735
;Q,-0.527183,39.293765,0.785714,0.714286,877.9,0.648545,0.291065,0.112245,0.102041,0.452794
;R,-0.339469,39.293765,0.857143,0.785714,873.1,0.773688,0.291065,0.122449,0.112245,0.445735
;S,-0.305538,0.0,0.857143,0.857143,871.0,0.796308,0.0,0.122449,0.122449,0.442647
;T,-0.586998,47.201695,0.785714,0.785714,859.5,0.608668,0.349642,0.112245,0.112245,0.425735
;U,-0.63598,39.293765,0.714286,0.571429,873.1,0.576013,0.291065,0.102041,0.081633,0.445735
;V,-0.436359,42.941821,0.857143,0.892857,894.1,0.709094,0.318088,0.122449,0.127551,0.476618
;W,-0.440255,39.293765,0.785714,0.821429,892.6,0.706496,0.291065,0.112245,0.117347,0.474412
;X,-0.578609,42.941821,0.785714,0.821429,859.5,0.614261,0.318088,0.112245,0.117347,0.425735
;Y,-1.108432,61.220911,0.642857,0.571429,859.5,0.261045,0.453488,0.091837,0.081633,0.425735
;Z,-0.553769,42.941821,0.785714,0.821429,1059.5,0.63082,0.318088,0.112245,0.117347,0.719853
;[,-1.108432,47.201695,0.214286,0.214286,859.5,0.261045,0.349642,0.030612,0.030612,0.425735
A',-0.586998,38.0,0.785714,0.714286,859.5,0.608668,0.281481,0.112245,0.102041,0.425735
"A,",-0.544293,42.941821,0.857143,0.785714,859.5,0.637138,0.318088,0.122449,0.112245,0.425735
A.,-0.578609,42.941821,0.785714,0.821429,859.5,0.614261,0.318088,0.112245,0.117347,0.425735
A/,-0.553769,42.941821,0.785714,0.821429,1059.5,0.63082,0.318088,0.112245,0.117347,0.719853
A;,-0.337438,0.0,0.857143,0.857143,859.5,0.775041,0.0,0.122449,0.122449,0.425735
AA,-0.486375,0.0,0.428571,0.428571,859.5,0.67575,0.0,0.061224,0.061224,0.425735
AB,-1.108432,69.339743,0.642857,0.571429,802.561939,0.261045,0.513628,0.091837,0.081633,0.342003
AC,-0.881421,42.941821,0.714286,0.571429,859.5,0.412386,0.318088,0.102041,0.081633,0.425735
AD,-0.380555,0.0,0.857143,0.785714,859.5,0.746297,0.0,0.122449,0.112245,0.425735
AE,-0.756339,39.293765,0.714286,0.678571,862.9,0.495774,0.291065,0.102041,0.096939,0.430735
AF,-0.337438,0.0,0.857143,0.785714,904.0,0.775041,0.0,0.122449,0.112245,0.491176
AG,-1.108432,38.0,0.785714,0.642857,859.5,0.261045,0.281481,0.112245,0.091837,0.425735
AH,-0.586998,38.0,0.857143,0.785714,859.5,0.608668,0.281481,0.122449,0.112245,0.425735
AI,-0.339469,39.293765,0.857143,0.892857,871.0,0.773688,0.291065,0.122449,0.127551,0.442647
AJ,-0.199284,0.0,0.928571,0.928571,904.0,0.867144,0.0,0.132653,0.132653,0.491176
AK,-0.271775,0.0,0.928571,0.928571,865.9,0.818817,0.0,0.132653,0.132653,0.435147
AL,-0.305538,0.0,0.857143,0.857143,872.498931,0.796308,0.0,0.122449,0.122449,0.444851
AM,-0.436359,42.941821,0.857143,0.892857,894.1,0.709094,0.318088,0.122449,0.127551,0.476618
AN,-0.586998,42.047592,0.785714,0.785714,995.182936,0.608668,0.311464,0.112245,0.112245,0.625269
AO,-0.440255,39.293765,0.785714,0.821429,859.5,0.706496,0.291065,0.112245,0.117347,0.425735
AP,-0.527183,39.293765,0.785714,0.714286,859.5,0.648545,0.291065,0.112245,0.102041,0.425735
AQ,-1.108432,39.293765,0.285714,0.214286,859.5,0.261045,0.291065,0.040816,0.030612,0.425735
AR,-0.63598,39.293765,0.714286,0.571429,875.106884,0.576013,0.291065,0.102041,0.081633,0.448687
AS,-0.405374,0.0,0.642857,0.857143,871.0,0.729751,0.0,0.091837,0.122449,0.442647
AT,-1.108432,47.201695,0.642857,0.571429,933.332895,0.261045,0.349642,0.091837,0.081633,0.534313
AU,-0.339469,39.293765,0.857143,0.785714,859.5,0.773688,0.291065,0.122449,0.112245,0.425735
AV,-0.725767,42.941821,0.714286,0.678571,859.5,0.516155,0.318088,0.102041,0.096939,0.425735
AW,-0.839825,39.293765,0.5,0.464286,892.6,0.440117,0.291065,0.071429,0.066327,0.474412
AX,-0.955016,42.941821,0.5,0.464286,859.5,0.363323,0.318088,0.071429,0.066327,0.425735
AY,-0.586998,61.220911,0.785714,0.785714,694.242423,0.608668,0.453488,0.112245,0.112245,0.182709
AZ,-1.083828,42.941821,0.285714,0.321429,952.239483,0.277448,0.318088,0.040816,0.045918,0.562117
A[,-0.586998,47.201695,0.714286,0.714286,859.5,0.608668,0.349642,0.102041,0.102041,0.425735
B',-0.836557,107.339743,0.714286,0.642857,873.6,0.442295,0.795109,0.102041,0.091837,0.446471
"B,",-0.793852,112.281564,0.785714,0.785714,873.6,0.470765,0.831715,0.112245,0.112245,0.446471
B.,-0.828168,112.281564,0.714286,0.75,873.6,0.447888,0.831715,0.102041,0.107143,0.446471
B/,-0.803329,112.281564,0.714286,0.75,873.6,0.464448,0.831715,0.102041,0.107143,0.446471
B;,-0.586998,69.339743,0.785714,0.785714,873.6,0.608668,0.513628,0.112245,0.112245,0.446471
BA,-1.108615,69.339743,0.5,0.571429,673.855161,0.260923,0.513628,0.071429,0.081633,0.152728
BB,-1.442261,69.339743,0.285714,0.285714,696.965115,0.038493,0.513628,0.040816,0.040816,0.186713
BC,-1.309704,112.281564,0.571429,0.5,886.612929,0.126864,0.831715,0.081633,0.071429,0.465607
BD,-0.953484,69.339743,0.571429,0.5,741.979055,0.364344,0.513628,0.081633,0.071429,0.25291
BE,-1.25098,108.633509,0.428571,0.392857,815.468834,0.166014,0.804693,0.061224,0.056122,0.360984
BF,-0.836557,69.339743,0.357143,0.357143,921.270089,0.442295,0.513628,0.05102,0.05102,0.516574
BG,-1.442261,75.140782,0.285714,0.214286,877.996471,0.038493,0.556598,0.040816,0.030612,0.452936
BH,-0.836557,107.339743,0.785714,0.714286,883.176955,0.442295,0.795109,0.112245,0.102041,0.460554
BI,-0.589028,108.633509,0.785714,0.821429,686.73881,0.607315,0.804693,0.112245,0.117347,0.171675
BJ,-0.448844,69.339743,0.857143,0.857143,965.260872,0.700771,0.513628,0.122449,0.122449,0.581266
BK,-0.521334,69.339743,0.857143,0.857143,876.018944,0.652444,0.513628,0.122449,0.122449,0.450028
BL,-0.555098,69.339743,0.785714,0.785714,742.938994,0.629935,0.513628,0.112245,0.112245,0.254322
BM,-0.685918,112.281564,0.785714,0.821429,890.521973,0.542721,0.831715,0.112245,0.117347,0.471356
BN,-0.836557,111.387335,0.714286,0.714286,914.733574,0.442295,0.825091,0.102041,0.102041,0.506961
BO,-0.689815,108.633509,0.714286,0.75,743.66621,0.540123,0.804693,0.102041,0.107143,0.255391
BP,-0.776742,108.633509,0.714286,0.714286,707.318687,0.482172,0.804693,0.102041,0.102041,0.201939
BQ,-1.442261,108.633509,0.357143,0.428571,892.484793,0.038493,0.804693,0.05102,0.061224,0.474242
BR,-1.242302,105.306949,0.214286,0.214286,737.694279,0.171799,0.780051,0.030612,0.030612,0.246609
BS,-1.030731,69.339743,0.5,0.571429,715.099977,0.312846,0.513628,0.071429,0.081633,0.213382
BT,-1.442261,99.124116,0.142857,0.142857,730.98505,0.038493,0.734253,0.020408,0.020408,0.236743
BU,-0.589028,108.633509,0.785714,0.785714,736.403903,0.607315,0.804693,0.112245,0.112245,0.244712
BV,-1.095099,75.140782,0.357143,0.392857,850.022141,0.269934,0.556598,0.05102,0.056122,0.411797
BW,-1.306993,108.633509,0.357143,0.464286,878.370848,0.128671,0.804693,0.05102,0.066327,0.453487
BX,-1.363758,112.281564,0.5,0.464286,874.633202,0.090828,0.831715,0.071429,0.066327,0.44799
BY,-0.836557,130.560655,0.714286,0.714286,716.6784,0.442295,0.967116,0.102041,0.102041,0.215704
BZ,-1.428568,112.281564,0.5,0.464286,1074.859632,0.047621,0.831715,0.071429,0.066327,0.742441
B[,-0.836557,116.541438,0.642857,0.642857,873.6,0.442295,0.86327,0.091837,0.091837,0.446471
C',-0.793852,80.941821,0.785714,0.714286,861.9,0.470765,0.599569,0.112245,0.102041,0.429265
"C,",-0.751148,85.883642,0.857143,0.857143,861.9,0.499235,0.636175,0.122449,0.122449,0.429265
C.,-0.785464,85.883642,0.785714,0.821429,861.9,0.476358,0.636175,0.112245,0.117347,0.429265
C/,-0.760624,85.883642,0.785714,0.821429,1061.9,0.492917,0.636175,0.112245,0.117347,0.723382
C;,-0.544293,42.941821,0.857143,0.857143,861.9,0.637138,0.318088,0.122449,0.122449,0.429265
CA,-0.995078,42.941821,0.571429,0.642857,861.9,0.336615,0.318088,0.081633,0.091837,0.429265
CB,-1.401832,112.281564,0.714286,0.642857,955.351792,0.065445,0.831715,0.102041,0.091837,0.566694
CC,-0.832472,42.941821,0.428571,0.428571,664.677475,0.445018,0.318088,0.061224,0.061224,0.139232
CD,-0.892973,42.941821,0.428571,0.428571,882.493094,0.404685,0.318088,0.061224,0.061224,0.459549
CE,-1.079536,81.97119,0.285714,0.321429,845.807335,0.28031,0.607194,0.040816,0.045918,0.405599
CF,-0.815792,42.941821,0.785714,0.571429,733.549637,0.456139,0.318088,0.112245,0.081633,0.240514
CG,-1.401832,80.941821,0.714286,0.428571,870.615959,0.065445,0.599569,0.102041,0.061224,0.442082
CH,-0.793852,80.941821,0.857143,0.785714,775.663924,0.470765,0.599569,0.122449,0.112245,0.302447
CI,-0.546323,82.235587,0.857143,0.892857,720.009953,0.635785,0.609152,0.122449,0.127551,0.220603
CJ,-0.406139,42.941821,0.928571,0.928571,908.998934,0.729241,0.318088,0.132653,0.132653,0.498528
CK,-0.478629,42.941821,0.928571,0.928571,640.803453,0.680914,0.318088,0.132653,0.132653,0.104123
CL,-0.512393,42.941821,0.857143,0.857143,676.800338,0.658405,0.318088,0.122449,0.122449,0.157059
CM,-0.643213,85.883642,0.857143,0.892857,663.5,0.571191,0.636175,0.122449,0.127551,0.1375
CN,-0.793852,84.989413,0.785714,0.785714,896.379347,0.470765,0.629551,0.112245,0.112245,0.47997
CO,-0.64711,82.235587,0.785714,0.821429,837.7043,0.568593,0.609152,0.112245,0.117347,0.393683
CP,-0.734038,82.235587,0.785714,0.785714,872.652291,0.510642,0.609152,0.112245,0.112245,0.445077
CQ,-1.401832,82.235587,0.428571,0.5,902.88121,0.065445,0.609152,0.061224,0.071429,0.489531
CR,-1.185696,82.235587,0.642857,0.428571,758.480688,0.209536,0.609152,0.091837,0.061224,0.277177
CS,-0.938654,42.941821,0.428571,0.5,638.646059,0.374231,0.318088,0.061224,0.071429,0.10095
CT,-1.401832,90.143516,0.571429,0.357143,845.131553,0.065445,0.66773,0.081633,0.05102,0.404605
CU,-0.546323,82.235587,0.857143,0.857143,702.303185,0.635785,0.609152,0.122449,0.122449,0.194564
CV,-0.751148,85.883642,0.785714,0.892857,900.408824,0.499235,0.636175,0.112245,0.127551,0.485895
CW,-1.221264,82.235587,0.285714,0.392857,895.0,0.185824,0.609152,0.040816,0.056122,0.477941
CX,-1.093728,85.883642,0.428571,0.678571,863.033916,0.270848,0.636175,0.061224,0.096939,0.430932
CY,-0.793852,104.162733,0.785714,0.785714,645.317185,0.470765,0.771576,0.112245,0.112245,0.110761
CZ,-1.079011,85.883642,0.571429,0.535714,1069.759676,0.280659,0.636175,0.081633,0.076531,0.734941
C[,-0.793852,90.143516,0.714286,0.714286,861.9,0.470765,0.66773,0.102041,0.102041,0.429265
D',-0.521334,38.0,0.857143,0.785714,863.1,0.652444,0.281481,0.122449,0.112245,0.431029
"D,",-0.478629,42.941821,0.928571,0.857143,867.181464,0.680914,0.318088,0.132653,0.122449,0.437032
D.,-0.512945,42.941821,0.857143,0.892857,863.877191,0.658037,0.318088,0.122449,0.127551,0.432172
D/,-0.488106,42.941821,0.857143,0.892857,1063.210717,0.674596,0.318088,0.122449,0.127551,0.72531
D;,-0.271775,0.0,0.928571,0.928571,863.1,0.818817,0.0,0.132653,0.132653,0.431029
DA,-0.521063,0.0,0.714286,0.642857,863.1,0.652625,0.0,0.102041,0.091837,0.431029
DB,-1.075036,69.339743,0.714286,0.5,747.094245,0.283309,0.513628,0.102041,0.071429,0.260433
DC,-0.892948,42.941821,0.428571,0.357143,703.120232,0.404702,0.318088,0.061224,0.05102,0.195765
DD,-0.207749,0.0,0.571429,0.571429,630.60496,0.861501,0.0,0.081633,0.081633,0.089125
DE,-0.683218,39.293765,0.428571,0.464286,865.047622,0.544521,0.291065,0.061224,0.066327,0.433894
DF,-0.206111,0.0,0.928571,1.0,731.464123,0.862593,0.0,0.132653,0.142857,0.237447
DG,-1.075036,38.0,0.857143,0.714286,677.584883,0.283309,0.281481,0.122449,0.102041,0.158213
DH,-0.521334,38.0,0.928571,0.857143,671.356716,0.652444,0.281481,0.132653,0.122449,0.149054
DI,-0.273805,39.293765,0.928571,0.964286,750.894135,0.817463,0.291065,0.132653,0.137755,0.266021
DJ,-0.13362,0.0,1.0,1.0,731.976111,0.91092,0.0,0.142857,0.142857,0.2382
DK,-0.206111,0.0,1.0,1.0,717.001038,0.862593,0.0,0.142857,0.142857,0.216178
DL,-0.239875,0.0,0.928571,0.928571,626.816429,0.840084,0.0,0.132653,0.132653,0.083554
DM,-0.370695,42.941821,0.928571,0.964286,687.008594,0.75287,0.318088,0.132653,0.137755,0.172071
DN,-0.521334,42.047592,0.857143,0.857143,624.06044,0.652444,0.311464,0.122449,0.122449,0.079501
DO,-0.374592,39.293765,0.857143,0.892857,686.498047,0.750272,0.291065,0.122449,0.127551,0.171321
DP,-0.461519,39.293765,0.857143,0.785714,863.1,0.692321,0.291065,0.122449,0.112245,0.431029
DQ,-0.936297,39.293765,0.571429,0.571429,874.119951,0.375802,0.291065,0.081633,0.081633,0.447235
DR,-0.645896,39.293765,0.785714,0.5,693.025507,0.569403,0.291065,0.112245,0.071429,0.18092
DS,-0.454446,0.0,0.571429,0.785714,678.779834,0.697036,0.0,0.081633,0.112245,0.15997
DT,-1.075036,47.201695,0.714286,0.5,696.255351,0.283309,0.349642,0.102041,0.071429,0.18567
DU,-0.273805,39.293765,0.928571,0.857143,681.776564,0.817463,0.291065,0.132653,0.122449,0.164377
DV,-0.596418,42.941821,0.785714,0.607143,725.257731,0.602388,0.318088,0.112245,0.086735,0.22832
DW,-0.763114,39.293765,0.428571,0.535714,681.708675,0.491257,0.291065,0.061224,0.076531,0.164277
DX,-1.075036,42.941821,0.428571,0.535714,863.1,0.283309,0.318088,0.061224,0.076531,0.431029
DY,-0.521334,61.220911,0.857143,0.857143,637.780694,0.652444,0.453488,0.122449,0.122449,0.099677
DZ,-1.012397,42.941821,0.571429,0.678571,1050.155382,0.325069,0.318088,0.081633,0.096939,0.706111
D[,-0.521334,47.201695,0.785714,0.785714,870.937224,0.652444,0.349642,0.112245,0.112245,0.442555
E',-0.589028,77.293765,0.785714,0.75,881.4,0.607315,0.572546,0.112245,0.107143,0.457941
"E,",-0.546323,82.235587,0.857143,0.857143,812.230583,0.635785,0.609152,0.122449,0.122449,0.356221
E.,-0.580639,82.235587,0.785714,0.857143,655.718141,0.612907,0.609152,0.112245,0.122449,0.126056
E/,-0.555799,82.235587,0.785714,0.857143,929.704197,0.629467,0.609152,0.112245,0.122449,0.528977
E;,-0.339469,39.293765,0.857143,0.892857,881.4,0.773688,0.291065,0.122449,0.127551,0.457941
EA,-0.818844,39.293765,0.571429,0.678571,850.8,0.454104,0.291065,0.081633,0.096939,0.412941
EB,-1.355736,108.633509,0.571429,0.392857,833.568112,0.096176,0.804693,0.081633,0.056122,0.3876
EC,-1.094752,81.97119,0.285714,0.285714,867.36447,0.270165,0.607194,0.040816,0.040816,0.437301
ED,-0.647976,39.293765,0.428571,0.464286,969.008239,0.568016,0.291065,0.061224,0.066327,0.586777
EE,-0.409174,39.293765,0.428571,0.5,796.926008,0.727217,0.291065,0.061224,0.071429,0.333715
EF,-0.490483,39.293765,0.785714,0.607143,809.749097,0.673012,0.291065,0.112245,0.086735,0.352572
EG,-1.355736,77.293765,0.714286,0.464286,765.172872,0.096176,0.572546,0.102041,0.066327,0.287019
EH,-0.589028,77.293765,0.857143,0.821429,716.648757,0.607315,0.572546,0.122449,0.117347,0.21566
EI,-0.341499,78.587531,0.857143,0.928571,742.113735,0.772334,0.58213,0.122449,0.132653,0.253108
EJ,-0.201314,39.293765,0.928571,0.964286,730.020921,0.86579,0.291065,0.132653,0.137755,0.235325
EK,-0.273805,39.293765,0.928571,0.964286,711.001444,0.817463,0.291065,0.132653,0.137755,0.207355
EL,-0.307569,39.293765,0.857143,0.892857,854.201799,0.794954,0.291065,0.122449,0.127551,0.417944
EM,-0.438389,82.235587,0.857143,0.928571,766.417898,0.707741,0.609152,0.122449,0.132653,0.28885
EN,-0.589028,81.341357,0.785714,0.821429,970.233945,0.607315,0.602529,0.112245,0.117347,0.588579
EO,-0.442286,78.587531,0.785714,0.857143,713.296652,0.705143,0.58213,0.112245,0.122449,0.21073
EP,-0.529213,78.587531,0.785714,0.785714,722.639184,0.647191,0.58213,0.112245,0.112245,0.224469
EQ,-0.843387,78.587531,0.571429,0.5,797.196479,0.437742,0.58213,0.081633,0.071429,0.334112
ER,-0.341499,78.587531,0.785714,0.857143,989.449417,0.772334,0.58213,0.112245,0.122449,0.616837
ES,-0.712008,39.293765,0.428571,0.535714,979.598049,0.525328,0.291065,0.061224,0.076531,0.60235
ET,-1.355736,86.49546,0.714286,0.678571,795.156733,0.096176,0.640707,0.102041,0.096939,0.331113
EU,-0.341499,78.587531,0.857143,0.857143,755.717762,0.772334,0.58213,0.122449,0.122449,0.273114
EV,-0.856448,82.235587,0.642857,0.5,834.624855,0.429035,0.609152,0.091837,0.071429,0.389154
EW,-0.685957,78.587531,0.428571,0.714286,837.73877,0.542695,0.58213,0.061224,0.102041,0.393733
EX,-1.355736,82.235587,0.285714,0.428571,811.823192,0.096176,0.609152,0.040816,0.061224,0.355622
EY,-0.589028,100.514677,0.785714,0.821429,686.642958,0.607315,0.744553,0.112245,0.117347,0.171534
EZ,-1.334153,82.235587,0.428571,0.571429,925.869813,0.110565,0.609152,0.061224,0.081633,0.523338
E[,-0.589028,86.49546,0.714286,0.75,695.820669,0.607315,0.640707,0.102041,0.107143,0.18503
F',-0.448844,38.0,0.857143,0.785714,895.8,0.700771,0.281481,0.122449,0.112245,0.479118
"F,",-0.406139,42.941821,0.928571,0.857143,895.8,0.729241,0.318088,0.132653,0.122449,0.479118
F.,-0.440455,42.941821,0.857143,0.892857,895.8,0.706363,0.318088,0.122449,0.127551,0.479118
F/,-0.415615,42.941821,0.857143,0.892857,1048.262839,0.722923,0.318088,0.122449,0.127551,0.703328
F;,-0.199284,0.0,0.928571,0.928571,895.8,0.867144,0.0,0.132653,0.132653,0.479118
FA,-0.451148,0.0,0.714286,0.642857,848.0,0.699235,0.0,0.102041,0.091837,0.408824
FB,-0.958273,69.339743,0.357143,0.357143,986.576726,0.361152,0.513628,0.05102,0.05102,0.612613
FC,-0.93742,42.941821,0.642857,0.5,902.712698,0.375053,0.318088,0.091837,0.071429,0.489283
FD,-0.327866,0.0,0.785714,0.857143,908.562978,0.781423,0.0,0.112245,0.122449,0.497887
FE,-0.605586,39.293765,0.642857,0.607143,775.165005,0.596276,0.291065,0.091837,0.086735,0.301713
FF,-0.06113,0.0,0.571429,0.571429,765.601112,0.959247,0.0,0.081633,0.081633,0.287649
FG,-0.958273,38.0,0.5,0.428571,902.276377,0.361152,0.281481,0.071429,0.061224,0.488642
FH,-0.448844,38.0,0.928571,0.857143,899.42922,0.700771,0.281481,0.132653,0.122449,0.484455
FI,-0.201314,39.293765,0.928571,0.964286,737.823554,0.86579,0.291065,0.132653,0.137755,0.246799
FJ,-0.06113,0.0,1.0,1.0,942.368915,0.959247,0.0,0.142857,0.142857,0.547601
FK,-0.13362,0.0,1.0,1.0,898.57379,0.91092,0.0,0.142857,0.142857,0.483197
FL,-0.167384,0.0,0.928571,0.928571,668.552658,0.888411,0.0,0.132653,0.132653,0.14493
FM,-0.298204,42.941821,0.928571,0.964286,678.896261,0.801197,0.318088,0.132653,0.137755,0.160142
FN,-0.448844,42.047592,0.857143,0.857143,929.005224,0.700771,0.311464,0.122449,0.122449,0.527949
FO,-0.302101,39.293765,0.857143,0.892857,813.227283,0.798599,0.291065,0.122449,0.127551,0.357687
FP,-0.389029,39.293765,0.857143,0.785714,899.857976,0.740647,0.291065,0.122449,0.112245,0.485085
FQ,-0.838486,39.293765,0.571429,0.571429,914.307512,0.441009,0.291065,0.081633,0.081633,0.506335
FR,-0.677292,39.293765,0.428571,0.357143,777.932896,0.548472,0.291065,0.061224,0.05102,0.305784
FS,-0.396213,0.0,0.714286,0.642857,678.955203,0.735858,0.0,0.102041,0.091837,0.160228
FT,-0.958273,47.201695,0.357143,0.357143,744.772636,0.361152,0.349642,0.05102,0.05102,0.257019
FU,-0.201314,39.293765,0.928571,0.857143,689.90537,0.86579,0.291065,0.132653,0.122449,0.176331
FV,-0.672155,42.941821,0.428571,0.464286,931.463262,0.551896,0.318088,0.061224,0.066327,0.531564
FW,-0.715329,39.293765,0.571429,0.678571,707.927809,0.523114,0.291065,0.081633,0.096939,0.202835
FX,-0.958273,42.941821,0.571429,0.678571,896.868261,0.361152,0.318088,0.081633,0.096939,0.480689
FY,-0.448844,61.220911,0.857143,0.857143,673.087983,0.700771,0.453488,0.122449,0.122449,0.1516
FZ,-0.891657,42.941821,0.571429,0.678571,1096.144821,0.405562,0.318088,0.081633,0.096939,0.773742
F[,-0.448844,47.201695,0.785714,0.785714,895.8,0.700771,0.349642,0.112245,0.112245,0.479118
G',-0.836557,76.0,0.785714,0.642857,890.1,0.442295,0.562963,0.112245,0.091837,0.470735
"G,",-0.793852,80.941821,0.857143,0.785714,890.1,0.470765,0.599569,0.122449,0.112245,0.470735
G.,-0.828168,80.941821,0.785714,0.75,890.1,0.447888,0.599569,0.112245,0.107143,0.470735
G/,-0.803329,80.941821,0.785714,0.75,1053.50128,0.464448,0.599569,0.112245,0.107143,0.711031
G;,-0.586998,38.0,0.857143,0.785714,890.1,0.608668,0.281481,0.122449,0.112245,0.470735
GA,-1.108615,38.0,0.642857,0.5,848.0,0.260923,0.281481,0.091837,0.071429,0.408824
GB,-1.442261,75.140782,0.285714,0.214286,982.657486,0.038493,0.556598,0.040816,0.030612,0.606849
GC,-1.309704,80.941821,0.571429,0.428571,894.229115,0.126864,0.599569,0.081633,0.061224,0.476808
GD,-0.953484,38.0,0.714286,0.571429,913.507134,0.364344,0.281481,0.102041,0.081633,0.505158
GE,-1.25098,77.293765,0.571429,0.464286,795.664902,0.166014,0.572546,0.081633,0.066327,0.33186
GF,-0.836557,38.0,0.5,0.428571,888.365835,0.442295,0.281481,0.071429,0.061224,0.468185
GG,-1.442261,38.0,0.428571,0.285714,642.809666,0.038493,0.281481,0.061224,0.040816,0.107073
GH,-0.836557,76.0,0.857143,0.714286,703.013537,0.442295,0.562963,0.122449,0.102041,0.195608
GI,-0.589028,77.293765,0.857143,0.821429,1071.593832,0.607315,0.572546,0.122449,0.117347,0.737638
GJ,-0.448844,38.0,0.928571,0.857143,935.937669,0.700771,0.281481,0.132653,0.122449,0.538144
GK,-0.521334,38.0,0.928571,0.857143,894.543427,0.652444,0.281481,0.132653,0.122449,0.47727
GL,-0.555098,38.0,0.857143,0.785714,674.182001,0.629935,0.281481,0.122449,0.112245,0.153209
GM,-0.685918,80.941821,0.857143,0.821429,920.611981,0.542721,0.599569,0.122449,0.117347,0.515606
GN,-0.836557,80.047592,0.785714,0.714286,698.203124,0.442295,0.592945,0.112245,0.102041,0.188534
GO,-0.689815,77.293765,0.785714,0.75,700.538598,0.540123,0.572546,0.112245,0.107143,0.191969
GP,-0.776742,77.293765,0.785714,0.714286,895.847925,0.482172,0.572546,0.112245,0.102041,0.479188
GQ,-1.442261,77.293765,0.5,0.5,908.983394,0.038493,0.572546,0.071429,0.071429,0.498505
GR,-1.242302,69.257338,0.357143,0.285714,780.550205,0.171799,0.513017,0.05102,0.040816,0.309633
GS,-1.030731,38.0,0.642857,0.5,679.416453,0.312846,0.281481,0.091837,0.071429,0.160907
GT,-1.442261,62.24773,0.285714,0.214286,717.392612,0.038493,0.461094,0.040816,0.030612,0.216754
GU,-0.589028,77.293765,0.857143,0.785714,682.896725,0.607315,0.572546,0.122449,0.112245,0.166025
GV,-1.095099,61.494707,0.357143,0.321429,767.124436,0.269934,0.455516,0.05102,0.045918,0.289889
GW,-1.306993,77.293765,0.5,0.535714,787.786358,0.128671,0.572546,0.071429,0.076531,0.320274
GX,-1.363758,80.941821,0.5,0.535714,890.879203,0.090828,0.599569,0.071429,0.076531,0.471881
GY,-0.836557,99.220911,0.785714,0.714286,654.976668,0.442295,0.73497,0.112245,0.102041,0.124966
GZ,-1.428568,80.941821,0.5,0.535714,1092.94404,0.047621,0.599569,0.071429,0.076531,0.769035
G[,-0.836557,85.201695,0.714286,0.642857,890.1,0.442295,0.631124,0.102041,0.091837,0.470735
H',-1.442261,76.0,0.571429,0.357143,890.1,0.038493,0.562963,0.081633,0.05102,0.470735
"H,",-1.309704,80.941821,0.571429,0.428571,894.229115,0.126864,0.599569,0.081633,0.061224,0.476808
H.,-1.363758,80.941821,0.5,0.535714,890.879203,0.090828,0.599569,0.071429,0.076531,0.471881
H/,-1.428568,80.941821,0.5,0.535714,1092.94404,0.047621,0.599569,0.071429,0.076531,0.769035
H;,-1.108615,38.0,0.642857,0.5,890.1,0.260923,0.281481,0.091837,0.071429,0.470735
HA,-0.586998,38.0,0.857143,0.785714,890.1,0.608668,0.281481,0.122449,0.112245,0.470735
HB,-0.836557,107.339743,0.785714,0.714286,807.356544,0.442295,0.795109,0.112245,0.102041,0.349054
HC,-0.793852,80.941821,0.857143,0.785714,890.1,0.470765,0.599569,0.122449,0.112245,0.470735
HD,-0.521334,38.0,0.928571,0.857143,894.543427,0.652444,0.281481,0.132653,0.122449,0.47727
HE,-0.589028,77.293765,0.857143,0.821429,1071.593832,0.607315,0.572546,0.122449,0.117347,0.737638
HF,-0.448844,38.0,0.928571,0.857143,935.937669,0.700771,0.281481,0.132653,0.122449,0.538144
HG,-0.836557,76.0,0.857143,0.714286,703.013537,0.442295,0.562963,0.122449,0.102041,0.195608
HH,-1.442261,38.0,0.428571,0.285714,642.809666,0.038493,0.281481,0.061224,0.040816,0.107073
HI,-1.25098,77.293765,0.571429,0.464286,795.664902,0.166014,0.572546,0.081633,0.066327,0.33186
HJ,-0.836557,38.0,0.5,0.428571,888.365835,0.442295,0.281481,0.071429,0.061224,0.468185
HK,-0.953484,38.0,0.714286,0.571429,913.507134,0.364344,0.281481,0.102041,0.081633,0.505158
HL,-1.030731,38.0,0.642857,0.5,679.416453,0.312846,0.281481,0.091837,0.071429,0.160907
HM,-1.095099,75.140782,0.357143,0.321429,767.124436,0.269934,0.556598,0.05102,0.045918,0.289889
HN,-1.442261,61.494707,0.285714,0.214286,677.099225,0.038493,0.455516,0.040816,0.030612,0.157499
HO,-1.306993,77.293765,0.5,0.535714,787.786358,0.128671,0.572546,0.071429,0.076531,0.320274
HP,-1.442261,77.293765,0.5,0.5,890.1,0.038493,0.572546,0.071429,0.071429,0.470735
HQ,-0.776742,77.293765,0.785714,0.714286,895.847925,0.482172,0.572546,0.112245,0.102041,0.479188
HR,-0.589028,77.293765,0.857143,0.785714,682.896725,0.607315,0.572546,0.122449,0.112245,0.166025
HS,-0.555098,38.0,0.857143,0.785714,674.182001,0.629935,0.281481,0.122449,0.112245,0.153209
HT,-0.836557,85.201695,0.785714,0.714286,631.498095,0.442295,0.631124,0.112245,0.102041,0.090438
HU,-1.242302,62.24773,0.357143,0.285714,780.550205,0.171799,0.461094,0.05102,0.040816,0.309633
HV,-0.685918,80.941821,0.857143,0.821429,920.611981,0.542721,0.599569,0.122449,0.117347,0.515606
HW,-0.689815,77.293765,0.785714,0.75,700.538598,0.540123,0.572546,0.112245,0.107143,0.191969
HX,-0.828168,80.941821,0.785714,0.75,890.1,0.447888,0.599569,0.112245,0.107143,0.470735
HY,-1.442261,69.257338,0.285714,0.214286,659.547404,0.038493,0.513017,0.040816,0.030612,0.131687
HZ,-0.803329,80.941821,0.785714,0.75,1053.50128,0.464448,0.599569,0.112245,0.107143,0.711031
H[,-1.442261,85.201695,0.428571,0.428571,895.847925,0.038493,0.631124,0.061224,0.061224,0.479188
I',-1.355736,77.293765,0.5,0.535714,881.4,0.096176,0.572546,0.071429,0.076531,0.457941
"I,",-1.094752,81.97119,0.285714,0.285714,867.36447,0.270165,0.607194,0.040816,0.040816,0.437301
I.,-1.355736,82.235587,0.285714,0.428571,811.823192,0.096176,0.609152,0.040816,0.061224,0.355622
I/,-1.334153,82.235587,0.428571,0.571429,925.869813,0.110565,0.609152,0.061224,0.081633,0.523338
I;,-0.818844,39.293765,0.571429,0.678571,881.4,0.454104,0.291065,0.081633,0.096939,0.457941
IA,-0.339469,39.293765,0.857143,0.892857,881.4,0.773688,0.291065,0.122449,0.127551,0.457941
IB,-0.589028,108.633509,0.785714,0.821429,765.826041,0.607315,0.804693,0.112245,0.117347,0.287979
IC,-0.546323,82.235587,0.857143,0.857143,812.230583,0.635785,0.609152,0.122449,0.122449,0.356221
ID,-0.273805,39.293765,0.928571,0.964286,711.001444,0.817463,0.291065,0.132653,0.137755,0.207355
IE,-0.341499,78.587531,0.857143,0.928571,742.113735,0.772334,0.58213,0.122449,0.132653,0.253108
IF,-0.201314,39.293765,0.928571,0.964286,730.020921,0.86579,0.291065,0.132653,0.137755,0.235325
IG,-0.589028,77.293765,0.857143,0.821429,716.648757,0.607315,0.572546,0.122449,0.117347,0.21566
IH,-1.355736,77.293765,0.714286,0.464286,765.172872,0.096176,0.572546,0.102041,0.066327,0.287019
II,-0.409174,39.293765,0.428571,0.5,796.926008,0.727217,0.291065,0.061224,0.071429,0.333715
IJ,-0.490483,39.293765,0.785714,0.607143,809.749097,0.673012,0.291065,0.112245,0.086735,0.352572
IK,-0.647976,39.293765,0.428571,0.464286,969.008239,0.568016,0.291065,0.061224,0.066327,0.586777
IL,-0.712008,39.293765,0.428571,0.535714,979.598049,0.525328,0.291065,0.061224,0.076531,0.60235
IM,-0.856448,82.235587,0.642857,0.5,834.624855,0.429035,0.609152,0.091837,0.071429,0.389154
IN,-1.355736,81.341357,0.571429,0.392857,1049.548937,0.096176,0.602529,0.081633,0.056122,0.705219
IO,-0.685957,78.587531,0.428571,0.714286,837.73877,0.542695,0.58213,0.061224,0.102041,0.393733
IP,-0.843387,78.587531,0.571429,0.5,695.820669,0.437742,0.58213,0.081633,0.071429,0.18503
IQ,-0.529213,78.587531,0.785714,0.785714,773.916127,0.647191,0.58213,0.112245,0.112245,0.299877
IR,-0.341499,78.587531,0.857143,0.857143,755.717762,0.772334,0.58213,0.122449,0.122449,0.273114
IS,-0.307569,39.293765,0.857143,0.892857,854.201799,0.794954,0.291065,0.122449,0.127551,0.417944
IT,-0.589028,86.49546,0.785714,0.821429,876.440101,0.607315,0.640707,0.112245,0.117347,0.450647
IU,-0.341499,78.587531,0.785714,0.857143,989.449417,0.772334,0.58213,0.112245,0.122449,0.616837
IV,-0.438389,82.235587,0.857143,0.928571,766.417898,0.707741,0.609152,0.122449,0.132653,0.28885
IW,-0.442286,78.587531,0.785714,0.857143,713.296652,0.705143,0.58213,0.112245,0.122449,0.21073
IX,-0.580639,82.235587,0.785714,0.857143,655.718141,0.612907,0.609152,0.112245,0.122449,0.126056
IY,-1.355736,100.514677,0.714286,0.678571,854.852263,0.096176,0.744553,0.102041,0.096939,0.4189
IZ,-0.555799,82.235587,0.785714,0.857143,929.704197,0.629467,0.609152,0.112245,0.122449,0.528977
I[,-1.355736,86.49546,0.5,0.464286,722.639184,0.096176,0.640707,0.071429,0.066327,0.224469
J',-0.958273,38.0,0.642857,0.5,895.8,0.361152,0.281481,0.091837,0.071429,0.479118
"J,",-0.93742,42.941821,0.642857,0.5,902.712698,0.375053,0.318088,0.091837,0.071429,0.489283
J.,-0.958273,42.941821,0.571429,0.678571,896.868261,0.361152,0.318088,0.081633,0.096939,0.480689
J/,-0.891657,42.941821,0.571429,0.678571,1096.144821,0.405562,0.318088,0.081633,0.096939,0.773742
J;,-0.451148,0.0,0.714286,0.642857,895.8,0.699235,0.0,0.102041,0.091837,0.479118
JA,-0.199284,0.0,0.928571,0.928571,895.8,0.867144,0.0,0.132653,0.132653,0.479118
JB,-0.448844,69.339743,0.857143,0.857143,936.308042,0.700771,0.513628,0.122449,0.122449,0.538688
JC,-0.406139,42.941821,0.928571,0.857143,895.8,0.729241,0.318088,0.132653,0.122449,0.479118
JD,-0.13362,0.0,1.0,1.0,898.57379,0.91092,0.0,0.142857,0.142857,0.483197
JE,-0.201314,39.293765,0.928571,0.964286,737.823554,0.86579,0.291065,0.132653,0.137755,0.246799
JF,-0.06113,0.0,1.0,1.0,942.368915,0.959247,0.0,0.142857,0.142857,0.547601
JG,-0.448844,38.0,0.928571,0.857143,899.42922,0.700771,0.281481,0.132653,0.122449,0.484455
JH,-0.958273,38.0,0.5,0.428571,902.276377,0.361152,0.281481,0.071429,0.061224,0.488642
JI,-0.605586,39.293765,0.642857,0.607143,775.165005,0.596276,0.291065,0.091837,0.086735,0.301713
JJ,-0.06113,0.0,0.571429,0.571429,765.601112,0.959247,0.0,0.081633,0.081633,0.287649
JK,-0.327866,0.0,0.785714,0.857143,908.562978,0.781423,0.0,0.112245,0.122449,0.497887
JL,-0.396213,0.0,0.714286,0.642857,678.955203,0.735858,0.0,0.102041,0.091837,0.160228
JM,-0.672155,42.941821,0.428571,0.464286,931.463262,0.551896,0.318088,0.061224,0.066327,0.531564
JN,-0.958273,42.047592,0.357143,0.357143,878.589469,0.361152,0.311464,0.05102,0.05102,0.453808
JO,-0.715329,39.293765,0.571429,0.678571,707.927809,0.523114,0.291065,0.081633,0.096939,0.202835
JP,-0.838486,39.293765,0.571429,0.571429,895.8,0.441009,0.291065,0.081633,0.081633,0.479118
JQ,-0.389029,39.293765,0.857143,0.785714,899.857976,0.740647,0.291065,0.122449,0.112245,0.485085
JR,-0.201314,39.293765,0.928571,0.857143,689.90537,0.86579,0.291065,0.132653,0.122449,0.176331
JS,-0.167384,0.0,0.928571,0.928571,668.552658,0.888411,0.0,0.132653,0.132653,0.14493
JT,-0.448844,47.201695,0.857143,0.857143,850.574872,0.700771,0.349642,0.122449,0.122449,0.41261
JU,-0.677292,39.293765,0.428571,0.357143,777.932896,0.548472,0.291065,0.061224,0.05102,0.305784
JV,-0.298204,42.941821,0.928571,0.964286,678.896261,0.801197,0.318088,0.132653,0.137755,0.160142
JW,-0.302101,39.293765,0.857143,0.892857,813.227283,0.798599,0.291065,0.122449,0.127551,0.357687
JX,-0.440455,42.941821,0.857143,0.892857,895.8,0.706363,0.318088,0.122449,0.127551,0.479118
JY,-0.958273,61.220911,0.357143,0.357143,849.3618,0.361152,0.453488,0.05102,0.05102,0.410826
JZ,-0.415615,42.941821,0.857143,0.892857,1048.262839,0.722923,0.318088,0.122449,0.127551,0.703328
J[,-0.958273,47.201695,0.5,0.571429,899.857976,0.361152,0.349642,0.071429,0.081633,0.485085
K',-1.075036,38.0,0.642857,0.5,863.1,0.283309,0.281481,0.091837,0.071429,0.431029
"K,",-0.892948,42.941821,0.428571,0.357143,703.120232,0.404702,0.318088,0.061224,0.05102,0.195765
K.,-1.075036,42.941821,0.428571,0.535714,863.1,0.283309,0.318088,0.061224,0.076531,0.431029
K/,-1.012397,42.941821,0.571429,0.678571,1050.155382,0.325069,0.318088,0.081633,0.096939,0.706111
K;,-0.521063,0.0,0.714286,0.642857,863.1,0.652625,0.0,0.102041,0.091837,0.431029
KA,-0.271775,0.0,0.928571,0.928571,848.0,0.818817,0.0,0.132653,0.132653,0.408824
KB,-0.521334,69.339743,0.857143,0.857143,790.096031,0.652444,0.513628,0.122449,0.122449,0.323671
KC,-0.478629,42.941821,0.928571,0.857143,867.181464,0.680914,0.318088,0.132653,0.122449,0.437032
KD,-0.206111,0.0,1.0,1.0,717.001038,0.862593,0.0,0.142857,0.142857,0.216178
KE,-0.273805,39.293765,0.928571,0.964286,750.894135,0.817463,0.291065,0.132653,0.137755,0.266021
KF,-0.13362,0.0,1.0,1.0,731.976111,0.91092,0.0,0.142857,0.142857,0.2382
KG,-0.521334,38.0,0.928571,0.857143,671.356716,0.652444,0.281481,0.132653,0.122449,0.149054
KH,-1.075036,38.0,0.857143,0.714286,677.584883,0.283309,0.281481,0.122449,0.102041,0.158213
KI,-0.683218,39.293765,0.428571,0.464286,865.047622,0.544521,0.291065,0.061224,0.066327,0.433894
KJ,-0.206111,0.0,0.928571,1.0,731.464123,0.862593,0.0,0.132653,0.142857,0.237447
KK,-0.207749,0.0,0.571429,0.571429,630.60496,0.861501,0.0,0.081633,0.081633,0.089125
KL,-0.454446,0.0,0.571429,0.785714,678.779834,0.697036,0.0,0.081633,0.112245,0.15997
KM,-0.596418,42.941821,0.785714,0.607143,725.257731,0.602388,0.318088,0.112245,0.086735,0.22832
KN,-1.075036,42.047592,0.714286,0.5,642.986435,0.283309,0.311464,0.102041,0.071429,0.107333
KO,-0.763114,39.293765,0.428571,0.535714,681.708675,0.491257,0.291065,0.061224,0.076531,0.164277
KP,-0.936297,39.293765,0.571429,0.571429,870.937224,0.375802,0.291065,0.081633,0.081633,0.442555
KQ,-0.461519,39.293765,0.857143,0.785714,881.693677,0.692321,0.291065,0.122449,0.112245,0.458373
KR,-0.273805,39.293765,0.928571,0.857143,681.776564,0.817463,0.291065,0.132653,0.122449,0.164377
KS,-0.239875,0.0,0.928571,0.928571,626.816429,0.840084,0.0,0.132653,0.132653,0.083554
KT,-0.521334,47.201695,0.857143,0.857143,872.562465,0.652444,0.349642,0.122449,0.122449,0.444945
KU,-0.645896,39.293765,0.785714,0.5,693.025507,0.569403,0.291065,0.112245,0.071429,0.18092
KV,-0.370695,42.941821,0.928571,0.964286,687.008594,0.75287,0.318088,0.132653,0.137755,0.172071
KW,-0.374592,39.293765,0.857143,0.892857,686.498047,0.750272,0.291065,0.122449,0.127551,0.171321
KX,-0.512945,42.941821,0.857143,0.892857,863.877191,0.658037,0.318088,0.122449,0.127551,0.432172
KY,-1.075036,61.220911,0.714286,0.5,669.666903,0.283309,0.453488,0.102041,0.071429,0.146569
KZ,-0.488106,42.941821,0.857143,0.892857,1063.210717,0.674596,0.318088,0.122449,0.127551,0.72531
K[,-1.075036,47.201695,0.5,0.571429,863.1,0.283309,0.349642,0.071429,0.081633,0.431029
L',-1.129147,38.0,0.428571,0.428571,849.6,0.247236,0.281481,0.061224,0.061224,0.411176
"L,",-0.80557,42.941821,0.571429,0.428571,748.308302,0.462953,0.318088,0.081633,0.061224,0.262218
L.,-1.030735,42.941821,0.285714,0.321429,850.310919,0.312843,0.318088,0.040816,0.045918,0.412222
L/,-1.129147,42.941821,0.357143,0.464286,1053.939735,0.247236,0.318088,0.05102,0.066327,0.711676
L;,-0.583997,0.0,0.5,0.714286,849.6,0.610669,0.0,0.071429,0.102041,0.411176
LA,-0.305538,0.0,0.857143,0.857143,849.6,0.796308,0.0,0.122449,0.122449,0.411176
LB,-0.555098,69.339743,0.785714,0.785714,745.22774,0.629935,0.513628,0.112245,0.112245,0.257688
LC,-0.512393,42.941821,0.857143,0.785714,619.47148,0.658405,0.318088,0.122449,0.112245,0.072752
LD,-0.239875,0.0,0.928571,0.928571,683.347263,0.840084,0.0,0.132653,0.132653,0.166687
LE,-0.307569,39.293765,0.857143,0.892857,817.363155,0.794954,0.291065,0.122449,0.127551,0.363769
LF,-0.167384,0.0,0.928571,0.928571,661.381289,0.888411,0.0,0.132653,0.132653,0.134384
LG,-0.555098,38.0,0.857143,0.785714,701.000323,0.629935,0.281481,0.122449,0.112245,0.192648
LH,-1.129147,38.0,0.785714,0.642857,816.559767,0.247236,0.281481,0.112245,0.091837,0.362588
LI,-0.626041,39.293765,0.571429,0.535714,875.150982,0.582639,0.291065,0.081633,0.076531,0.448751
LJ,-0.273638,0.0,0.857143,0.785714,774.557544,0.817574,0.0,0.122449,0.112245,0.30082
LK,-0.343463,0.0,0.714286,0.928571,662.119179,0.771024,0.0,0.102041,0.132653,0.135469
LL,-0.313657,0.0,0.428571,0.428571,793.928161,0.790895,0.0,0.061224,0.061224,0.329306
LM,-0.69943,42.941821,0.714286,0.678571,662.951003,0.533713,0.318088,0.102041,0.096939,0.136693
LN,-1.129147,42.047592,0.642857,0.571429,898.804043,0.247236,0.311464,0.091837,0.081633,0.483535
LO,-0.885563,39.293765,0.285714,0.321429,809.47849,0.409625,0.291065,0.040816,0.045918,0.352174
LP,-0.984187,39.293765,0.357143,0.357143,622.632502,0.343876,0.291065,0.05102,0.05102,0.077401
LQ,-0.495283,39.293765,0.785714,0.714286,698.084512,0.669811,0.291065,0.112245,0.102041,0.18836
LR,-0.307569,39.293765,0.857143,0.785714,731.462223,0.794954,0.291065,0.122449,0.112245,0.237444
LS,-0.273638,0.0,0.857143,0.857143,655.316478,0.817574,0.0,0.122449,0.122449,0.125465
LT,-0.555098,47.201695,0.785714,0.785714,683.616429,0.629935,0.349642,0.112245,0.112245,0.167083
LU,-0.70277,39.293765,0.714286,0.571429,718.251244,0.531487,0.291065,0.102041,0.081633,0.218017
LV,-0.404458,42.941821,0.857143,0.892857,661.556103,0.730361,0.318088,0.122449,0.127551,0.134641
LW,-0.408355,39.293765,0.785714,0.821429,750.793319,0.727763,0.291065,0.112245,0.117347,0.265873
LX,-0.546709,42.941821,0.785714,0.821429,852.86472,0.635527,0.318088,0.112245,0.117347,0.415978
LY,-1.129147,61.220911,0.642857,0.571429,782.761474,0.247236,0.453488,0.091837,0.081633,0.312885
LZ,-0.521869,42.941821,0.785714,0.821429,1053.7902,0.652087,0.318088,0.112245,0.117347,0.711456
L[,-1.129147,47.201695,0.285714,0.357143,698.084512,0.247236,0.349642,0.040816,0.05102,0.18836
M',-1.216656,80.941821,0.5,0.535714,880.8,0.188896,0.599569,0.071429,0.076531,0.457059
"M,",-0.872701,85.883642,0.642857,0.714286,884.971464,0.418199,0.636175,0.091837,0.102041,0.463193
M.,-0.941505,85.883642,0.571429,0.571429,881.438001,0.37233,0.636175,0.081633,0.081633,0.457997
M/,-0.926848,85.883642,0.571429,0.571429,1081.507518,0.382101,0.636175,0.081633,0.081633,0.752217
M;,-0.852999,42.941821,0.571429,0.678571,880.8,0.431334,0.318088,0.081633,0.096939,0.457059
MA,-0.436359,42.941821,0.857143,0.892857,880.8,0.709094,0.318088,0.122449,0.127551,0.457059
MB,-0.685918,112.281564,0.785714,0.821429,797.167124,0.542721,0.831715,0.112245,0.117347,0.334069
MC,-0.643213,85.883642,0.857143,0.857143,716.8,0.571191,0.636175,0.122449,0.122449,0.215882
MD,-0.370695,42.941821,0.928571,0.964286,688.27049,0.75287,0.318088,0.132653,0.137755,0.173927
ME,-0.438389,82.235587,0.857143,0.928571,809.454154,0.707741,0.609152,0.122449,0.132653,0.352138
MF,-0.298204,42.941821,0.928571,0.964286,694.274774,0.801197,0.318088,0.132653,0.137755,0.182757
MG,-0.685918,80.941821,0.857143,0.821429,883.248441,0.542721,0.599569,0.122449,0.117347,0.460659
MH,-1.216656,75.140782,0.357143,0.321429,883.397968,0.188896,0.556598,0.05102,0.045918,0.460879
MI,-0.928152,82.235587,0.5,0.5,872.47835,0.381232,0.609152,0.071429,0.071429,0.444821
MJ,-0.672153,42.941821,0.428571,0.464286,927.01038,0.551898,0.318088,0.061224,0.066327,0.525015
MK,-0.719612,42.941821,0.642857,0.607143,892.006479,0.520258,0.318088,0.091837,0.086735,0.473539
ML,-0.821044,42.941821,0.571429,0.678571,667.714749,0.452638,0.318088,0.081633,0.096939,0.143698
MM,-0.535279,42.941821,0.428571,0.5,653.952971,0.643148,0.318088,0.061224,0.071429,0.12346
MN,-1.216656,61.494707,0.357143,0.392857,734.577475,0.188896,0.455516,0.05102,0.056122,0.242026
MO,-1.097858,82.235587,0.428571,0.571429,765.840769,0.268095,0.609152,0.061224,0.081633,0.288001
MP,-1.216656,82.235587,0.428571,0.5,743.101259,0.188896,0.609152,0.061224,0.071429,0.254561
MQ,-0.626103,82.235587,0.785714,0.785714,884.568174,0.582598,0.609152,0.112245,0.112245,0.4626
MR,-0.438389,82.235587,0.857143,0.857143,676.53165,0.707741,0.609152,0.122449,0.122449,0.156664
MS,-0.404458,42.941821,0.857143,0.892857,645.302537,0.730361,0.318088,0.122449,0.127551,0.110739
MT,-0.685918,90.143516,0.785714,0.821429,865.375675,0.542721,0.66773,0.112245,0.117347,0.434376
MU,-0.998812,81.97119,0.285714,0.285714,725.519989,0.334125,0.607194,0.040816,0.040816,0.228706
MV,-0.535279,85.883642,0.857143,0.928571,811.722954,0.643148,0.636175,0.122449,0.132653,0.355475
MW,-0.539175,82.235587,0.785714,0.857143,678.881638,0.64055,0.609152,0.112245,0.122449,0.16012
MX,-0.677529,85.883642,0.785714,0.857143,880.8,0.548314,0.636175,0.112245,0.122449,0.457059
MY,-1.216656,103.071561,0.214286,0.25,692.962202,0.188896,0.763493,0.030612,0.035714,0.180827
MZ,-0.652689,85.883642,0.785714,0.857143,1055.624812,0.564874,0.636175,0.112245,0.122449,0.714154
M[,-1.216656,90.143516,0.357143,0.464286,884.568174,0.188896,0.66773,0.05102,0.066327,0.4626
N',-1.442261,80.047592,0.428571,0.428571,848.0,0.038493,0.592945,0.061224,0.061224,0.408824
"N,",-1.309704,84.989413,0.571429,0.5,848.0,0.126864,0.629551,0.081633,0.071429,0.408824
N.,-1.363758,84.989413,0.5,0.464286,848.0,0.090828,0.629551,0.071429,0.066327,0.408824
N/,-1.428568,84.989413,0.5,0.464286,848.0,0.047621,0.629551,0.071429,0.066327,0.408824
N;,-1.108615,42.047592,0.5,0.571429,848.0,0.260923,0.311464,0.071429,0.081633,0.408824
NA,-0.586998,42.047592,0.785714,0.785714,729.116709,0.608668,0.311464,0.112245,0.112245,0.233995
NB,-0.836557,111.387335,0.714286,0.714286,817.22866,0.442295,0.825091,0.102041,0.102041,0.363572
NC,-0.793852,84.989413,0.785714,0.785714,761.520926,0.470765,0.629551,0.112245,0.112245,0.281648
ND,-0.521334,42.047592,0.857143,0.857143,890.339366,0.652444,0.311464,0.122449,0.122449,0.471087
NE,-0.589028,81.341357,0.785714,0.821429,793.617416,0.607315,0.602529,0.112245,0.117347,0.328849
NF,-0.448844,42.047592,0.857143,0.857143,695.140833,0.700771,0.311464,0.122449,0.122449,0.184031
NG,-0.836557,80.047592,0.785714,0.714286,819.425414,0.442295,0.592945,0.112245,0.102041,0.366802
NH,-1.442261,61.494707,0.285714,0.214286,690.090987,0.038493,0.455516,0.040816,0.030612,0.176604
NI,-1.25098,81.341357,0.428571,0.392857,735.370233,0.166014,0.602529,0.061224,0.056122,0.243192
NJ,-0.836557,42.047592,0.357143,0.357143,721.894112,0.442295,0.311464,0.05102,0.05102,0.223374
NK,-0.953484,42.047592,0.571429,0.5,611.601506,0.364344,0.311464,0.081633,0.071429,0.061179
NL,-1.030731,42.047592,0.5,0.571429,652.059963,0.312846,0.311464,0.071429,0.081633,0.120676
NM,-1.095099,61.494707,0.357143,0.392857,675.608036,0.269934,0.455516,0.05102,0.056122,0.155306
NN,-1.442261,42.047592,0.285714,0.285714,658.350336,0.038493,0.311464,0.040816,0.040816,0.129927
NO,-1.306993,81.341357,0.357143,0.464286,778.161791,0.128671,0.602529,0.05102,0.066327,0.30612
NP,-1.442261,81.341357,0.357143,0.428571,871.741033,0.038493,0.602529,0.05102,0.061224,0.443737
NQ,-0.776742,81.341357,0.714286,0.714286,745.967521,0.482172,0.602529,0.102041,0.102041,0.258776
NR,-0.589028,81.341357,0.785714,0.785714,627.376056,0.607315,0.602529,0.112245,0.112245,0.084377
NS,-0.555098,42.047592,0.785714,0.785714,775.031232,0.629935,0.311464,0.112245,0.112245,0.301517
NT,-0.836557,89.249287,0.714286,0.714286,856.279405,0.442295,0.661106,0.102041,0.102041,0.420999
NU,-1.242302,78.880625,0.214286,0.214286,692.900593,0.171799,0.584301,0.030612,0.030612,0.180736
NV,-0.685918,84.989413,0.785714,0.821429,707.478131,0.542721,0.629551,0.112245,0.117347,0.202174
NW,-0.689815,81.341357,0.714286,0.75,686.254573,0.540123,0.602529,0.102041,0.107143,0.170963
NX,-0.828168,84.989413,0.714286,0.75,745.434907,0.447888,0.629551,0.102041,0.107143,0.257993
NY,-1.442261,92.487648,0.142857,0.142857,698.483298,0.038493,0.685094,0.020408,0.020408,0.188946
NZ,-0.803329,84.989413,0.714286,0.75,1068.107369,0.464448,0.629551,0.102041,0.107143,0.732511
N[,-1.442261,89.249287,0.285714,0.357143,848.0,0.038493,0.661106,0.040816,0.05102,0.408824
O',-1.428568,77.293765,0.285714,0.321429,916.8,0.047621,0.572546,0.040816,0.045918,0.51
"O,",-1.099662,82.235587,0.428571,0.357143,916.8,0.266892,0.609152,0.061224,0.05102,0.51
O.,-1.274026,81.97119,0.142857,0.214286,916.8,0.150649,0.607194,0.020408,0.030612,0.51
O/,-1.428568,82.235587,0.214286,0.357143,1048.0,0.047621,0.609152,0.030612,0.05102,0.702941
O;,-0.932945,39.293765,0.357143,0.464286,916.8,0.378037,0.291065,0.05102,0.066327,0.51
OA,-0.440255,39.293765,0.785714,0.821429,848.0,0.706496,0.291065,0.112245,0.117347,0.408824
OB,-0.689815,108.633509,0.714286,0.75,850.856838,0.540123,0.804693,0.102041,0.107143,0.413025
OC,-0.64711,82.235587,0.785714,0.785714,771.068313,0.568593,0.609152,0.112245,0.112245,0.295689
OD,-0.374592,39.293765,0.857143,0.892857,750.180002,0.750272,0.291065,0.122449,0.127551,0.264971
OE,-0.442286,78.587531,0.785714,0.857143,705.611929,0.705143,0.58213,0.112245,0.122449,0.199429
OF,-0.302101,39.293765,0.857143,0.892857,968.500509,0.798599,0.291065,0.122449,0.127551,0.58603
OG,-0.689815,77.293765,0.785714,0.75,772.313321,0.540123,0.572546,0.112245,0.107143,0.29752
OH,-1.428568,77.293765,0.642857,0.535714,710.996974,0.047621,0.572546,0.091837,0.076531,0.207348
OI,-0.543072,78.587531,0.571429,0.857143,761.216368,0.637952,0.58213,0.081633,0.122449,0.281201
OJ,-0.593653,39.293765,0.714286,0.678571,818.869325,0.604232,0.291065,0.102041,0.096939,0.365984
OK,-0.641962,39.293765,0.571429,0.535714,724.686924,0.572025,0.291065,0.081633,0.076531,0.227481
OL,-0.884553,39.293765,0.285714,0.321429,861.211085,0.410298,0.291065,0.040816,0.045918,0.428252
OM,-0.976303,82.235587,0.571429,0.571429,846.885935,0.349131,0.609152,0.081633,0.081633,0.407185
ON,-1.428568,81.341357,0.5,0.464286,1046.250336,0.047621,0.602529,0.071429,0.066327,0.700368
OO,-0.579716,39.293765,0.285714,0.357143,794.03498,0.613522,0.291065,0.040816,0.05102,0.329463
OP,-0.917174,78.587531,0.357143,0.571429,790.528308,0.388551,0.58213,0.05102,0.081633,0.324306
OQ,-0.63,78.587531,0.714286,0.714286,944.678964,0.58,0.58213,0.102041,0.102041,0.550998
OR,-0.442286,78.587531,0.785714,0.785714,944.382787,0.705143,0.58213,0.112245,0.112245,0.550563
OS,-0.408355,39.293765,0.785714,0.821429,770.997272,0.727763,0.291065,0.112245,0.117347,0.295584
OT,-0.689815,86.49546,0.714286,0.75,808.629948,0.540123,0.640707,0.102041,0.107143,0.350926
OU,-0.586577,78.587531,0.714286,0.642857,880.192971,0.608949,0.58213,0.102041,0.091837,0.456166
OV,-0.539175,82.235587,0.785714,0.857143,786.080796,0.64055,0.609152,0.112245,0.122449,0.317766
OW,-0.543072,78.587531,0.714286,0.785714,769.404206,0.637952,0.58213,0.102041,0.112245,0.293241
OX,-0.681426,82.235587,0.714286,0.785714,757.412296,0.545716,0.609152,0.102041,0.112245,0.275606
OY,-1.428568,100.514677,0.642857,0.607143,735.816507,0.047621,0.744553,0.091837,0.086735,0.243848
OZ,-0.656586,82.235587,0.714286,0.785714,885.658579,0.562276,0.609152,0.102041,0.112245,0.464204
O[,-1.428568,86.49546,0.285714,0.392857,916.8,0.047621,0.640707,0.040816,0.056122,0.51
P',-1.411596,69.257338,0.214286,0.142857,867.9,0.058936,0.513017,0.030612,0.020408,0.438088
"P,",-1.280751,82.235587,0.571429,0.5,867.9,0.146166,0.609152,0.081633,0.071429,0.438088
P.,-1.32073,82.235587,0.357143,0.321429,867.9,0.119513,0.609152,0.05102,0.045918,0.438088
P/,-1.411596,81.97119,0.142857,0.178571,1059.5,0.058936,0.607194,0.020408,0.02551,0.719853
P;,-1.108615,39.293765,0.285714,0.285714,867.9,0.260923,0.291065,0.040816,0.040816,0.438088
PA,-0.527183,39.293765,0.785714,0.785714,859.5,0.648545,0.291065,0.112245,0.112245,0.425735
PB,-0.776742,108.633509,0.714286,0.714286,964.826822,0.482172,0.804693,0.102041,0.102041,0.580628
PC,-0.734038,82.235587,0.785714,0.785714,878.035979,0.510642,0.609152,0.112245,0.112245,0.452994
PD,-0.461519,39.293765,0.857143,0.857143,635.539509,0.692321,0.291065,0.122449,0.122449,0.096382
PE,-0.529213,78.587531,0.785714,0.821429,788.524699,0.647191,0.58213,0.112245,0.117347,0.32136
PF,-0.389029,39.293765,0.857143,0.857143,923.743288,0.740647,0.291065,0.122449,0.122449,0.520211
PG,-0.776742,77.293765,0.785714,0.714286,754.108434,0.482172,0.572546,0.112245,0.102041,0.270748
PH,-1.411596,77.293765,0.642857,0.5,718.600136,0.058936,0.572546,0.091837,0.071429,0.21853
PI,-0.726832,78.587531,0.714286,0.678571,733.674104,0.515445,0.58213,0.102041,0.096939,0.240697
PJ,-0.716928,39.293765,0.714286,0.642857,914.91581,0.522048,0.291065,0.102041,0.091837,0.507229
PK,-0.814801,39.293765,0.714286,0.642857,876.258671,0.456799,0.291065,0.102041,0.091837,0.45038
PL,-0.863268,39.293765,0.5,0.428571,775.552115,0.424488,0.291065,0.071429,0.061224,0.302283
PM,-1.095099,82.235587,0.571429,0.535714,698.885537,0.269934,0.609152,0.081633,0.076531,0.189538
PN,-1.411596,81.341357,0.5,0.428571,905.497319,0.058936,0.602529,0.071429,0.061224,0.493378
PO,-0.795618,78.587531,0.5,0.75,819.839989,0.469588,0.58213,0.071429,0.107143,0.367412
PP,-0.884184,39.293765,0.285714,0.285714,687.127981,0.410544,0.291065,0.040816,0.040816,0.172247
PQ,-0.716928,78.587531,0.714286,0.714286,887.62155,0.522048,0.58213,0.102041,0.102041,0.467091
PR,-0.529213,78.587531,0.785714,0.785714,779.225566,0.647191,0.58213,0.112245,0.112245,0.307685
PS,-0.495283,39.293765,0.785714,0.785714,671.519273,0.669811,0.291065,0.112245,0.112245,0.149293
PT,-0.776742,86.49546,0.714286,0.714286,705.246791,0.482172,0.640707,0.102041,0.102041,0.198892
PU,-0.741484,78.587531,0.714286,0.642857,718.246491,0.505677,0.58213,0.102041,0.091837,0.21801
PV,-0.626103,82.235587,0.785714,0.821429,906.542733,0.582598,0.609152,0.112245,0.117347,0.494916
PW,-0.63,78.587531,0.714286,0.75,892.6,0.58,0.58213,0.102041,0.107143,0.474412
PX,-0.768354,82.235587,0.714286,0.75,869.552033,0.487764,0.609152,0.102041,0.107143,0.440518
PY,-1.411596,100.514677,0.642857,0.571429,637.287533,0.058936,0.744553,0.091837,0.081633,0.098952
PZ,-0.743514,82.235587,0.714286,0.75,1072.002267,0.504324,0.609152,0.102041,0.107143,0.738239
P[,-1.411596,62.24773,0.214286,0.214286,867.9,0.058936,0.461094,0.030612,0.030612,0.438088
Q',-0.776742,77.293765,0.714286,0.642857,922.8,0.482172,0.572546,0.102041,0.091837,0.518824
"Q,",-0.734038,82.235587,0.785714,0.785714,922.8,0.510642,0.609152,0.112245,0.112245,0.518824
Q.,-0.768354,82.235587,0.714286,0.75,922.8,0.487764,0.609152,0.102041,0.107143,0.518824
Q/,-0.743514,82.235587,0.714286,0.75,1072.002267,0.504324,0.609152,0.102041,0.107143,0.738239
Q;,-0.527183,39.293765,0.785714,0.785714,922.8,0.648545,0.291065,0.112245,0.112245,0.518824
QA,-1.108615,39.293765,0.285714,0.285714,926.056417,0.260923,0.291065,0.040816,0.040816,0.523612
QB,-1.411596,108.633509,0.5,0.428571,914.329092,0.058936,0.804693,0.071429,0.061224,0.506366
QC,-1.280751,82.235587,0.571429,0.5,924.16812,0.146166,0.609152,0.081633,0.071429,0.520835
QD,-0.814801,39.293765,0.714286,0.642857,929.93199,0.456799,0.291065,0.102041,0.091837,0.529312
QE,-0.726832,78.587531,0.714286,0.678571,733.674104,0.515445,0.58213,0.102041,0.096939,0.240697
QF,-0.716928,39.293765,0.714286,0.642857,968.503457,0.522048,0.291065,0.102041,0.091837,0.586034
QG,-1.411596,77.293765,0.642857,0.5,718.600136,0.058936,0.572546,0.091837,0.071429,0.21853
QH,-0.776742,77.293765,0.785714,0.714286,803.144183,0.482172,0.572546,0.112245,0.102041,0.342859
QI,-0.529213,78.587531,0.785714,0.821429,788.524699,0.647191,0.58213,0.112245,0.117347,0.32136
QJ,-0.389029,39.293765,0.857143,0.857143,967.594562,0.740647,0.291065,0.122449,0.122449,0.584698
QK,-0.461519,39.293765,0.857143,0.857143,673.8,0.692321,0.291065,0.122449,0.122449,0.152647
QL,-0.495283,39.293765,0.785714,0.785714,671.519273,0.669811,0.291065,0.112245,0.112245,0.149293
QM,-0.626103,82.235587,0.785714,0.821429,924.04328,0.582598,0.609152,0.112245,0.117347,0.520652
QN,-0.776742,81.341357,0.714286,0.714286,952.131856,0.482172,0.602529,0.102041,0.102041,0.561959
QO,-0.63,78.587531,0.714286,0.75,957.434314,0.58,0.58213,0.102041,0.107143,0.569756
QP,-0.716928,78.587531,0.714286,0.714286,923.159823,0.522048,0.58213,0.102041,0.102041,0.519353
QQ,-0.884184,39.293765,0.285714,0.285714,687.127981,0.410544,0.291065,0.040816,0.040816,0.172247
QR,-0.741484,78.587531,0.714286,0.642857,718.246491,0.505677,0.58213,0.102041,0.091837,0.21801
QS,-0.863268,39.293765,0.5,0.428571,775.552115,0.424488,0.291065,0.071429,0.061224,0.302283
QT,-1.411596,86.49546,0.642857,0.571429,924.383349,0.058936,0.640707,0.091837,0.081633,0.521152
QU,-0.529213,78.587531,0.785714,0.785714,779.225566,0.647191,0.58213,0.112245,0.112245,0.307685
QV,-1.095099,82.235587,0.571429,0.535714,750.274131,0.269934,0.609152,0.081633,0.076531,0.265109
QW,-0.795618,78.587531,0.5,0.75,819.839989,0.469588,0.58213,0.071429,0.107143,0.367412
QX,-1.32073,82.235587,0.357143,0.321429,922.931445,0.119513,0.609152,0.05102,0.045918,0.519017
QY,-0.776742,100.514677,0.714286,0.714286,922.8,0.482172,0.744553,0.102041,0.102041,0.518824
QZ,-1.411596,81.97119,0.142857,0.178571,1122.8,0.058936,0.607194,0.020408,0.02551,0.812941
Q[,-0.776742,86.49546,0.642857,0.642857,687.127981,0.482172,0.640707,0.091837,0.091837,0.172247
R',-0.589028,77.293765,0.785714,0.714286,914.7,0.607315,0.572546,0.112245,0.102041,0.506912
"R,",-0.546323,82.235587,0.857143,0.857143,744.887361,0.635785,0.609152,0.122449,0.122449,0.257187
R.,-0.580639,82.235587,0.785714,0.821429,933.750578,0.612907,0.609152,0.112245,0.117347,0.534927
R/,-0.555799,82.235587,0.785714,0.821429,1127.788901,0.629467,0.609152,0.112245,0.117347,0.820278
R;,-0.339469,39.293765,0.857143,0.857143,914.7,0.773688,0.291065,0.122449,0.122449,0.506912
RA,-0.791551,39.293765,0.571429,0.642857,914.7,0.4723,0.291065,0.081633,0.091837,0.506912
RB,-1.363758,105.306949,0.214286,0.214286,869.222722,0.090828,0.780051,0.030612,0.030612,0.440033
RC,-1.309704,82.235587,0.5,0.428571,800.008605,0.126864,0.609152,0.071429,0.061224,0.338248
RD,-0.758376,39.293765,0.642857,0.571429,787.588184,0.494416,0.291065,0.091837,0.081633,0.319983
RE,-0.480001,78.587531,0.642857,0.75,982.180258,0.679999,0.58213,0.091837,0.107143,0.606147
RF,-0.693102,39.293765,0.428571,0.428571,783.592873,0.537932,0.291065,0.061224,0.061224,0.314107
RG,-1.363758,69.257338,0.357143,0.285714,760.808642,0.090828,0.513017,0.05102,0.040816,0.280601
RH,-0.589028,77.293765,0.857143,0.785714,726.203973,0.607315,0.572546,0.122449,0.112245,0.229712
RI,-0.341499,78.587531,0.857143,0.892857,833.597124,0.772334,0.58213,0.122449,0.127551,0.387643
RJ,-0.201314,39.293765,0.928571,0.928571,714.262663,0.86579,0.291065,0.132653,0.132653,0.212151
RK,-0.273805,39.293765,0.928571,0.928571,729.263142,0.817463,0.291065,0.132653,0.132653,0.234211
RL,-0.307569,39.293765,0.857143,0.857143,805.375668,0.794954,0.291065,0.122449,0.122449,0.346141
RM,-0.438389,82.235587,0.857143,0.892857,878.617635,0.707741,0.609152,0.122449,0.127551,0.453849
RN,-0.589028,81.341357,0.785714,0.785714,736.72441,0.607315,0.602529,0.112245,0.112245,0.245183
RO,-0.442286,78.587531,0.785714,0.821429,849.132716,0.705143,0.58213,0.112245,0.117347,0.410489
RP,-0.529213,78.587531,0.785714,0.785714,712.741418,0.647191,0.58213,0.112245,0.112245,0.209914
RQ,-0.862958,78.587531,0.571429,0.5,749.701619,0.424694,0.58213,0.081633,0.071429,0.264267
RR,-0.460932,39.293765,0.428571,0.428571,690.718674,0.692712,0.291065,0.061224,0.061224,0.177527
RS,-0.7902,39.293765,0.571429,0.642857,837.942469,0.4732,0.291065,0.081633,0.091837,0.394033
RT,-1.363758,62.24773,0.357143,0.357143,814.319039,0.090828,0.461094,0.05102,0.05102,0.359293
RU,-0.341499,78.587531,0.857143,0.857143,832.040526,0.772334,0.58213,0.122449,0.122449,0.385354
RV,-0.992835,81.97119,0.285714,0.321429,798.90257,0.33811,0.607194,0.040816,0.045918,0.336621
RW,-0.709706,78.587531,0.571429,0.535714,723.54817,0.526863,0.58213,0.081633,0.076531,0.225806
RX,-1.363758,82.235587,0.428571,0.535714,914.7,0.090828,0.609152,0.061224,0.076531,0.506912
RY,-0.589028,100.514677,0.785714,0.785714,732.822236,0.607315,0.744553,0.112245,0.112245,0.239444
RZ,-1.277821,82.235587,0.428571,0.535714,1082.705049,0.148119,0.609152,0.061224,0.076531,0.753978
R[,-0.589028,86.49546,0.714286,0.714286,749.701619,0.607315,0.640707,0.102041,0.102041,0.264267
S',-0.555098,38.0,0.785714,0.714286,849.6,0.629935,0.281481,0.112245,0.102041,0.411176
"S,",-0.512393,42.941821,0.857143,0.785714,619.47148,0.658405,0.318088,0.122449,0.112245,0.072752
S.,-0.546709,42.941821,0.785714,0.821429,852.86472,0.635527,0.318088,0.112245,0.117347,0.415978
S/,-0.521869,42.941821,0.785714,0.821429,1053.7902,0.652087,0.318088,0.112245,0.117347,0.711456
S;,-0.305538,0.0,0.857143,0.857143,849.6,0.796308,0.0,0.122449,0.122449,0.411176
SA,-0.583997,0.0,0.5,0.714286,848.0,0.610669,0.0,0.071429,0.102041,0.408824
SB,-1.129147,69.339743,0.642857,0.571429,792.078379,0.247236,0.513628,0.091837,0.081633,0.326586
SC,-0.80557,42.941821,0.571429,0.428571,748.308302,0.462953,0.318088,0.081633,0.061224,0.262218
SD,-0.343463,0.0,0.714286,0.928571,662.119179,0.771024,0.0,0.102041,0.132653,0.135469
SE,-0.626041,39.293765,0.571429,0.535714,875.150982,0.582639,0.291065,0.081633,0.076531,0.448751
SF,-0.273638,0.0,0.857143,0.785714,774.557544,0.817574,0.0,0.122449,0.112245,0.30082
SG,-1.129147,38.0,0.785714,0.642857,816.559767,0.247236,0.281481,0.112245,0.091837,0.362588
SH,-0.555098,38.0,0.857143,0.785714,701.000323,0.629935,0.281481,0.122449,0.112245,0.192648
SI,-0.307569,39.293765,0.857143,0.892857,817.363155,0.794954,0.291065,0.122449,0.127551,0.363769
SJ,-0.167384,0.0,0.928571,0.928571,661.381289,0.888411,0.0,0.132653,0.132653,0.134384
SK,-0.239875,0.0,0.928571,0.928571,683.347263,0.840084,0.0,0.132653,0.132653,0.166687
SL,-0.273638,0.0,0.857143,0.857143,655.316478,0.817574,0.0,0.122449,0.122449,0.125465
SM,-0.404458,42.941821,0.857143,0.892857,661.556103,0.730361,0.318088,0.122449,0.127551,0.134641
SN,-0.555098,42.047592,0.785714,0.785714,617.414059,0.629935,0.311464,0.112245,0.112245,0.069727
SO,-0.408355,39.293765,0.785714,0.821429,750.793319,0.727763,0.291065,0.112245,0.117347,0.265873
SP,-0.495283,39.293765,0.785714,0.714286,698.084512,0.669811,0.291065,0.112245,0.102041,0.18836
SQ,-0.984187,39.293765,0.357143,0.357143,626.433468,0.343876,0.291065,0.05102,0.05102,0.08299
SR,-0.70277,39.293765,0.714286,0.571429,718.251244,0.531487,0.291065,0.102041,0.081633,0.218017
SS,-0.313657,0.0,0.428571,0.428571,793.928161,0.790895,0.0,0.061224,0.061224,0.329306
ST,-1.129147,47.201695,0.642857,0.571429,888.751735,0.247236,0.349642,0.091837,0.081633,0.468753
SU,-0.307569,39.293765,0.857143,0.785714,731.462223,0.794954,0.291065,0.122449,0.112245,0.237444
SV,-0.69943,42.941821,0.714286,0.678571,662.951003,0.533713,0.318088,0.102041,0.096939,0.136693
SW,-0.885563,39.293765,0.285714,0.321429,809.47849,0.409625,0.291065,0.040816,0.045918,0.352174
SX,-1.030735,42.941821,0.285714,0.321429,850.310919,0.312843,0.318088,0.040816,0.045918,0.412222
SY,-0.555098,61.220911,0.785714,0.785714,654.729221,0.629935,0.453488,0.112245,0.112245,0.124602
SZ,-1.129147,42.941821,0.357143,0.464286,1053.939735,0.247236,0.318088,0.05102,0.066327,0.711676
S[,-0.555098,47.201695,0.714286,0.714286,622.632502,0.629935,0.349642,0.102041,0.102041,0.077401
T',-0.836557,85.201695,0.714286,0.642857,848.0,0.442295,0.631124,0.102041,0.091837,0.408824
"T,",-0.793852,90.143516,0.785714,0.785714,848.0,0.470765,0.66773,0.112245,0.112245,0.408824
T.,-0.828168,90.143516,0.714286,0.75,848.0,0.447888,0.66773,0.102041,0.107143,0.408824
T/,-0.803329,90.143516,0.714286,0.75,848.0,0.464448,0.66773,0.102041,0.107143,0.408824
T;,-0.586998,47.201695,0.785714,0.785714,848.0,0.608668,0.349642,0.112245,0.112245,0.408824
TA,-1.108615,47.201695,0.5,0.571429,774.587606,0.260923,0.349642,0.071429,0.081633,0.300864
TB,-1.442261,99.124116,0.142857,0.142857,765.399346,0.038493,0.734253,0.020408,0.020408,0.287352
TC,-1.309704,90.143516,0.428571,0.357143,693.067353,0.126864,0.66773,0.061224,0.05102,0.180981
TD,-0.953484,47.201695,0.571429,0.5,865.07106,0.364344,0.349642,0.081633,0.071429,0.433928
TE,-1.25098,86.49546,0.571429,0.535714,900.996231,0.166014,0.640707,0.081633,0.076531,0.486759
TF,-0.836557,47.201695,0.357143,0.357143,776.473322,0.442295,0.349642,0.05102,0.05102,0.303637
TG,-1.442261,62.24773,0.285714,0.214286,649.297045,0.038493,0.461094,0.040816,0.030612,0.116613
TH,-0.836557,85.201695,0.785714,0.714286,1093.762492,0.442295,0.631124,0.112245,0.102041,0.770239
TI,-0.589028,86.49546,0.785714,0.821429,882.029175,0.607315,0.640707,0.112245,0.117347,0.458866
TJ,-0.448844,47.201695,0.857143,0.857143,895.20963,0.700771,0.349642,0.122449,0.122449,0.478249
TK,-0.521334,47.201695,0.857143,0.857143,630.13835,0.652444,0.349642,0.122449,0.122449,0.088439
TL,-0.555098,47.201695,0.785714,0.785714,661.249294,0.629935,0.349642,0.112245,0.112245,0.13419
TM,-0.685918,90.143516,0.785714,0.821429,659.398642,0.542721,0.66773,0.112245,0.117347,0.131469
TN,-0.836557,89.249287,0.714286,0.714286,682.151813,0.442295,0.661106,0.102041,0.102041,0.164929
TO,-0.689815,86.49546,0.714286,0.75,854.381768,0.540123,0.640707,0.102041,0.107143,0.418208
TP,-0.776742,86.49546,0.714286,0.714286,731.929695,0.482172,0.640707,0.102041,0.102041,0.238132
TQ,-1.442261,86.49546,0.5,0.428571,868.747965,0.038493,0.640707,0.071429,0.061224,0.439335
TR,-1.242302,62.24773,0.357143,0.357143,792.955331,0.171799,0.461094,0.05102,0.05102,0.327875
TS,-1.030731,47.201695,0.5,0.571429,764.505591,0.312846,0.349642,0.071429,0.081633,0.286038
TT,-1.442261,47.201695,0.285714,0.285714,682.901788,0.038493,0.349642,0.040816,0.040816,0.166032
TU,-0.589028,86.49546,0.785714,0.785714,723.263048,0.607315,0.640707,0.112245,0.112245,0.225387
TV,-1.095099,83.281704,0.214286,0.25,892.67894,0.269934,0.616902,0.030612,0.035714,0.474528
TW,-1.306993,86.49546,0.5,0.464286,688.360068,0.128671,0.640707,0.071429,0.066327,0.174059
TX,-1.363758,90.143516,0.357143,0.464286,776.792099,0.090828,0.66773,0.05102,0.066327,0.304106
TY,-0.836557,108.422606,0.714286,0.714286,700.839163,0.442295,0.80313,0.102041,0.102041,0.192411
TZ,-1.428568,90.143516,0.357143,0.464286,1066.834911,0.047621,0.66773,0.05102,0.066327,0.73064
T[,-0.836557,94.40339,0.642857,0.642857,848.0,0.442295,0.699284,0.091837,0.091837,0.408824
U',-1.363758,77.293765,0.5,0.5,914.7,0.090828,0.572546,0.071429,0.071429,0.506912
"U,",-1.309704,82.235587,0.5,0.428571,800.008605,0.126864,0.609152,0.071429,0.061224,0.338248
U.,-1.363758,82.235587,0.428571,0.535714,914.7,0.090828,0.609152,0.061224,0.076531,0.506912
U/,-1.277821,82.235587,0.428571,0.535714,1082.705049,0.148119,0.609152,0.061224,0.076531,0.753978
U;,-0.791551,39.293765,0.571429,0.642857,914.7,0.4723,0.291065,0.081633,0.091837,0.506912
UA,-0.339469,39.293765,0.857143,0.857143,875.4,0.773688,0.291065,0.122449,0.122449,0.449118
UB,-0.589028,108.633509,0.785714,0.785714,869.589003,0.607315,0.804693,0.112245,0.112245,0.440572
UC,-0.546323,82.235587,0.857143,0.857143,744.887361,0.635785,0.609152,0.122449,0.122449,0.257187
UD,-0.273805,39.293765,0.928571,0.928571,729.263142,0.817463,0.291065,0.132653,0.132653,0.234211
UE,-0.341499,78.587531,0.857143,0.892857,833.597124,0.772334,0.58213,0.122449,0.127551,0.387643
UF,-0.201314,39.293765,0.928571,0.928571,714.262663,0.86579,0.291065,0.132653,0.132653,0.212151
UG,-0.589028,77.293765,0.857143,0.785714,726.203973,0.607315,0.572546,0.122449,0.112245,0.229712
UH,-1.363758,62.24773,0.357143,0.285714,760.808642,0.090828,0.461094,0.05102,0.040816,0.280601
UI,-0.480001,78.587531,0.642857,0.75,982.180258,0.679999,0.58213,0.091837,0.107143,0.606147
UJ,-0.693102,39.293765,0.428571,0.428571,783.592873,0.537932,0.291065,0.061224,0.061224,0.314107
UK,-0.758376,39.293765,0.642857,0.571429,787.588184,0.494416,0.291065,0.091837,0.081633,0.319983
UL,-0.7902,39.293765,0.571429,0.642857,837.942469,0.4732,0.291065,0.081633,0.091837,0.394033
UM,-0.992835,81.97119,0.285714,0.321429,798.90257,0.33811,0.607194,0.040816,0.045918,0.336621
UN,-1.363758,78.880625,0.214286,0.214286,881.366647,0.090828,0.584301,0.030612,0.030612,0.457892
UO,-0.709706,78.587531,0.571429,0.535714,723.54817,0.526863,0.58213,0.081633,0.076531,0.225806
UP,-0.862958,78.587531,0.571429,0.5,749.701619,0.424694,0.58213,0.081633,0.071429,0.264267
UQ,-0.529213,78.587531,0.785714,0.785714,712.741418,0.647191,0.58213,0.112245,0.112245,0.209914
UR,-0.341499,78.587531,0.857143,0.857143,832.040526,0.772334,0.58213,0.122449,0.122449,0.385354
US,-0.307569,39.293765,0.857143,0.857143,805.375668,0.794954,0.291065,0.122449,0.122449,0.346141
UT,-0.589028,86.49546,0.785714,0.785714,800.628771,0.607315,0.640707,0.112245,0.112245,0.33916
UU,-0.460932,39.293765,0.428571,0.428571,690.718674,0.692712,0.291065,0.061224,0.061224,0.177527
UV,-0.438389,82.235587,0.857143,0.892857,878.617635,0.707741,0.609152,0.122449,0.127551,0.453849
UW,-0.442286,78.587531,0.785714,0.821429,849.132716,0.705143,0.58213,0.112245,0.117347,0.410489
UX,-0.580639,82.235587,0.785714,0.821429,933.750578,0.612907,0.609152,0.112245,0.117347,0.534927
UY,-1.363758,69.257338,0.357143,0.357143,671.27225,0.090828,0.513017,0.05102,0.05102,0.14893
UZ,-0.555799,82.235587,0.785714,0.821429,1127.788901,0.629467,0.609152,0.112245,0.117347,0.820278
U[,-1.363758,86.49546,0.5,0.428571,712.741418,0.090828,0.640707,0.071429,0.061224,0.209914
V',-0.685918,80.941821,0.785714,0.75,880.8,0.542721,0.599569,0.112245,0.107143,0.457059
"V,",-0.643213,85.883642,0.857143,0.857143,716.8,0.571191,0.636175,0.122449,0.122449,0.215882
V.,-0.677529,85.883642,0.785714,0.857143,880.8,0.548314,0.636175,0.112245,0.122449,0.457059
V/,-0.652689,85.883642,0.785714,0.857143,1055.624812,0.564874,0.636175,0.112245,0.122449,0.714154
V;,-0.436359,42.941821,0.857143,0.892857,880.8,0.709094,0.318088,0.122449,0.127551,0.457059
VA,-0.852999,42.941821,0.571429,0.678571,854.4,0.431334,0.318088,0.081633,0.096939,0.418235
VB,-1.216656,75.140782,0.357143,0.392857,969.335356,0.188896,0.556598,0.05102,0.056122,0.587258
VC,-0.872701,85.883642,0.642857,0.714286,884.971464,0.418199,0.636175,0.091837,0.102041,0.463193
VD,-0.719612,42.941821,0.642857,0.607143,892.006479,0.520258,0.318088,0.091837,0.086735,0.473539
VE,-0.928152,82.235587,0.5,0.5,872.47835,0.381232,0.609152,0.071429,0.071429,0.444821
VF,-0.672153,42.941821,0.428571,0.464286,927.01038,0.551898,0.318088,0.061224,0.066327,0.525015
VG,-1.216656,61.494707,0.357143,0.321429,883.397968,0.188896,0.455516,0.05102,0.045918,0.460879
VH,-0.685918,80.941821,0.857143,0.821429,883.248441,0.542721,0.599569,0.122449,0.117347,0.460659
VI,-0.438389,82.235587,0.857143,0.928571,809.454154,0.707741,0.609152,0.122449,0.132653,0.352138
VJ,-0.298204,42.941821,0.928571,0.964286,694.274774,0.801197,0.318088,0.132653,0.137755,0.182757
VK,-0.370695,42.941821,0.928571,0.964286,688.27049,0.75287,0.318088,0.132653,0.137755,0.173927
VL,-0.404458,42.941821,0.857143,0.892857,645.302537,0.730361,0.318088,0.122449,0.127551,0.110739
VM,-0.535279,85.883642,0.857143,0.928571,811.722954,0.643148,0.636175,0.122449,0.132653,0.355475
VN,-0.685918,84.989413,0.785714,0.821429,911.465177,0.542721,0.629551,0.112245,0.117347,0.502155
VO,-0.539175,82.235587,0.785714,0.857143,678.881638,0.64055,0.609152,0.112245,0.122449,0.16012
VP,-0.626103,82.235587,0.785714,0.785714,884.568174,0.582598,0.609152,0.112245,0.112245,0.4626
VQ,-1.216656,82.235587,0.428571,0.5,743.101259,0.188896,0.609152,0.061224,0.071429,0.254561
VR,-0.998812,81.97119,0.285714,0.285714,725.519989,0.334125,0.607194,0.040816,0.040816,0.228706
VS,-0.821044,42.941821,0.571429,0.678571,667.714749,0.452638,0.318088,0.081633,0.096939,0.143698
VT,-1.216656,83.281704,0.214286,0.25,884.827679,0.188896,0.616902,0.030612,0.035714,0.462982
VU,-0.438389,82.235587,0.857143,0.857143,676.53165,0.707741,0.609152,0.122449,0.122449,0.156664
VV,-0.535279,42.941821,0.428571,0.5,653.952971,0.643148,0.318088,0.061224,0.071429,0.12346
VW,-1.097858,82.235587,0.428571,0.571429,765.840769,0.268095,0.609152,0.061224,0.081633,0.288001
VX,-0.941505,85.883642,0.571429,0.571429,881.438001,0.37233,0.636175,0.081633,0.081633,0.457997
VY,-0.685918,104.162733,0.785714,0.821429,646.124116,0.542721,0.771576,0.112245,0.117347,0.111947
VZ,-0.926848,85.883642,0.571429,0.571429,1081.507518,0.382101,0.636175,0.081633,0.081633,0.752217
V[,-0.685918,90.143516,0.714286,0.75,743.101259,0.542721,0.66773,0.102041,0.107143,0.254561
W',-0.689815,77.293765,0.714286,0.678571,916.8,0.540123,0.572546,0.102041,0.096939,0.51
"W,",-0.64711,82.235587,0.785714,0.785714,771.068313,0.568593,0.609152,0.112245,0.112245,0.295689
W.,-0.681426,82.235587,0.714286,0.785714,757.412296,0.545716,0.609152,0.102041,0.112245,0.275606
W/,-0.656586,82.235587,0.714286,0.785714,885.658579,0.562276,0.609152,0.102041,0.112245,0.464204
W;,-0.440255,39.293765,0.785714,0.821429,916.8,0.706496,0.291065,0.112245,0.117347,0.51
WA,-0.932945,39.293765,0.357143,0.464286,916.8,0.378037,0.291065,0.05102,0.066327,0.51
WB,-1.428568,108.633509,0.5,0.464286,943.799362,0.047621,0.804693,0.071429,0.066327,0.549705
WC,-1.099662,82.235587,0.428571,0.357143,916.8,0.266892,0.609152,0.061224,0.05102,0.51
WD,-0.641962,39.293765,0.571429,0.535714,724.686924,0.572025,0.291065,0.081633,0.076531,0.227481
WE,-0.543072,78.587531,0.571429,0.857143,761.216368,0.637952,0.58213,0.081633,0.122449,0.281201
WF,-0.593653,39.293765,0.714286,0.678571,818.869325,0.604232,0.291065,0.102041,0.096939,0.365984
WG,-1.428568,77.293765,0.642857,0.535714,710.996974,0.047621,0.572546,0.091837,0.076531,0.207348
WH,-0.689815,77.293765,0.785714,0.75,772.313321,0.540123,0.572546,0.112245,0.107143,0.29752
WI,-0.442286,78.587531,0.785714,0.857143,705.611929,0.705143,0.58213,0.112245,0.122449,0.199429
WJ,-0.302101,39.293765,0.857143,0.892857,968.500509,0.798599,0.291065,0.122449,0.127551,0.58603
WK,-0.374592,39.293765,0.857143,0.892857,750.180002,0.750272,0.291065,0.122449,0.127551,0.264971
WL,-0.408355,39.293765,0.785714,0.821429,770.997272,0.727763,0.291065,0.112245,0.117347,0.295584
WM,-0.539175,82.235587,0.785714,0.857143,786.080796,0.64055,0.609152,0.112245,0.122449,0.317766
WN,-0.689815,81.341357,0.714286,0.75,652.89218,0.540123,0.602529,0.102041,0.107143,0.1219
WO,-0.543072,78.587531,0.714286,0.785714,769.404206,0.637952,0.58213,0.102041,0.112245,0.293241
WP,-0.63,78.587531,0.714286,0.714286,916.8,0.58,0.58213,0.102041,0.102041,0.51
WQ,-0.917174,78.587531,0.357143,0.571429,790.528308,0.388551,0.58213,0.05102,0.081633,0.324306
WR,-0.586577,78.587531,0.714286,0.642857,880.192971,0.608949,0.58213,0.102041,0.091837,0.456166
WS,-0.884553,39.293765,0.285714,0.321429,861.211085,0.410298,0.291065,0.040816,0.045918,0.428252
WT,-1.428568,86.49546,0.642857,0.607143,656.740861,0.047621,0.640707,0.091837,0.086735,0.12756
WU,-0.442286,78.587531,0.785714,0.785714,944.382787,0.705143,0.58213,0.112245,0.112245,0.550563
WV,-0.976303,82.235587,0.571429,0.571429,846.885935,0.349131,0.609152,0.081633,0.081633,0.407185
WW,-0.579716,39.293765,0.285714,0.357143,794.03498,0.613522,0.291065,0.040816,0.05102,0.329463
WX,-1.274026,81.97119,0.142857,0.214286,916.8,0.150649,0.607194,0.020408,0.030612,0.51
WY,-0.689815,100.514677,0.714286,0.75,702.322675,0.540123,0.744553,0.102041,0.107143,0.194592
WZ,-1.428568,82.235587,0.214286,0.357143,1048.0,0.047621,0.609152,0.030612,0.05102,0.702941
W[,-0.689815,86.49546,0.642857,0.678571,790.528308,0.540123,0.640707,0.091837,0.096939,0.324306
X',-0.828168,80.941821,0.714286,0.678571,1048.0,0.447888,0.599569,0.102041,0.096939,0.702941
"X,",-0.785464,85.883642,0.785714,0.785714,1048.0,0.476358,0.636175,0.112245,0.112245,0.702941
X.,-0.81978,85.883642,0.714286,0.785714,1048.0,0.45348,0.636175,0.102041,0.112245,0.702941
X/,-0.79494,85.883642,0.714286,0.785714,1248.0,0.47004,0.636175,0.102041,0.112245,0.997059
X;,-0.578609,42.941821,0.785714,0.821429,1048.0,0.614261,0.318088,0.112245,0.117347,0.702941
XA,-1.075631,42.941821,0.357143,0.464286,1048.0,0.282913,0.318088,0.05102,0.066327,0.702941
XB,-1.442261,112.281564,0.642857,0.607143,1136.332648,0.038493,0.831715,0.091837,0.086735,0.832842
XC,-0.969863,85.883642,0.571429,0.785714,883.380029,0.353424,0.636175,0.081633,0.112245,0.460853
XD,-0.953484,42.941821,0.571429,0.535714,1054.551641,0.364344,0.318088,0.081633,0.076531,0.712576
XE,-1.25098,82.235587,0.428571,0.428571,881.16673,0.166014,0.609152,0.061224,0.061224,0.457598
XF,-0.836557,42.941821,0.714286,0.678571,1105.396844,0.442295,0.318088,0.102041,0.096939,0.787348
XG,-1.442261,80.941821,0.642857,0.535714,1048.760971,0.038493,0.599569,0.091837,0.076531,0.70406
XH,-0.828168,80.941821,0.785714,0.75,1067.633136,0.447888,0.599569,0.112245,0.107143,0.731813
XI,-0.580639,82.235587,0.785714,0.857143,838.026863,0.612907,0.609152,0.112245,0.122449,0.394157
XJ,-0.440455,42.941821,0.857143,0.892857,1093.220488,0.706363,0.318088,0.122449,0.127551,0.769442
XK,-0.512945,42.941821,0.857143,0.892857,1054.4,0.658037,0.318088,0.122449,0.127551,0.712353
XL,-0.546709,42.941821,0.785714,0.821429,806.521626,0.635527,0.318088,0.112245,0.117347,0.347826
XM,-0.677529,85.883642,0.785714,0.857143,1082.6,0.548314,0.636175,0.112245,0.122449,0.753824
XN,-0.828168,84.989413,0.714286,0.75,1077.157357,0.447888,0.629551,0.102041,0.107143,0.74582
XO,-0.681426,82.235587,0.714286,0.785714,1096.771791,0.545716,0.609152,0.102041,0.112245,0.774664
XP,-0.768354,82.235587,0.714286,0.714286,840.448964,0.487764,0.609152,0.102041,0.102041,0.397719
XQ,-1.442261,82.235587,0.214286,0.285714,1071.140232,0.038493,0.609152,0.030612,0.040816,0.736971
XR,-1.242302,82.235587,0.571429,0.5,1061.6,0.171799,0.609152,0.081633,0.071429,0.722941
XS,-1.030731,42.941821,0.285714,0.321429,1059.5,0.312846,0.318088,0.040816,0.045918,0.719853
XT,-1.442261,90.143516,0.5,0.464286,876.103587,0.038493,0.66773,0.071429,0.066327,0.450152
XU,-0.580639,82.235587,0.785714,0.785714,868.13971,0.612907,0.609152,0.112245,0.112245,0.438441
XV,-0.81978,85.883642,0.714286,0.714286,1095.841039,0.45348,0.636175,0.102041,0.102041,0.773296
XW,-1.274007,81.97119,0.142857,0.214286,1081.1,0.150662,0.607194,0.020408,0.030612,0.751618
XX,-0.977061,42.941821,0.285714,0.357143,1063.986673,0.348626,0.318088,0.040816,0.05102,0.726451
XY,-0.828168,104.162733,0.714286,0.75,1063.298185,0.447888,0.771576,0.102041,0.107143,0.725439
XZ,-1.147859,85.883642,0.357143,0.642857,1248.075636,0.234761,0.636175,0.05102,0.091837,0.99717
X[,-0.828168,90.143516,0.642857,0.678571,1048.0,0.447888,0.66773,0.091837,0.096939,0.702941
Y',-1.442261,99.220911,0.428571,0.428571,857.1,0.038493,0.73497,0.061224,0.061224,0.422206
"Y,",-1.309704,104.162733,0.428571,0.357143,857.1,0.126864,0.771576,0.061224,0.05102,0.422206
Y.,-1.363758,104.162733,0.357143,0.464286,857.1,0.090828,0.771576,0.05102,0.066327,0.422206
Y/,-1.428568,104.162733,0.357143,0.464286,857.1,0.047621,0.771576,0.05102,0.066327,0.422206
Y;,-1.108615,61.220911,0.5,0.571429,857.1,0.260923,0.453488,0.071429,0.081633,0.422206
YA,-0.586998,61.220911,0.785714,0.785714,593.848629,0.608668,0.453488,0.112245,0.112245,0.035072
YB,-0.836557,130.560655,0.714286,0.714286,744.240833,0.442295,0.967116,0.102041,0.102041,0.256237
YC,-0.793852,104.162733,0.785714,0.785714,732.411181,0.470765,0.771576,0.112245,0.112245,0.23884
YD,-0.521334,61.220911,0.857143,0.857143,656.771357,0.652444,0.453488,0.122449,0.122449,0.127605
YE,-0.589028,100.514677,0.785714,0.821429,644.417825,0.607315,0.744553,0.112245,0.117347,0.109438
YF,-0.448844,61.220911,0.857143,0.857143,909.59129,0.700771,0.453488,0.122449,0.122449,0.499399
YG,-0.836557,99.220911,0.785714,0.714286,872.448116,0.442295,0.73497,0.112245,0.102041,0.444777
YH,-1.442261,69.257338,0.285714,0.214286,863.639596,0.038493,0.513017,0.040816,0.030612,0.431823
YI,-1.25098,100.514677,0.571429,0.535714,641.10556,0.166014,0.744553,0.081633,0.076531,0.104567
YJ,-0.836557,61.220911,0.357143,0.357143,902.384576,0.442295,0.453488,0.05102,0.05102,0.488801
YK,-0.953484,61.220911,0.571429,0.5,862.176943,0.364344,0.453488,0.081633,0.071429,0.429672
YL,-1.030731,61.220911,0.5,0.571429,669.067744,0.312846,0.453488,0.071429,0.081633,0.145688
YM,-1.095099,103.071561,0.214286,0.25,694.721871,0.269934,0.763493,0.030612,0.035714,0.183415
YN,-1.442261,92.487648,0.142857,0.142857,700.922764,0.038493,0.685094,0.020408,0.020408,0.192533
YO,-1.306993,100.514677,0.5,0.464286,682.961296,0.128671,0.744553,0.071429,0.066327,0.16612
YP,-1.442261,100.514677,0.5,0.428571,760.968406,0.038493,0.744553,0.071429,0.061224,0.280836
YQ,-0.776742,100.514677,0.714286,0.714286,876.044052,0.482172,0.744553,0.102041,0.102041,0.450065
YR,-0.589028,100.514677,0.785714,0.785714,884.157838,0.607315,0.744553,0.112245,0.112245,0.461997
YS,-0.555098,61.220911,0.785714,0.785714,651.038194,0.629935,0.453488,0.112245,0.112245,0.119174
YT,-0.836557,108.422606,0.714286,0.714286,622.978516,0.442295,0.80313,0.102041,0.102041,0.07791
YU,-1.242302,69.257338,0.357143,0.357143,881.508697,0.171799,0.513017,0.05102,0.05102,0.458101
YV,-0.685918,104.162733,0.785714,0.821429,895.30847,0.542721,0.771576,0.112245,0.117347,0.478395
YW,-0.689815,100.514677,0.714286,0.75,611.689186,0.540123,0.744553,0.102041,0.107143,0.061308
YX,-0.828168,104.162733,0.714286,0.75,860.316999,0.447888,0.771576,0.102041,0.107143,0.426937
YY,-1.442261,61.220911,0.285714,0.285714,859.121458,0.038493,0.453488,0.040816,0.040816,0.425179
YZ,-0.803329,104.162733,0.714286,0.75,1069.831206,0.464448,0.771576,0.102041,0.107143,0.735046
Y[,-1.442261,108.422606,0.428571,0.357143,857.1,0.038493,0.80313,0.061224,0.05102,0.422206
Z',-0.803329,80.941821,0.714286,0.678571,859.5,0.464448,0.599569,0.102041,0.096939,0.425735
"Z,",-0.760624,85.883642,0.785714,0.785714,859.5,0.492917,0.636175,0.112245,0.112245,0.425735
Z.,-0.79494,85.883642,0.714286,0.785714,859.5,0.47004,0.636175,0.102041,0.112245,0.425735
Z/,-0.7701,85.883642,0.714286,0.785714,1059.5,0.4866,0.636175,0.102041,0.112245,0.719853
Z;,-0.553769,42.941821,0.785714,0.821429,859.5,0.63082,0.318088,0.112245,0.117347,0.425735
ZA,-1.082689,42.941821,0.285714,0.321429,859.5,0.278207,0.318088,0.040816,0.045918,0.425735
ZB,-1.411593,112.281564,0.642857,0.607143,938.104508,0.058938,0.831715,0.091837,0.086735,0.54133
ZC,-0.957513,85.883642,0.714286,0.642857,859.5,0.361658,0.636175,0.102041,0.091837,0.425735
ZD,-0.890843,42.941821,0.714286,0.678571,859.5,0.406104,0.318088,0.102041,0.096939,0.425735
ZE,-1.208647,82.235587,0.571429,0.571429,704.797259,0.194235,0.609152,0.081633,0.081633,0.198231
ZF,-0.7701,42.941821,0.714286,0.678571,904.0,0.4866,0.318088,0.102041,0.096939,0.491176
ZG,-1.411593,80.941821,0.642857,0.535714,859.5,0.058938,0.599569,0.091837,0.076531,0.425735
ZH,-0.803329,80.941821,0.785714,0.75,702.5,0.464448,0.599569,0.112245,0.107143,0.194853
ZI,-0.555799,82.235587,0.785714,0.857143,885.294905,0.629467,0.609152,0.112245,0.122449,0.463669
ZJ,-0.415615,42.941821,0.857143,0.892857,904.0,0.722923,0.318088,0.122449,0.127551,0.491176
ZK,-0.488106,42.941821,0.857143,0.892857,865.9,0.674596,0.318088,0.122449,0.127551,0.435147
ZL,-0.521869,42.941821,0.785714,0.821429,870.002613,0.652087,0.318088,0.112245,0.117347,0.44118
ZM,-0.652689,85.883642,0.785714,0.857143,894.1,0.564874,0.636175,0.112245,0.122449,0.476618
ZN,-0.803329,84.989413,0.714286,0.75,878.65742,0.464448,0.629551,0.102041,0.107143,0.453908
ZO,-0.656586,82.235587,0.714286,0.785714,710.551498,0.562276,0.609152,0.102041,0.112245,0.206693
ZP,-0.743514,82.235587,0.714286,0.714286,859.5,0.504324,0.609152,0.102041,0.102041,0.425735
ZQ,-1.411593,81.97119,0.142857,0.142857,867.569737,0.058938,0.607194,0.020408,0.020408,0.437603
ZR,-1.156305,82.235587,0.571429,0.5,873.1,0.22913,0.609152,0.081633,0.071429,0.445735
ZS,-1.007587,42.941821,0.5,0.464286,871.0,0.328276,0.318088,0.071429,0.066327,0.442647
ZT,-1.411593,90.143516,0.5,0.464286,852.191996,0.058938,0.66773,0.071429,0.066327,0.414988
ZU,-0.555799,82.235587,0.785714,0.785714,875.530298,0.629467,0.609152,0.112245,0.112245,0.449309
ZV,-0.80528,85.883642,0.714286,0.714286,885.998089,0.463147,0.636175,0.102041,0.102041,0.464703
ZW,-1.306993,82.235587,0.357143,0.357143,892.6,0.128671,0.609152,0.05102,0.05102,0.474412
ZX,-1.026304,85.883642,0.5,0.785714,859.5,0.315798,0.636175,0.071429,0.112245,0.425735
ZY,-0.803329,104.162733,0.714286,0.75,571.607151,0.464448,0.771576,0.102041,0.107143,0.002363
ZZ,-0.947762,42.941821,0.285714,0.357143,1063.555315,0.368159,0.318088,0.040816,0.05102,0.725817
Z[,-0.803329,90.143516,0.642857,0.678571,859.5,0.464448,0.66773,0.091837,0.096939,0.425735
[',-1.442261,62.24773,0.142857,0.071429,867.9,0.038493,0.461094,0.020408,0.010204,0.438088
"[,",-1.309704,90.143516,0.5,0.428571,878.035979,0.126864,0.66773,0.071429,0.061224,0.452994
[.,-1.363758,90.143516,0.285714,0.25,869.552033,0.090828,0.66773,0.040816,0.035714,0.440518
[/,-1.428568,83.281704,0.071429,0.107143,1072.002267,0.047621,0.616902,0.010204,0.015306,0.738239
[;,-1.108615,47.201695,0.214286,0.214286,867.9,0.260923,0.349642,0.030612,0.030612,0.438088
[A,-0.586998,47.201695,0.714286,0.714286,867.9,0.608668,0.349642,0.102041,0.102041,0.438088
[B,-0.836557,116.541438,0.642857,0.642857,945.7,0.442295,0.86327,0.091837,0.091837,0.5525
[C,-0.793852,90.143516,0.714286,0.714286,867.9,0.470765,0.66773,0.102041,0.102041,0.438088
[D,-0.521334,47.201695,0.785714,0.785714,876.258671,0.652444,0.349642,0.112245,0.112245,0.45038
[E,-0.589028,86.49546,0.714286,0.75,733.674104,0.607315,0.640707,0.102041,0.107143,0.240697
[F,-0.448844,47.201695,0.785714,0.785714,914.91581,0.700771,0.349642,0.112245,0.112245,0.507229
[G,-0.836557,85.201695,0.714286,0.642857,718.600136,0.442295,0.631124,0.102041,0.091837,0.21853
[H,-1.442261,85.201695,0.571429,0.428571,754.108434,0.038493,0.631124,0.081633,0.061224,0.270748
[I,-1.25098,86.49546,0.642857,0.607143,788.524699,0.166014,0.640707,0.091837,0.086735,0.32136
[J,-0.836557,47.201695,0.642857,0.571429,923.743288,0.442295,0.349642,0.091837,0.081633,0.520211
[K,-0.953484,47.201695,0.642857,0.571429,635.539509,0.364344,0.349642,0.091837,0.081633,0.096382
[L,-1.030731,47.201695,0.428571,0.357143,671.519273,0.312846,0.349642,0.061224,0.05102,0.149293
[M,-1.095099,90.143516,0.5,0.464286,906.542733,0.269934,0.66773,0.071429,0.066327,0.494916
[N,-1.442261,89.249287,0.428571,0.357143,886.9,0.038493,0.661106,0.061224,0.05102,0.466029
[O,-1.306993,86.49546,0.428571,0.535714,892.6,0.128671,0.640707,0.061224,0.076531,0.474412
[P,-1.442261,62.24773,0.214286,0.214286,867.9,0.038493,0.461094,0.030612,0.030612,0.438088
[Q,-0.776742,86.49546,0.642857,0.642857,687.127981,0.482172,0.640707,0.091837,0.091837,0.172247
[R,-0.589028,86.49546,0.714286,0.714286,718.246491,0.607315,0.640707,0.102041,0.102041,0.21801
[S,-0.555098,47.201695,0.714286,0.714286,775.552115,0.629935,0.349642,0.102041,0.102041,0.302283
[T,-0.836557,94.40339,0.642857,0.642857,859.5,0.442295,0.699284,0.091837,0.091837,0.425735
[U,-1.242302,86.49546,0.642857,0.571429,779.225566,0.171799,0.640707,0.091837,0.081633,0.307685
[V,-0.685918,90.143516,0.714286,0.75,698.885537,0.542721,0.66773,0.102041,0.107143,0.189538
[W,-0.689815,86.49546,0.642857,0.678571,819.839989,0.540123,0.640707,0.091837,0.096939,0.367412
[X,-0.828168,90.143516,0.642857,0.678571,867.9,0.447888,0.66773,0.091837,0.096939,0.438088
[Y,-1.442261,108.422606,0.571429,0.5,859.5,0.038493,0.80313,0.081633,0.071429,0.425735
[Z,-0.803329,90.143516,0.642857,0.678571,1059.5,0.464448,0.66773,0.091837,0.096939,0.719853
[[,-1.442261,47.201695,0.142857,0.142857,687.127981,0.038493,0.349642,0.020408,0.020408,0.172247
